"coc_number","coc_name","Organization","total_spending_coc"
"NY-600","New York City CoC","hcv",4.428e+11
"CA-600","Los Angeles City & County CoC","hcv",263868190755.735
"NY-503","Albany City & County CoC","hcv",1.35e+11
"MA-500","Boston CoC","hcv",134619311232.365
"CA-502","Oakland, Berkeley/Alameda County CoC","hcv",1.14e+11
"IL-510","Chicago CoC","hcv",101763305698.483
"CA-601","San Diego City and County CoC","hcv",1.01e+11
"CA-500","San Jose/Santa Clara City & County CoC","hcv",9.65e+10
"WA-500","Seattle/King County CoC","hcv",93837680694.8286
"IL-511","Cook County CoC","hcv",93456296627.5826
"TX-607","Texas Balance of State CoC","hcv",84479110527.5025
"FL-600","Miami-Dade County CoC","hcv",8.38e+10
"TX-600","Dallas City & County, Irving CoC","hcv",81316368313.7957
"CA-501","San Francisco CoC","hcv",7.99e+10
"CA-602","Santa Ana, Anaheim/Orange County CoC","hcv",7.76e+10
"MD-501","Baltimore CoC","hcv",6.6e+10
"CO-503","Metropolitan Denver CoC","hcv",64632622639.6288
"NJ-514","Trenton/Mercer County CoC","hcv",6.33e+10
"DC-500","District of Columbia CoC","hcv",5.8e+10
"PA-500","Philadelphia CoC","hcv",5.8e+10
"TX-700","Houston, Pasadena, Conroe/Harris, Fort Bend, Montgomery Counties CoC","hcv",53421399595.1384
"MA-516","Massachusetts Balance of State CoC","hcv",52993921713.9929
"MI-508","Lansing, East Lansing/Ingham County CoC","hcv",52100813528.9119
"LA-503","New Orleans/Jefferson Parish CoC","hcv",5e+10
"OH-507","Ohio Balance of State CoC","hcv",45704756503.5331
"CA-505","Richmond/Contra Costa County CoC","hcv",4.4e+10
"MA-510_&_MA-516_Shared_Jurisdiction","MA-510_&_MA-516_Shared_Jurisdiction","hcv",38124425080.2177
"GA-508","DeKalb County CoC","hcv",36960237711.7344
"IN-502","Indiana Balance of State CoC","hcv",36487532800
"GA-502","Fulton County CoC","hcv",36355269437.1557
"AZ-502","Phoenix, Mesa/Maricopa County CoC","hcv",36119448173.0926
"FL-601","Ft Lauderdale/Broward County CoC","hcv",3.55e+10
"MN-500","Minneapolis/Hennepin County CoC","hcv",3.51e+10
"NY-600","New York City CoC","cdbg_entitlement",33540648000
"CA-503","Sacramento City & County CoC","hcv",3.24e+10
"CA-600","Los Angeles City & County CoC","coc",32362927925.4421
"TX-500","San Antonio/Bexar County CoC","hcv",32020387044.5215
"NV-500","Las Vegas/Clark County CoC","hcv",3.12e+10
"OR-501","Portland, Gresham/Multnomah County CoC","hcv",3.05e+10
"NC-503","North Carolina Balance of State CoC","hcv",29715908800
"NY-600","New York City CoC","coc",29000486500
"CA-609","San Bernardino City & County CoC","hcv",2.88e+10
"GA-500","Atlanta CoC","hcv",28424487552.2968
"TX-601","Fort Worth, Arlington/Tarrant County CoC","hcv",26944815257.5957
"OH-503","Columbus/Franklin County CoC","hcv",26670445438.7039
"FL-501","Tampa/Hillsborough County CoC","hcv",2.65e+10
"OH-502","Cleveland/Cuyahoga County CoC","hcv",2.64e+10
"HI-501","Honolulu City and County CoC","hcv",2.63e+10
"MD-601","Montgomery County CoC","hcv",2.62e+10
"OR-505","Oregon Balance of State CoC","hcv",26058783100
"VA-500","Richmond/Henrico, Chesterfield, Hanover Counties CoC","hcv",2.55e+10
"CA-512","Daly City/San Mateo County CoC","hcv",2.5e+10
"NJ-504","Newark/Essex County CoC","hcv",2.48e+10
"KY-500","Kentucky Balance of State CoC","hcv",24759557400
"WA-501","Washington Balance of State CoC","hcv",24744272427.0801
"ME-500","Maine Balance of State CoC","hcv",24509338300
"WA-504","Everett/Snohomish County CoC","hcv",2.43e+10
"CA-514","Fresno City & County/Madera County CoC","hcv",24210140900
"PA-509","Eastern Pennsylvania CoC","hcv",24120806500
"MD-600","Prince George's County CoC","hcv",2.37e+10
"CA-508","Watsonville/Santa Cruz City & County CoC","hcv",2.33e+10
"TN-504","Nashville-Davidson County CoC","hcv",2.3e+10
"NY-604","Yonkers, Mount Vernon/Westchester County CoC","hcv",2.29e+10
"CA-603","Santa Maria/Santa Barbara County CoC","hcv",2.28e+10
"PA-600","Pittsburgh, McKeesport, Penn Hills/Allegheny County CoC","hcv",2.28e+10
"FL-605","West Palm Beach/Palm Beach County CoC","hcv",2.26e+10
"KY-501","Louisville-Jefferson County CoC","hcv",2.22e+10
"RI-500","Rhode Island Statewide CoC","hcv",21621554200
"IN-503","Indianapolis CoC","hcv",2.09e+10
"NY-600","New York City CoC","elderly",20852490700
"NJ-506","Jersey City, Bayonne/Hudson County CoC","hcv",2.08e+10
"CA-600","Los Angeles City & County CoC","cdbg_entitlement",20226829953.4013
"CA-608","Riverside City & County CoC","hcv",2.01e+10
"NY-603","Nassau, Suffolk Counties CoC","hcv",19602365900
"CA-611","Oxnard, San Buenaventura/Ventura County CoC","hcv",1.96e+10
"WA-503","Tacoma, Lakewood/Pierce County CoC","hcv",19562319305.1714
"MO-604","Kansas City (MO&KS), Independence, Lee’s Summit/Jackson, Wyandotte Counties CoC","hcv",19319914272.069
"OH-500","Cincinnati/Hamilton County CoC","hcv",19124085400.4177
"NC-505","Charlotte/Mecklenburg County CoC","hcv",1.87e+10
"NJ-501","Bergen County CoC","hcv",1.87e+10
"TX-503","Austin/Travis County CoC","hcv",18425799894.7305
"FL-502","St. Petersburg, Clearwater, Largo/Pinellas County CoC","hcv",1.83e+10
"NY-508","Buffalo, Niagara Falls/Erie, Niagara, Orleans, Genesee, Wyoming Counties CoC","hcv",17555453784.4635
"IA-501","Iowa Balance of State CoC","hcv",17372430700
"MA-510","Gloucester, Haverhill, Salem/Essex County CoC","hcv",17020761228.1345
"VA-601","Fairfax County CoC","hcv",1.65e+10
"NY-600","New York City CoC","home",16181298500
"WI-500","Wisconsin Balance of State CoC","hcv",16010974800
"MD-505","Baltimore County CoC","hcv",1.57e+10
"AL-500","Birmingham/Jefferson, St. Clair, Shelby Counties CoC","hcv",15461886700
"MS-503","Gulf Port/Gulf Coast Regional CoC","hcv",15274229600
"FL-510","Jacksonville-Duval, Clay Counties CoC","hcv",15221970600
"NY-500","Rochester, Irondequoit, Greece/Monroe County CoC","hcv",1.5e+10
"SC-502","Columbia/Midlands CoC","hcv",14917089900
"CA-506","Salinas/Monterey, San Benito Counties CoC","hcv",1.48e+10
"MO-606","Missouri Balance of State CoC","hcv",14797962327.931
"VA-501","Norfolk/Chesapeake, Suffolk, Isle of Wight, Southampton Counties CoC","hcv",14774531900
"LA-509","Louisiana Balance of State CoC","hcv",14493868600
"CA-504","Santa Rosa, Petaluma/Sonoma County CoC","hcv",1.41e+10
"UT-500","Salt Lake City & County CoC","hcv",14033798315.0782
"FL-507","Orlando/Orange, Osceola, Seminole Counties CoC","hcv",13996080800
"OK-502","Oklahoma City CoC","hcv",13764336617.2185
"MA-506","Worcester City & County CoC","hcv",1.36e+10
"NJ-507","New Brunswick/Middlesex County CoC","hcv",1.36e+10
"NJ-511","Paterson/Passaic County CoC","hcv",1.36e+10
"CA-606","Long Beach CoC","hcv",13564072443.9466
"CO-500","Colorado Balance of State CoC","hcv",13399068800
"MA-511","Quincy, Brockton, Weymouth, Plymouth City and County CoC","hcv",13397398249.4623
"HI-500","Hawaii Balance of State CoC","hcv",13237128200
"TN-501","Memphis/Shelby County CoC","hcv",1.32e+10
"MS-501","Mississippi Balance of State CoC","hcv",12901448500
"CA-507","Marin County CoC","hcv",1.27e+10
"SC-501","Greenville, Anderson, Spartanburg/Upstate CoC","hcv",12655449300
"GA-501","Georgia Balance of State CoC","hcv",12422345046.3965
"MA-504","Springfield/Hampden County CoC","hcv",1.23e+10
"WI-501","Milwaukee City & County CoC","hcv",1.22e+10
"NH-502","Nashua/Hillsborough County CoC","hcv",11935751750.8421
"MO-500","St. Louis County CoC","hcv",1.19e+10
"CA-518","Vallejo/Solano County CoC","hcv",1.18e+10
"NJ-508","Monmouth County CoC","hcv",1.17e+10
"MI-502","Dearborn, Dearborn Heights, Westland/Wayne County CoC","hcv",11653615962.4981
"AL-501","Mobile City & County/Baldwin County CoC","hcv",11633479700
"VA-505","Newport News, Hampton/Virginia Peninsula CoC","hcv",11621431400
"NE-501","Omaha, Council Bluffs CoC","hcv",11520278900
"PA-601","Western Pennsylvania CoC","hcv",11453399000
"WA-500","Seattle/King County CoC","coc",11405722386.3771
"NM-501","New Mexico Balance of State CoC","hcv",11228265641.5579
"AL-507","Alabama Balance of State CoC","hcv",11207632696.7278
"AK-500","Anchorage CoC","hcv",1.1e+10
"WV-508","West Virginia Balance of State CoC","hcv",10870512200
"CA-600","Los Angeles City & County CoC","home",10665055793.6116
"CA-511","Stockton/San Joaquin County CoC","hcv",1.06e+10
"MO-501","St. Louis City CoC","hcv",1.06e+10
"DE-500","Delaware Statewide CoC","hcv",10589671000
"NJ-503","Camden City & County/Gloucester, Cape May, Cumberland Counties CoC","hcv",10558970700
"SC-500","Charleston/Low Country CoC","hcv",10502392300
"IL-510","Chicago CoC","coc",10280764233.6064
"AZ-501","Tucson/Pima County CoC","hcv",1e+10
"MS-500","Jackson/Rankin, Madison Counties CoC","hcv",9993016600
"MN-501","St. Paul/Ramsey County CoC","hcv",9900352200
"IL-510","Chicago CoC","cdbg_entitlement",9865025832.69413
"ND-500","North Dakota Statewide CoC","hcv",9765366800
"CA-501","San Francisco CoC","coc",9702301900
"CA-510","Turlock, Modesto/Stanislaus County CoC","hcv",9690978500
"TX-700","Houston, Pasadena, Conroe/Harris, Fort Bend, Montgomery Counties CoC","cdbg_entitlement",9634374492.19784
"IL-511","Cook County CoC","coc",9446151416.0908
"NY-505","Syracuse, Auburn/Onondaga, Oswego, Cayuga Counties CoC","hcv",9422785400
"IL-502","Waukegan, North Chicago/Lake County CoC","hcv",9379032908.46431
"VT-500","Vermont Balance of State CoC","hcv",9307521600
"MI-506","Grand Rapids, Wyoming/Kent County CoC","hcv",9194850500
"WI-503","Madison/Dane County CoC","hcv",9104075500
"IL-511","Cook County CoC","cdbg_entitlement",9058994408.81728
"TX-607","Texas Balance of State CoC","cdbg_entitlement",8995442419.39227
"NY-600","New York City CoC","hud_hopwa",8984650200
"AR-500","Little Rock/Central Arkansas CoC","hcv",8912006200
"PA-500","Philadelphia CoC","cdbg_entitlement",8792519700
"PA-502","Upper Darby, Chester, Haverford/Delaware County CoC","hcv",8763966100
"TX-603","El Paso City & County CoC","hcv",8762527700
"OK-501","Tulsa City & County CoC","hcv",8749029415.97875
"TX-700","Houston, Pasadena, Conroe/Harris, Fort Bend, Montgomery Counties CoC","coc",8741793183.97883
"MA-519","Attleboro, Taunton/Bristol County CoC","hcv",8691641976.10964
"MT-500","Montana Statewide CoC","hcv",8685864300
"NC-507","Raleigh/Wake County CoC","hcv",8637089700
"WA-502","Spokane City & County CoC","hcv",8558193000
"ID-500","Boise/Ada County CoC","hcv",8328330100
"OK-503","Oklahoma Balance of State CoC","hcv",8278130610.43681
"NY-606","Rockland County CoC","hcv",8168398300
"VA-521","Virginia Balance of State CoC","hcv",8160581700
"MA-500","Boston CoC","coc",8140003941.62265
"CA-502","Oakland, Berkeley/Alameda County CoC","coc",8063006400
"NC-504","Greensboro, High Point CoC","hcv",7911751000
"AZ-500","Arizona Balance of State CoC","hcv",7890149126.90743
"IL-514","Dupage County CoC","hcv",7854801926.5177
"OH-506","Akron/Summit County CoC","hcv",7838286400
"NJ-515","Elizabeth/Union County CoC","hcv",7815537400
"NH-500","New Hampshire Balance of State CoC","hcv",7680688800
"AR-503","Arkansas Balance of State CoC","hcv",7631529729.05865
"OR-506","Hillsboro, Beaverton/Washington County CoC","hcv",7586163700
"SD-500","South Dakota Statewide CoC","hcv",7561653600
"AZ-502","Phoenix, Mesa/Maricopa County CoC","coc",7501846400
"FL-500","Sarasota, Bradenton/Manatee, Sarasota Counties CoC","hcv",7445738800
"GA-505","Columbus-Muscogee/Russell County CoC","hcv",7400660600
"CA-614","San Luis Obispo County CoC","hcv",7395410900
"MI-501","Detroit CoC","hcv",7346384037.50185
"FL-600","Miami-Dade County CoC","coc",7254832300
"NJ-510","Lakewood Township/Ocean County CoC","hcv",7234911500
"PA-500","Philadelphia CoC","coc",7197231500
"NM-500","Albuquerque CoC","hcv",7014727858.44213
"TN-500","Chattanooga/Southeast Tennessee CoC","hcv",6879191700
"MN-503","Dakota, Anoka, Washington, Scott, Carver Counties CoC","hcv",6821245225.65575
"MD-508","Charles, Calvert, St. Mary's Counties CoC","hcv",6715186700
"TN-502","Knoxville/Knox County CoC","hcv",6609772500
"AZ-502","Phoenix, Mesa/Maricopa County CoC","cdbg_entitlement",6583347948.73392
"MD-503","Annapolis/Anne Arundel County CoC","hcv",6525166500
"CA-604","Bakersfield/Kern County CoC","hcv",6510752300
"OH-502","Cleveland/Cuyahoga County CoC","coc",6502288300
"CA-513","Visalia/Kings, Tulare Counties CoC","hcv",6493536600
"PA-504","Lower Merion, Norristown, Abington/Montgomery County CoC","hcv",6399063500
"CA-500","San Jose/Santa Clara City & County CoC","coc",6317558000
"MA-507","Pittsfield/Berkshire, Franklin, Hampshire Counties CoC","hcv",6276230200
"OH-502","Cleveland/Cuyahoga County CoC","cdbg_entitlement",6268058300
"FL-504","Daytona Beach, Daytona/Volusia, Flagler Counties CoC","hcv",6246539300
"VA-604","Prince William County CoC","hcv",6245583200
"WA-508","Vancouver/Clark County CoC","hcv",6243639072.91987
"OH-505","Dayton, Kettering/Montgomery County CoC","hcv",6202467657.34526
"NC-500","Winston-Salem/Forsyth County CoC","hcv",6196997500
"CA-601","San Diego City and County CoC","coc",6193327000
"NV-501","Reno, Sparks/Washoe County CoC","hcv",6171057100
"CO-503","Metropolitan Denver CoC","coc",6095045800
"UT-503","Utah Balance of State CoC","hcv",6041555800
"IL-517","Aurora, Elgin/Kane County CoC","hcv",6030949316.71119
"FL-513","Palm Bay, Melbourne/Brevard County CoC","hcv",5976966100
"GA-506","Marietta/Cobb County CoC","hcv",5955427100
"IL-506","Joliet, Bolingbrook/Will County CoC","hcv",5940933365.41865
"GA-504","Augusta-Richmond County CoC","hcv",5937832800
"OR-500","Eugene, Springfield/Lane County CoC","hcv",5931706400
"CA-503","Sacramento City & County CoC","coc",5923232800
"TX-607","Texas Balance of State CoC","grrp_comp",5.92e+09
"KY-502","Lexington-Fayette County CoC","hcv",5895736100
"NC-501","Asheville/Buncombe County CoC","hcv",5802419300
"CA-602","Santa Ana, Anaheim/Orange County CoC","coc",5790455100
"PA-600","Pittsburgh, McKeesport, Penn Hills/Allegheny County CoC","cdbg_entitlement",5750733100
"TX-600","Dallas City & County, Irving CoC","cdbg_entitlement",5736338627.69878
"OH-501","Toledo/Lucas County CoC","hcv",5718633800
"OR-501","Portland, Gresham/Multnomah County CoC","coc",5712547300
"MI-502","Dearborn, Dearborn Heights, Westland/Wayne County CoC","cdbg_entitlement",5647361799.89963
"CA-612","Glendale CoC","hcv",5647309303.67485
"LA-502","Shreveport, Bossier/Northwest Louisiana CoC","hcv",5636126100
"GA-507","Savannah/Chatham County CoC","hcv",5596102500
"FL-603","Ft Myers, Cape Coral/Lee County CoC","hcv",5571319400
"VA-603","Alexandria CoC","hcv",5555642000
"NC-502","Durham City & County CoC","hcv",5532439800
"MD-501","Baltimore CoC","coc",5497396000
"VT-501","Burlington/Chittenden County CoC","hcv",5446994500
"CA-602","Santa Ana, Anaheim/Orange County CoC","cdbg_entitlement",5446838900
"IN-502","Indiana Balance of State CoC","cdbg_entitlement",5346793200
"MA-517","Somerville CoC","hcv",5335678198.02119
"KS-507","Kansas Balance of State CoC","hcv",5334195500
"CA-601","San Diego City and County CoC","cdbg_entitlement",5273634100
"SC-503","Myrtle Beach, Sumter City & County CoC","hcv",5236945000
"PA-511","Bristol, Bensalem/Bucks County CoC","hcv",5228521600
"AL-504","Montgomery City & County CoC","hcv",5196433500
"WV-503","Charleston/Kanawha, Putnam, Boone, Clay Counties CoC","hcv",5169356900
"IA-502","Des Moines/Polk County CoC","hcv",5035345000
"LA-500","Lafayette/Acadiana Regional CoC","hcv",4909967900
"CA-516","Redding/Shasta, Siskiyou, Lassen, Plumas, Del Norte, Modoc, Sierra Counties CoC","hcv",4855327500
"FL-600","Miami-Dade County CoC","cdbg_entitlement",4813131200
"CA-600","Los Angeles City & County CoC","elderly",4800186417.75476
"CO-504","Colorado Springs/El Paso County CoC","hcv",4771280500
"LA-503","New Orleans/Jefferson Parish CoC","coc",4758135400
"MA-508","Lowell CoC","hcv",4730955084.49168
"NJ-509","Morris County CoC","hcv",4724047700
"MA-509","Cambridge CoC","hcv",4682987158.79588
"OR-507","Clackamas County CoC","hcv",4671269600
"VA-600","Arlington County CoC","hcv",4641823100
"CA-600","Los Angeles City & County CoC","hud_hopwa",4625709322.87604
"CA-520","Merced City & County CoC","hcv",4570610400
"IL-510","Chicago CoC","elderly",4499940344.10427
"VA-503","Virginia Beach CoC","hcv",4493296600
"FL-508","Gainesville/Alachua, Putnam Counties CoC","hcv",4481188200
"NH-501","Manchester CoC","hcv",4464248249.15792
"NY-508","Buffalo, Niagara Falls/Erie, Niagara, Orleans, Genesee, Wyoming Counties CoC","cdbg_entitlement",4442524552.05129
"MN-502","Rochester/Southeast Minnesota CoC","hcv",4438267574.34425
"PA-501","Harrisburg/Dauphin County CoC","hcv",4404600000
"IL-503","Champaign, Urbana, Rantoul/Champaign County CoC","hcv",4400941600
"FL-506","Tallahassee/Leon County CoC","hcv",4332001600
"FL-511","Pensacola/Escambia, Santa Rosa Counties CoC","hcv",4321116000
"MI-502","Dearborn, Dearborn Heights, Westland/Wayne County CoC","coc",4287381075.65203
"TX-600","Dallas City & County, Irving CoC","coc",4286772353.04358
"MD-501","Baltimore CoC","cdbg_entitlement",4279639400
"KS-502","Wichita/Sedgwick County CoC","hcv",4216465600
"NY-604","Yonkers, Mount Vernon/Westchester County CoC","coc",4213486000
"LA-505","Monroe/Northeast Louisiana CoC","hcv",4171995100
"PA-505","Chester County CoC","hcv",4152422000
"NY-603","Nassau, Suffolk Counties CoC","cdbg_entitlement",4133422600
"IL-511","Cook County CoC","elderly",4128463121.41347
"CA-609","San Bernardino City & County CoC","cdbg_entitlement",4106440500
"AL-503","Huntsville/North Alabama CoC","hcv",4068609500
"FL-503","Lakeland, Winterhaven/Polk County CoC","hcv",4068198500
"MI-509","Washtenaw County CoC","hcv",4060791900
"WI-501","Milwaukee City & County CoC","cdbg_entitlement",3997752200
"TX-611","Amarillo CoC","hcv",3982691966.71562
"CA-608","Riverside City & County CoC","cdbg_entitlement",3961957300
"CA-607","Pasadena CoC","hcv",3920427496.64294
"TX-700","Houston, Pasadena, Conroe/Harris, Fort Bend, Montgomery Counties CoC","home",3915346799.75453
"TX-604","Waco/McLennan County CoC","hcv",3827870500
"VA-507","Portsmouth CoC","hcv",3827126600
"IL-501","Rockford/Winnebago, Boone Counties CoC","hcv",3778639900
"OR-502","Medford, Ashland/Jackson County CoC","hcv",3776498400
"NE-500","Nebraska Balance of State CoC","hcv",3759995509.43531
"CA-502","Oakland, Berkeley/Alameda County CoC","cdbg_entitlement",3756015900
"CA-501","San Francisco CoC","cdbg_entitlement",3704093800
"WA-500","Seattle/King County CoC","cdbg_entitlement",3678561458.20355
"UT-504","Provo/Mountainland CoC","hcv",3662311784.92175
"CO-503","Metropolitan Denver CoC","cdbg_entitlement",3640590081.39015
"MO-501","St. Louis City CoC","cdbg_entitlement",3618039000
"CA-521","Davis, Woodland/Yolo County CoC","hcv",3603955200
"CA-519","Chico, Paradise/Butte County CoC","hcv",3582221300
"MI-501","Detroit CoC","cdbg_entitlement",3560070000.10037
"FL-515","Panama City/Bay, Jackson Counties CoC","hcv",3514423400
"KS-505","Overland Park, Shawnee/Johnson County CoC","hcv",3464595000
"OH-507","Ohio Balance of State CoC","cdbg_entitlement",3452999648.6721
"NY-508","Buffalo, Niagara Falls/Erie, Niagara, Orleans, Genesee, Wyoming Counties CoC","coc",3436994739.17749
"WY-500","Wyoming Statewide CoC","hcv",3395439500
"NY-523","Glens Falls, Saratoga Springs/Saratoga, Washington, Warren, Hamilton Counties CoC","hcv",3393994300
"NV-500","Las Vegas/Clark County CoC","cdbg_entitlement",3380029400
"IL-508","East St. Louis, Belleville/St. Clair County CoC","hcv",3340501700
"CA-524","Yuba City & County/Sutter County CoC","hcv",3318808800
"IL-507","Peoria, Pekin/Fulton, Tazewell, Peoria, Woodford Counties CoC","hcv",3310563900
"NY-512","Troy/Rensselaer County CoC","hcv",3239796200
"PA-510","Lancaster City & County CoC","hcv",3221881700
"NY-507","Schenectady City & County CoC","hcv",3219882700
"IL-512","Bloomington/Central Illinois CoC","hcv",3217988500
"NC-506","Wilmington/Brunswick, New Hanover, Pender Counties CoC","hcv",3216335800
"NE-502","Lincoln CoC","hcv",3213330290.56469
"LA-503","New Orleans/Jefferson Parish CoC","cdbg_entitlement",3203335300
"NY-518","Utica, Rome/Oneida, Madison Counties CoC","hcv",3193949997.83348
"AR-504","Delta Hills CoC","hcv",3193439200
"VA-502","Roanoke City & County, Salem CoC","hcv",3170027200
"IL-518","Rock Island, Moline/Northwestern Illinois CoC","hcv",3167313700
"NC-511","Fayetteville/Cumberland County CoC","hcv",3152228700
"MA-503","Cape Cod Islands CoC","hcv",3144524600
"OH-500","Cincinnati/Hamilton County CoC","coc",3130254500
"GA-501","Georgia Balance of State CoC","cdbg_entitlement",3126538849.3623
"NJ-504","Newark/Essex County CoC","cdbg_entitlement",3124302100
"MN-509","Duluth/St. Louis County CoC","hcv",3117054300
"TX-500","San Antonio/Bexar County CoC","cdbg_entitlement",3106662200
"PA-509","Eastern Pennsylvania CoC","coc",3100876200
"MA-500","Boston CoC","cdbg_entitlement",3100008783.09577
"LA-507","Alexandria/Central Louisiana CoC","hcv",3087886500
"CA-517","Napa City & County CoC","hcv",3078565800
"TX-601","Fort Worth, Arlington/Tarrant County CoC","coc",3069330609.11397
"CA-505","Richmond/Contra Costa County CoC","coc",3035476700
"PA-503","Wilkes-Barre, Hazleton/Luzerne County CoC","hcv",3026753200
"TX-701","Bryan, College Station/Brazos Valley CoC","hcv",3026359700
"IL-513","Springfield/Sangamon County CoC","hcv",3018368000
"LA-506","Slidell/Southeast Louisiana CoC","hcv",3004987000
"MI-500","Michigan Balance of State CoC","hcv",2995563031.08263
"TN-509","Appalachian Regional CoC","hcv",2994479500
"FL-507","Orlando/Orange, Osceola, Seminole Counties CoC","cdbg_entitlement",2992404000
"MN-505","St. Cloud/Central Minnesota CoC","hcv",2978590700
"GA-508","DeKalb County CoC","coc",2974754881.93153
"IL-510","Chicago CoC","home",2971700835.87482
"MN-500","Minneapolis/Hennepin County CoC","cdbg_entitlement",2970335800
"MI-504","Pontiac, Royal Oak/Oakland County CoC","hcv",2963260000
"NJ-500","Atlantic City & County CoC","hcv",2951144300
"NY-600","New York City CoC","hud_esg",2946165000
"OH-500","Cincinnati/Hamilton County CoC","cdbg_entitlement",2944738277.67788
"IN-503","Indianapolis CoC","coc",2932978100
"PA-509","Eastern Pennsylvania CoC","cdbg_entitlement",2925883800
"MO-604","Kansas City (MO&KS), Independence, Lee’s Summit/Jackson, Wyandotte Counties CoC","coc",2908588663.62665
"GA-502","Fulton County CoC","hud_hopwa",2900658512.82419
"NJ-516","Warren, Sussex, Hunterdon Counties CoC","hcv",2876897000
"OH-503","Columbus/Franklin County CoC","coc",2869033078.32848
"OH-503","Columbus/Franklin County CoC","elderly",2862609250.96486
"FL-601","Ft Lauderdale/Broward County CoC","cdbg_entitlement",2829641800
"CA-512","Daly City/San Mateo County CoC","coc",2829309400
"TX-601","Fort Worth, Arlington/Tarrant County CoC","cdbg_entitlement",2816234610.28598
"PA-500","Philadelphia CoC","elderly",2808783200
"PA-600","Pittsburgh, McKeesport, Penn Hills/Allegheny County CoC","coc",2804377500
"MD-504","Howard County CoC","hcv",2786487700
"CA-500","San Jose/Santa Clara City & County CoC","cdbg_entitlement",2784318500
"MN-500","Minneapolis/Hennepin County CoC","coc",2744897500
"NC-509","Gastonia/Cleveland, Gaston, Lincoln Counties CoC","hcv",2738014100
"TX-500","San Antonio/Bexar County CoC","coc",2736106700
"IL-511","Cook County CoC","home",2729883812.04832
"TX-700","Houston, Pasadena, Conroe/Harris, Fort Bend, Montgomery Counties CoC","hud_hopwa",2716241210.02062
"NY-603","Nassau, Suffolk Counties CoC","coc",2713755800
"FL-519","Pasco County CoC","hcv",2710337900
"FL-506","Tallahassee/Leon County CoC","hud_hopwa",2707002500
"MI-501","Detroit CoC","coc",2702744624.34797
"AL-506","Tuscaloosa City & County CoC","hcv",2700887900
"HI-501","Honolulu City and County CoC","coc",2693821700
"TX-607","Texas Balance of State CoC","home",2685784203.84274
"MD-512","Hagerstown/Washington County CoC","hcv",2683059900
"AZ-502","Phoenix, Mesa/Maricopa County CoC","home",2681212919.33431
"FL-600","Miami-Dade County CoC","hud_hopwa",2678269100
"WI-501","Milwaukee City & County CoC","coc",2649154700
"PA-500","Philadelphia CoC","grrp_comp",2.648e+09
"PA-500","Philadelphia CoC","home",2637627600
"OR-503","Central Oregon CoC","hcv",2631280200
"MA-516","Massachusetts Balance of State CoC","coc",2623765134.10822
"MA-502","Lynn CoC","hcv",2620899654.51894
"NY-601","Poughkeepsie/Dutchess County CoC","hcv",2615056300
"CA-601","San Diego City and County CoC","home",2601771800
"ID-501","Idaho Balance of State CoC","hcv",2589834800
"KY-501","Louisville-Jefferson County CoC","coc",2585319900
"NV-500","Las Vegas/Clark County CoC","coc",2571136500
"CA-608","Riverside City & County CoC","coc",2535065200
"FL-601","Ft Lauderdale/Broward County CoC","coc",2520466200
"CA-503","Sacramento City & County CoC","cdbg_entitlement",2512060900
"MD-501","Baltimore CoC","hud_hopwa",2493101600
"AR-505","Southeast Arkansas CoC","hcv",2485326600
"NY-500","Rochester, Irondequoit, Greece/Monroe County CoC","coc",2483821600
"NC-516","Northwest North Carolina CoC","hcv",2473583100
"OH-504","Youngstown/Mahoning County CoC","hcv",2462737700
"MA-500","Boston CoC","elderly",2419681112.04594
"LA-508","Houma-Terrebonne, Thibodaux CoC","hcv",2419415800
"CA-613","Imperial County CoC","hcv",2419120800
"FL-600","Miami-Dade County CoC","home",2404226600
"FL-509","Fort Pierce/St. Lucie, Indian River, Martin Counties CoC","hcv",2403122300
"PA-601","Western Pennsylvania CoC","coc",2390452000
"PA-605","Erie City & County CoC","hcv",2383493200
"CA-515","Roseville, Rocklin/Placer, Nevada Counties CoC","hcv",2381112300
"CA-501","San Francisco CoC","hud_hopwa",2345959700
"CA-514","Fresno City & County/Madera County CoC","cdbg_entitlement",2327742800
"NY-604","Yonkers, Mount Vernon/Westchester County CoC","cdbg_entitlement",2313251800
"DC-500","District of Columbia CoC","hud_hopwa",2293207000
"TN-507","Jackson/West Tennessee CoC","hcv",2288014200
"NV-502","Nevada Balance of State CoC","hcv",2280065100
"NY-500","Rochester, Irondequoit, Greece/Monroe County CoC","cdbg_entitlement",2279309400
"MO-604","Kansas City (MO&KS), Independence, Lee’s Summit/Jackson, Wyandotte Counties CoC","cdbg_entitlement",2272828200
"PA-508","Scranton/Lackawanna County CoC","hcv",2270705300
"OH-505","Dayton, Kettering/Montgomery County CoC","coc",2262372100
"MN-508","Moorhead/West Central Minnesota CoC","hcv",2246651100
"NY-510","Ithaca/Tompkins County CoC","hcv",2246306600
"KY-501","Louisville-Jefferson County CoC","cdbg_entitlement",2230435300
"MA-505","New Bedford CoC","hcv",2225473445.93669
"FL-520","Citrus, Hernando, Lake, Sumter Counties CoC","hcv",2214537700
"GA-500","Atlanta CoC","hud_hopwa",2191529219.27352
"NY-602","Newburgh, Middletown/Orange County CoC","hcv",2189047400
"MD-505","Baltimore County CoC","elderly",2161799500
"RI-500","Rhode Island Statewide CoC","cdbg_entitlement",2153044900
"TX-600","Dallas City & County, Irving CoC","hud_hopwa",2122643596.04509
"TX-600","Dallas City & County, Irving CoC","home",2120572456.44551
"MD-509","Frederick City & County CoC","hcv",2112965100
"NY-511","Binghamton, Union Town/Broome, Otsego, Chenango, Delaware, Cortland, Tioga Counties CoC","hcv",2101222200
"MA-515","Fall River CoC","hcv",2082884577.95367
"FL-501","Tampa/Hillsborough County CoC","cdbg_entitlement",2081971400
"AZ-501","Tucson/Pima County CoC","coc",2072880700
"PA-512","York City & County CoC","hcv",2067495400
"NJ-506","Jersey City, Bayonne/Hudson County CoC","cdbg_entitlement",2060667500
"FL-600","Miami-Dade County CoC","elderly",2032753400
"WI-500","Wisconsin Balance of State CoC","cdbg_entitlement",2031242900
"NY-505","Syracuse, Auburn/Onondaga, Oswego, Cayuga Counties CoC","coc",2024512300
"FL-507","Orlando/Orange, Osceola, Seminole Counties CoC","coc",2023745700
"WA-507","Yakima City & County CoC","hcv",1984676400
"CA-609","San Bernardino City & County CoC","coc",1970896700
"MO-501","St. Louis City CoC","coc",1959885500
"FL-605","West Palm Beach/Palm Beach County CoC","cdbg_entitlement",1954556200
"VA-603","Alexandria CoC","elderly",1945707900
"OR-501","Portland, Gresham/Multnomah County CoC","cdbg_entitlement",1939100200
"TX-503","Austin/Travis County CoC","hud_hopwa",1934835300
"OH-503","Columbus/Franklin County CoC","cdbg_entitlement",1932519941.90966
"MO-600","Springfield/Greene, Christian, Webster Counties CoC","hcv",1927282900
"TX-700","Houston, Pasadena, Conroe/Harris, Fort Bend, Montgomery Counties CoC","elderly",1926355268.8394
"WV-501","Huntington/Cabell, Wayne Counties CoC","hcv",1920534700
"PA-500","Philadelphia CoC","hud_hopwa",1916935800
"WI-502","Racine City & County CoC","hcv",1914970800
"MN-506","Northwest Minnesota CoC","hcv",1903545600
"VA-601","Fairfax County CoC","coc",1902024300
"PA-506","Reading/Berks County CoC","hcv",1896968300
"CA-602","Santa Ana, Anaheim/Orange County CoC","home",1889651800
"TX-503","Austin/Travis County CoC","cdbg_entitlement",1880471830.72099
"MD-502","Harford County CoC","hcv",1869337400
"MA-516","Massachusetts Balance of State CoC","cdbg_entitlement",1863306498.11838
"FL-514","Ocala/Marion County CoC","hcv",1858594300
"AL-500","Birmingham/Jefferson, St. Clair, Shelby Counties CoC","coc",1848661600
"MD-601","Montgomery County CoC","coc",1842944800
"CA-501","San Francisco CoC","elderly",1842848800
"NC-503","North Carolina Balance of State CoC","elderly",1831515200
"VA-602","Loudoun County CoC","hcv",1830410800
"NJ-501","Bergen County CoC","cdbg_entitlement",1825187100
"OH-508","Canton, Massillon, Alliance/Stark County CoC","hcv",1824393400
"MD-506","Carroll County CoC","hcv",1822580900
"MO-501","St. Louis City CoC","grrp_comp",1.816e+09
"CA-514","Fresno City & County/Madera County CoC","coc",1815117300
"OH-507","Ohio Balance of State CoC","elderly",1814048656.8438
"IN-503","Indianapolis CoC","cdbg_entitlement",1811162700
"MN-501","St. Paul/Ramsey County CoC","coc",1810585800
"IL-500","McHenry County CoC","hcv",1806120456.82275
"CA-509","Mendocino County CoC","hcv",1801191100
"CA-604","Bakersfield/Kern County CoC","cdbg_entitlement",1795450900
"AL-500","Birmingham/Jefferson, St. Clair, Shelby Counties CoC","cdbg_entitlement",1785101700
"MI-508","Lansing, East Lansing/Ingham County CoC","coc",1784408895.29031
"FL-505","Fort Walton Beach/Okaloosa, Walton Counties CoC","hcv",1771257200
"UT-500","Salt Lake City & County CoC","coc",1766332917.08028
"OH-502","Cleveland/Cuyahoga County CoC","home",1757237200
"CO-503","Metropolitan Denver CoC","home",1742363023.77906
"LA-503","New Orleans/Jefferson Parish CoC","hud_hopwa",1737568400
"NJ-503","Camden City & County/Gloucester, Cape May, Cumberland Counties CoC","cdbg_entitlement",1717823700
"MA-500","Boston CoC","grrp_comp",1714895684.48873
"FL-605","West Palm Beach/Palm Beach County CoC","coc",1714815300
"CA-522","Humboldt County CoC","hcv",1712265700
"OK-507","Southeastern Oklahoma Regional CoC","hcv",1707100076.1007
"MA-506","Worcester City & County CoC","coc",1698887800
"TX-503","Austin/Travis County CoC","coc",1692208000
"UT-500","Salt Lake City & County CoC","cdbg_entitlement",1681237017.31637
"DC-500","District of Columbia CoC","coc",1681110900
"IN-502","Indiana Balance of State CoC","home",1670880100
"CA-606","Long Beach CoC","coc",1663607491.383
"OH-506","Akron/Summit County CoC","cdbg_entitlement",1661967600
"RI-500","Rhode Island Statewide CoC","elderly",1658060200
"IL-510","Chicago CoC","hud_hopwa",1654855646.66877
"OH-505","Dayton, Kettering/Montgomery County CoC","cdbg_entitlement",1651056631.74036
"CA-512","Daly City/San Mateo County CoC","elderly",1644931000
"AZ-501","Tucson/Pima County CoC","cdbg_entitlement",1629607100
"TN-501","Memphis/Shelby County CoC","coc",1624231900
"NV-500","Las Vegas/Clark County CoC","home",1618966300
"MA-510_&_MA-516_Shared_Jurisdiction","MA-510_&_MA-516_Shared_Jurisdiction","cdbg_entitlement",1617011511.61628
"TN-510","Murfreesboro/Rutherford County CoC","hcv",1611975000
NA,NA,"hcv",1610055200
"WA-504","Everett/Snohomish County CoC","coc",1609848000
"CA-505","Richmond/Contra Costa County CoC","cdbg_entitlement",1608785200
"PA-601","Western Pennsylvania CoC","cdbg_entitlement",1608103100
"NY-505","Syracuse, Auburn/Onondaga, Oswego, Cayuga Counties CoC","cdbg_entitlement",1604071800
"VA-504","Charlottesville CoC","hcv",1588254300
"MN-501","St. Paul/Ramsey County CoC","cdbg_entitlement",1582091000
"TN-512","Morristown/Blount, Sevier, Campbell, Cocke Counties CoC","hcv",1581158500
"HI-501","Honolulu City and County CoC","cdbg_entitlement",1576180800
"IL-504","Madison County CoC","hcv",1568430600
"WA-500","Seattle/King County CoC","home",1564882469.93874
"NJ-506","Jersey City, Bayonne/Hudson County CoC","coc",1548136400
"IL-520","Southern Illinois CoC","hcv",1546819600
"CA-609","San Bernardino City & County CoC","home",1544429200
"MI-506","Grand Rapids, Wyoming/Kent County CoC","coc",1542987300
"TN-504","Nashville-Davidson County CoC","coc",1541436000
"IN-502","Indiana Balance of State CoC","elderly",1533834000
"FL-510","Jacksonville-Duval, Clay Counties CoC","cdbg_entitlement",1520255900
"IL-511","Cook County CoC","hud_hopwa",1519912888.60436
"MD-600","Prince George's County CoC","coc",1517935300
"VA-500","Richmond/Henrico, Chesterfield, Hanover Counties CoC","cdbg_entitlement",1517397600
"TN-501","Memphis/Shelby County CoC","cdbg_entitlement",1516655200
"FL-507","Orlando/Orange, Osceola, Seminole Counties CoC","hud_hopwa",1508017800
"OH-502","Cleveland/Cuyahoga County CoC","elderly",1503765100
"IA-500","Sioux City/Dakota, Woodbury Counties CoC","hcv",1500397900
"LA-509","Louisiana Balance of State CoC","coc",1500290600
"MI-504","Pontiac, Royal Oak/Oakland County CoC","cdbg_entitlement",1495659700
"CA-503","Sacramento City & County CoC","hud_hopwa",1490278400
"TN-503","Central Tennessee CoC","hcv",1486912100
"OH-501","Toledo/Lucas County CoC","cdbg_entitlement",1472867600
"PA-502","Upper Darby, Chester, Haverford/Delaware County CoC","cdbg_entitlement",1467598500
"WI-501","Milwaukee City & County CoC","home",1460776900
"NY-600","New York City CoC","hud_disability",1443839900
"NJ-515","Elizabeth/Union County CoC","cdbg_entitlement",1442951400
"CA-502","Oakland, Berkeley/Alameda County CoC","home",1441017900
"NJ-513","Somerset County CoC","hcv",1440996700
"MI-510","Saginaw City & County CoC","hcv",1413770600
"CA-600","Los Angeles City & County CoC","hud_disability",1403709084.19731
"FL-604","Monroe County CoC","hcv",1397432643.48153
"TX-500","San Antonio/Bexar County CoC","home",1396575600
"NC-505","Charlotte/Mecklenburg County CoC","coc",1390511000
"MO-503","St. Charles City & County, Lincoln, Warren Counties CoC","hcv",1384677100
"MI-502","Dearborn, Dearborn Heights, Westland/Wayne County CoC","home",1374288972.59154
"VA-508","Lynchburg CoC","hcv",1373668400
"WA-501","Washington Balance of State CoC","cdbg_entitlement",1373487161.99564
"AR-501","Fayetteville/Northwest Arkansas CoC","hcv",1370355577.22803
"CA-600","Los Angeles City & County CoC","hud_esg",1367897114.00427
"CA-608","Riverside City & County CoC","elderly",1347565100
"CA-502","Oakland, Berkeley/Alameda County CoC","elderly",1344495900
"CA-511","Stockton/San Joaquin County CoC","coc",1340372600
"CA-604","Bakersfield/Kern County CoC","coc",1329356800
"CA-511","Stockton/San Joaquin County CoC","cdbg_entitlement",1327908200
"NJ-514","Trenton/Mercer County CoC","coc",1326839700
"IL-516","Decatur/Macon County CoC","hcv",1326544400
"ME-500","Maine Balance of State CoC","coc",1324431600
"FL-507","Orlando/Orange, Osceola, Seminole Counties CoC","home",1322143500
"NC-505","Charlotte/Mecklenburg County CoC","cdbg_entitlement",1317621700
"MI-504","Pontiac, Royal Oak/Oakland County CoC","coc",1311237200
"MA-504","Springfield/Hampden County CoC","cdbg_entitlement",1308337100
"FL-502","St. Petersburg, Clearwater, Largo/Pinellas County CoC","coc",1307834800
"IA-501","Iowa Balance of State CoC","cdbg_entitlement",1306426100
"NC-503","North Carolina Balance of State CoC","home",1300487000
"CA-503","Sacramento City & County CoC","home",1295954300
"CA-609","San Bernardino City & County CoC","elderly",1292843400
"TX-624","Wichita Falls/Wise, Palo Pinto, Wichita, Archer Counties CoC","hcv",1289558800
"WA-500","Seattle/King County CoC","elderly",1284339731.51906
"FL-507","Orlando/Orange, Osceola, Seminole Counties CoC","elderly",1282913300
"GA-502","Fulton County CoC","coc",1280427840.69628
"CA-601","San Diego City and County CoC","elderly",1278423600
"FL-601","Ft Lauderdale/Broward County CoC","home",1278298800
"NY-508","Buffalo, Niagara Falls/Erie, Niagara, Orleans, Genesee, Wyoming Counties CoC","home",1273452868.82952
"TX-603","El Paso City & County CoC","cdbg_entitlement",1272325500
"MN-511","Southwest Minnesota CoC","hcv",1269546200
"OH-507","Ohio Balance of State CoC","coc",1264421121.67152
"SC-501","Greenville, Anderson, Spartanburg/Upstate CoC","cdbg_entitlement",1250437900
"VA-513","Harrisonburg, Winchester/Western Virginia CoC","hcv",1239062700
"GA-501","Georgia Balance of State CoC","home",1236449990.56755
"NC-503","North Carolina Balance of State CoC","cdbg_entitlement",1232587400
"TX-601","Fort Worth, Arlington/Tarrant County CoC","home",1231204833.97203
"FL-502","St. Petersburg, Clearwater, Largo/Pinellas County CoC","cdbg_entitlement",1227564100
"PA-503","Wilkes-Barre, Hazleton/Luzerne County CoC","cdbg_entitlement",1225274600
"FL-501","Tampa/Hillsborough County CoC","hud_hopwa",1221411500
"OK-504","Norman/Cleveland County CoC","hcv",1213988072.34473
"NJ-511","Paterson/Passaic County CoC","cdbg_entitlement",1211296900
"FL-510","Jacksonville-Duval, Clay Counties CoC","coc",1210126200
"OH-503","Columbus/Franklin County CoC","home",1208055900
"VA-501","Norfolk/Chesapeake, Suffolk, Isle of Wight, Southampton Counties CoC","cdbg_entitlement",1207515800
"WA-503","Tacoma, Lakewood/Pierce County CoC","cdbg_entitlement",1206349941.79646
"OH-506","Akron/Summit County CoC","coc",1201154000
"NY-508","Buffalo, Niagara Falls/Erie, Niagara, Orleans, Genesee, Wyoming Counties CoC","elderly",1197115942.98119
"ME-500","Maine Balance of State CoC","cdbg_entitlement",1196916200
"IA-502","Des Moines/Polk County CoC","coc",1195167300
"CA-601","San Diego City and County CoC","hud_hopwa",1186086300
"MO-500","St. Louis County CoC","cdbg_entitlement",1184456100
"MI-506","Grand Rapids, Wyoming/Kent County CoC","cdbg_entitlement",1180276800
"NJ-501","Bergen County CoC","coc",1179666100
"MO-606","Missouri Balance of State CoC","coc",1176574336.37335
"GA-508","DeKalb County CoC","hud_hopwa",1174717767.90228
"CA-611","Oxnard, San Buenaventura/Ventura County CoC","cdbg_entitlement",1173814400
"AL-502","Florence/Northwest Alabama CoC","hcv",1169283100
"MI-505","Flint/Genesee County CoC","cdbg_entitlement",1160527300
"VA-601","Fairfax County CoC","cdbg_entitlement",1160139500
"MO-603","St. Joseph/Andrew, Buchanan, DeKalb Counties CoC","hcv",1159880200
"PA-504","Lower Merion, Norristown, Abington/Montgomery County CoC","cdbg_entitlement",1159010400
"FL-601","Ft Lauderdale/Broward County CoC","hud_hopwa",1158232900
"PA-600","Pittsburgh, McKeesport, Penn Hills/Allegheny County CoC","home",1157576400
"SC-502","Columbia/Midlands CoC","hud_hopwa",1150420100
"GA-502","Fulton County CoC","cdbg_entitlement",1142320681.0723
"FL-501","Tampa/Hillsborough County CoC","coc",1138776600
"AZ-502","Phoenix, Mesa/Maricopa County CoC","hud_hopwa",1138534700
"NC-507","Raleigh/Wake County CoC","cdbg_entitlement",1135412100
"MD-507","Cecil County CoC","hcv",1129848200
"NJ-504","Newark/Essex County CoC","home",1127802300
"NE-501","Omaha, Council Bluffs CoC","cdbg_entitlement",1125128600
"CA-505","Richmond/Contra Costa County CoC","elderly",1121763200
"NJ-504","Newark/Essex County CoC","hud_hopwa",1114786900
"IL-509","DeKalb City & County CoC","hcv",1109801500
"OK-500","North Central Oklahoma CoC","hcv",1105531084.02125
"MA-506","Worcester City & County CoC","cdbg_entitlement",1104971900
"FL-606","Naples/Collier County CoC","hcv",1102635300
"NC-513","Chapel Hill/Orange County CoC","hcv",1094547600
"NY-603","Nassau, Suffolk Counties CoC","home",1094464700
"CA-512","Daly City/San Mateo County CoC","cdbg_entitlement",1094252800
"MI-509","Washtenaw County CoC","coc",1092768000
"CA-500","San Jose/Santa Clara City & County CoC","home",1087482700
"AZ-502","Phoenix, Mesa/Maricopa County CoC","elderly",1086549400
"NC-507","Raleigh/Wake County CoC","hud_hopwa",1086325600
"MA-500","Boston CoC","home",1085349247.21363
"CA-501","San Francisco CoC","home",1083292800
"GA-500","Atlanta CoC","coc",1076370177.37219
"MD-601","Montgomery County CoC","cdbg_entitlement",1074109800
"MD-600","Prince George's County CoC","cdbg_entitlement",1073538400
"IN-503","Indianapolis CoC","hud_hopwa",1064375000
"NJ-507","New Brunswick/Middlesex County CoC","cdbg_entitlement",1062479700
"MA-510","Gloucester, Haverhill, Salem/Essex County CoC","cdbg_entitlement",1061713505.0126
"SC-502","Columbia/Midlands CoC","cdbg_entitlement",1059384700
"CO-500","Colorado Balance of State CoC","cdbg_entitlement",1054835500
"OH-508","Canton, Massillon, Alliance/Stark County CoC","cdbg_entitlement",1051988600
"PA-600","Pittsburgh, McKeesport, Penn Hills/Allegheny County CoC","elderly",1051742300
"HI-500","Hawaii Balance of State CoC","cdbg_entitlement",1050471500
"NJ-508","Monmouth County CoC","coc",1042140700
"OH-503","Columbus/Franklin County CoC","hud_hopwa",1040092700
"CA-606","Long Beach CoC","cdbg_entitlement",1039754682.11437
"NJ-504","Newark/Essex County CoC","coc",1034954000
"NJ-506","Jersey City, Bayonne/Hudson County CoC","home",1032833700
"RI-500","Rhode Island Statewide CoC","grrp_leading",1.032e+09
"MI-503","St. Clair Shores, Warren/Macomb County CoC","cdbg_entitlement",1029423800
"CA-608","Riverside City & County CoC","home",1028332900
"NJ-503","Camden City & County/Gloucester, Cape May, Cumberland Counties CoC","elderly",1026819300
"OR-500","Eugene, Springfield/Lane County CoC","coc",1026642400
"FL-501","Tampa/Hillsborough County CoC","home",1025126100
"NY-608","Kingston/Ulster County CoC","hcv",1017486700
"OH-507","Ohio Balance of State CoC","home",1013761512.88763
"CA-507","Marin County CoC","coc",1011276900
"CA-514","Fresno City & County/Madera County CoC","home",1007447000
"CA-508","Watsonville/Santa Cruz City & County CoC","coc",1007125300
"MD-505","Baltimore County CoC","grrp_leading",1e+09
"MD-513","Wicomico, Somerset, Worcester Counties CoC","grrp_leading",1e+09
"MI-504","Pontiac, Royal Oak/Oakland County CoC","grrp_leading",1e+09
"TN-504","Nashville-Davidson County CoC","cdbg_entitlement",999622900
"IL-514","Dupage County CoC","coc",998527818.100648
"AR-512","Boone, Baxter, Marion, Newton Counties CoC","hcv",993846800
"DE-500","Delaware Statewide CoC","cdbg_entitlement",989898900
"OK-501","Tulsa City & County CoC","cdbg_entitlement",988919000
"IL-506","Joliet, Bolingbrook/Will County CoC","coc",985835553.625007
"NY-507","Schenectady City & County CoC","coc",979694900
"MO-500","St. Louis County CoC","elderly",978325100
"FL-503","Lakeland, Winterhaven/Polk County CoC","cdbg_entitlement",977521200
"MA-511","Quincy, Brockton, Weymouth, Plymouth City and County CoC","coc",974037997.453192
"NE-501","Omaha, Council Bluffs CoC","coc",971319500
"CA-602","Santa Ana, Anaheim/Orange County CoC","hud_hopwa",968897600
"RI-500","Rhode Island Statewide CoC","hud_disability",968361500
"VA-500","Richmond/Henrico, Chesterfield, Hanover Counties CoC","coc",966799200
"WA-502","Spokane City & County CoC","cdbg_entitlement",962397000
"FL-603","Ft Myers, Cape Coral/Lee County CoC","cdbg_entitlement",958516500
"CA-510","Turlock, Modesto/Stanislaus County CoC","cdbg_entitlement",956675600
"MD-501","Baltimore CoC","home",943849200
"PA-509","Eastern Pennsylvania CoC","home",942362900
"PA-506","Reading/Berks County CoC","cdbg_entitlement",941266400
"MN-500","Minneapolis/Hennepin County CoC","home",941214600
"TN-501","Memphis/Shelby County CoC","home",936404600
"OH-500","Cincinnati/Hamilton County CoC","home",935421987.112366
"NJ-515","Elizabeth/Union County CoC","coc",929805600
"GA-508","DeKalb County CoC","cdbg_entitlement",927952740.81989
"PA-501","Harrisburg/Dauphin County CoC","coc",925970400
"GA-501","Georgia Balance of State CoC","elderly",924073320.650537
"KS-503","Topeka/Shawnee County CoC","hcv",922758600
"IN-503","Indianapolis CoC","home",916302400
"OR-506","Hillsboro, Beaverton/Washington County CoC","coc",915481900
"MD-501","Baltimore CoC","elderly",910198600
"LA-503","New Orleans/Jefferson Parish CoC","home",907992800
"MI-505","Flint/Genesee County CoC","hcv",907638600
"WA-501","Washington Balance of State CoC","home",905675900.914889
"MO-602","Joplin/Jasper, Newton Counties CoC","hcv",905338600
"MA-516","Massachusetts Balance of State CoC","elderly",897869231.342951
"FL-501","Tampa/Hillsborough County CoC","elderly",896927800
"PA-510","Lancaster City & County CoC","cdbg_entitlement",896208600
"WV-500","Wheeling, Weirton Area CoC","hcv",895445700
"NY-503","Albany City & County CoC","coc",892652800
"NC-507","Raleigh/Wake County CoC","coc",890778600
"NY-603","Nassau, Suffolk Counties CoC","elderly",889193300
"CA-525","El Dorado County CoC","hcv",888404700
"AZ-500","Arizona Balance of State CoC","cdbg_entitlement",885313651.266084
"VA-514","Fredericksburg/Spotsylvania, Stafford Counties CoC","grrp_leading",8.82e+08
"MN-503","Dakota, Anoka, Washington, Scott, Carver Counties CoC","cdbg_entitlement",879737500
"GA-500","Atlanta CoC","cdbg_entitlement",879313428.74551
"WA-504","Everett/Snohomish County CoC","cdbg_entitlement",879224900
"NM-500","Albuquerque CoC","coc",878666464.333402
"PA-502","Upper Darby, Chester, Haverford/Delaware County CoC","coc",877814800
"TN-504","Nashville-Davidson County CoC","hud_hopwa",877527700
"SC-500","Charleston/Low Country CoC","cdbg_entitlement",876825200
"FL-500","Sarasota, Bradenton/Manatee, Sarasota Counties CoC","cdbg_entitlement",876756200
"TN-501","Memphis/Shelby County CoC","hud_hopwa",874634400
"FL-601","Ft Lauderdale/Broward County CoC","elderly",874504200
"CA-502","Oakland, Berkeley/Alameda County CoC","hud_hopwa",867562900
"MN-509","Duluth/St. Louis County CoC","cdbg_entitlement",866388700
"MI-501","Detroit CoC","home",866345227.40846
"CA-603","Santa Maria/Santa Barbara County CoC","cdbg_entitlement",866285800
"MA-519","Attleboro, Taunton/Bristol County CoC","cdbg_entitlement",863924207.239921
"TX-607","Texas Balance of State CoC","elderly",861566485.464379
"MD-505","Baltimore County CoC","cdbg_entitlement",859807900
"NY-604","Yonkers, Mount Vernon/Westchester County CoC","elderly",852741110.891478
"CA-608","Riverside City & County CoC","hud_hopwa",852031700
"NM-501","New Mexico Balance of State CoC","coc",851744935.666598
"RI-500","Rhode Island Statewide CoC","coc",849882100
"CA-506","Salinas/Monterey, San Benito Counties CoC","coc",848023100
"MI-503","St. Clair Shores, Warren/Macomb County CoC","hcv",839558500
"NY-603","Nassau, Suffolk Counties CoC","hud_disability",839413100
"OH-507","Ohio Balance of State CoC","hud_disability",838253106.221428
"NY-602","Newburgh, Middletown/Orange County CoC","cdbg_entitlement",833459000
"CO-504","Colorado Springs/El Paso County CoC","cdbg_entitlement",831423500
"NJ-511","Paterson/Passaic County CoC","coc",830588500
"WI-503","Madison/Dane County CoC","coc",830289700
"MO-604","Kansas City (MO&KS), Independence, Lee’s Summit/Jackson, Wyandotte Counties CoC","home",828213600
"WI-500","Wisconsin Balance of State CoC","home",826810600
"NY-500","Rochester, Irondequoit, Greece/Monroe County CoC","home",826463500
"IL-514","Dupage County CoC","cdbg_entitlement",826333198.610785
"MS-500","Jackson/Rankin, Madison Counties CoC","hud_hopwa",822566600
"OK-502","Oklahoma City CoC","cdbg_entitlement",822110133.365574
"MO-500","St. Louis County CoC","home",821658000
"IN-502","Indiana Balance of State CoC","coc",820743500
"IA-502","Des Moines/Polk County CoC","cdbg_entitlement",819795600
"IL-510","Chicago CoC","hud_esg",817483574.861281
"OR-505","Oregon Balance of State CoC","cdbg_entitlement",815130800
"WA-503","Tacoma, Lakewood/Pierce County CoC","coc",813063513.62295
"NJ-504","Newark/Essex County CoC","elderly",812536400
"AL-504","Montgomery City & County CoC","hud_hopwa",811246300
"SC-502","Columbia/Midlands CoC","coc",810502200
"MA-504","Springfield/Hampden County CoC","coc",809503400
"TX-607","Texas Balance of State CoC","coc",808470401.180306
"AL-501","Mobile City & County/Baldwin County CoC","cdbg_entitlement",805487900
"CA-510","Turlock, Modesto/Stanislaus County CoC","coc",803128600
"OR-501","Portland, Gresham/Multnomah County CoC","home",802057200
"PA-603","Beaver County CoC","hcv",800561900
"KY-500","Kentucky Balance of State CoC","cdbg_entitlement",794397500
"IL-510","Chicago CoC","hud_disability",791871790.02062
"DE-500","Delaware Statewide CoC","coc",790047200
"OK-501","Tulsa City & County CoC","coc",789652801.163488
"DC-500","District of Columbia CoC","grrp_leading",7.86e+08
"PA-503","Wilkes-Barre, Hazleton/Luzerne County CoC","coc",785334200
"MI-514","Battle Creek/Calhoun County CoC","hcv",783086000
"MA-500","Boston CoC","hud_hopwa",782309773.573274
"NJ-503","Camden City & County/Gloucester, Cape May, Cumberland Counties CoC","coc",779497100
"NY-512","Troy/Rensselaer County CoC","coc",777636100
"LA-509","Louisiana Balance of State CoC","cdbg_entitlement",775780900
"CA-505","Richmond/Contra Costa County CoC","home",774463500
"GA-506","Marietta/Cobb County CoC","cdbg_entitlement",772697500
"TX-700","Houston, Pasadena, Conroe/Harris, Fort Bend, Montgomery Counties CoC","hud_esg",771171023.972765
"IL-517","Aurora, Elgin/Kane County CoC","cdbg_entitlement",770796906.485962
"CA-506","Salinas/Monterey, San Benito Counties CoC","cdbg_entitlement",768903200
"PA-500","Philadelphia CoC","hud_esg",768211700
"CA-604","Bakersfield/Kern County CoC","home",766857000
"AZ-501","Tucson/Pima County CoC","home",766460400
"KY-500","Kentucky Balance of State CoC","coc",760962400
"NY-604","Yonkers, Mount Vernon/Westchester County CoC","home",760491300
"OR-507","Clackamas County CoC","coc",760229600
"OK-502","Oklahoma City CoC","coc",759006685.114003
"TX-600","Dallas City & County, Irving CoC","elderly",758013355.891661
"IL-502","Waukegan, North Chicago/Lake County CoC","cdbg_entitlement",756627989.885018
"CA-504","Santa Rosa, Petaluma/Sonoma County CoC","coc",752044700
"IL-511","Cook County CoC","hud_esg",750085094.152949
"IA-501","Iowa Balance of State CoC","grrp_leading",7.5e+08
"LA-502","Shreveport, Bossier/Northwest Louisiana CoC","coc",747802100
"WI-500","Wisconsin Balance of State CoC","coc",742961800
"SC-502","Columbia/Midlands CoC","home",741626100
"OH-501","Toledo/Lucas County CoC","coc",739629100
"ME-500","Maine Balance of State CoC","elderly",739508000
"UT-504","Provo/Mountainland CoC","cdbg_entitlement",739143082.683626
"KY-500","Kentucky Balance of State CoC","grrp_comp",7.36e+08
"NJ-508","Monmouth County CoC","cdbg_entitlement",730654600
"TX-503","Austin/Travis County CoC","home",730642459.840936
"FL-504","Daytona Beach, Daytona/Volusia, Flagler Counties CoC","cdbg_entitlement",730589300
"NE-502","Lincoln CoC","coc",730494525.451514
"FL-510","Jacksonville-Duval, Clay Counties CoC","home",729942400
"PA-512","York City & County CoC","cdbg_entitlement",729435200
"IL-511","Cook County CoC","hud_disability",727902541.698245
"TX-500","San Antonio/Bexar County CoC","elderly",727361700
"FL-605","West Palm Beach/Palm Beach County CoC","elderly",726890500
"AK-500","Anchorage CoC","coc",723693700
"OR-505","Oregon Balance of State CoC","coc",720355500
"NJ-503","Camden City & County/Gloucester, Cape May, Cumberland Counties CoC","home",720270800
"OH-505","Dayton, Kettering/Montgomery County CoC","elderly",718716419.07158
"MN-500","Minneapolis/Hennepin County CoC","hud_hopwa",716900400
"GA-507","Savannah/Chatham County CoC","coc",715676300
"AL-501","Mobile City & County/Baldwin County CoC","coc",712837000
"PA-504","Lower Merion, Norristown, Abington/Montgomery County CoC","coc",712604300
"IL-508","East St. Louis, Belleville/St. Clair County CoC","cdbg_entitlement",710627800
"NY-503","Albany City & County CoC","cdbg_entitlement",707841800
"NM-501","New Mexico Balance of State CoC","cdbg_entitlement",706579594.040994
"KY-501","Louisville-Jefferson County CoC","home",705852700
"TN-507","Jackson/West Tennessee CoC","grrp_comp",7.04e+08
"VA-500","Richmond/Henrico, Chesterfield, Hanover Counties CoC","hud_hopwa",701903800
"NC-505","Charlotte/Mecklenburg County CoC","home",699312600
"PA-501","Harrisburg/Dauphin County CoC","hud_hopwa",696208800
"VA-501","Norfolk/Chesapeake, Suffolk, Isle of Wight, Southampton Counties CoC","coc",695911300
"IL-508","East St. Louis, Belleville/St. Clair County CoC","coc",694164608.106103
"IL-519","West Central Illinois CoC","hcv",693521400
"NC-505","Charlotte/Mecklenburg County CoC","hud_hopwa",692706900
"CA-612","Glendale CoC","coc",692631663.725975
"MN-509","Duluth/St. Louis County CoC","coc",692163700
"OH-504","Youngstown/Mahoning County CoC","cdbg_entitlement",690818600
"NH-500","New Hampshire Balance of State CoC","elderly",688191700
"PA-501","Harrisburg/Dauphin County CoC","cdbg_entitlement",686589400
"OR-506","Hillsboro, Beaverton/Washington County CoC","cdbg_entitlement",684214800
"CA-513","Visalia/Kings, Tulare Counties CoC","coc",680871600
"NJ-510","Lakewood Township/Ocean County CoC","cdbg_entitlement",680721200
"VA-521","Virginia Balance of State CoC","cdbg_entitlement",679810400
"FL-605","West Palm Beach/Palm Beach County CoC","hud_hopwa",679622300
"CA-504","Santa Rosa, Petaluma/Sonoma County CoC","cdbg_entitlement",679036900
"MA-510_&_MA-516_Shared_Jurisdiction","MA-510_&_MA-516_Shared_Jurisdiction","home",678689942.146069
"NY-518","Utica, Rome/Oneida, Madison Counties CoC","cdbg_entitlement",676139500
"MA-519","Attleboro, Taunton/Bristol County CoC","coc",676117681.195168
"MO-501","St. Louis City CoC","elderly",675108500
"MN-500","Minneapolis/Hennepin County CoC","elderly",674054300
"SC-502","Columbia/Midlands CoC","hud_disability",673895200
"NM-500","Albuquerque CoC","cdbg_entitlement",670887005.959006
"VA-500","Richmond/Henrico, Chesterfield, Hanover Counties CoC","home",669468700
"MA-516","Massachusetts Balance of State CoC","home",668174927.184313
"MI-502","Dearborn, Dearborn Heights, Westland/Wayne County CoC","elderly",665936131.940441
"MN-503","Dakota, Anoka, Washington, Scott, Carver Counties CoC","coc",664927595.418945
"NV-500","Las Vegas/Clark County CoC","hud_hopwa",664354100
"MA-510","Gloucester, Haverhill, Salem/Essex County CoC","home",659232191.21207
"FL-510","Jacksonville-Duval, Clay Counties CoC","hud_hopwa",658708000
"HI-501","Honolulu City and County CoC","home",655813200
"IL-515","South Central Illinois CoC","hcv",655611700
"NJ-515","Elizabeth/Union County CoC","elderly",654692800
"PA-508","Scranton/Lackawanna County CoC","coc",654640400
"NC-504","Greensboro, High Point CoC","cdbg_entitlement",651198600
"PA-603","Beaver County CoC","cdbg_entitlement",651105800
"OH-500","Cincinnati/Hamilton County CoC","grrp_comp",6.48e+08
"NJ-514","Trenton/Mercer County CoC","cdbg_entitlement",645443200
"OK-501","Tulsa City & County CoC","home",644683500
"CA-513","Visalia/Kings, Tulare Counties CoC","cdbg_entitlement",642444300
"FL-605","West Palm Beach/Palm Beach County CoC","home",641848200
"UT-503","Utah Balance of State CoC","cdbg_entitlement",641294000
"NM-501","New Mexico Balance of State CoC","grrp_comp",6.4e+08
"MO-604","Kansas City (MO&KS), Independence, Lee’s Summit/Jackson, Wyandotte Counties CoC","hud_hopwa",638522000
"FL-513","Palm Bay, Melbourne/Brevard County CoC","cdbg_entitlement",634788300
"TN-500","Chattanooga/Southeast Tennessee CoC","coc",634772400
"WA-501","Washington Balance of State CoC","coc",633631100
"WA-502","Spokane City & County CoC","coc",633300500
"PA-511","Bristol, Bensalem/Bucks County CoC","cdbg_entitlement",630144200
"MO-501","St. Louis City CoC","home",627938500
"SC-501","Greenville, Anderson, Spartanburg/Upstate CoC","home",627374100
"IN-503","Indianapolis CoC","elderly",627100500
"CA-500","San Jose/Santa Clara City & County CoC","elderly",626042000
"PA-506","Reading/Berks County CoC","coc",623308400
"NJ-500","Atlantic City & County CoC","cdbg_entitlement",621515900
"NH-502","Nashua/Hillsborough County CoC","coc",615282034.880034
"PA-605","Erie City & County CoC","cdbg_entitlement",615128400
"CA-511","Stockton/San Joaquin County CoC","home",614954500
"NJ-501","Bergen County CoC","home",614222800
"WA-503","Tacoma, Lakewood/Pierce County CoC","home",612167630.061256
"TX-603","El Paso City & County CoC","home",610008600
"MO-604","Kansas City (MO&KS), Independence, Lee’s Summit/Jackson, Wyandotte Counties CoC","elderly",609024466.360834
"WI-503","Madison/Dane County CoC","cdbg_entitlement",606752700
"MI-502","Dearborn, Dearborn Heights, Westland/Wayne County CoC","hud_hopwa",605405349.251779
"NJ-507","New Brunswick/Middlesex County CoC","coc",604731600
"CO-503","Metropolitan Denver CoC","hud_hopwa",601375900
"VA-504","Charlottesville CoC","grrp_leading",6e+08
"MA-510_&_MA-516_Shared_Jurisdiction","MA-510_&_MA-516_Shared_Jurisdiction","coc",596212803.501381
"NY-606","Rockland County CoC","coc",595431300
"IN-502","Indiana Balance of State CoC","hud_disability",595050500
"FL-519","Pasco County CoC","cdbg_entitlement",593666800
"MA-510","Gloucester, Haverhill, Salem/Essex County CoC","grrp_leading",592229226.293995
"KY-500","Kentucky Balance of State CoC","elderly",592105600
"CO-503","Metropolitan Denver CoC","elderly",592094719.743029
"NJ-507","New Brunswick/Middlesex County CoC","home",590556500
"ID-501","Idaho Balance of State CoC","cdbg_entitlement",588685600
"TN-501","Memphis/Shelby County CoC","elderly",588667200
"NY-513","Wayne, Ontario, Seneca, Yates Counties CoC","hcv",588486700
"FL-602","Punta Gorda/Charlotte County CoC","hcv",588432200
"KS-502","Wichita/Sedgwick County CoC","cdbg_entitlement",588124200
"WA-508","Vancouver/Clark County CoC","cdbg_entitlement",582154138.004356
"MD-511","Mid-Shore Regional CoC","hcv",580246700
"WI-501","Milwaukee City & County CoC","hud_hopwa",579322400
"UT-500","Salt Lake City & County CoC","home",578578523.413574
"TX-603","El Paso City & County CoC","coc",578464000
"MA-503","Cape Cod Islands CoC","elderly",578354100
"CA-611","Oxnard, San Buenaventura/Ventura County CoC","elderly",577144400
"PA-601","Western Pennsylvania CoC","elderly",576812000
"SC-501","Greenville, Anderson, Spartanburg/Upstate CoC","coc",576207500
"NY-602","Newburgh, Middletown/Orange County CoC","coc",575611600
"MI-500","Michigan Balance of State CoC","cdbg_entitlement",575304400
"MI-504","Pontiac, Royal Oak/Oakland County CoC","home",572771800
"NY-607","Sullivan County CoC","hcv",572768400
"IL-504","Madison County CoC","cdbg_entitlement",571445900
"WI-500","Wisconsin Balance of State CoC","elderly",570551500
"AR-500","Little Rock/Central Arkansas CoC","hud_hopwa",566974700
"TN-502","Knoxville/Knox County CoC","cdbg_entitlement",565080500
"WI-501","Milwaukee City & County CoC","elderly",564253300
"KS-502","Wichita/Sedgwick County CoC","coc",563509200
"WV-501","Huntington/Cabell, Wayne Counties CoC","coc",562993600
"MA-504","Springfield/Hampden County CoC","home",562045700
"FL-502","St. Petersburg, Clearwater, Largo/Pinellas County CoC","hud_disability",561986600
"MA-510_&_MA-516_Shared_Jurisdiction","MA-510_&_MA-516_Shared_Jurisdiction","elderly",560770078.721621
"WA-500","Seattle/King County CoC","hud_hopwa",560713600
"PA-508","Scranton/Lackawanna County CoC","cdbg_entitlement",557671900
"FL-502","St. Petersburg, Clearwater, Largo/Pinellas County CoC","home",554335300
"MI-517","Jackson City & County CoC","hcv",553149000
"RI-500","Rhode Island Statewide CoC","home",551776100
"SC-503","Myrtle Beach, Sumter City & County CoC","coc",550498900
"MS-501","Mississippi Balance of State CoC","elderly",549130300
"CA-606","Long Beach CoC","home",548234286.933034
"TN-504","Nashville-Davidson County CoC","home",547317200
"LA-500","Lafayette/Acadiana Regional CoC","elderly",545218200
"OH-508","Canton, Massillon, Alliance/Stark County CoC","coc",542814100
"LA-500","Lafayette/Acadiana Regional CoC","hud_disability",542783700
"NV-501","Reno, Sparks/Washoe County CoC","cdbg_entitlement",540979800
"SC-500","Charleston/Low Country CoC","home",539113900
"AR-500","Little Rock/Central Arkansas CoC","coc",538754900
"CA-611","Oxnard, San Buenaventura/Ventura County CoC","home",538384700
"CA-510","Turlock, Modesto/Stanislaus County CoC","home",538213800
"IL-506","Joliet, Bolingbrook/Will County CoC","cdbg_entitlement",537778429.531003
"OH-505","Dayton, Kettering/Montgomery County CoC","home",537237100
"NC-507","Raleigh/Wake County CoC","home",533623700
"SC-502","Columbia/Midlands CoC","elderly",532839500
"IL-512","Bloomington/Central Illinois CoC","cdbg_entitlement",532503200
"MN-503","Dakota, Anoka, Washington, Scott, Carver Counties CoC","home",532432700
"MN-501","St. Paul/Ramsey County CoC","elderly",528101800
"AL-507","Alabama Balance of State CoC","grrp_leading",5.28e+08
"TX-607","Texas Balance of State CoC","hud_disability",524856032.348794
"FL-514","Ocala/Marion County CoC","cdbg_entitlement",524001600
"VA-604","Prince William County CoC","cdbg_entitlement",523327800
"LA-500","Lafayette/Acadiana Regional CoC","coc",522230800
"PA-605","Erie City & County CoC","coc",522144100
"AL-500","Birmingham/Jefferson, St. Clair, Shelby Counties CoC","hud_hopwa",521625500
"FL-606","Naples/Collier County CoC","cdbg_entitlement",520799500
"NC-511","Fayetteville/Cumberland County CoC","cdbg_entitlement",519779300
"NY-511","Binghamton, Union Town/Broome, Otsego, Chenango, Delaware, Cortland, Tioga Counties CoC","coc",514466500
"SC-503","Myrtle Beach, Sumter City & County CoC","cdbg_entitlement",514419600
"CA-516","Redding/Shasta, Siskiyou, Lassen, Plumas, Del Norte, Modoc, Sierra Counties CoC","grrp_comp",5.12e+08
"IL-502","Waukegan, North Chicago/Lake County CoC","coc",510483939.967524
"MD-505","Baltimore County CoC","coc",510428600
"DE-500","Delaware Statewide CoC","elderly",510295700
"AL-500","Birmingham/Jefferson, St. Clair, Shelby Counties CoC","home",509080800
"NJ-511","Paterson/Passaic County CoC","home",509077100
"MO-501","St. Louis City CoC","hud_hopwa",508954600
"CA-611","Oxnard, San Buenaventura/Ventura County CoC","coc",508827200
"MI-508","Lansing, East Lansing/Ingham County CoC","cdbg_entitlement",508422600
"OR-501","Portland, Gresham/Multnomah County CoC","hud_hopwa",505596700
"NY-503","Albany City & County CoC","hud_hopwa",504985800
"NY-518","Utica, Rome/Oneida, Madison Counties CoC","coc",504884200
"CA-516","Redding/Shasta, Siskiyou, Lassen, Plumas, Del Norte, Modoc, Sierra Counties CoC","elderly",504546000
"MD-600","Prince George's County CoC","elderly",503665700
"PA-505","Chester County CoC","cdbg_entitlement",501412500
"PA-600","Pittsburgh, McKeesport, Penn Hills/Allegheny County CoC","grrp_leading",5e+08
"LA-502","Shreveport, Bossier/Northwest Louisiana CoC","cdbg_entitlement",499053400
"PA-600","Pittsburgh, McKeesport, Penn Hills/Allegheny County CoC","hud_disability",497775500
"NY-603","Nassau, Suffolk Counties CoC","hud_hopwa",497196100
"MN-504","Northeast Minnesota CoC","hcv",495584000
"OH-501","Toledo/Lucas County CoC","home",493700500
"RI-500","Rhode Island Statewide CoC","hud_hopwa",492196300
"WV-508","West Virginia Balance of State CoC","elderly",491532100
"VA-501","Norfolk/Chesapeake, Suffolk, Isle of Wight, Southampton Counties CoC","home",489970000
"IL-517","Aurora, Elgin/Kane County CoC","coc",489690780.190928
"MA-511","Quincy, Brockton, Weymouth, Plymouth City and County CoC","cdbg_entitlement",489309952.615818
"NJ-506","Jersey City, Bayonne/Hudson County CoC","hud_hopwa",489244400
"NH-500","New Hampshire Balance of State CoC","coc",488888600
"NE-500","Nebraska Balance of State CoC","coc",487863074.548486
"MI-504","Pontiac, Royal Oak/Oakland County CoC","elderly",487054700
"MI-503","St. Clair Shores, Warren/Macomb County CoC","home",486973200
"VA-601","Fairfax County CoC","home",485660200
"MI-505","Flint/Genesee County CoC","coc",485458000
"MO-606","Missouri Balance of State CoC","cdbg_entitlement",485449200
"NC-504","Greensboro, High Point CoC","home",484461100
"MI-506","Grand Rapids, Wyoming/Kent County CoC","home",484255100
"FL-502","St. Petersburg, Clearwater, Largo/Pinellas County CoC","elderly",483389900
"NY-606","Rockland County CoC","cdbg_entitlement",482935500
"IL-513","Springfield/Sangamon County CoC","hud_hopwa",482579400
"MD-503","Annapolis/Anne Arundel County CoC","cdbg_entitlement",482530300
"NJ-507","New Brunswick/Middlesex County CoC","elderly",482305300
"NJ-515","Elizabeth/Union County CoC","home",481564600
"CA-607","Pasadena CoC","coc",480832919.44889
"AR-500","Little Rock/Central Arkansas CoC","cdbg_entitlement",480450600
"OK-503","Oklahoma Balance of State CoC","cdbg_entitlement",480187607.079135
"SC-500","Charleston/Low Country CoC","coc",480069000
"NC-500","Winston-Salem/Forsyth County CoC","coc",479185900
"WA-502","Spokane City & County CoC","home",478193800
"CA-500","San Jose/Santa Clara City & County CoC","hud_hopwa",477637100
"NE-501","Omaha, Council Bluffs CoC","home",476868000
"TX-604","Waco/McLennan County CoC","coc",476780600
"PA-600","Pittsburgh, McKeesport, Penn Hills/Allegheny County CoC","hud_esg",476407000
"IA-501","Iowa Balance of State CoC","home",476253700
"MI-508","Lansing, East Lansing/Ingham County CoC","hud_hopwa",475655500
"MD-600","Prince George's County CoC","home",475519100
"MA-506","Worcester City & County CoC","home",475079100
"AZ-502","Phoenix, Mesa/Maricopa County CoC","hud_esg",474982346.633082
"MD-503","Annapolis/Anne Arundel County CoC","coc",473388900
"OH-502","Cleveland/Cuyahoga County CoC","hud_esg",472222000
"NY-601","Poughkeepsie/Dutchess County CoC","cdbg_entitlement",471663500
"CA-518","Vallejo/Solano County CoC","cdbg_entitlement",471195700
"MD-600","Prince George's County CoC","hud_hopwa",470921100
"WA-508","Vancouver/Clark County CoC","elderly",469906300
"KS-505","Overland Park, Shawnee/Johnson County CoC","cdbg_entitlement",469781400
"TX-601","Fort Worth, Arlington/Tarrant County CoC","hud_hopwa",468632903.954909
"GA-506","Marietta/Cobb County CoC","coc",467961700
"IL-507","Peoria, Pekin/Fulton, Tazewell, Peoria, Woodford Counties CoC","cdbg_entitlement",467887100
"FL-511","Pensacola/Escambia, Santa Rosa Counties CoC","cdbg_entitlement",467697600
"KY-502","Lexington-Fayette County CoC","cdbg_entitlement",466945600
"IL-514","Dupage County CoC","elderly",465336864.636105
"NC-504","Greensboro, High Point CoC","coc",464345800
"AL-501","Mobile City & County/Baldwin County CoC","elderly",464254200
"CO-504","Colorado Springs/El Paso County CoC","coc",464218100
"VA-600","Arlington County CoC","coc",462713800
"GA-502","Fulton County CoC","elderly",461339516.029115
"MD-505","Baltimore County CoC","home",460092700
"NC-501","Asheville/Buncombe County CoC","coc",459362500
"FL-500","Sarasota, Bradenton/Manatee, Sarasota Counties CoC","elderly",459096200
"DC-500","District of Columbia CoC","elderly",457646300
"NY-505","Syracuse, Auburn/Onondaga, Oswego, Cayuga Counties CoC","home",455642400
"LA-509","Louisiana Balance of State CoC","hud_hopwa",454435400
"AR-501","Fayetteville/Northwest Arkansas CoC","cdbg_entitlement",451116900
"GA-508","DeKalb County CoC","home",450604855.394791
"IL-517","Aurora, Elgin/Kane County CoC","elderly",449449282.4018
"MD-601","Montgomery County CoC","home",449001800
"MA-510","Gloucester, Haverhill, Salem/Essex County CoC","coc",448586903.11011
"OH-502","Cleveland/Cuyahoga County CoC","hud_hopwa",447634600
"MI-502","Dearborn, Dearborn Heights, Westland/Wayne County CoC","hud_esg",446720023.404709
"WA-504","Everett/Snohomish County CoC","home",446090800
"CA-512","Daly City/San Mateo County CoC","home",444625300
"GA-507","Savannah/Chatham County CoC","cdbg_entitlement",443372800
"OK-503","Oklahoma Balance of State CoC","coc",442061607.92509
"OR-507","Clackamas County CoC","cdbg_entitlement",440685200
"FL-509","Fort Pierce/St. Lucie, Indian River, Martin Counties CoC","coc",440177700
"AZ-501","Tucson/Pima County CoC","elderly",439912500
"VA-505","Newport News, Hampton/Virginia Peninsula CoC","cdbg_entitlement",438353600
"IL-501","Rockford/Winnebago, Boone Counties CoC","cdbg_entitlement",435645100
"CO-500","Colorado Balance of State CoC","home",434902000
"MI-510","Saginaw City & County CoC","cdbg_entitlement",434441300
"MI-509","Washtenaw County CoC","cdbg_entitlement",434375300
"CA-612","Glendale CoC","cdbg_entitlement",432894789.828734
"OH-506","Akron/Summit County CoC","home",431520300
"MA-506","Worcester City & County CoC","elderly",431370500
"PA-509","Eastern Pennsylvania CoC","elderly",430101000
"NJ-509","Morris County CoC","cdbg_entitlement",428527300
"PA-505","Chester County CoC","elderly",427687400
"NY-523","Glens Falls, Saratoga Springs/Saratoga, Washington, Warren, Hamilton Counties CoC","coc",424571900
"NJ-510","Lakewood Township/Ocean County CoC","hud_hopwa",424372600
"AR-503","Arkansas Balance of State CoC","cdbg_entitlement",424213400
"PA-502","Upper Darby, Chester, Haverford/Delaware County CoC","home",423036900
"NY-507","Schenectady City & County CoC","cdbg_entitlement",423010800
"HI-501","Honolulu City and County CoC","hud_hopwa",422304100
"WI-503","Madison/Dane County CoC","home",421744400
"MI-501","Detroit CoC","elderly",419802968.059559
"PA-500","Philadelphia CoC","hud_disability",417058800
"WV-508","West Virginia Balance of State CoC","cdbg_entitlement",416536900
"OR-505","Oregon Balance of State CoC","hud_hopwa",414466200
"PA-510","Lancaster City & County CoC","home",413679300
"MD-601","Montgomery County CoC","elderly",412276500
"SC-503","Myrtle Beach, Sumter City & County CoC","home",412003300
"NC-502","Durham City & County CoC","cdbg_entitlement",411606500
"TX-701","Bryan, College Station/Brazos Valley CoC","cdbg_entitlement",411352100
"KY-500","Kentucky Balance of State CoC","hud_hopwa",409382200
"NC-500","Winston-Salem/Forsyth County CoC","cdbg_entitlement",409349900
"FL-504","Daytona Beach, Daytona/Volusia, Flagler Counties CoC","coc",408376100
"NY-607","Sullivan County CoC","grrp_comp",4.08e+08
"MA-519","Attleboro, Taunton/Bristol County CoC","home",407256980.467066
"MD-513","Wicomico, Somerset, Worcester Counties CoC","hcv",406861800
"VA-521","Virginia Balance of State CoC","elderly",405718700
"CA-508","Watsonville/Santa Cruz City & County CoC","elderly",405198300
"KY-501","Louisville-Jefferson County CoC","hud_hopwa",405172900
"FL-503","Lakeland, Winterhaven/Polk County CoC","home",404442400
"OR-501","Portland, Gresham/Multnomah County CoC","elderly",404029200
"MN-502","Rochester/Southeast Minnesota CoC","coc",403183304.581055
"IL-507","Peoria, Pekin/Fulton, Tazewell, Peoria, Woodford Counties CoC","coc",402848700
"OR-500","Eugene, Springfield/Lane County CoC","cdbg_entitlement",402741800
"MS-500","Jackson/Rankin, Madison Counties CoC","coc",402385000
"MA-516","Massachusetts Balance of State CoC","hud_hopwa",401976800.515497
"NJ-511","Paterson/Passaic County CoC","hud_hopwa",399596100
"LA-509","Louisiana Balance of State CoC","home",399403900
"NJ-510","Lakewood Township/Ocean County CoC","elderly",399274000
"AL-504","Montgomery City & County CoC","coc",399205300
"VA-503","Virginia Beach CoC","cdbg_entitlement",398264600
"MA-503","Cape Cod Islands CoC","coc",397996100
"CA-514","Fresno City & County/Madera County CoC","elderly",397195800
"FL-506","Tallahassee/Leon County CoC","coc",396872600
"OH-503","Columbus/Franklin County CoC","hud_disability",394715893.778572
"NY-501","Elmira/Steuben, Allegany, Livingston, Chemung, Schuyler Counties CoC","coc",393972700
"MI-512","Grand Traverse, Antrim, Leelanau Counties CoC","hcv",393955600
"MT-500","Montana Statewide CoC","cdbg_entitlement",393684300
"NV-501","Reno, Sparks/Washoe County CoC","coc",393361200
"PA-510","Lancaster City & County CoC","coc",393019900
"OH-501","Toledo/Lucas County CoC","elderly",392908900
"IA-501","Iowa Balance of State CoC","coc",391324200
"MA-504","Springfield/Hampden County CoC","elderly",388905300
"MN-501","St. Paul/Ramsey County CoC","home",388027300
"ID-500","Boise/Ada County CoC","cdbg_entitlement",387344700
"WA-501","Washington Balance of State CoC","elderly",386901400
"LA-506","Slidell/Southeast Louisiana CoC","coc",385249200
"TN-500","Chattanooga/Southeast Tennessee CoC","cdbg_entitlement",384921600
"CA-603","Santa Maria/Santa Barbara County CoC","home",383629400
"MA-507","Pittsfield/Berkshire, Franklin, Hampshire Counties CoC","cdbg_entitlement",382563800
"IL-518","Rock Island, Moline/Northwestern Illinois CoC","cdbg_entitlement",382444600
"IL-517","Aurora, Elgin/Kane County CoC","home",382298989.928101
"CA-509","Mendocino County CoC","coc",382051200
"TN-507","Jackson/West Tennessee CoC","coc",381824400
"MI-501","Detroit CoC","hud_hopwa",381644650.748221
"MI-516","Norton Shores, Muskegon City & County CoC","hcv",381046100
"IL-502","Waukegan, North Chicago/Lake County CoC","home",380771156.288608
"GA-502","Fulton County CoC","home",379113074.77175
"OK-505","Northeast Oklahoma CoC","hcv",379051800
"WI-503","Madison/Dane County CoC","grrp_leading",3.78e+08
"MI-505","Flint/Genesee County CoC","home",377827300
"MD-501","Baltimore CoC","hud_esg",377698900
"MA-510_&_MA-516_Shared_Jurisdiction","MA-510_&_MA-516_Shared_Jurisdiction","hud_hopwa",377507379.376758
"FL-506","Tallahassee/Leon County CoC","cdbg_entitlement",377052400
"IL-514","Dupage County CoC","home",376795091.257432
"AK-500","Anchorage CoC","cdbg_entitlement",376712500
"MA-510","Gloucester, Haverhill, Salem/Essex County CoC","elderly",374259026.395377
"TX-600","Dallas City & County, Irving CoC","hud_esg",372662129.777118
"KS-503","Topeka/Shawnee County CoC","coc",371638500
"NJ-514","Trenton/Mercer County CoC","hud_hopwa",370193500
"VA-505","Newport News, Hampton/Virginia Peninsula CoC","coc",369946400
"MI-507","Portage, Kalamazoo City & County CoC","coc",369573900
"MO-500","St. Louis County CoC","coc",369532600
"TX-607","Texas Balance of State CoC","hud_esg",368600312.829723
"CO-500","Colorado Balance of State CoC","elderly",368512400
"OH-508","Canton, Massillon, Alliance/Stark County CoC","home",367900200
"KS-503","Topeka/Shawnee County CoC","cdbg_entitlement",367711800
"WI-502","Racine City & County CoC","cdbg_entitlement",367300300
"AZ-502","Phoenix, Mesa/Maricopa County CoC","hud_disability",367254400
"NJ-508","Monmouth County CoC","elderly",367076500
"DE-500","Delaware Statewide CoC","home",366906300
"CA-502","Oakland, Berkeley/Alameda County CoC","hud_disability",366612400
"KY-502","Lexington-Fayette County CoC","coc",366514500
"MI-507","Portage, Kalamazoo City & County CoC","cdbg_entitlement",365391900
"CA-603","Santa Maria/Santa Barbara County CoC","coc",364445600
"HI-501","Honolulu City and County CoC","elderly",364078700
"NY-511","Binghamton, Union Town/Broome, Otsego, Chenango, Delaware, Cortland, Tioga Counties CoC","cdbg_entitlement",363298000
"OK-502","Oklahoma City CoC","home",362583315.708968
"PA-505","Chester County CoC","coc",362567100
"IL-501","Rockford/Winnebago, Boone Counties CoC","elderly",362315200
"AL-503","Huntsville/North Alabama CoC","cdbg_entitlement",362306500
"TX-601","Fort Worth, Arlington/Tarrant County CoC","elderly",361836097.339652
"PA-601","Western Pennsylvania CoC","home",360526800
"MS-503","Gulf Port/Gulf Coast Regional CoC","coc",360374000
"VA-502","Roanoke City & County, Salem CoC","cdbg_entitlement",360370800
"OH-500","Cincinnati/Hamilton County CoC","hud_hopwa",359875000
"CA-529","Lake County CoC","hcv",359485100
"NJ-514","Trenton/Mercer County CoC","home",358857300
"MD-600","Prince George's County CoC","hud_disability",358305900
"OR-506","Hillsboro, Beaverton/Washington County CoC","home",357795500
"IL-503","Champaign, Urbana, Rantoul/Champaign County CoC","cdbg_entitlement",357397100
"MI-510","Saginaw City & County CoC","coc",357295700
"FL-603","Ft Myers, Cape Coral/Lee County CoC","coc",357051300
"MT-500","Montana Statewide CoC","elderly",356456700
"FL-600","Miami-Dade County CoC","hud_esg",355583500
"NM-500","Albuquerque CoC","home",353831553.660691
"NY-508","Buffalo, Niagara Falls/Erie, Niagara, Orleans, Genesee, Wyoming Counties CoC","hud_esg",353010098.038452
"CO-504","Colorado Springs/El Paso County CoC","home",353006600
"PA-512","York City & County CoC","coc",352751500
"GA-500","Atlanta CoC","elderly",352367642.778893
"GA-504","Augusta-Richmond County CoC","cdbg_entitlement",350504700
"OR-505","Oregon Balance of State CoC","home",350355400
"CA-504","Santa Rosa, Petaluma/Sonoma County CoC","elderly",350163700
"CA-614","San Luis Obispo County CoC","cdbg_entitlement",347979000
"CA-515","Roseville, Rocklin/Placer, Nevada Counties CoC","coc",347578800
"NJ-514","Trenton/Mercer County CoC","elderly",346302400
"PA-506","Reading/Berks County CoC","home",345888800
"NY-505","Syracuse, Auburn/Onondaga, Oswego, Cayuga Counties CoC","elderly",345759900
"KS-502","Wichita/Sedgwick County CoC","home",344171600
"CA-521","Davis, Woodland/Yolo County CoC","cdbg_entitlement",343644000
"NY-512","Troy/Rensselaer County CoC","cdbg_entitlement",343482100
"KY-501","Louisville-Jefferson County CoC","elderly",341450000
"ID-500","Boise/Ada County CoC","coc",341328300
"FL-509","Fort Pierce/St. Lucie, Indian River, Martin Counties CoC","cdbg_entitlement",341090300
"VT-500","Vermont Balance of State CoC","coc",340403600
"AZ-501","Tucson/Pima County CoC","hud_hopwa",339398400
"TN-502","Knoxville/Knox County CoC","home",337000200
"MI-507","Portage, Kalamazoo City & County CoC","grrp_leading",3.36e+08
"DE-500","Delaware Statewide CoC","hud_hopwa",335815500
"NH-502","Nashua/Hillsborough County CoC","cdbg_entitlement",334474916.303081
"AL-504","Montgomery City & County CoC","cdbg_entitlement",333400500
"ND-500","North Dakota Statewide CoC","cdbg_entitlement",333250000
"DE-500","Delaware Statewide CoC","hud_disability",333118500
"NY-501","Elmira/Steuben, Allegany, Livingston, Chemung, Schuyler Counties CoC","hcv",333019500
"NY-601","Poughkeepsie/Dutchess County CoC","coc",332252900
"WV-501","Huntington/Cabell, Wayne Counties CoC","cdbg_entitlement",331831800
"NJ-508","Monmouth County CoC","home",331479800
"CA-504","Santa Rosa, Petaluma/Sonoma County CoC","home",331154800
"FL-504","Daytona Beach, Daytona/Volusia, Flagler Counties CoC","elderly",329850300
"GA-505","Columbus-Muscogee/Russell County CoC","cdbg_entitlement",329385200
"NJ-509","Morris County CoC","coc",328528100
"PA-504","Lower Merion, Norristown, Abington/Montgomery County CoC","hud_disability",328075500
"FL-500","Sarasota, Bradenton/Manatee, Sarasota Counties CoC","home",327854500
"GA-506","Marietta/Cobb County CoC","home",327760300
"FL-503","Lakeland, Winterhaven/Polk County CoC","coc",327225700
"UT-504","Provo/Mountainland CoC","coc",326641082.919722
"AR-500","Little Rock/Central Arkansas CoC","elderly",326548400
"TN-509","Appalachian Regional CoC","coc",325420600
"AL-501","Mobile City & County/Baldwin County CoC","home",325386400
"KS-507","Kansas Balance of State CoC","cdbg_entitlement",325215000
"MN-505","St. Cloud/Central Minnesota CoC","coc",325182700
"CA-601","San Diego City and County CoC","hud_esg",323574500
"MS-500","Jackson/Rankin, Madison Counties CoC","cdbg_entitlement",322499900
"IA-500","Sioux City/Dakota, Woodbury Counties CoC","cdbg_entitlement",322259200
"GA-505","Columbus-Muscogee/Russell County CoC","coc",322077400
"CA-507","Marin County CoC","cdbg_entitlement",321974200
"WA-508","Vancouver/Clark County CoC","coc",321744400
"NV-501","Reno, Sparks/Washoe County CoC","home",320987600
"SC-501","Greenville, Anderson, Spartanburg/Upstate CoC","elderly",320126600
"MO-600","Springfield/Greene, Christian, Webster Counties CoC","cdbg_entitlement",319376500
"KY-501","Louisville-Jefferson County CoC","hud_disability",319361300
"NY-600","New York City CoC","grrp_elements",319110100
"AL-507","Alabama Balance of State CoC","cdbg_entitlement",319056797.202516
"CA-501","San Francisco CoC","hud_esg",319008900
"AL-500","Birmingham/Jefferson, St. Clair, Shelby Counties CoC","elderly",318555700
"NC-507","Raleigh/Wake County CoC","hud_disability",317854400
"TN-503","Central Tennessee CoC","coc",317117000
"OH-500","Cincinnati/Hamilton County CoC","elderly",316972273.119766
"ME-500","Maine Balance of State CoC","home",316962600
"NJ-509","Morris County CoC","hud_disability",316925400
"MO-501","St. Louis City CoC","hud_esg",316881800
"NY-514","Jamestown, Dunkirk/Chautauqua County CoC","cdbg_entitlement",315464700
"SD-500","South Dakota Statewide CoC","cdbg_entitlement",315324000
"LA-500","Lafayette/Acadiana Regional CoC","cdbg_entitlement",314552200
"UT-504","Provo/Mountainland CoC","home",314348576.586426
"OR-507","Clackamas County CoC","elderly",313288800
"NM-501","New Mexico Balance of State CoC","elderly",312939790.54043
"TN-506","Upper Cumberland CoC","hcv",312395300
"NC-511","Fayetteville/Cumberland County CoC","home",312036200
"OR-505","Oregon Balance of State CoC","elderly",311911500
"ME-500","Maine Balance of State CoC","hud_disability",311557700
"FL-509","Fort Pierce/St. Lucie, Indian River, Martin Counties CoC","elderly",311500700
"MO-603","St. Joseph/Andrew, Buchanan, DeKalb Counties CoC","cdbg_entitlement",310891300
"NY-500","Rochester, Irondequoit, Greece/Monroe County CoC","elderly",310574600
"NY-603","Nassau, Suffolk Counties CoC","hud_esg",310382800
"MD-501","Baltimore CoC","hud_disability",309338100
"TN-507","Jackson/West Tennessee CoC","elderly",309318000
"NE-502","Lincoln CoC","cdbg_entitlement",308828070.087867
"WV-500","Wheeling, Weirton Area CoC","cdbg_entitlement",308651500
"VA-507","Portsmouth CoC","cdbg_entitlement",308458700
"NE-501","Omaha, Council Bluffs CoC","elderly",308036300
"MN-500","Minneapolis/Hennepin County CoC","hud_disability",307755700
"PA-603","Beaver County CoC","coc",307499500
"OH-504","Youngstown/Mahoning County CoC","coc",307005500
"NC-502","Durham City & County CoC","coc",306576700
"HI-500","Hawaii Balance of State CoC","elderly",306445800
"TX-700","Houston, Pasadena, Conroe/Harris, Fort Bend, Montgomery Counties CoC","hud_disability",305408423.363012
"PA-504","Lower Merion, Norristown, Abington/Montgomery County CoC","home",304056500
"VA-503","Virginia Beach CoC","coc",304014900
"PA-512","York City & County CoC","home",303990900
"NY-508","Buffalo, Niagara Falls/Erie, Niagara, Orleans, Genesee, Wyoming Counties CoC","hud_disability",302672545.395059
"OR-500","Eugene, Springfield/Lane County CoC","home",301784100
"CA-607","Pasadena CoC","cdbg_entitlement",300520574.655556
"CA-602","Santa Ana, Anaheim/Orange County CoC","hud_esg",298949300
"WV-503","Charleston/Kanawha, Putnam, Boone, Clay Counties CoC","cdbg_entitlement",298606600
"NJ-510","Lakewood Township/Ocean County CoC","home",298527100
"MI-519","Holland/Ottawa County CoC","coc",298248801.953091
"IL-507","Peoria, Pekin/Fulton, Tazewell, Peoria, Woodford Counties CoC","elderly",297836100
"FL-520","Citrus, Hernando, Lake, Sumter Counties CoC","cdbg_entitlement",297790600
"AR-503","Arkansas Balance of State CoC","hud_disability",297577600
"WA-501","Washington Balance of State CoC","hud_hopwa",297500100
"MI-516","Norton Shores, Muskegon City & County CoC","cdbg_entitlement",297466300
"GA-500","Atlanta CoC","home",297306679.265913
"MA-500","Boston CoC","hud_disability",297089128.594316
"IL-501","Rockford/Winnebago, Boone Counties CoC","coc",296387400
"NC-500","Winston-Salem/Forsyth County CoC","home",296343600
"WI-501","Milwaukee City & County CoC","hud_esg",296253500
"AR-503","Arkansas Balance of State CoC","grrp_comp",2.96e+08
"MI-503","St. Clair Shores, Warren/Macomb County CoC","elderly",295629200
"LA-505","Monroe/Northeast Louisiana CoC","coc",295292300
"GA-501","Georgia Balance of State CoC","hud_disability",294920600
"MT-500","Montana Statewide CoC","coc",294339800
"KY-502","Lexington-Fayette County CoC","home",292646000
"TN-502","Knoxville/Knox County CoC","coc",292354700
"MO-606","Missouri Balance of State CoC","hud_disability",291851508.314067
"MS-503","Gulf Port/Gulf Coast Regional CoC","cdbg_entitlement",291830300
"TX-503","Austin/Travis County CoC","hud_disability",291478546.685921
"NJ-502","Burlington County CoC","cdbg_entitlement",290496700
"IL-510","Chicago CoC","grrp_leading",289645078.262865
"PA-511","Bristol, Bensalem/Bucks County CoC","coc",287890000
"LA-506","Slidell/Southeast Louisiana CoC","cdbg_entitlement",287874700
"VA-505","Newport News, Hampton/Virginia Peninsula CoC","home",287612800
"WV-503","Charleston/Kanawha, Putnam, Boone, Clay Counties CoC","coc",286504100
"MA-516","Massachusetts Balance of State CoC","grrp_comp",285104315.511274
"WA-508","Vancouver/Clark County CoC","home",284671899.085111
"MI-509","Washtenaw County CoC","home",284016500
"TX-611","Amarillo CoC","cdbg_entitlement",283908019.704143
"AK-501","Alaska Balance of State CoC","hud_disability",283754000
"TN-503","Central Tennessee CoC","cdbg_entitlement",282941500
"MA-510_&_MA-516_Shared_Jurisdiction","MA-510_&_MA-516_Shared_Jurisdiction","hud_disability",282727404.037739
"MO-501","St. Louis City CoC","hud_disability",282453900
"CO-500","Colorado Balance of State CoC","coc",281625700
"MI-501","Detroit CoC","hud_esg",281610176.595291
"GA-508","DeKalb County CoC","elderly",281195020.541454
"VA-600","Arlington County CoC","elderly",280459600
"FL-519","Pasco County CoC","coc",279696400
"MO-503","St. Charles City & County, Lincoln, Warren Counties CoC","cdbg_entitlement",278658900
"VA-602","Loudoun County CoC","cdbg_entitlement",278476400
"CA-501","San Francisco CoC","hud_disability",277338900
"MO-604","Kansas City (MO&KS), Independence, Lee’s Summit/Jackson, Wyandotte Counties CoC","hud_disability",277081591.685933
"TX-604","Waco/McLennan County CoC","cdbg_entitlement",277053700
"FL-519","Pasco County CoC","home",276716200
"MO-603","St. Joseph/Andrew, Buchanan, DeKalb Counties CoC","coc",276497500
"FL-511","Pensacola/Escambia, Santa Rosa Counties CoC","home",276305400
"WA-503","Tacoma, Lakewood/Pierce County CoC","elderly",274952568.480939
"FL-603","Ft Myers, Cape Coral/Lee County CoC","elderly",273512700
"NC-501","Asheville/Buncombe County CoC","home",272993900
"TX-500","San Antonio/Bexar County CoC","hud_hopwa",271444000
"IL-500","McHenry County CoC","cdbg_entitlement",271299233.975831
"NY-608","Kingston/Ulster County CoC","coc",271039600
"LA-508","Houma-Terrebonne, Thibodaux CoC","coc",270661200
"WI-500","Wisconsin Balance of State CoC","hud_disability",269693200
"IL-516","Decatur/Macon County CoC","cdbg_entitlement",269450400
"PA-511","Bristol, Bensalem/Bucks County CoC","home",269408300
"LA-503","New Orleans/Jefferson Parish CoC","hud_esg",268758800
"PA-600","Pittsburgh, McKeesport, Penn Hills/Allegheny County CoC","hud_hopwa",268575100
"WA-504","Everett/Snohomish County CoC","elderly",268263400
"TX-500","San Antonio/Bexar County CoC","hud_esg",267758100
"VA-503","Virginia Beach CoC","hud_hopwa",267691600
"IL-513","Springfield/Sangamon County CoC","cdbg_entitlement",267568300
"VA-600","Arlington County CoC","cdbg_entitlement",267389000
"MN-506","Northwest Minnesota CoC","coc",267307800
"FL-508","Gainesville/Alachua, Putnam Counties CoC","cdbg_entitlement",266298800
"TX-500","San Antonio/Bexar County CoC","hud_disability",266281158.935057
"IL-511","Cook County CoC","grrp_leading",265822796.22961
"MS-501","Mississippi Balance of State CoC","hud_disability",264270800
"MD-504","Howard County CoC","cdbg_entitlement",264132500
"NC-502","Durham City & County CoC","home",263253500
"NV-500","Las Vegas/Clark County CoC","hud_esg",263059100
"PA-605","Erie City & County CoC","hud_disability",262512700
"VA-507","Portsmouth CoC","coc",262476100
"NY-602","Newburgh, Middletown/Orange County CoC","home",261454500
"MI-503","St. Clair Shores, Warren/Macomb County CoC","hud_hopwa",260895600
"FL-513","Palm Bay, Melbourne/Brevard County CoC","home",259776900
"SC-503","Myrtle Beach, Sumter City & County CoC","elderly",258183600
"CA-514","Fresno City & County/Madera County CoC","hud_hopwa",258039300
"NY-514","Jamestown, Dunkirk/Chautauqua County CoC","hcv",257985200
"SC-501","Greenville, Anderson, Spartanburg/Upstate CoC","hud_disability",257951200
"MA-500","Boston CoC","hud_esg",257579818.408949
"OH-500","Cincinnati/Hamilton County CoC","hud_esg",257547900
"NM-500","Albuquerque CoC","elderly",257436209.45957
"MI-517","Jackson City & County CoC","cdbg_entitlement",257018100
"NC-503","North Carolina Balance of State CoC","coc",256911100
"MA-516","Massachusetts Balance of State CoC","hud_disability",256763650.506618
"NV-500","Las Vegas/Clark County CoC","hud_disability",256561400
"IL-506","Joliet, Bolingbrook/Will County CoC","home",256536443.145826
"CA-518","Vallejo/Solano County CoC","coc",255349700
"IL-512","Bloomington/Central Illinois CoC","coc",253257100
"TN-509","Appalachian Regional CoC","home",253169600
"NJ-503","Camden City & County/Gloucester, Cape May, Cumberland Counties CoC","hud_hopwa",252935300
"GA-503","Athens-Clarke County CoC","cdbg_entitlement",252385600
"CA-508","Watsonville/Santa Cruz City & County CoC","cdbg_entitlement",252182700
"NJ-500","Atlantic City & County CoC","home",250414000
"MN-511","Southwest Minnesota CoC","coc",250249200
"WA-502","Spokane City & County CoC","hud_disability",248961300
"NY-516","Clinton County CoC","hcv",248032000
"CA-609","San Bernardino City & County CoC","hud_esg",246938700
"AR-500","Little Rock/Central Arkansas CoC","home",246899800
"CA-606","Long Beach CoC","elderly",246752274.794452
"MO-600","Springfield/Greene, Christian, Webster Counties CoC","home",246743900
"PA-503","Wilkes-Barre, Hazleton/Luzerne County CoC","home",246121300
"MI-514","Battle Creek/Calhoun County CoC","cdbg_entitlement",245749900
"VA-501","Norfolk/Chesapeake, Suffolk, Isle of Wight, Southampton Counties CoC","elderly",244973900
"CA-502","Oakland, Berkeley/Alameda County CoC","hud_esg",244769700
"NM-501","New Mexico Balance of State CoC","hud_disability",244630844.865637
"MN-509","Duluth/St. Louis County CoC","home",243835900
"FL-504","Daytona Beach, Daytona/Volusia, Flagler Counties CoC","home",243358000
"UT-500","Salt Lake City & County CoC","hud_hopwa",243239800
"TX-624","Wichita Falls/Wise, Palo Pinto, Wichita, Archer Counties CoC","cdbg_entitlement",242496000
"TN-509","Appalachian Regional CoC","cdbg_entitlement",242428100
"NY-507","Schenectady City & County CoC","home",242379000
"KS-505","Overland Park, Shawnee/Johnson County CoC","home",241962700
"FL-519","Pasco County CoC","elderly",241396500
"IL-515","South Central Illinois CoC","coc",241022200
"MN-500","Minneapolis/Hennepin County CoC","hud_esg",240650500
"FL-500","Sarasota, Bradenton/Manatee, Sarasota Counties CoC","coc",240546000
"IL-518","Rock Island, Moline/Northwestern Illinois CoC","hud_disability",240442100
"PA-505","Chester County CoC","home",239028400
"MO-606","Missouri Balance of State CoC","elderly",238736333.639166
"AR-503","Arkansas Balance of State CoC","elderly",238478500
"IL-520","Southern Illinois CoC","coc",237987491.893897
"CA-606","Long Beach CoC","hud_hopwa",237783327.275745
"NC-504","Greensboro, High Point CoC","hud_hopwa",237767500
"OK-502","Oklahoma City CoC","hud_hopwa",233997426.258078
"VA-503","Virginia Beach CoC","home",233741500
"MN-505","St. Cloud/Central Minnesota CoC","elderly",232775100
"MA-504","Springfield/Hampden County CoC","hud_disability",232733200
"CA-601","San Diego City and County CoC","hud_disability",231665500
"TN-503","Central Tennessee CoC","elderly",231656300
"DC-500","District of Columbia CoC","hud_disability",230352900
"HI-500","Hawaii Balance of State CoC","coc",230171500
"NH-501","Manchester CoC","coc",230129765.119966
"NM-501","New Mexico Balance of State CoC","grrp_leading",2.3e+08
"AR-504","Delta Hills CoC","elderly",229233800
"NY-501","Elmira/Steuben, Allegany, Livingston, Chemung, Schuyler Counties CoC","cdbg_entitlement",229064400
"MA-510","Gloucester, Haverhill, Salem/Essex County CoC","hud_disability",228461750.487417
"CA-612","Glendale CoC","home",228253616.455151
"MD-513","Wicomico, Somerset, Worcester Counties CoC","coc",227532200
"WA-502","Spokane City & County CoC","elderly",227419500
"NJ-516","Warren, Sussex, Hunterdon Counties CoC","coc",227228100
"MA-517","Somerville CoC","cdbg_entitlement",226307755.469792
"AL-507","Alabama Balance of State CoC","elderly",226098018.576301
"WA-507","Yakima City & County CoC","home",225743600
"TX-601","Fort Worth, Arlington/Tarrant County CoC","hud_esg",225631770.222882
"MD-502","Harford County CoC","cdbg_entitlement",225122600
"PA-501","Harrisburg/Dauphin County CoC","home",225033500
"IL-504","Madison County CoC","coc",224705300
"GA-504","Augusta-Richmond County CoC","home",224226500
"MO-606","Missouri Balance of State CoC","hud_hopwa",223953200
"SC-500","Charleston/Low Country CoC","hud_hopwa",223920200
"VA-603","Alexandria CoC","cdbg_entitlement",223784700
"OH-502","Cleveland/Cuyahoga County CoC","hud_disability",223445400
"PA-601","Western Pennsylvania CoC","hud_disability",223055400
"MN-502","Rochester/Southeast Minnesota CoC","cdbg_entitlement",222816600
"IA-502","Des Moines/Polk County CoC","home",222767400
"MA-506","Worcester City & County CoC","hud_hopwa",222687100
"FL-603","Ft Myers, Cape Coral/Lee County CoC","home",222684800
"OR-507","Clackamas County CoC","home",222116900
"IL-501","Rockford/Winnebago, Boone Counties CoC","home",221635300
"MA-505","New Bedford CoC","cdbg_entitlement",221205658.010193
"WA-500","Seattle/King County CoC","hud_esg",221049892.524397
"MD-504","Howard County CoC","coc",220855700
"VA-604","Prince William County CoC","coc",220039000
"MT-500","Montana Statewide CoC","home",219217500
"IN-502","Indiana Balance of State CoC","hud_esg",219116100
"MI-512","Grand Traverse, Antrim, Leelanau Counties CoC","coc",218680700
"SC-500","Charleston/Low Country CoC","elderly",218010900
"MI-523","Eaton County CoC","coc",217881800
"IL-508","East St. Louis, Belleville/St. Clair County CoC","elderly",217804900
"AK-500","Anchorage CoC","elderly",217503300
"NJ-504","Newark/Essex County CoC","hud_esg",217123500
"LA-502","Shreveport, Bossier/Northwest Louisiana CoC","home",216149500
"NY-606","Rockland County CoC","home",216049600
"NY-500","Rochester, Irondequoit, Greece/Monroe County CoC","hud_hopwa",215472000
"NJ-513","Somerset County CoC","elderly",214786900
"FL-600","Miami-Dade County CoC","hud_disability",214495600
"FL-512","St. Johns County CoC","cdbg_entitlement",214466200
"GA-505","Columbus-Muscogee/Russell County CoC","home",214334300
"NY-606","Rockland County CoC","hud_disability",213989200
"NY-601","Poughkeepsie/Dutchess County CoC","home",213844200
"NE-502","Lincoln CoC","home",213842424.787625
"NH-500","New Hampshire Balance of State CoC","cdbg_entitlement",213762100
"CA-520","Merced City & County CoC","cdbg_entitlement",213428400
"AR-500","Little Rock/Central Arkansas CoC","hud_disability",213103700
"FL-506","Tallahassee/Leon County CoC","home",213099700
"NM-501","New Mexico Balance of State CoC","home",212854346.339309
"VT-501","Burlington/Chittenden County CoC","coc",212290900
"IL-508","East St. Louis, Belleville/St. Clair County CoC","home",211650500
"CA-608","Riverside City & County CoC","hud_esg",210653200
"NY-522","Jefferson, Lewis, St. Lawrence Counties CoC","coc",210087600
"WA-507","Yakima City & County CoC","cdbg_entitlement",209958700
"LA-508","Houma-Terrebonne, Thibodaux CoC","cdbg_entitlement",209620300
"NJ-513","Somerset County CoC","cdbg_entitlement",209613100
"FL-509","Fort Pierce/St. Lucie, Indian River, Martin Counties CoC","home",209266600
"FL-514","Ocala/Marion County CoC","home",208943300
"OK-501","Tulsa City & County CoC","hud_hopwa",207900600
"MA-515","Fall River CoC","cdbg_entitlement",207032734.749886
"TX-603","El Paso City & County CoC","hud_hopwa",206888900
"NJ-503","Camden City & County/Gloucester, Cape May, Cumberland Counties CoC","hud_disability",206488600
"NC-501","Asheville/Buncombe County CoC","cdbg_entitlement",206371300
"FL-507","Orlando/Orange, Osceola, Seminole Counties CoC","hud_esg",206284500
"NM-500","Albuquerque CoC","hud_hopwa",206171593.776907
"IL-504","Madison County CoC","home",205955800
"MI-503","St. Clair Shores, Warren/Macomb County CoC","coc",205634700
"WI-503","Madison/Dane County CoC","hud_hopwa",204956700
"NY-503","Albany City & County CoC","home",204224800
"CA-507","Marin County CoC","elderly",203501100
"NC-502","Durham City & County CoC","hud_hopwa",203206600
"FL-501","Tampa/Hillsborough County CoC","hud_disability",202262600
"CA-604","Bakersfield/Kern County CoC","hud_hopwa",201173300
"CA-519","Chico, Paradise/Butte County CoC","cdbg_entitlement",200965000
"MA-508","Lowell CoC","cdbg_entitlement",200658995.288879
"VA-604","Prince William County CoC","home",200304500
"WV-508","West Virginia Balance of State CoC","coc",199918200
"MO-600","Springfield/Greene, Christian, Webster Counties CoC","coc",199748700
"NJ-509","Morris County CoC","home",199715400
"AZ-500","Arizona Balance of State CoC","home",199650880.665688
"CA-515","Roseville, Rocklin/Placer, Nevada Counties CoC","cdbg_entitlement",199008200
"VA-501","Norfolk/Chesapeake, Suffolk, Isle of Wight, Southampton Counties CoC","hud_disability",198907800
"MA-509","Cambridge CoC","cdbg_entitlement",198624480.988001
"MD-509","Frederick City & County CoC","hud_disability",198231800
"KY-501","Louisville-Jefferson County CoC","hud_esg",197166300
"KY-500","Kentucky Balance of State CoC","home",197001700
"TX-503","Austin/Travis County CoC","elderly",196110800
"MN-503","Dakota, Anoka, Washington, Scott, Carver Counties CoC","elderly",195869508.874931
"NC-506","Wilmington/Brunswick, New Hanover, Pender Counties CoC","cdbg_entitlement",195793600
"AL-504","Montgomery City & County CoC","home",195682500
"VA-521","Virginia Balance of State CoC","home",195000500
"NC-503","North Carolina Balance of State CoC","hud_disability",194892100
"NH-502","Nashua/Hillsborough County CoC","home",194791177.457846
"CA-614","San Luis Obispo County CoC","coc",194425300
"LA-509","Louisiana Balance of State CoC","elderly",194349200
"UT-500","Salt Lake City & County CoC","elderly",194260531.758473
"VA-502","Roanoke City & County, Salem CoC","coc",194054800
"NH-502","Nashua/Hillsborough County CoC","elderly",193389454.416863
"NC-509","Gastonia/Cleveland, Gaston, Lincoln Counties CoC","coc",193209300
"NY-508","Buffalo, Niagara Falls/Erie, Niagara, Orleans, Genesee, Wyoming Counties CoC","hud_hopwa",192741171.68368
"NY-519","Columbia, Greene Counties CoC","hcv",192246100
"HI-501","Honolulu City and County CoC","hud_disability",192113600
"GA-504","Augusta-Richmond County CoC","hud_hopwa",191605200
"AL-501","Mobile City & County/Baldwin County CoC","hud_disability",191456800
"TX-701","Bryan, College Station/Brazos Valley CoC","home",191134000
"TN-510","Murfreesboro/Rutherford County CoC","cdbg_entitlement",190957100
"NJ-502","Burlington County CoC","home",190680900
"CA-614","San Luis Obispo County CoC","home",190333300
"MS-500","Jackson/Rankin, Madison Counties CoC","home",190291800
"NJ-511","Paterson/Passaic County CoC","hud_disability",188827900
"CA-503","Sacramento City & County CoC","elderly",188157100
"FL-510","Jacksonville-Duval, Clay Counties CoC","elderly",186664100
"PA-605","Erie City & County CoC","home",186596700
"WI-502","Racine City & County CoC","coc",185809800
"OK-504","Norman/Cleveland County CoC","cdbg_entitlement",185322059.555291
"IA-502","Des Moines/Polk County CoC","hud_hopwa",185251100
"PA-510","Lancaster City & County CoC","elderly",185082000
"MA-507","Pittsfield/Berkshire, Franklin, Hampshire Counties CoC","coc",184539500
"OK-503","Oklahoma Balance of State CoC","home",184490075.852297
"MS-501","Mississippi Balance of State CoC","coc",184284300
"MD-505","Baltimore County CoC","hud_disability",184020700
"CA-513","Visalia/Kings, Tulare Counties CoC","elderly",183953700
"WV-508","West Virginia Balance of State CoC","hud_disability",183852200
"KS-502","Wichita/Sedgwick County CoC","elderly",183504100
"TN-500","Chattanooga/Southeast Tennessee CoC","home",183321900
"IL-518","Rock Island, Moline/Northwestern Illinois CoC","elderly",183042900
"WV-508","West Virginia Balance of State CoC","home",182698500
"FL-501","Tampa/Hillsborough County CoC","hud_esg",182392500
"OH-506","Akron/Summit County CoC","elderly",182330200
"OR-501","Portland, Gresham/Multnomah County CoC","hud_disability",182248400
"CA-503","Sacramento City & County CoC","hud_esg",182244300
"NC-507","Raleigh/Wake County CoC","elderly",182051800
"NY-522","Jefferson, Lewis, St. Lawrence Counties CoC","cdbg_entitlement",181854200
"NY-522","Jefferson, Lewis, St. Lawrence Counties CoC","home",181514700
"MS-500","Jackson/Rankin, Madison Counties CoC","elderly",181235200
"GA-507","Savannah/Chatham County CoC","home",180351000
"OR-502","Medford, Ashland/Jackson County CoC","cdbg_entitlement",179274100
"CA-604","Bakersfield/Kern County CoC","elderly",178679900
"KS-505","Overland Park, Shawnee/Johnson County CoC","coc",178423900
"CA-514","Fresno City & County/Madera County CoC","hud_esg",176815900
"CA-525","El Dorado County CoC","elderly",176598200
"MD-503","Annapolis/Anne Arundel County CoC","home",176583700
"SC-503","Myrtle Beach, Sumter City & County CoC","hud_disability",176218500
"VA-603","Alexandria CoC","hud_disability",176058400
"NV-500","Las Vegas/Clark County CoC","elderly",174470400
"NY-500","Rochester, Irondequoit, Greece/Monroe County CoC","hud_esg",174264500
"FL-508","Gainesville/Alachua, Putnam Counties CoC","coc",174012500
"FL-603","Ft Myers, Cape Coral/Lee County CoC","hud_disability",173720500
"MO-604","Kansas City (MO&KS), Independence, Lee’s Summit/Jackson, Wyandotte Counties CoC","hud_esg",173446600
"MA-505","New Bedford CoC","coc",173118261.194374
"FL-500","Sarasota, Bradenton/Manatee, Sarasota Counties CoC","hud_disability",172630500
"CA-506","Salinas/Monterey, San Benito Counties CoC","home",172324800
"VA-500","Richmond/Henrico, Chesterfield, Hanover Counties CoC","elderly",171977900
"MA-511","Quincy, Brockton, Weymouth, Plymouth City and County CoC","home",171617432.256973
"GA-503","Athens-Clarke County CoC","home",171154300
"LA-503","New Orleans/Jefferson Parish CoC","elderly",170921900
"AK-501","Alaska Balance of State CoC","hcv",170834400
"AL-503","Huntsville/North Alabama CoC","home",170616300
"CA-507","Marin County CoC","home",170112300
"NC-500","Winston-Salem/Forsyth County CoC","elderly",169844300
"ND-500","North Dakota Statewide CoC","coc",169370700
"MI-517","Jackson City & County CoC","coc",168829100
"FL-606","Naples/Collier County CoC","home",168726700
"VA-600","Arlington County CoC","home",168539100
"OH-501","Toledo/Lucas County CoC","hud_disability",168458900
"ID-500","Boise/Ada County CoC","home",168261700
"MI-508","Lansing, East Lansing/Ingham County CoC","home",167026000
"VT-500","Vermont Balance of State CoC","elderly",166610700
"NC-509","Gastonia/Cleveland, Gaston, Lincoln Counties CoC","home",166233200
"GA-501","Georgia Balance of State CoC","hud_esg",166094181.817375
"OH-503","Columbus/Franklin County CoC","hud_esg",165484700
"FL-511","Pensacola/Escambia, Santa Rosa Counties CoC","coc",165135600
"WV-503","Charleston/Kanawha, Putnam, Boone, Clay Counties CoC","home",164683400
"AL-506","Tuscaloosa City & County CoC","cdbg_entitlement",164401800
"MI-500","Michigan Balance of State CoC","hud_disability",164038651.621464
"LA-506","Slidell/Southeast Louisiana CoC","elderly",163926200
"FL-513","Palm Bay, Melbourne/Brevard County CoC","coc",163706200
"OR-503","Central Oregon CoC","cdbg_entitlement",163694500
"SC-501","Greenville, Anderson, Spartanburg/Upstate CoC","hud_hopwa",163490300
"MA-502","Lynn CoC","cdbg_entitlement",163485317.794484
"GA-501","Georgia Balance of State CoC","coc",163278600
"IL-519","West Central Illinois CoC","elderly",162943600
"GA-506","Marietta/Cobb County CoC","elderly",162489800
"NJ-501","Bergen County CoC","hud_esg",162073400
"CO-503","Metropolitan Denver CoC","hud_esg",162063100
"MA-515","Fall River CoC","coc",162026357.610459
"NC-511","Fayetteville/Cumberland County CoC","hud_hopwa",161795700
"CA-520","Merced City & County CoC","coc",161758900
"MN-508","Moorhead/West Central Minnesota CoC","coc",160836400
"MA-504","Springfield/Hampden County CoC","hud_hopwa",160580000
"CA-517","Napa City & County CoC","coc",160464800
"MD-500","Cumberland/Allegany County CoC","cdbg_entitlement",160365400
"IN-503","Indianapolis CoC","hud_esg",159601400
"TX-604","Waco/McLennan County CoC","home",158956000
"CA-607","Pasadena CoC","home",158456303.000202
"NC-500","Winston-Salem/Forsyth County CoC","hud_hopwa",157776200
"TN-504","Nashville-Davidson County CoC","elderly",157576900
"TN-501","Memphis/Shelby County CoC","hud_disability",157460000
"MD-601","Montgomery County CoC","hud_disability",157374100
"IL-503","Champaign, Urbana, Rantoul/Champaign County CoC","home",157142700
"VA-513","Harrisonburg, Winchester/Western Virginia CoC","cdbg_entitlement",157063900
"UT-503","Utah Balance of State CoC","coc",157030900
"CO-503","Metropolitan Denver CoC","hud_disability",156634500
"MD-512","Hagerstown/Washington County CoC","cdbg_entitlement",156479800
"CA-515","Roseville, Rocklin/Placer, Nevada Counties CoC","elderly",156139800
"OH-504","Youngstown/Mahoning County CoC","home",155586400
"MI-504","Pontiac, Royal Oak/Oakland County CoC","hud_disability",155385500
"AK-500","Anchorage CoC","home",155229100
"MT-500","Montana Statewide CoC","hud_disability",155215000
"UT-503","Utah Balance of State CoC","elderly",155043200
"AR-504","Delta Hills CoC","hud_disability",154989900
"OH-508","Canton, Massillon, Alliance/Stark County CoC","elderly",154887600
"PA-508","Scranton/Lackawanna County CoC","home",154765600
"AL-503","Huntsville/North Alabama CoC","coc",153420300
"VA-504","Charlottesville CoC","home",153311100
"IL-509","DeKalb City & County CoC","coc",153293200
"MN-502","Rochester/Southeast Minnesota CoC","elderly",152684791.125069
"FL-514","Ocala/Marion County CoC","elderly",152487100
"HI-500","Hawaii Balance of State CoC","hud_hopwa",152010300
"FL-604","Monroe County CoC","hud_hopwa",151948521.508749
"MT-500","Montana Statewide CoC","hud_hopwa",151251400
"AL-504","Montgomery City & County CoC","elderly",151115800
"IL-516","Decatur/Macon County CoC","coc",150756300
"KY-502","Lexington-Fayette County CoC","hud_hopwa",150679100
"WV-503","Charleston/Kanawha, Putnam, Boone, Clay Counties CoC","hud_hopwa",150548300
"DC-500","District of Columbia CoC","grrp_elements",1.5e+08
"OH-500","Cincinnati/Hamilton County CoC","grrp_elements",1.5e+08
"TN-503","Central Tennessee CoC","grrp_elements",1.5e+08
"LA-502","Shreveport, Bossier/Northwest Louisiana CoC","hud_disability",149778100
"IL-513","Springfield/Sangamon County CoC","elderly",149767500
"VT-500","Vermont Balance of State CoC","hud_hopwa",149754000
"TX-611","Amarillo CoC","home",149645846.144253
"WV-501","Huntington/Cabell, Wayne Counties CoC","home",149401800
"CA-500","San Jose/Santa Clara City & County CoC","hud_esg",149041200
"AK-501","Alaska Balance of State CoC","elderly",148842100
"NH-502","Nashua/Hillsborough County CoC","hud_hopwa",148801124.824422
"NC-509","Gastonia/Cleveland, Gaston, Lincoln Counties CoC","elderly",148520200
"KS-503","Topeka/Shawnee County CoC","hud_hopwa",148505400
"NC-506","Wilmington/Brunswick, New Hanover, Pender Counties CoC","home",147885000
"TN-506","Upper Cumberland CoC","coc",147853008.249816
"LA-505","Monroe/Northeast Louisiana CoC","cdbg_entitlement",147811600
"FL-506","Tallahassee/Leon County CoC","hud_disability",147722700
"NC-511","Fayetteville/Cumberland County CoC","coc",147666100
"OK-506","Southwest Oklahoma Regional CoC","cdbg_entitlement",147422000
"CA-516","Redding/Shasta, Siskiyou, Lassen, Plumas, Del Norte, Modoc, Sierra Counties CoC","cdbg_entitlement",147355900
"CA-604","Bakersfield/Kern County CoC","hud_esg",147109700
"ME-500","Maine Balance of State CoC","hud_hopwa",147055500
"MI-506","Grand Rapids, Wyoming/Kent County CoC","elderly",147045600
"VT-501","Burlington/Chittenden County CoC","cdbg_entitlement",146747600
"IL-507","Peoria, Pekin/Fulton, Tazewell, Peoria, Woodford Counties CoC","home",146634800
"IA-500","Sioux City/Dakota, Woodbury Counties CoC","coc",146565800
"CA-507","Marin County CoC","hud_disability",146563400
"OR-501","Portland, Gresham/Multnomah County CoC","hud_esg",145713200
"VA-502","Roanoke City & County, Salem CoC","home",145514000
"WA-500","Seattle/King County CoC","hud_disability",145214500
"AZ-501","Tucson/Pima County CoC","hud_esg",145067900
"AL-500","Birmingham/Jefferson, St. Clair, Shelby Counties CoC","hud_esg",144977900
"MN-509","Duluth/St. Louis County CoC","hud_disability",144663800
"MD-501","Baltimore CoC","grrp_elements",144611900
"NJ-511","Paterson/Passaic County CoC","elderly",144566800
"MD-502","Harford County CoC","elderly",144559500
"TN-510","Murfreesboro/Rutherford County CoC","coc",144021300
"LA-502","Shreveport, Bossier/Northwest Louisiana CoC","elderly",143595700
"NC-513","Chapel Hill/Orange County CoC","coc",143509800
"RI-500","Rhode Island Statewide CoC","hud_esg",143156900
"KS-507","Kansas Balance of State CoC","coc",142772600
"OK-506","Southwest Oklahoma Regional CoC","hcv",142512800
"VA-508","Lynchburg CoC","cdbg_entitlement",142368800
"CA-519","Chico, Paradise/Butte County CoC","elderly",142094500
"NY-510","Ithaca/Tompkins County CoC","coc",142029500
"LA-500","Lafayette/Acadiana Regional CoC","home",141949100
"CA-521","Davis, Woodland/Yolo County CoC","elderly",141913900
"NJ-508","Monmouth County CoC","hud_disability",141641300
"WI-501","Milwaukee City & County CoC","hud_disability",141493100
"MI-500","Michigan Balance of State CoC","elderly",141380200
"MD-511","Mid-Shore Regional CoC","coc",140633800
"VA-603","Alexandria CoC","home",140584200
"VA-513","Harrisonburg, Winchester/Western Virginia CoC","home",140136500
"HI-501","Honolulu City and County CoC","hud_esg",139468100
"OR-503","Central Oregon CoC","coc",139293200
"IL-500","McHenry County CoC","home",138984171.456903
"NY-518","Utica, Rome/Oneida, Madison Counties CoC","home",138178400
"IL-513","Springfield/Sangamon County CoC","home",137688900
"NY-608","Kingston/Ulster County CoC","cdbg_entitlement",137271300
"MA-507","Pittsfield/Berkshire, Franklin, Hampshire Counties CoC","elderly",136657800
"WI-502","Racine City & County CoC","home",136497400
"KY-500","Kentucky Balance of State CoC","hud_disability",136233600
"NJ-513","Somerset County CoC","home",135997000
"TN-506","Upper Cumberland CoC","elderly",135854400
"VT-501","Burlington/Chittenden County CoC","elderly",135647700
"NE-501","Omaha, Council Bluffs CoC","hud_disability",135324900
"NJ-512","Salem County CoC","hcv",135311700
"TX-503","Austin/Travis County CoC","hud_esg",134887463.197512
"OH-505","Dayton, Kettering/Montgomery County CoC","hud_esg",134575800
"AR-505","Southeast Arkansas CoC","elderly",134546000
"GA-504","Augusta-Richmond County CoC","elderly",134391900
"IL-518","Rock Island, Moline/Northwestern Illinois CoC","coc",133996000
"NJ-500","Atlantic City & County CoC","elderly",133988900
"NY-504","Cattaraugus County CoC","hcv",133915000
"NE-502","Lincoln CoC","hud_hopwa",133653277.58587
"FL-503","Lakeland, Winterhaven/Polk County CoC","elderly",133619100
"NJ-506","Jersey City, Bayonne/Hudson County CoC","hud_esg",133489800
"NY-604","Yonkers, Mount Vernon/Westchester County CoC","hud_esg",133465200
"MN-505","St. Cloud/Central Minnesota CoC","cdbg_entitlement",132705900
"TX-701","Bryan, College Station/Brazos Valley CoC","elderly",132620000
"FL-606","Naples/Collier County CoC","coc",131923500
"NE-500","Nebraska Balance of State CoC","cdbg_entitlement",131903629.912133
"FL-520","Citrus, Hernando, Lake, Sumter Counties CoC","home",131567300
"AR-505","Southeast Arkansas CoC","cdbg_entitlement",131561300
"MN-501","St. Paul/Ramsey County CoC","hud_hopwa",130780000
"LA-507","Alexandria/Central Louisiana CoC","elderly",129001900
"IA-502","Des Moines/Polk County CoC","elderly",128932300
"PA-603","Beaver County CoC","home",128931200
"OH-501","Toledo/Lucas County CoC","hud_esg",128638000
"MD-508","Charles, Calvert, St. Mary's Counties CoC","coc",127958300
"OK-503","Oklahoma Balance of State CoC","hud_hopwa",127630273.741922
"NY-510","Ithaca/Tompkins County CoC","cdbg_entitlement",127104700
"SD-500","South Dakota Statewide CoC","coc",126953000
"PA-601","Western Pennsylvania CoC","hud_esg",126906500
"IA-501","Iowa Balance of State CoC","elderly",126682700
"MI-516","Norton Shores, Muskegon City & County CoC","coc",126196100
"IL-519","West Central Illinois CoC","hud_disability",125214800
"NH-501","Manchester CoC","cdbg_entitlement",125101383.696919
"FL-602","Punta Gorda/Charlotte County CoC","coc",124922800
"VA-503","Virginia Beach CoC","elderly",124765900
"GA-503","Athens-Clarke County CoC","coc",123809500
"FL-508","Gainesville/Alachua, Putnam Counties CoC","home",123702100
"FL-513","Palm Bay, Melbourne/Brevard County CoC","elderly",123677300
"GA-504","Augusta-Richmond County CoC","hud_disability",123649100
"NJ-509","Morris County CoC","elderly",123583600
"TX-603","El Paso City & County CoC","elderly",123553400
"MO-606","Missouri Balance of State CoC","home",123446400
"AZ-500","Arizona Balance of State CoC","elderly",123064800
"PA-504","Lower Merion, Norristown, Abington/Montgomery County CoC","elderly",122943500
"AL-500","Birmingham/Jefferson, St. Clair, Shelby Counties CoC","hud_disability",122680100
"CA-500","San Jose/Santa Clara City & County CoC","hud_disability",122578600
"IL-504","Madison County CoC","hud_disability",122346900
"VA-521","Virginia Balance of State CoC","hud_disability",122025200
"NY-505","Syracuse, Auburn/Onondaga, Oswego, Cayuga Counties CoC","hud_esg",121426700
"NJ-516","Warren, Sussex, Hunterdon Counties CoC","cdbg_entitlement",121290300
"TN-503","Central Tennessee CoC","home",121081400
"CA-522","Humboldt County CoC","coc",120997400
"MN-501","St. Paul/Ramsey County CoC","hud_disability",120189500
"VA-603","Alexandria CoC","coc",119680300
"CA-524","Yuba City & County/Sutter County CoC","cdbg_entitlement",119634400
"MI-511","Lenawee County CoC","cdbg_entitlement",119621400
"NC-509","Gastonia/Cleveland, Gaston, Lincoln Counties CoC","cdbg_entitlement",119278100
"WA-501","Washington Balance of State CoC","hud_disability",119258900
"CA-518","Vallejo/Solano County CoC","home",119234400
"CA-517","Napa City & County CoC","cdbg_entitlement",118880100
"CA-519","Chico, Paradise/Butte County CoC","home",118835900
"NC-505","Charlotte/Mecklenburg County CoC","elderly",118532800
"NY-511","Binghamton, Union Town/Broome, Otsego, Chenango, Delaware, Cortland, Tioga Counties CoC","home",118456300
"TN-512","Morristown/Blount, Sevier, Campbell, Cocke Counties CoC","coc",117651491.750184
"CA-520","Merced City & County CoC","home",117639200
"OK-505","Northeast Oklahoma CoC","hud_disability",117401681.12086
"MN-501","St. Paul/Ramsey County CoC","hud_esg",117362400
"MO-602","Joplin/Jasper, Newton Counties CoC","home",116737900
"NY-501","Elmira/Steuben, Allegany, Livingston, Chemung, Schuyler Counties CoC","elderly",116520900
"KS-503","Topeka/Shawnee County CoC","home",116364000
"TN-507","Jackson/West Tennessee CoC","cdbg_entitlement",116006600
"NM-500","Albuquerque CoC","hud_disability",115579355.134363
"IL-500","McHenry County CoC","coc",115520258.418734
"NC-505","Charlotte/Mecklenburg County CoC","hud_disability",115352100
"FL-605","West Palm Beach/Palm Beach County CoC","hud_esg",114834800
"CO-504","Colorado Springs/El Paso County CoC","elderly",114568600
"SD-500","South Dakota Statewide CoC","home",114563400
"KY-502","Lexington-Fayette County CoC","elderly",114330700
"FL-510","Jacksonville-Duval, Clay Counties CoC","hud_esg",114309800
"TN-501","Memphis/Shelby County CoC","hud_esg",114047700
"NJ-513","Somerset County CoC","coc",113810900
"TN-509","Appalachian Regional CoC","hud_hopwa",113352900
"MI-507","Portage, Kalamazoo City & County CoC","home",113317200
"NY-519","Columbia, Greene Counties CoC","coc",112905800
"CA-508","Watsonville/Santa Cruz City & County CoC","hud_disability",112758300
"IL-519","West Central Illinois CoC","coc",112690000
"CA-613","Imperial County CoC","cdbg_entitlement",112670000
"NJ-502","Burlington County CoC","coc",111446600
"MD-504","Howard County CoC","home",111361900
"CA-517","Napa City & County CoC","elderly",111304500
"NC-504","Greensboro, High Point CoC","hud_disability",111166200
"WI-503","Madison/Dane County CoC","hud_disability",110923300
"MO-602","Joplin/Jasper, Newton Counties CoC","cdbg_entitlement",110772800
"MS-503","Gulf Port/Gulf Coast Regional CoC","home",110347200
"MA-511","Quincy, Brockton, Weymouth, Plymouth City and County CoC","elderly",109863046.040468
"TN-512","Morristown/Blount, Sevier, Campbell, Cocke Counties CoC","cdbg_entitlement",109665800
"NY-520","Franklin, Essex Counties CoC","hcv",109152600
"CA-513","Visalia/Kings, Tulare Counties CoC","home",108576700
"NJ-501","Bergen County CoC","hud_disability",108559500
"TX-603","El Paso City & County CoC","hud_esg",108346800
"NJ-504","Newark/Essex County CoC","hud_disability",108265800
"WY-500","Wyoming Statewide CoC","elderly",107629000
"NC-504","Greensboro, High Point CoC","elderly",107366900
"OR-502","Medford, Ashland/Jackson County CoC","elderly",107341500
"OR-502","Medford, Ashland/Jackson County CoC","home",107282600
"ND-500","North Dakota Statewide CoC","home",107008600
"CA-603","Santa Maria/Santa Barbara County CoC","elderly",106607300
"MS-501","Mississippi Balance of State CoC","cdbg_entitlement",106575400
"CA-503","Sacramento City & County CoC","hud_disability",106184800
"MA-516","Massachusetts Balance of State CoC","hud_esg",105994294.325402
"IA-500","Sioux City/Dakota, Woodbury Counties CoC","home",105482600
"LA-509","Louisiana Balance of State CoC","hud_disability",105375100
"TN-509","Appalachian Regional CoC","elderly",105294100
"MI-500","Michigan Balance of State CoC","home",105282100
"AL-506","Tuscaloosa City & County CoC","home",105242700
"GA-504","Augusta-Richmond County CoC","coc",105158200
"OH-506","Akron/Summit County CoC","hud_esg",105027500
"WV-501","Huntington/Cabell, Wayne Counties CoC","hud_disability",104891000
"LA-507","Alexandria/Central Louisiana CoC","coc",104764000
"TX-601","Fort Worth, Arlington/Tarrant County CoC","hud_disability",104687033.5897
"CA-511","Stockton/San Joaquin County CoC","hud_esg",104614800
"MI-510","Saginaw City & County CoC","home",104563400
"NY-606","Rockland County CoC","elderly",104387100
"MA-505","New Bedford CoC","home",104277143.282366
"MD-502","Harford County CoC","home",103985600
"AR-501","Fayetteville/Northwest Arkansas CoC","home",103981500
"KS-507","Kansas Balance of State CoC","home",103878900
"IN-503","Indianapolis CoC","hud_disability",103868600
"VA-601","Fairfax County CoC","hud_esg",103534600
"AL-503","Huntsville/North Alabama CoC","elderly",103320000
"TN-510","Murfreesboro/Rutherford County CoC","home",103161400
"PA-502","Upper Darby, Chester, Haverford/Delaware County CoC","elderly",102746700
"CA-612","Glendale CoC","elderly",102733631.282803
"CA-521","Davis, Woodland/Yolo County CoC","coc",102641700
"NV-502","Nevada Balance of State CoC","hud_hopwa",102619400
"UT-500","Salt Lake City & County CoC","hud_esg",102538400
"NJ-506","Jersey City, Bayonne/Hudson County CoC","elderly",102022200
"MS-503","Gulf Port/Gulf Coast Regional CoC","elderly",101557400
"MA-502","Lynn CoC","home",101510232.06527
"VA-604","Prince William County CoC","elderly",101486300
"MA-510","Gloucester, Haverhill, Salem/Essex County CoC","hud_hopwa",101081948.59312
"MI-505","Flint/Genesee County CoC","hud_esg",100723800
"TN-512","Morristown/Blount, Sevier, Campbell, Cocke Counties CoC","elderly",100665600
"CA-519","Chico, Paradise/Butte County CoC","coc",100471900
"CA-504","Santa Rosa, Petaluma/Sonoma County CoC","hud_hopwa",100000700
"VA-504","Charlottesville CoC","coc",99911000
"GA-505","Columbus-Muscogee/Russell County CoC","elderly",99520200
"NC-505","Charlotte/Mecklenburg County CoC","hud_esg",99492800
"LA-505","Monroe/Northeast Louisiana CoC","hud_disability",99416400
"FL-505","Fort Walton Beach/Okaloosa, Walton Counties CoC","coc",99376200
"CA-614","San Luis Obispo County CoC","elderly",99270800
"CA-612","Glendale CoC","hud_hopwa",98999470.9872226
"ID-501","Idaho Balance of State CoC","elderly",98320400
"MO-602","Joplin/Jasper, Newton Counties CoC","coc",98243600
"MA-503","Cape Cod Islands CoC","home",98067000
"MA-519","Attleboro, Taunton/Bristol County CoC","elderly",97969647.7208994
"MO-500","St. Louis County CoC","hud_esg",97853900
"MA-515","Fall River CoC","home",97595976.2505676
"IL-500","McHenry County CoC","elderly",97581100.3083857
"VA-507","Portsmouth CoC","home",97572600
"FL-519","Pasco County CoC","hud_disability",96844400
"IL-516","Decatur/Macon County CoC","home",96341700
"NY-519","Columbia, Greene Counties CoC","elderly",96307800
"WA-503","Tacoma, Lakewood/Pierce County CoC","hud_esg",96076607.4756032
"IL-506","Joliet, Bolingbrook/Will County CoC","hud_disability",95949960.6119543
"LA-507","Alexandria/Central Louisiana CoC","cdbg_entitlement",95627500
"GA-507","Savannah/Chatham County CoC","hud_hopwa",95475200
"FL-514","Ocala/Marion County CoC","coc",95030800
"MO-503","St. Charles City & County, Lincoln, Warren Counties CoC","coc",95019300
"MA-517","Somerville CoC","home",94985593.0917129
"OK-500","North Central Oklahoma CoC","cdbg_entitlement",94645600
NA,NA,"cdbg_entitlement",94448300
"MI-506","Grand Rapids, Wyoming/Kent County CoC","hud_esg",94298400
"CA-518","Vallejo/Solano County CoC","elderly",94237500
"AR-501","Fayetteville/Northwest Arkansas CoC","elderly",94127400
"MI-505","Flint/Genesee County CoC","elderly",93848900
"TN-503","Central Tennessee CoC","hud_disability",93268400
"CA-506","Salinas/Monterey, San Benito Counties CoC","hud_disability",93121600
"CA-611","Oxnard, San Buenaventura/Ventura County CoC","hud_disability",92990200
"FL-602","Punta Gorda/Charlotte County CoC","elderly",92866700
"FL-506","Tallahassee/Leon County CoC","elderly",92850700
"IL-503","Champaign, Urbana, Rantoul/Champaign County CoC","coc",92597200
"AK-500","Anchorage CoC","hud_hopwa",92496500
"VA-500","Richmond/Henrico, Chesterfield, Hanover Counties CoC","hud_esg",92450500
"OH-505","Dayton, Kettering/Montgomery County CoC","hud_disability",92380500
"MO-503","St. Charles City & County, Lincoln, Warren Counties CoC","elderly",91970400
"NJ-500","Atlantic City & County CoC","coc",91831300
"WY-500","Wyoming Statewide CoC","cdbg_entitlement",91761700
"CA-508","Watsonville/Santa Cruz City & County CoC","home",91426900
"OH-506","Akron/Summit County CoC","hud_disability",91354300
"MA-502","Lynn CoC","grrp_leading",91192946.8832617
"TX-624","Wichita Falls/Wise, Palo Pinto, Wichita, Archer Counties CoC","home",90932700
"CA-516","Redding/Shasta, Siskiyou, Lassen, Plumas, Del Norte, Modoc, Sierra Counties CoC","home",90899700
"NC-516","Northwest North Carolina CoC","coc",90690200
"NY-602","Newburgh, Middletown/Orange County CoC","hud_disability",90647000
"PA-509","Eastern Pennsylvania CoC","hud_disability",90457500
"MA-510_&_MA-516_Shared_Jurisdiction","MA-510_&_MA-516_Shared_Jurisdiction","hud_esg",90339129.344416
"TN-504","Nashville-Davidson County CoC","hud_esg",90164100
"IL-512","Bloomington/Central Illinois CoC","elderly",89955500
"MI-515","Monroe City & County CoC","cdbg_entitlement",89796700
"MA-503","Cape Cod Islands CoC","cdbg_entitlement",89421200
"NC-500","Winston-Salem/Forsyth County CoC","hud_disability",88713500
"NC-507","Raleigh/Wake County CoC","hud_esg",88597200
"MD-600","Prince George's County CoC","hud_esg",88390900
"CA-521","Davis, Woodland/Yolo County CoC","home",87688000
"MD-509","Frederick City & County CoC","cdbg_entitlement",87591000
"OK-506","Southwest Oklahoma Regional CoC","home",87574700
"VT-501","Burlington/Chittenden County CoC","home",87484600
"OH-500","Cincinnati/Hamilton County CoC","hud_disability",87375000
"NC-513","Chapel Hill/Orange County CoC","home",87299400
"TX-611","Amarillo CoC","elderly",87127192.4649049
"AR-501","Fayetteville/Northwest Arkansas CoC","coc",87024000
"NC-506","Wilmington/Brunswick, New Hanover, Pender Counties CoC","elderly",86904500
"OH-504","Youngstown/Mahoning County CoC","elderly",86765300
"MI-506","Grand Rapids, Wyoming/Kent County CoC","hud_disability",86685300
"ND-500","North Dakota Statewide CoC","hud_disability",86652100
"CA-602","Santa Ana, Anaheim/Orange County CoC","hud_disability",86646600
"MD-601","Montgomery County CoC","hud_esg",86343400
"NJ-503","Camden City & County/Gloucester, Cape May, Cumberland Counties CoC","hud_esg",86294000
"TN-504","Nashville-Davidson County CoC","hud_disability",86201200
"MI-500","Michigan Balance of State CoC","coc",86156602.7565993
"CA-510","Turlock, Modesto/Stanislaus County CoC","elderly",85989600
"UT-503","Utah Balance of State CoC","home",85803100
"OK-503","Oklahoma Balance of State CoC","elderly",85706367.8439209
"VA-508","Lynchburg CoC","coc",85616100
"PA-603","Beaver County CoC","elderly",85300700
"OR-505","Oregon Balance of State CoC","hud_disability",85082500
"MN-503","Dakota, Anoka, Washington, Scott, Carver Counties CoC","hud_disability",84329000
"MO-603","St. Joseph/Andrew, Buchanan, DeKalb Counties CoC","home",84260900
"MA-508","Lowell CoC","home",84220329.2464963
"IL-507","Peoria, Pekin/Fulton, Tazewell, Peoria, Woodford Counties CoC","hud_disability",84217600
"LA-508","Houma-Terrebonne, Thibodaux CoC","home",84211900
"NC-513","Chapel Hill/Orange County CoC","cdbg_entitlement",84098000
"WI-503","Madison/Dane County CoC","elderly",83949000
"NJ-510","Lakewood Township/Ocean County CoC","coc",83612400
"MA-517","Somerville CoC","coc",83442560.7816996
"MA-509","Cambridge CoC","home",83366405.5834679
"CA-526","Tuolumne, Amador, Calaveras, Mariposa Counties CoC","coc",83298100
"MN-505","St. Cloud/Central Minnesota CoC","hud_disability",83021100
"NJ-514","Trenton/Mercer County CoC","hud_disability",83004000
"PA-506","Reading/Berks County CoC","hud_esg",82798200
"VA-504","Charlottesville CoC","cdbg_entitlement",82537500
"WA-507","Yakima City & County CoC","coc",82496900
"ID-501","Idaho Balance of State CoC","hud_disability",82479000
"WV-500","Wheeling, Weirton Area CoC","coc",82305600
"FL-510","Jacksonville-Duval, Clay Counties CoC","hud_disability",82276700
"IL-516","Decatur/Macon County CoC","elderly",82025000
"CA-602","Santa Ana, Anaheim/Orange County CoC","elderly",81972500
"IL-501","Rockford/Winnebago, Boone Counties CoC","hud_disability",81910400
"PA-511","Bristol, Bensalem/Bucks County CoC","elderly",81906100
"FL-515","Panama City/Bay, Jackson Counties CoC","cdbg_entitlement",81767600
"CA-523","Colusa, Glenn, Trinity Counties CoC","elderly",81652000
"NY-500","Rochester, Irondequoit, Greece/Monroe County CoC","hud_disability",81571700
"FL-520","Citrus, Hernando, Lake, Sumter Counties CoC","coc",81511200
"IL-506","Joliet, Bolingbrook/Will County CoC","hud_hopwa",81449224.5963541
"AL-502","Florence/Northwest Alabama CoC","coc",81371100
"OK-507","Southeastern Oklahoma Regional CoC","elderly",81247400
"IL-509","DeKalb City & County CoC","cdbg_entitlement",80688800
"MD-506","Carroll County CoC","coc",80514600
"DE-500","Delaware Statewide CoC","hud_esg",80441400
"NJ-515","Elizabeth/Union County CoC","hud_esg",80288600
"ID-500","Boise/Ada County CoC","elderly",80055000
"IL-502","Waukegan, North Chicago/Lake County CoC","elderly",80042487.1359703
"VA-508","Lynchburg CoC","home",79911700
"CA-505","Richmond/Contra Costa County CoC","hud_esg",79727700
"FL-517","Hendry, Hardee, Highlands Counties CoC","hcv",79718300
"MD-504","Howard County CoC","hud_disability",79666600
"CA-608","Riverside City & County CoC","hud_disability",79571400
"FL-511","Pensacola/Escambia, Santa Rosa Counties CoC","elderly",79508900
"FL-507","Orlando/Orange, Osceola, Seminole Counties CoC","hud_disability",79425400
"VA-513","Harrisonburg, Winchester/Western Virginia CoC","coc",79391100
"TN-500","Chattanooga/Southeast Tennessee CoC","elderly",79165100
"NY-514","Jamestown, Dunkirk/Chautauqua County CoC","home",78975700
"NE-500","Nebraska Balance of State CoC","hud_disability",78936420.251436
"VA-601","Fairfax County CoC","hud_disability",78897000
"OR-500","Eugene, Springfield/Lane County CoC","elderly",78840000
"TN-507","Jackson/West Tennessee CoC","home",78733700
"CO-500","Colorado Balance of State CoC","hud_disability",78635000
"TX-624","Wichita Falls/Wise, Palo Pinto, Wichita, Archer Counties CoC","coc",78584300
"MA-516","Massachusetts Balance of State CoC","grrp_leading",78577826.8227438
"MA-517","Somerville CoC","elderly",78482198.1404814
"MA-503","Cape Cod Islands CoC","hud_disability",78098900
"PA-502","Upper Darby, Chester, Haverford/Delaware County CoC","hud_esg",78052200
"IL-510","Chicago CoC","grrp_elements",77861580.1781897
"NE-501","Omaha, Council Bluffs CoC","hud_esg",77479300
"NJ-501","Bergen County CoC","elderly",77375500
"VA-501","Norfolk/Chesapeake, Suffolk, Isle of Wight, Southampton Counties CoC","hud_esg",77264000
"PA-509","Eastern Pennsylvania CoC","hud_esg",77175100
"LA-505","Monroe/Northeast Louisiana CoC","elderly",77154400
"KS-505","Overland Park, Shawnee/Johnson County CoC","elderly",77146400
"GA-508","DeKalb County CoC","hud_esg",76817353.744015
"MN-508","Moorhead/West Central Minnesota CoC","elderly",76439100
"NH-500","New Hampshire Balance of State CoC","hud_hopwa",76424200
"MA-506","Worcester City & County CoC","hud_esg",76400500
"NY-513","Wayne, Ontario, Seneca, Yates Counties CoC","coc",76000300
"FL-604","Monroe County CoC","coc",75596680.3318211
"MN-509","Duluth/St. Louis County CoC","hud_esg",75452600
"GA-504","Augusta-Richmond County CoC","grrp_elements",7.5e+07
"IL-503","Champaign, Urbana, Rantoul/Champaign County CoC","grrp_elements",7.5e+07
"KS-507","Kansas Balance of State CoC","grrp_elements",7.5e+07
"KY-501","Louisville-Jefferson County CoC","grrp_elements",7.5e+07
"KY-502","Lexington-Fayette County CoC","grrp_elements",7.5e+07
"MD-508","Charles, Calvert, St. Mary's Counties CoC","grrp_elements",7.5e+07
"MO-501","St. Louis City CoC","grrp_elements",7.5e+07
"NH-500","New Hampshire Balance of State CoC","grrp_elements",7.5e+07
"OH-501","Toledo/Lucas County CoC","grrp_elements",7.5e+07
"TN-507","Jackson/West Tennessee CoC","grrp_elements",7.5e+07
"FL-502","St. Petersburg, Clearwater, Largo/Pinellas County CoC","hud_esg",74672500
"MS-500","Jackson/Rankin, Madison Counties CoC","hud_disability",74567800
"MI-514","Battle Creek/Calhoun County CoC","coc",74264800
"MA-508","Lowell CoC","coc",73985535.2107986
"LA-507","Alexandria/Central Louisiana CoC","hud_disability",73950500
"CA-510","Turlock, Modesto/Stanislaus County CoC","hud_esg",73616200
"LA-505","Monroe/Northeast Louisiana CoC","home",73300900
"MA-509","Cambridge CoC","coc",73235383.7948215
"IA-501","Iowa Balance of State CoC","hud_disability",73184600
"WV-500","Wheeling, Weirton Area CoC","home",73164100
"MD-505","Baltimore County CoC","hud_esg",73127300
"MD-513","Wicomico, Somerset, Worcester Counties CoC","cdbg_entitlement",73088000
"NH-501","Manchester CoC","home",72856422.5421536
"NY-607","Sullivan County CoC","coc",72799900
"TN-506","Upper Cumberland CoC","hud_disability",72502400
"NH-501","Manchester CoC","elderly",72332145.5831366
"CA-606","Long Beach CoC","hud_disability",72157282.9743003
"OK-502","Oklahoma City CoC","elderly",72043575.5292185
"MI-513","Marquette, Alger Counties CoC","hcv",71972200
"IL-511","Cook County CoC","grrp_elements",71457740.921938
"MN-503","Dakota, Anoka, Washington, Scott, Carver Counties CoC","grrp_elements",71435100
"CA-607","Pasadena CoC","elderly",71318876.1679819
"IL-513","Springfield/Sangamon County CoC","coc",71285200
"NC-506","Wilmington/Brunswick, New Hanover, Pender Counties CoC","coc",71197600
"WV-503","Charleston/Kanawha, Putnam, Boone, Clay Counties CoC","elderly",71132600
"VT-501","Burlington/Chittenden County CoC","hud_disability",71115200
"PA-503","Wilkes-Barre, Hazleton/Luzerne County CoC","hud_esg",70768300
"WA-502","Spokane City & County CoC","hud_esg",70431700
"CA-606","Long Beach CoC","hud_esg",70316378.4049863
"GA-502","Fulton County CoC","hud_esg",70238218.3861857
"MN-504","Northeast Minnesota CoC","coc",69879900
"MA-508","Lowell CoC","elderly",69587359.0113613
"FL-503","Lakeland, Winterhaven/Polk County CoC","hud_esg",69228500
"AL-502","Florence/Northwest Alabama CoC","cdbg_entitlement",69098000
"MA-502","Lynn CoC","coc",69074540.4171248
"MA-509","Cambridge CoC","elderly",68881801.4216547
"MI-517","Jackson City & County CoC","home",68742200
"CA-607","Pasadena CoC","hud_hopwa",68726578.86099
"OK-506","Southwest Oklahoma Regional CoC","hud_disability",68343100
"MS-501","Mississippi Balance of State CoC","home",68025300
"OK-504","Norman/Cleveland County CoC","home",67963708.4387348
"OK-505","Northeast Oklahoma CoC","elderly",67492726.1709459
"AL-502","Florence/Northwest Alabama CoC","hud_disability",67309000
"NJ-500","Atlantic City & County CoC","hud_disability",67185600
"NV-501","Reno, Sparks/Washoe County CoC","hud_disability",67073000
"AK-501","Alaska Balance of State CoC","coc",66889600
"VA-505","Newport News, Hampton/Virginia Peninsula CoC","elderly",66777200
"MI-507","Portage, Kalamazoo City & County CoC","elderly",66735400
"NE-500","Nebraska Balance of State CoC","elderly",66651500
"CA-514","Fresno City & County/Madera County CoC","hud_disability",66584700
"MI-516","Norton Shores, Muskegon City & County CoC","home",66514500
"MA-504","Springfield/Hampden County CoC","hud_esg",66434700
"IA-502","Des Moines/Polk County CoC","hud_esg",66306800
"IL-518","Rock Island, Moline/Northwestern Illinois CoC","grrp_elements",66080700
"VA-514","Fredericksburg/Spotsylvania, Stafford Counties CoC","coc",66077300
"MI-519","Holland/Ottawa County CoC","cdbg_entitlement",65877500
"MI-514","Battle Creek/Calhoun County CoC","home",65835300
"MI-504","Pontiac, Royal Oak/Oakland County CoC","hud_esg",65128800
"NY-510","Ithaca/Tompkins County CoC","home",65008900
"PA-605","Erie City & County CoC","elderly",64950900
"NY-601","Poughkeepsie/Dutchess County CoC","grrp_elements",64770000
"NV-502","Nevada Balance of State CoC","coc",64676500
"PA-506","Reading/Berks County CoC","elderly",64671800
"NY-523","Glens Falls, Saratoga Springs/Saratoga, Washington, Warren, Hamilton Counties CoC","cdbg_entitlement",64322500
"AZ-500","Arizona Balance of State CoC","hud_hopwa",64301300
"LA-507","Alexandria/Central Louisiana CoC","home",64175700
"GA-503","Athens-Clarke County CoC","elderly",63812200
"VA-500","Richmond/Henrico, Chesterfield, Hanover Counties CoC","hud_disability",63524700
"MA-519","Attleboro, Taunton/Bristol County CoC","hud_esg",63476331.6684329
"FL-518","Columbia, Hamilton, Lafayette, Suwannee Counties CoC","coc",62822600
"WV-503","Charleston/Kanawha, Putnam, Boone, Clay Counties CoC","hud_disability",62478800
"OK-507","Southeastern Oklahoma Regional CoC","hud_disability",62251500
"CA-505","Richmond/Contra Costa County CoC","hud_disability",61975400
"FL-500","Sarasota, Bradenton/Manatee, Sarasota Counties CoC","hud_esg",61693900
"NY-514","Jamestown, Dunkirk/Chautauqua County CoC","coc",61415900
"OK-501","Tulsa City & County CoC","hud_esg",61293000
"TX-611","Amarillo CoC","coc",61236452.6833111
"MO-500","St. Louis County CoC","hud_disability",61057000
"OK-501","Tulsa City & County CoC","elderly",60653473.8290541
"OH-504","Youngstown/Mahoning County CoC","hud_esg",60650900
"NY-504","Cattaraugus County CoC","elderly",60265100
"MN-508","Moorhead/West Central Minnesota CoC","cdbg_entitlement",59813200
"AK-500","Anchorage CoC","hud_disability",59652800
"NM-500","Albuquerque CoC","hud_esg",59640475.7045661
"FL-505","Fort Walton Beach/Okaloosa, Walton Counties CoC","cdbg_entitlement",59170900
"AZ-501","Tucson/Pima County CoC","hud_disability",59065100
"NM-501","New Mexico Balance of State CoC","hud_hopwa",58912006.2230929
"MA-516","Massachusetts Balance of State CoC","grrp_elements",58838311.5023046
"WI-500","Wisconsin Balance of State CoC","grrp_elements",58288700
"MI-515","Monroe City & County CoC","elderly",58090600
"NY-503","Albany City & County CoC","hud_esg",57720300
"PA-504","Lower Merion, Norristown, Abington/Montgomery County CoC","hud_esg",57674300
"MO-604","Kansas City (MO&KS), Independence, Lee’s Summit/Jackson, Wyandotte Counties CoC","grrp_elements",57666900
"MA-502","Lynn CoC","elderly",57629346.8801422
"PA-603","Beaver County CoC","hud_esg",57275800
"FL-517","Hendry, Hardee, Highlands Counties CoC","coc",57207000
"WA-504","Everett/Snohomish County CoC","hud_disability",56923300
"MO-602","Joplin/Jasper, Newton Counties CoC","hud_disability",56913000
"CA-512","Daly City/San Mateo County CoC","hud_disability",56618200
"AL-501","Mobile City & County/Baldwin County CoC","hud_esg",56334400
"OH-508","Canton, Massillon, Alliance/Stark County CoC","hud_disability",56110600
"OK-502","Oklahoma City CoC","hud_esg",55879300.5549903
"NY-511","Binghamton, Union Town/Broome, Otsego, Chenango, Delaware, Cortland, Tioga Counties CoC","elderly",55763800
"LA-509","Louisiana Balance of State CoC","hud_esg",55679600
"NH-501","Manchester CoC","hud_hopwa",55655075.1755781
"GA-506","Marietta/Cobb County CoC","hud_esg",55570700
"FL-603","Ft Myers, Cape Coral/Lee County CoC","hud_esg",55550100
"IL-514","Dupage County CoC","hud_esg",55360455.6833105
"UT-503","Utah Balance of State CoC","hud_disability",55359700
"IL-512","Bloomington/Central Illinois CoC","grrp_elements",55231300
"OK-505","Northeast Oklahoma CoC","coc",55041746.9101878
"GA-500","Atlanta CoC","hud_esg",54818546.0524247
"WA-504","Everett/Snohomish County CoC","hud_esg",54466100
"NY-514","Jamestown, Dunkirk/Chautauqua County CoC","elderly",54448000
"PA-605","Erie City & County CoC","hud_esg",54337900
"PA-501","Harrisburg/Dauphin County CoC","hud_disability",54230800
"TN-502","Knoxville/Knox County CoC","elderly",54202600
"IL-515","South Central Illinois CoC","elderly",53804100
"OR-507","Clackamas County CoC","hud_disability",53746500
"NY-501","Elmira/Steuben, Allegany, Livingston, Chemung, Schuyler Counties CoC","home",53729700
"CO-504","Colorado Springs/El Paso County CoC","hud_esg",53678500
"TN-510","Murfreesboro/Rutherford County CoC","elderly",53409900
"NY-514","Jamestown, Dunkirk/Chautauqua County CoC","hud_disability",52888700
"MA-517","Somerville CoC","hud_hopwa",52833790.6603046
"NC-509","Gastonia/Cleveland, Gaston, Lincoln Counties CoC","hud_disability",52591200
"MN-511","Southwest Minnesota CoC","hud_disability",52588200
"FL-517","Hendry, Hardee, Highlands Counties CoC","hud_disability",52525400
"MO-500","St. Louis County CoC","grrp_elements",52306900
"KS-507","Kansas Balance of State CoC","hud_disability",52041800
"FL-606","Naples/Collier County CoC","elderly",5.2e+07
"VA-602","Loudoun County CoC","home",51580500
"NJ-514","Trenton/Mercer County CoC","hud_esg",51338300
"KS-502","Wichita/Sedgwick County CoC","hud_disability",51269300
"PA-510","Lancaster City & County CoC","hud_esg",51246800
"OK-504","Norman/Cleveland County CoC","coc",51127406.9609077
"FL-519","Pasco County CoC","hud_esg",51111300
"NJ-507","New Brunswick/Middlesex County CoC","hud_disability",51108800
"AR-505","Southeast Arkansas CoC","home",51097100
"NC-513","Chapel Hill/Orange County CoC","elderly",50852200
"TX-701","Bryan, College Station/Brazos Valley CoC","coc",50772300
"IL-502","Waukegan, North Chicago/Lake County CoC","hud_disability",50681710.2132753
"LA-506","Slidell/Southeast Louisiana CoC","home",50630000
"OR-506","Hillsboro, Beaverton/Washington County CoC","hud_disability",50611700
"NY-505","Syracuse, Auburn/Onondaga, Oswego, Cayuga Counties CoC","hud_disability",50609300
"KS-502","Wichita/Sedgwick County CoC","hud_esg",50458800
"MI-518","Livingston County CoC","coc",50346800
"NJ-515","Elizabeth/Union County CoC","hud_disability",50254700
"CA-516","Redding/Shasta, Siskiyou, Lassen, Plumas, Del Norte, Modoc, Sierra Counties CoC","coc",49398800
"FL-601","Ft Lauderdale/Broward County CoC","hud_esg",49094400
"OK-500","North Central Oklahoma CoC","coc",49092951.926324
"TN-500","Chattanooga/Southeast Tennessee CoC","hud_disability",48792800
"PA-508","Scranton/Lackawanna County CoC","hud_esg",48664800
"OR-502","Medford, Ashland/Jackson County CoC","coc",48588900
"SD-500","South Dakota Statewide CoC","elderly",48323400
"SC-500","Charleston/Low Country CoC","hud_disability",47758300
"AR-512","Boone, Baxter, Marion, Newton Counties CoC","elderly",47557000
"MN-502","Rochester/Southeast Minnesota CoC","hud_disability",47534000
"FL-604","Monroe County CoC","hud_disability",47331945.8509397
"OK-500","North Central Oklahoma CoC","hud_disability",47246132.4645786
"SC-502","Columbia/Midlands CoC","hud_esg",47170400
"IL-517","Aurora, Elgin/Kane County CoC","hud_disability",47158666.2173825
"VA-502","Roanoke City & County, Salem CoC","elderly",46991200
"MA-508","Lowell CoC","hud_hopwa",46845833.1407684
"IL-502","Waukegan, North Chicago/Lake County CoC","hud_esg",46738941.2600106
"SC-501","Greenville, Anderson, Spartanburg/Upstate CoC","hud_esg",46729500
"MA-509","Cambridge CoC","hud_hopwa",46370855.5932917
"VA-604","Prince William County CoC","hud_esg",45854000
"AR-505","Southeast Arkansas CoC","coc",45596000
"CA-512","Daly City/San Mateo County CoC","hud_esg",45508300
"MI-507","Portage, Kalamazoo City & County CoC","hud_disability",45385500
"OH-508","Canton, Massillon, Alliance/Stark County CoC","hud_esg",45348500
"AL-502","Florence/Northwest Alabama CoC","elderly",45148300
"NY-503","Albany City & County CoC","elderly",44870200
"TN-512","Morristown/Blount, Sevier, Campbell, Cocke Counties CoC","hud_disability",44641300
"MD-513","Wicomico, Somerset, Worcester Counties CoC","elderly",44637800
"WV-501","Huntington/Cabell, Wayne Counties CoC","elderly",44492800
"PA-505","Chester County CoC","hud_esg",44199300
"VA-521","Virginia Balance of State CoC","coc",43901300
"NJ-511","Paterson/Passaic County CoC","hud_esg",43794100
"NY-516","Clinton County CoC","elderly",43647300
"WA-508","Vancouver/Clark County CoC","hud_disability",43343300
"FL-606","Naples/Collier County CoC","hud_esg",43301600
"UT-500","Salt Lake City & County CoC","hud_disability",43223300
"NY-518","Utica, Rome/Oneida, Madison Counties CoC","hud_esg",43201800
"TN-502","Knoxville/Knox County CoC","hud_disability",42710400
"VA-604","Prince William County CoC","hud_disability",42709400
"NE-500","Nebraska Balance of State CoC","home",42524275.2123749
"IL-514","Dupage County CoC","hud_disability",42402150.8749081
"FL-520","Citrus, Hernando, Lake, Sumter Counties CoC","hud_disability",42354400
"NV-501","Reno, Sparks/Washoe County CoC","elderly",42192400
"TX-600","Dallas City & County, Irving CoC","hud_disability",42168097.4758272
"CA-611","Oxnard, San Buenaventura/Ventura County CoC","hud_esg",41935700
"CA-522","Humboldt County CoC","elderly",41879200
"NJ-508","Monmouth County CoC","hud_esg",41706500
"CA-529","Lake County CoC","elderly",41693400
"KY-502","Lexington-Fayette County CoC","hud_esg",40977200
"SD-500","South Dakota Statewide CoC","hud_disability",40884000
"OK-501","Tulsa City & County CoC","hud_disability",40834086.4145613
"OR-500","Eugene, Springfield/Lane County CoC","hud_disability",40741000
"NC-504","Greensboro, High Point CoC","hud_esg",40571100
"VA-514","Fredericksburg/Spotsylvania, Stafford Counties CoC","cdbg_entitlement",40468800
"CA-613","Imperial County CoC","coc",40295800
"NH-500","New Hampshire Balance of State CoC","hud_disability",40102200
"NJ-513","Somerset County CoC","hud_disability",40029200
"MO-603","St. Joseph/Andrew, Buchanan, DeKalb Counties CoC","elderly",39960600
"NY-606","Rockland County CoC","hud_esg",39710500
"AR-505","Southeast Arkansas CoC","hud_disability",39632800
"MA-517","Somerville CoC","hud_disability",39568923.1387271
"OK-503","Oklahoma Balance of State CoC","hud_disability",39522439.6487659
"GA-507","Savannah/Chatham County CoC","hud_esg",39164500
"PA-512","York City & County CoC","hud_esg",38804300
"CA-609","San Bernardino City & County CoC","hud_disability",38734400
"OR-507","Clackamas County CoC","hud_esg",38582400
"MA-511","Quincy, Brockton, Weymouth, Plymouth City and County CoC","hud_disability",38354055.0376293
"KS-507","Kansas Balance of State CoC","elderly",38211400
"IL-501","Rockford/Winnebago, Boone Counties CoC","hud_esg",37907000
"NY-507","Schenectady City & County CoC","hud_esg",37847300
"MI-509","Washtenaw County CoC","hud_esg",37696200
"MI-510","Saginaw City & County CoC","hud_esg",37624200
"PA-511","Bristol, Bensalem/Bucks County CoC","hud_esg",37440500
"NV-502","Nevada Balance of State CoC","cdbg_entitlement",37411500
"WV-500","Wheeling, Weirton Area CoC","hud_disability",37368000
"VA-508","Lynchburg CoC","elderly",37009100
"MD-503","Annapolis/Anne Arundel County CoC","hud_esg",36728000
"NY-608","Kingston/Ulster County CoC","elderly",36648500
"AL-506","Tuscaloosa City & County CoC","coc",36584600
"VA-505","Newport News, Hampton/Virginia Peninsula CoC","hud_disability",36573700
"MS-503","Gulf Port/Gulf Coast Regional CoC","hud_disability",36393400
"NC-500","Winston-Salem/Forsyth County CoC","hud_esg",36390500
"LA-508","Houma-Terrebonne, Thibodaux CoC","elderly",36304200
"IL-516","Decatur/Macon County CoC","hud_disability",36250800
"NC-502","Durham City & County CoC","hud_esg",36229500
"NV-501","Reno, Sparks/Washoe County CoC","hud_esg",36131900
"CA-506","Salinas/Monterey, San Benito Counties CoC","hud_esg",36116700
"MN-506","Northwest Minnesota CoC","elderly",35826800
"MI-523","Eaton County CoC","hud_disability",35712900
"MI-508","Lansing, East Lansing/Ingham County CoC","hud_esg",35707200
"FL-512","St. Johns County CoC","coc",35511800
"VA-602","Loudoun County CoC","coc",35448700
"FL-514","Ocala/Marion County CoC","hud_esg",35426500
"IN-502","Indiana Balance of State CoC","grrp_elements",35387300
"CA-511","Stockton/San Joaquin County CoC","elderly",35330100
"MA-502","Lynn CoC","hud_disability",35179115.3696179
"NY-503","Albany City & County CoC","hud_disability",35141200
"MA-508","Lowell CoC","hud_disability",35084349.3860718
"MO-600","Springfield/Greene, Christian, Webster Counties CoC","hud_disability",34926700
"IL-512","Bloomington/Central Illinois CoC","hud_disability",34808700
"MA-509","Cambridge CoC","hud_disability",34728623.4418638
"VA-503","Virginia Beach CoC","hud_esg",34450300
"NJ-510","Lakewood Township/Ocean County CoC","hud_disability",34449500
"IA-502","Des Moines/Polk County CoC","hud_disability",34370700
"HI-500","Hawaii Balance of State CoC","hud_disability",34313600
"SC-503","Myrtle Beach, Sumter City & County CoC","hud_esg",34018300
"OK-500","North Central Oklahoma CoC","elderly",33814300
"PA-501","Harrisburg/Dauphin County CoC","hud_esg",33714700
"NY-520","Franklin, Essex Counties CoC","elderly",33697300
"LA-502","Shreveport, Bossier/Northwest Louisiana CoC","hud_esg",33571900
"NJ-509","Morris County CoC","hud_esg",33539000
"WI-503","Madison/Dane County CoC","hud_esg",33440200
"MA-507","Pittsfield/Berkshire, Franklin, Hampshire Counties CoC","hud_disability",33336600
"MN-503","Dakota, Anoka, Washington, Scott, Carver Counties CoC","hud_esg",33073700
"ND-500","North Dakota Statewide CoC","elderly",33068700
"NY-504","Cattaraugus County CoC","coc",33037200
"AK-500","Anchorage CoC","hud_esg",33030800
"WV-500","Wheeling, Weirton Area CoC","elderly",32991300
"NC-511","Fayetteville/Cumberland County CoC","elderly",32902900
"NY-511","Binghamton, Union Town/Broome, Otsego, Chenango, Delaware, Cortland, Tioga Counties CoC","hud_esg",32679800
"PA-503","Wilkes-Barre, Hazleton/Luzerne County CoC","hud_disability",32641100
"ME-500","Maine Balance of State CoC","hud_esg",32605400
"IL-507","Peoria, Pekin/Fulton, Tazewell, Peoria, Woodford Counties CoC","hud_esg",32576600
"NV-502","Nevada Balance of State CoC","hud_disability",32495800
"WI-502","Racine City & County CoC","hud_esg",32389800
"IL-500","McHenry County CoC","hud_disability",32176980.3636151
"KS-503","Topeka/Shawnee County CoC","hud_esg",32096300
"FL-506","Tallahassee/Leon County CoC","hud_esg",32055800
"MI-503","St. Clair Shores, Warren/Macomb County CoC","hud_esg",31998500
"CA-604","Bakersfield/Kern County CoC","hud_disability",31794200
"OR-506","Hillsboro, Beaverton/Washington County CoC","hud_esg",31770500
"OH-507","Ohio Balance of State CoC","hud_esg",31728000
"AL-503","Huntsville/North Alabama CoC","hud_disability",31713000
"VA-502","Roanoke City & County, Salem CoC","hud_esg",31636500
"SC-500","Charleston/Low Country CoC","hud_esg",31634800
"LA-503","New Orleans/Jefferson Parish CoC","hud_disability",31524700
"CA-614","San Luis Obispo County CoC","hud_esg",31315500
"MA-511","Quincy, Brockton, Weymouth, Plymouth City and County CoC","hud_hopwa",31225265.6831854
"MA-510","Gloucester, Haverhill, Salem/Essex County CoC","hud_esg",30983303.581539
"IA-500","Sioux City/Dakota, Woodbury Counties CoC","elderly",30949000
"CO-504","Colorado Springs/El Paso County CoC","hud_disability",30856100
"TX-601","Fort Worth, Arlington/Tarrant County CoC","grrp_elements",30758372.1956696
"CA-504","Santa Rosa, Petaluma/Sonoma County CoC","hud_esg",30655300
"MS-500","Jackson/Rankin, Madison Counties CoC","hud_esg",30627000
"VA-514","Fredericksburg/Spotsylvania, Stafford Counties CoC","hud_disability",30491700
"CA-600","Los Angeles City & County CoC","grrp_elements",30490567.0527102
"OK-503","Oklahoma Balance of State CoC","hud_esg",30478499.4450097
"NY-512","Troy/Rensselaer County CoC","hud_esg",30436100
"GA-504","Augusta-Richmond County CoC","hud_esg",30375500
"MD-509","Frederick City & County CoC","coc",30231900
"TN-502","Knoxville/Knox County CoC","hud_esg",30187600
"CA-612","Glendale CoC","hud_disability",30042193.9762289
"NY-520","Franklin, Essex Counties CoC","coc",29932200
"WI-502","Racine City & County CoC","hud_disability",29362900
"AL-504","Montgomery City & County CoC","hud_esg",29301500
"CA-612","Glendale CoC","hud_esg",29275745.8800227
"WV-501","Huntington/Cabell, Wayne Counties CoC","hud_esg",29262500
"MI-515","Monroe City & County CoC","coc",29193200
"AL-507","Alabama Balance of State CoC","hud_hopwa",29156676.48404
"OR-503","Central Oregon CoC","elderly",28963400
"FL-606","Naples/Collier County CoC","hud_disability",28867100
"OK-506","Southwest Oklahoma Regional CoC","elderly",28818200
"MI-502","Dearborn, Dearborn Heights, Westland/Wayne County CoC","hud_disability",28672986.0578764
"CA-516","Redding/Shasta, Siskiyou, Lassen, Plumas, Del Norte, Modoc, Sierra Counties CoC","hud_disability",28194200
"OH-504","Youngstown/Mahoning County CoC","hud_disability",27762300
"NC-502","Durham City & County CoC","elderly",27670200
"FL-601","Ft Lauderdale/Broward County CoC","hud_disability",27533800
"CA-525","El Dorado County CoC","coc",27318200
"MO-603","St. Joseph/Andrew, Buchanan, DeKalb Counties CoC","hud_disability",27295500
"MI-523","Eaton County CoC","hcv",27245300
"NE-502","Lincoln CoC","hud_esg",27038064.7369799
"LA-506","Slidell/Southeast Louisiana CoC","hud_disability",26847300
"OK-504","Norman/Cleveland County CoC","elderly",26821656.6268606
"NJ-516","Warren, Sussex, Hunterdon Counties CoC","hud_disability",26811300
"OK-507","Southeastern Oklahoma Regional CoC","coc",26726213.55859
"NE-500","Nebraska Balance of State CoC","hud_hopwa",26578022.4141303
"TX-603","El Paso City & County CoC","hud_disability",26558000
"NC-501","Asheville/Buncombe County CoC","hud_disability",26411000
"OK-504","Norman/Cleveland County CoC","hud_disability",26402253.0082629
"PA-512","York City & County CoC","elderly",26240800
"NE-502","Lincoln CoC","hud_disability",25897979.748564
"AL-504","Montgomery City & County CoC","hud_disability",25765500
"CA-521","Davis, Woodland/Yolo County CoC","hud_disability",25631700
"MI-511","Lenawee County CoC","coc",25564200
"WA-507","Yakima City & County CoC","elderly",25532600
"MA-505","New Bedford CoC","elderly",25084886.1595911
"ID-500","Boise/Ada County CoC","hud_disability",24748900
"TX-607","Texas Balance of State CoC","grrp_elements",24536893.899291
"TN-507","Jackson/West Tennessee CoC","hud_disability",24343400
"MN-511","Southwest Minnesota CoC","elderly",24294400
"AL-506","Tuscaloosa City & County CoC","elderly",23902600
"MD-503","Annapolis/Anne Arundel County CoC","elderly",23849500
"MA-515","Fall River CoC","elderly",23477666.1195095
"KY-502","Lexington-Fayette County CoC","hud_disability",23304700
"GA-506","Marietta/Cobb County CoC","hud_disability",23258100
"AL-507","Alabama Balance of State CoC","hud_disability",23216525.5062256
"CA-509","Mendocino County CoC","elderly",23176700
"ME-500","Maine Balance of State CoC","grrp_elements",23162300
"NJ-502","Burlington County CoC","elderly",23054800
"NY-522","Jefferson, Lewis, St. Lawrence Counties CoC","elderly",23051100
"MD-510","Garrett County CoC","coc",22976700
"FL-605","West Palm Beach/Palm Beach County CoC","hud_disability",22835600
"MD-512","Hagerstown/Washington County CoC","coc",22453200
"GA-507","Savannah/Chatham County CoC","hud_disability",22303000
"CA-504","Santa Rosa, Petaluma/Sonoma County CoC","hud_disability",22247800
"NH-502","Nashua/Hillsborough County CoC","hud_disability",21979177.3963571
"OK-502","Oklahoma City CoC","hud_disability",21934307.3429713
"NY-513","Wayne, Ontario, Seneca, Yates Counties CoC","hud_disability",21781800
"CA-525","El Dorado County CoC","hud_disability",21754500
"NH-502","Nashua/Hillsborough County CoC","hud_esg",21701452.8312277
"MI-509","Washtenaw County CoC","elderly",21339300
"FL-511","Pensacola/Escambia, Santa Rosa Counties CoC","hud_disability",20907900
"MN-506","Northwest Minnesota CoC","hud_disability",20893700
"CA-607","Pasadena CoC","hud_disability",20855638.8521605
"MN-504","Northeast Minnesota CoC","elderly",20368800
"CA-607","Pasadena CoC","hud_esg",20323561.7107224
"FL-602","Punta Gorda/Charlotte County CoC","hud_disability",20083300
"WY-500","Wyoming Statewide CoC","hud_disability",20017200
"MN-508","Moorhead/West Central Minnesota CoC","hud_disability",19886400
"MI-510","Saginaw City & County CoC","elderly",19125300
"MI-523","Eaton County CoC","elderly",18916700
"IL-513","Springfield/Sangamon County CoC","hud_disability",18689200
"KS-503","Topeka/Shawnee County CoC","hud_disability",18563600
"PA-511","Bristol, Bensalem/Bucks County CoC","hud_disability",18308600
"VT-500","Vermont Balance of State CoC","hud_disability",18240700
"MI-501","Detroit CoC","hud_disability",18075313.9421236
"GA-502","Fulton County CoC","hud_disability",17856237.8532581
"CA-517","Napa City & County CoC","hud_disability",17789200
"NY-604","Yonkers, Mount Vernon/Westchester County CoC","hud_disability",17606408.4892564
"PA-502","Upper Darby, Chester, Haverford/Delaware County CoC","hud_disability",17394200
"NJ-512","Salem County CoC","coc",17379200
"LA-508","Houma-Terrebonne, Thibodaux CoC","hud_disability",17369400
"FL-515","Panama City/Bay, Jackson Counties CoC","hud_disability",17280400
"NC-516","Northwest North Carolina CoC","elderly",17239200
"NY-601","Poughkeepsie/Dutchess County CoC","elderly",17180800
"NJ-502","Burlington County CoC","hud_disability",17049100
"NM-501","New Mexico Balance of State CoC","hud_esg",17041824.2954339
"IL-503","Champaign, Urbana, Rantoul/Champaign County CoC","hud_disability",16563500
"MA-505","New Bedford CoC","hud_esg",16252957.8371793
"MA-511","Quincy, Brockton, Weymouth, Plymouth City and County CoC","grrp_elements",16161688.4976954
"CA-527","Tehama County CoC","coc",16065600
"AR-503","Arkansas Balance of State CoC","coc",15929100
"MA-502","Lynn CoC","hud_hopwa",15564852.8638014
"OK-506","Southwest Oklahoma Regional CoC","coc",15397200
"MD-500","Cumberland/Allegany County CoC","coc",15253900
"AZ-500","Arizona Balance of State CoC","hud_esg",15234353.3669178
"MA-515","Fall River CoC","hud_esg",15211610.4943878
"OR-502","Medford, Ashland/Jackson County CoC","hud_disability",15144100
"NY-602","Newburgh, Middletown/Orange County CoC","hud_esg",14806000
"NJ-507","New Brunswick/Middlesex County CoC","hud_esg",14755100
"TX-604","Waco/McLennan County CoC","elderly",14742500
"FL-504","Daytona Beach, Daytona/Volusia, Flagler Counties CoC","hud_esg",14583300
"UT-504","Provo/Mountainland CoC","elderly",14577568.241527
"MI-513","Marquette, Alger Counties CoC","elderly",14484000
"MI-510","Saginaw City & County CoC","hud_disability",13812200
"GA-500","Atlanta CoC","hud_disability",13173320.4308743
"NY-516","Clinton County CoC","coc",13004600
"VA-504","Charlottesville CoC","hud_disability",12924100
"MO-503","St. Charles City & County, Lincoln, Warren Counties CoC","hud_disability",12856800
"FL-509","Fort Pierce/St. Lucie, Indian River, Martin Counties CoC","hud_disability",12675000
"MA-517","Somerville CoC","hud_esg",12643351.915655
"MD-503","Annapolis/Anne Arundel County CoC","hud_disability",12370400
"MA-519","Attleboro, Taunton/Bristol County CoC","hud_disability",12118555.8309364
"AL-507","Alabama Balance of State CoC","home",12056379.4663583
"FL-515","Panama City/Bay, Jackson Counties CoC","coc",11986500
"CA-518","Vallejo/Solano County CoC","hud_disability",11862200
"WY-500","Wyoming Statewide CoC","coc",11722900
"CA-509","Mendocino County CoC","hud_disability",11326400
"MA-508","Lowell CoC","hud_esg",11210408.0888104
"MA-509","Cambridge CoC","hud_esg",11096743.9316539
"IL-517","Aurora, Elgin/Kane County CoC","hud_hopwa",10964226.2385894
"NY-513","Wayne, Ontario, Seneca, Yates Counties CoC","elderly",10714500
"NC-516","Northwest North Carolina CoC","hud_disability",10367700
"NY-501","Elmira/Steuben, Allegany, Livingston, Chemung, Schuyler Counties CoC","hud_disability",10263400
"CA-614","San Luis Obispo County CoC","hud_disability",10229000
"CA-529","Lake County CoC","hud_disability",9769800
"IL-520","Southern Illinois CoC","hud_disability",9727200
"CA-529","Lake County CoC","coc",9718400
NA,NA,"hud_disability",9521200
"FL-508","Gainesville/Alachua, Putnam Counties CoC","hud_disability",9383000
"MA-506","Worcester City & County CoC","hud_disability",9233500
"CA-527","Tehama County CoC","elderly",9196700
"WA-507","Yakima City & County CoC","hud_disability",9131500
"OK-507","Southeastern Oklahoma Regional CoC","cdbg_entitlement",8918646.09465179
"PA-512","York City & County CoC","hud_disability",8686300
"MD-502","Harford County CoC","coc",8507700
"NH-501","Manchester CoC","hud_disability",8220722.60364294
"NH-501","Manchester CoC","hud_esg",8116847.16877229
"MI-509","Washtenaw County CoC","hud_disability",7763600
"IL-517","Aurora, Elgin/Kane County CoC","hud_esg",7553234.04244887
"MD-511","Mid-Shore Regional CoC","hud_disability",7532500
"NC-502","Durham City & County CoC","hud_disability",7503800
"NY-511","Binghamton, Union Town/Broome, Otsego, Chenango, Delaware, Cortland, Tioga Counties CoC","hud_disability",7480400
"TX-600","Dallas City & County, Irving CoC","grrp_elements",7254933.9050393
"NY-504","Cattaraugus County CoC","hud_disability",7033000
"CA-526","Tuolumne, Amador, Calaveras, Mariposa Counties CoC","hud_disability",6887400
"NC-506","Wilmington/Brunswick, New Hanover, Pender Counties CoC","hud_disability",6874500
"MA-511","Quincy, Brockton, Weymouth, Plymouth City and County CoC","hud_esg",6702963.33428818
"CA-603","Santa Maria/Santa Barbara County CoC","hud_disability",5663000
"AR-501","Fayetteville/Northwest Arkansas CoC","hud_disability",5569000
"PA-603","Beaver County CoC","hud_disability",5532900
"MD-507","Cecil County CoC","coc",5439300
"NE-500","Nebraska Balance of State CoC","hud_esg",5376735.26302008
NA,NA,"elderly",5083900
"OK-507","Southeastern Oklahoma Regional CoC","home",5051163.72859263
"IL-502","Waukegan, North Chicago/Lake County CoC","hud_hopwa",5009363.97319982
"CA-523","Colusa, Glenn, Trinity Counties CoC","coc",5000100
"CA-530","Alpine, Inyo, Mono Counties CoC","coc",5000100
"CA-524","Yuba City & County/Sutter County CoC","coc",5e+06
"CA-527","Tehama County CoC","hud_disability",4955500
"TX-607","Texas Balance of State CoC","hud_hopwa",4920389.97938097
"MA-502","Lynn CoC","hud_esg",4770887.06928598
"CA-519","Chico, Paradise/Butte County CoC","hud_disability",4709500
"IL-514","Dupage County CoC","hud_hopwa",4604749.91873097
"CT-505","Connecticut Balance of State CoC","hud_disability",4460717.32757927
"NC-511","Fayetteville/Cumberland County CoC","hud_disability",4348900
"CT-505","Connecticut Balance of State CoC","elderly",4104874.60667149
"NC-513","Chapel Hill/Orange County CoC","hud_disability",4104700
"MD-507","Cecil County CoC","hud_disability",4026700
"NV-502","Nevada Balance of State CoC","elderly",3868800
"MA-505","New Bedford CoC","hud_disability",3102926.26859
"TN-509","Appalachian Regional CoC","hud_disability",3089100
"MA-515","Fall River CoC","hud_disability",2904117.90047362
"AR-512","Boone, Baxter, Marion, Newton Counties CoC","hud_disability",2058500
"KS-505","Overland Park, Shawnee/Johnson County CoC","hud_disability",1871800
"IL-517","Aurora, Elgin/Kane County CoC","grrp_leading",1655349.56456866
"CA-606","Long Beach CoC","grrp_elements",1567359.29092273
"TX-611","Amarillo CoC","hud_disability",1067207.60168892
"IL-502","Waukegan, North Chicago/Lake County CoC","grrp_leading",876775.942956344
"MI-508","Lansing, East Lansing/Ingham County CoC","hud_disability",682348.378535829
"CA-612","Glendale CoC","grrp_elements",652559.380112965
"NY-518","Utica, Rome/Oneida, Madison Counties CoC","hud_disability",504434.03348123
"CA-607","Pasadena CoC","grrp_elements",453014.27625407
"IL-517","Aurora, Elgin/Kane County CoC","grrp_elements",444986.442088348
"NY-523","Glens Falls, Saratoga Springs/Saratoga, Washington, Warren, Hamilton Counties CoC","elderly",241100
"IL-502","Waukegan, North Chicago/Lake County CoC","grrp_elements",235692.457783964
"NY-518","Utica, Rome/Oneida, Madison Counties CoC","elderly",224700
"MI-518","Livingston County CoC","elderly",152200
"GA-508","DeKalb County CoC","hud_disability",73441.7158676174
"AL-506","Tuscaloosa City & County CoC","hud_disability",70800
"PR-502","Puerto Rico Balance of Commonwealth CoC","cdbg_entitlement",0
"PR-502","Puerto Rico Balance of Commonwealth CoC","coc",0
"PR-502","Puerto Rico Balance of Commonwealth CoC","elderly",0
"PR-502","Puerto Rico Balance of Commonwealth CoC","hcv",0
"PR-502","Puerto Rico Balance of Commonwealth CoC","home",0
"PR-502","Puerto Rico Balance of Commonwealth CoC","hud_disability",0
"PR-502","Puerto Rico Balance of Commonwealth CoC","hud_esg",0
"PR-502","Puerto Rico Balance of Commonwealth CoC","hud_hopwa",0
"PR-503","South-Southeast Puerto Rico CoC","cdbg_entitlement",0
"PR-503","South-Southeast Puerto Rico CoC","coc",0
"PR-503","South-Southeast Puerto Rico CoC","elderly",0
"PR-503","South-Southeast Puerto Rico CoC","hcv",0
"PR-503","South-Southeast Puerto Rico CoC","home",0
"PR-503","South-Southeast Puerto Rico CoC","hud_disability",0
"PR-503","South-Southeast Puerto Rico CoC","hud_esg",0
"NJ-516","Warren, Sussex, Hunterdon Counties CoC","elderly",-204364000
