ST_1,STATE_NAME,Shape_Length,COCNUM,COCNAME,Shape_Area,coc_name,CoC Category,Count Types,fips_state,Overall Homeless,Overall Homeless - Under 18,Overall Homeless - Age 18 to 24,Overall Homeless - Age 25 to 34,Overall Homeless - Age 35 to 44,Overall Homeless - Age 45 to 54,Overall Homeless - Age 55 to 64,Overall Homeless - Over 64,Overall Homeless - Woman,Overall Homeless - Man,Overall Homeless - Transgender,Overall Homeless - Non Binary,Overall Homeless - More Than One Gender,Overall Homeless - Gender Questioning,Overall Homeless - Culturally Specific Identity,Overall Homeless - Different Identity,Overall Homeless - Non-Hispanic/Latina/e/o,Overall Homeless - Hispanic/Latina/e/o,Overall Homeless - Asian or Asian American,"Overall Homeless - Black, African American, or African",Overall Homeless - Middle Eastern or North African,Overall Homeless - White,Overall Homeless - Native Hawaiian or Other Pacific Islander,Overall Homeless Veterans,Overall Chronically Homeless,Overall Homeless People in Families,Overall Homeless Individuals,Overall Homeless Unaccompanied Youth (Under 25),Overall Homeless Parenting Youth (Under 25),Sheltered Total Homeless,Sheltered ES Homeless,Sheltered TH Homeless,Sheltered SH Homeless,Unsheltered Homeless,"Total Year-Round Beds (ES, TH, SH)",Total Year-Round Beds (ES)...6,Total Year-Round Beds (TH)...7,Total Year-Round Beds (SH)...8,Total Year-Round Beds (OPH),Total Year-Round Beds (PSH),Total Year-Round Beds (RRH),total_population,AWATER,ALAND,disadvantaged_county,persistent_poverty_county,percent_rural,percent_urban,percent_poc,poverty_rate,pop_density,med_hh_income,employment_access_index,housing_cost_burden,overcrowded_housing,vacancy_rate,incomplete_plumbing,incomplete_kitchen,housing_units,permits,capacity_housing,age_under_18,age_over_64,coc,cdbg_entitlement,elderly,grrp_comp,grrp_elements,grrp_leading,hcv,home,hud_202,hud_disability,hud_esg,hud_hcv,hud_hopwa,hud_pbs8,hud_ph,public_hsg,public_hsg_cap,s8_project,funding_tot,Shape
AK,Alaska,5.045844885578248,AK-500,Anchorage CoC,0.7487536776307012,Anchorage CoC,Other Largely Urban CoC,Sheltered and Unsheltered Count,02,1709,241,169,305,407,254,241,92,649,1047,6,1,2,1,0,3,1612,97,28,169,0,463,125,70,384,388,1321,141,8,1363,1107,256,0,346,921,617,304,0,288,723,268,292090,621079537,4420814008,0,0,0.9359199179999999,0.957307715,0.432616659,0.08848853,6.60715423610737e-5,84813,22028,0.456706282,0.004907918,0.09571995,0.011784298,0.008360596,0.404988189,0.00266685,0.001547468,0.242760793,0.110845972,7236937,3767125,2175033,0,0,0,110000000,1552291,6.12825e-4,596528,330308,0.008428909,924965,0.001595399,0.001660447,20591074,7004695,10722774,54901730,"list(c(-149.034077324809, -149.037741000047, -148.745617999671, -148.738362999653, -148.472065000399, -148.462471000436, -149.180061999961, -149.240441447914, -149.72170088219, -149.929754032822, -150.075428080342, -149.736851175242, -149.498596186765, -149.331598094776, -149.195467144693, -149.034077324809, 60.8407776141956, 60.7329869997503, 60.7330069997733, 60.8485460002977, 60.8485199999981, 61.4262669996224, 61.4262499997378, 61.477007118184, 61.3723723920723, 61.2068364106719, 61.1562673701431, 
61.0164103624483, 60.9825993356908, 60.9311892069164, 60.945256175732, 60.8407776141956))"
AK,Alaska,845.789800522491,AK-501,Alaska Balance of State CoC,278.73110535843125,Alaska Balance of State CoC,Largely Rural CoC,Sheltered and Unsheltered Count,02,28333,5858,1711,5510,6293,3944,3683,1334,12905,15167,87,116,58,0,0,0,26680,1653,319,899,174,8816,116,1044,7743,8091,20242,1624,58,24476,18415,6061,0,3857,32422,23809,8613,0,2494,11861,3335,444900,244756652020,1474522847639,0.4827586206896552,0.10344827586206896,0.9964181784084514,0.4481066754764374,0.3835648461494583,0.1128755202195055,3.017247245184244e-7,67937.10344827586,899.8275862068965,0.3345172441724138,0.010475895333907507,0.2592701808336098,0.15366275228944032,0.1269165578517667,0.4497122949838435,NA,0.0028545738745785567,0.2527556754834929,0.12418970568565296,668896,0,1488421,0,0,0,1708344,0,0.001145587,2837540,0,0.067024616,0,0.026520441,0.039347346,0,0,6792821,11787678,"list(list(c(-160.68569301632, -161.043168214641, -161.06468428685, -160.865488194824, -160.68569301632, 58.8031998745746, 58.6990949318857, 58.5539619371937, 58.5747368088567, 58.8031998745746)), list(c(-158.109110651735, -158.250542565687, -158.456255742409, -158.638086765692, -158.689892859668, -158.653046897097, -158.783569884443, -158.950468880135, -159.237855974174, -159.324400992911, -159.828030063037, -159.938317187388, -160.144065272195, -160.392657353354, -160.488689495724, -160.568337408644, 
-160.548039544589, -160.238760498598, -160.286732608223, -160.476954540919, -160.532562445101, -160.771518443421, -160.787026567722, -161.076364516109, -161.394086572837, -161.807813666368, -162.246952798633, -162.483668905895, -162.483386823643, -162.649890916233, -162.801072992924, -162.867534081932, -163.148969018405, -163.30002707409, -163.295200187838, -163.378772188186, -163.238330257835, -163.065583204701, -163.050448183937, -163.226294073313, -163.168436087855, -163.001531062209, -162.919922207244, 
-162.834227121584, -162.615141106077, -162.63037797956, -162.718029075382, -162.66194091704, -162.513101988866, -162.471346020203, -162.267738013399, -162.139664905211, -162.059982945756, -161.686476801363, -161.713396823305, -161.587027672289, -161.416216776783, -161.393295687446, -161.47144872298, -161.507637798246, -161.346061768336, -161.234201754008, -160.997315714449, -160.849126731713, -160.781382777793, -160.536634766881, -160.392568555195, -160.131309647122, -160.018397463772, -160.010302441205, 
-159.847340511955, -159.811054522148, -159.618158390597, -159.692181482989, -159.545095484569, -159.470197415678, -159.33609633258, -159.090322421842, -158.915858401044, -158.860990354721, -158.729548283626, -158.604664318903, -158.551177241836, -158.418874253344, -158.368010263962, -158.217800098995, -158.504248118256, -158.328778034878, -158.127421043746, -157.853345009565, -157.842861916444, -157.909551890108, -157.730326938437, -157.666872911656, -157.545964849698, -157.468357821356, -157.384303842848, 
-157.199778841021, -157.052121844148, -156.885475661373, -156.661216744557, -156.441044654687, -156.340402550637, -156.535138474761, -156.335003539981, -155.915016451848, -155.73431634942, -155.735285370723, -155.595109338425, -155.618741226726, -155.379117218285, -155.292658291647, -155.327936195399, -155.09897117488, -155.022444020975, -154.568606064318, -154.449192044277, -154.21624094966, -154.142672005908, -154.150352914056, -154.056505768127, -153.934829738202, -153.897203766641, -153.677576761259, 
-153.402451558193, -153.31803649289, -153.398457501712, -153.624705476077, -153.704140380974, -153.845336453115, -154.195249414229, -154.214700367828, -154.141170368318, -154.087782267038, -153.699004170206, -153.771060099044, -153.585388145946, -153.464534040613, -153.214135130632, -153.048701037923, -152.994444017977, -153.228591917783, -153.002498832755, -152.861061938358, -152.706409920182, -152.569098716932, -152.765678664938, -152.556733760055, -152.391986591108, -152.301928628903, -152.309198563963, 
-152.101461359554, -152.041755323949, -151.848592383332, -151.703780300021, -151.800242160947, -151.480278186989, -151.166583136103, -151.024882064955, -150.551706857785, -150.484368886615, -149.928319953203, -149.878718864684, -149.623140773428, -149.255486523884, -149.240446417568, -149.24044552634, -149.240443666542, -149.240442809488, -149.240442141292, -149.240441447914, -149.180061999961, -148.462471000436, -148.472065000399, -148.738362999653, -148.745617999671, -149.037741000047, -149.034077324809, 
-149.119956147358, -149.644832161275, -149.775557160634, -150.070468098024, -150.262073072914, -150.401836026811, -150.705790158189, -151.062536320195, -151.212163315285, -151.409247301821, -151.264432496263, -151.298922497675, -151.381582550394, -151.421637732895, -151.702261809135, -151.869445962761, -151.640739941595, -151.493855025289, -151.063728993898, -151.102504030137, -151.247319039842, -151.423579126376, -151.485603190635, -151.645033144964, -151.886491229886, -151.963109274673, -151.887873227967, 
-151.748730347627, -151.437673201657, -151.163387307978, -150.897786169096, -150.877426233834, -150.741811186137, -150.601142112219, -150.354825136871, -150.256036166836, -150.089507928348, -149.958634955439, -149.83552777139, -149.566516856568, -149.392834843054, -149.249725762734, -149.101839825448, -148.743095809624, -148.599147853391, -148.429120842952, -148.394866687847, -148.135227690805, -148.27585157469, -148.002716440911, -147.963771442698, -148.081551423359, -148.192712289441, -148.264007219158, 
-148.504112231794, -148.309825126928, -148.164575006331, -147.988935067999, -147.880242244684, -147.675642238898, -147.6217031239, -147.473525063431, -147.4518042048, -147.135705210327, -147.087933162985, -146.879364202596, -146.642940092611, -146.319801101739, -146.248698020797, -146.61768207177, -146.736384140815, -146.673765162432, -146.415227256633, -146.269760361651, -145.850442442864, -145.67308242971, -145.802859528345, -145.751500437895, -145.559419457242, -145.326889498052, -145.161074487597, 
-145.016854563787, -144.854818617885, -144.948796637655, -144.667896585559, -144.604122697804, -144.499482690873, -144.255535658444, -143.889349794058, -143.49287589091, -142.905161866927, -142.538400767381, -141.99211393521, -141.671816031285, -141.359974873442, -141.275511991185, -141.443454972069, -141.082662079391, -140.900894199308, -140.315572149835, -139.856374224791, -139.647736171287, -139.594870211891, -139.481957282103, -139.643219299331, -139.807187399079, -139.589341337333, -139.341305488657, 
-139.245730559817, -138.87718851214, -138.661533619781, -138.145987825678, -137.932902883661, -137.928129980114, -137.68651993135, -137.607592130772, -137.107805147889, -137.015045143818, -136.732235286929, -136.572994381785, -136.353984285247, -136.263803401905, -136.035721388831, -136.171026248662, -136.201166158292, -136.395058022809, -136.627213952162, -136.674731024617, -136.922945900433, -136.87525491798, -136.675017977598, -136.528106950375, -136.492460035902, -136.249816057265, -136.087718058142, 
-135.970537113197, -135.846043288767, -135.9184492931, -135.620579389227, -135.477197382653, -135.277320499342, -135.120577471973, -135.047695466373, -135.16423636022, -135.156133314801, -135.24649211372, -135.376611015886, -135.374634005655, -135.480211919145, -135.273160892061, -135.18570109373, -135.129870163977, -135.064625104065, -134.929298271998, -134.965452263811, -134.788497345776, -134.761365414782, -134.512372507585, -134.212857579114, -134.084345645835, -134.048706740723, -133.889535746178, 
-133.720696873262, -133.633410814957, -133.532014912658, -133.558227880412, -133.673970905633, -133.51069199414, -133.524631986777, -133.451338105169, -133.523985117919, -133.457667217168, -133.288360287597, -133.157895331704, -133.00545730591, -132.775291394582, -132.560946522164, -132.543123471871, -132.352197595742, -132.081255610758, -131.896033665821, -131.876344523181, -132.127571435373, -132.053673362236, -132.37377839126, -132.255074367988, -132.371273201997, -132.562705108654, -132.873809946572, 
-133.081094873829, -133.181701740643, -133.467111525876, -133.385611584207, -133.705675423382, -133.844537312347, -134.258072000422, -134.407146999734, -134.381879000016, -134.482778370425, -134.67911699975, -134.700718000335, -134.95990399987, -135.101019999973, -135.028899999835, -135.252765000105, -135.479162000226, -135.952645000366, -136.192904000319, -136.298190677358, -136.471104007944, -136.463310768177, -136.578260889928, -136.825388453015, -137.263157917804, -137.446164880205, -137.607354000187, 
-138.626199000284, -138.713938230565, -139.053673000209, -139.215361986766, -139.089662867547, -139.69298199962, -139.981093000242, -140.459951870582, -140.520427000106, -141.001832999593, -141.001931301788, -141.002052828975, -141.002122148718, -141.002183586803, -141.002229885701, -141.002340871934, -141.002474968045, -141.00260895444, -141.002661162782, -141.002661885837, -141.002495438414, -141.470877263575, -141.693763151248, -142.232957069113, -142.375174882615, -142.849362621188, -143.225182501771, 
-143.88864859086, -144.010483603835, -144.40203161167, -144.629494786855, -145.252137711086, -145.859037366181, -146.089407345373, -146.270346380581, -146.857290377149, -146.986747391779, -147.251879276108, -147.787630252834, -147.791766157582, -148.112179002059, -148.501326103317, -148.598612063396, -148.96236500624, -149.167515917825, -149.374493933448, -149.871857861251, -150.044732001181, -150.43584803316, -150.427897796046, -150.794799831947, -151.104506083789, -151.563800044736, -151.877980958854, 
-151.735557769875, -151.975241767593, -152.524847920095, -152.418876718686, -152.470332658026, -152.267331434598, -152.593088222443, -153.240209187304, -153.503941273271, -153.885999373172, -154.164106615728, -154.353168509319, -154.563728476988, -154.643152413753, -154.611767233571, -154.863835073929, -155.113769068588, -155.507580378632, -155.489855601755, -156.008730588046, -155.987770442552, -155.71689040287, -155.50953815686, -155.563608947895, -155.953920958086, -156.17608282766, -156.341621848769, 
-156.638355772201, -156.812203989423, -157.239612372113, -157.49908256281, -158.008694818011, -158.379454976966, -158.916849036654, -158.994052082338, -159.660320110884, -160.059515482154, -159.909932454919, -159.729960603699, -159.978042709903, -159.901270413399, -160.216654620414, -160.836528059922, -161.31545929511, -161.536585223929, -161.924161162807, -162.33529466102, -162.600288951774, -162.909310178322, -162.926855297634, -163.110235463396, -163.025432602333, -163.094385733415, -163.630395301202, 
-163.965941464027, -164.252382610669, -164.604607647825, -165.343683926772, -165.795773015912, -166.222448100399, -166.196510102159, -166.233201467674, -166.351506722557, -166.547793728997, -166.24596085461, -165.992143899421, -165.634733961303, -165.375958966333, -164.804325098425, -164.686538026609, -164.523252128283, -164.141386130765, -163.874754337343, -163.754818553134, -163.738163744661, -163.57419066177, -162.970975770116, -162.687679725339, -162.447442653556, -161.811935578564, -161.546575521843, 
-161.792892747203, -161.882333919275, -161.493687088388, -161.297510018672, -161.141648977119, -160.821150890401, -160.653049871654, -160.335916940115, -160.184751899281, -160.224603014817, -160.543477200213, -160.792004190241, -161.075226038251, -161.242202089655, -161.580591186634, -161.918311190709, -162.068597964424, -162.010792872593, -162.284118765169, -162.599148788586, -162.503592063823, -162.174625002941, -162.097483103962, -161.87176419716, -161.921779355133, -161.532630182737, -161.101623295978, 
-161.064817294782, -161.196899360317, -161.348758272176, -161.558388471251, -161.827151601265, -161.987863619211, -162.39186665822, -162.632196707312, -162.763486623909, -163.092976750277, -163.495818787007, -163.635733943067, -163.847375891384, -163.925907697982, -163.830051728305, -163.873080583902, -163.761941514689, -163.754144430321, -163.985530399708, -164.409904513882, -164.66250052428, -164.988277626911, -165.387147836603, -165.696297835277, -165.877488099696, -165.568763128715, -165.771186232858, 
-166.067812146813, -166.232747089706, -166.659580398217, -166.88662248474, -167.153770568157, -167.325990577203, -167.535576690612, -167.585737888593, -167.793248930594, -168.075176066922, -167.723852140564, -167.3984331102, -166.611257025092, -166.369995049932, -166.151180987612, -166.037710953897, -166.027863069025, -165.911390073093, -165.431733933075, -165.655034088952, -165.818814138662, -165.967742095221, -166.035814994167, -166.042088975026, -166.200805090682, -166.395502005813, -166.696429277289, 
-166.636818443916, -166.42161944668, -166.407279423007, -166.483776515274, -166.392378586602, -166.236914667678, -165.335873614276, -165.001937530193, -164.841893436933, -164.339682330575, -163.97432830131, -163.597809276077, -163.253002251852, -163.043411343259, -163.361110271222, -163.18993813064, -162.84889326731, -162.805360344404, -162.63044833892, -162.53997113436, -162.234452046824, -162.09754199157, -161.913500959002, -161.699112805811, -161.413467844266, -161.149630712987, -160.871824770297, 
-160.783372817402, -160.802023829436, -161.024160020668, -161.469021027398, -160.976013182662, -160.951617365249, -160.81077445058, -160.765535689121, -161.142773945361, -161.521428008796, -162.025514163848, -162.292695143566, -162.426072152808, -162.667891204915, -163.040477422895, -163.277498499256, -163.689852542061, -163.62856149092, -163.689615425012, -164.036541444432, -164.418951602834, -164.545360532662, -164.371703714555, -164.673205731959, -164.788188797675, -164.823491933706, -164.497551874819, 
-164.534892863815, -164.856969183381, -165.04602317463, -165.269248259599, -165.6755825428, -165.756784566954, -165.600075695837, -166.09205877839, -165.903761842735, -166.134916888703, -166.077693964905, -165.807708963798, -165.747929967094, -165.871718996435, -165.858971130713, -165.627116153188, -165.589449243588, -165.343421146669, -165.307954082215, -165.076690161622, -165.19494226927, -165.141810178897, -164.950034162846, -164.631676133447, -164.533548202887, -164.086175085712, -164.124548048554, 
-163.977472005629, -163.968975155179, -163.775717117551, -163.560716149231, -163.544433146572, -163.414805258056, -163.633131350032, -163.792668297604, -163.780595151845, -164.031653281973, -164.11366221384, -164.260887293314, -164.528788573334, -164.658946571727, -164.634341580999, -164.51762572135, -164.386341671031, -164.092386660816, -164.176798833, -164.086207833625, -163.904229808958, -163.467609694832, -163.1269576176, -162.884137665921, -162.516960620936, -162.461895490884, -162.456713468652, 
-162.58056845517, -162.579207399602, -162.385935281288, -162.234850054386, -162.068542026593, -162.216706120591, -162.321541258822, -162.465202344812, -162.337222427073, -162.192164327921, -162.21079042244, -161.947256595615, -161.870729594595, -161.704026711364, -161.942790921164, -161.978977907305, -161.586658900788, -161.793259078843, -161.753040120805, -161.692375119216, -161.863004194288, -161.92487533333, -161.541660300582, -161.359965197236, -161.288667131583, -161.166929079014, -160.956144108164, 
-160.783170954676, -160.676483973856, -160.380776908927, -160.277573808185, -160.244602928982, -160.008364924701, -159.89867992344, -159.643249881277, -159.63403495365, -159.385301931639, -159.047923139341, -158.795954124583, -158.741311025683, -158.855493989756, -158.770866860717, -158.769180890885, -158.615346836687, -158.504232781218, -158.564378875784, -158.351101978873, -158.334329897007, -158.141907944696, -157.550633769133, -157.301281744657, -157.116368751916, -157.008222728996, -157.068023882296, 
-157.483683008264, -157.555969051131, -157.425064063256, -157.577545152187, -157.671855386917, -157.692091520607, -157.933090517813, -158.109110651735, 57.353666409777, 57.3142854067462, 57.1963283891439, 57.0568694150915, 56.9740594615749, 56.8088513622006, 56.7807493217239, 56.8387794473137, 56.7302414953488, 56.6703565108443, 56.543935505819, 56.4741915639896, 56.4010305005572, 56.2376726591659, 56.0772146358468, 56.0040625809234, 55.9436606238388, 55.8351296047475, 55.7648305878614, 55.7937195603095, 
55.8698906456368, 55.8859845532446, 55.7267825590679, 55.9420795752123, 55.9632907520666, 55.8919536936081, 55.6800127422943, 55.4952368458038, 55.386973793206, 55.3641518082594, 55.3059428911516, 55.1823357541917, 55.178828906329, 55.1326129658158, 54.9984818156833, 54.8609278620312, 54.8358128702678, 54.9261717582201, 54.9690718677725, 55.0426947870349, 55.1290609342148, 55.0800438861165, 54.9504568699886, 54.9268508066195, 54.9878407233708, 55.1850948328603, 55.2198008568241, 55.294295869359, 
55.2523738255916, 55.0519327283128, 55.0215527167845, 55.113338800945, 55.0736916813261, 55.4080407412872, 55.4979386889194, 55.6200596269503, 55.6323246808394, 55.5632867104134, 55.478587599638, 55.3627866337962, 55.3857826087804, 55.3559036914023, 55.440264658887, 55.5239156367973, 55.4517795918547, 55.4749385150005, 55.602771552765, 55.6638824688009, 55.7182875009674, 55.7970864862524, 55.8025294746556, 55.8565694881914, 55.812994444638, 55.6553523587244, 55.6465164269916, 55.8289114645925, 55.8780783919043, 
55.9229383283412, 55.9263213413569, 55.9872813601467, 56.0028532418837, 56.1267023837081, 56.0216772861779, 56.0182252007325, 56.2183223136239, 56.2696692182599, 56.3536583781317, 56.4842082372204, 56.460804226334, 56.5075472990687, 56.5907273011241, 56.6728952951818, 56.6986263108556, 56.6339852302343, 56.6966572317459, 56.84379119191, 56.8696412238634, 56.7754051903973, 56.8853980970446, 56.9669290941025, 57.0013001268994, 57.095357096353, 57.1747560922199, 57.326782049552, 57.4187150343714, 57.5350160160763, 
57.5467839993821, 57.6306850346867, 57.6603439626039, 57.7876100920322, 57.7152889989882, 57.7435650357978, 57.8410219605951, 57.8840468897522, 58.0256759962503, 58.0257859041962, 58.0932168220987, 58.1428468705867, 58.2147087877804, 58.3575799083861, 58.4892218538056, 58.4944138063522, 58.6061257410102, 58.6116018118742, 58.7426067683877, 58.8868407162261, 58.9660557188964, 59.0129357529827, 59.0757787668766, 59.052948759078, 59.0694909499475, 59.1516448956954, 59.2165978351221, 59.36796690335, 
59.4636027936341, 59.5360089346647, 59.5514758430358, 59.6517117449011, 59.6342707023311, 59.6953517096138, 59.7912597536348, 59.8533528453576, 59.8867257278101, 59.8750056639803, 59.9152836921887, 60.0717477768385, 60.19521672757, 60.2242167851766, 60.3021066808787, 60.4143267064125, 60.5063827328769, 60.591723626844, 60.6626836697156, 60.7339756262742, 60.7323745893159, 60.8536715666895, 61.0109016138185, 61.0464034838338, 61.1783905611755, 61.2935964411229, 61.2472614681423, 61.2604104476841, 
61.3850264252294, 61.492408281617, 61.4840251738228, 61.4825062476652, 61.4792801204812, 61.4782436392326, 61.4777657251082, 61.4773938392543, 61.477007118184, 61.4262499997378, 61.4262669996224, 60.8485199999981, 60.8485460002977, 60.7330069997733, 60.7329869997503, 60.8407776141956, 60.8781621780421, 60.9169442649659, 60.9664623883286, 60.9137003545878, 60.9478384620754, 61.0362265019515, 60.9377905401014, 60.7874275245607, 60.7803415719061, 60.7205565569396, 60.5433935735546, 60.3879294585777, 
60.3587274788901, 60.2129944664215, 60.0328025106274, 59.7691586022877, 59.6482766071798, 59.6325295222197, 59.7931454323159, 59.703663502069, 59.5640885343584, 59.5446464165989, 59.475457535437, 59.4857955382336, 59.4210314924095, 59.344952521042, 59.2506055247252, 59.159464556644, 59.2539884918755, 59.2026355069232, 59.2556474172945, 59.3181203718577, 59.4171483646054, 59.4256563288765, 59.5360104005596, 59.4840213170302, 59.6511832223279, 59.6856052448862, 59.8865823219167, 59.9329932876102, 60.0030962280086, 
59.9511641309199, 59.9909400784219, 59.9827500982385, 59.9508870803745, 59.9691590650389, 60.1066871128201, 60.1645289734334, 60.2492690618178, 60.4431770179051, 60.5027479537551, 60.5914919938605, 60.6098890436445, 60.7011510083124, 60.7684420879321, 60.8377350737147, 61.042664121652, 60.9696240107396, 60.827148993831, 60.8904840151253, 60.9671630141618, 60.9577200337526, 60.8942170029124, 60.9462469678234, 61.0009628821314, 60.9651328360116, 61.1079918796216, 61.1363048138161, 61.0864977193943, 
61.082351758427, 60.9387969003567, 60.8625268689199, 60.6939138067768, 60.6509897716607, 60.6131516967934, 60.6328866392071, 60.5214647062313, 60.4748267156804, 60.4460555733061, 60.3362996119376, 60.4233215843237, 60.4498314641508, 60.4204474320034, 60.2910095369606, 60.2828605181984, 60.1824694859781, 60.2054684736912, 60.1816593119278, 59.9910423682108, 60.0432772310594, 60.0886462080561, 60.0818090411544, 60.0218410591177, 59.948836027161, 60.0259378415582, 59.9303869533952, 59.8772658878106, 
59.798544901626, 59.7350167752041, 59.6951417682781, 59.8152197173162, 59.9008616242646, 59.7809116208746, 59.7058386257521, 59.5867086358949, 59.5422225809074, 59.4365765446719, 59.3512375869452, 59.3456615177649, 59.2339015557123, 59.1408003866286, 59.0283663359377, 58.8684952650445, 58.7800763289595, 58.6645492678345, 58.6005972972275, 58.3952661902825, 58.4092551132329, 58.2877050666356, 58.2779231317472, 58.3292980997276, 58.314632072712, 58.3819381188492, 58.5106291080469, 58.6126620936807, 
58.719397027251, 58.7746720590683, 58.8575951742779, 58.8999071640844, 58.9645851618758, 58.8964221337745, 58.972609061559, 58.8397401431931, 58.7546570758634, 58.8174769843754, 58.7113539540218, 58.4783059340717, 58.3810810181745, 58.4288989462294, 58.3765608735855, 58.2335538501301, 58.2223428880139, 58.3103839118881, 58.5637219645971, 58.6276689070945, 58.7924808865837, 58.9251579453829, 59.1032399882349, 59.1882090458109, 59.2001839397371, 59.0480309819443, 58.8282548878528, 58.7651419523393, 
58.7757988079687, 58.647601906303, 58.4825308501187, 58.3836567700439, 58.3550007795624, 58.2031096953562, 58.1781076908173, 58.0616278096757, 57.9710957293845, 57.7998826930319, 57.7911856615891, 57.9119425798862, 57.7761297047222, 57.6299096715941, 57.5451326480533, 57.4887396690006, 57.3526135635652, 57.2510116427732, 57.1466266889706, 57.1065276177554, 57.1138826682506, 57.0429165810355, 56.8352554511782, 56.7546774252231, 56.699226431155, 56.6635685449525, 56.7143073792822, 56.6434923808687, 
56.799570659958, 56.8704654516193, 57.0456713744344, 57.0915644673264, 57.2109684005713, 57.3444674388213, 57.500467422034, 57.840733565102, 57.9983706660734, 58.1491746551862, 58.3856796097263, 58.4284815960489, 58.6084506728603, 58.7294877506592, 58.8610370002574, 58.9792099999416, 59.0387629997127, 59.1308846775859, 59.1922740003449, 59.2490099997117, 59.2809270002809, 59.4275309998558, 59.5636600002089, 59.6982790001758, 59.7980409997924, 59.6621660003607, 59.640027000146, 59.4682170630671, 59.4648894267057, 
59.2875111483209, 59.1675192221344, 59.1600426264661, 59.0036973188762, 58.9103182619783, 59.2438029997087, 59.768580000067, 59.9076476089501, 59.9948359999815, 60.0919245291937, 60.352111864471, 60.3352250003335, 60.1819649995851, 60.305619852774, 60.2198189996471, 60.3058940003079, 61.1011678913852, 61.7802969833192, 62.4996720372348, 63.2106230093445, 64.1793781142086, 65.2387911370014, 66.007557104277, 66.968500189732, 67.6169422748662, 68.6098182231325, 69.6466572787105, 69.6978894649269, 69.7720875177248, 
69.8470074976979, 69.9181405620374, 70.0504896021135, 70.1077507677838, 70.0793168963577, 70.0488638994494, 70.0330769637309, 69.9707770360314, 69.998835085271, 70.1689872246807, 70.1454763185773, 70.1792522402987, 70.1862283488593, 70.1497415080642, 70.1870375363533, 70.2172265777444, 70.2718285128756, 70.3415736993668, 70.3191177960495, 70.4035867829037, 70.4242959006353, 70.4894487854332, 70.4831328512002, 70.5174859587101, 70.4499159957267, 70.4042850911841, 70.4999820472337, 70.4953151251929, 
70.4139322446774, 70.4385893439231, 70.4313133888019, 70.5347803929009, 70.5652264380497, 70.5420274689926, 70.6106265127034, 70.6856114210303, 70.8358034745507, 70.8863125986476, 70.9252466494134, 70.8845456187854, 70.8865327922546, 70.7701178088898, 70.8368929321632, 70.8252578353809, 70.909439844973, 71.0237168448566, 71.0979088892839, 71.0741920717068, 70.9409810917041, 70.8278140449822, 70.8345661755886, 70.9632252253639, 70.9813121673227, 71.0799231354444, 71.1641860345579, 71.185740205646, 
71.2563561634063, 71.2598642514341, 71.3402402365977, 71.286536365361, 71.0524174084367, 70.9489253537221, 70.8348364704268, 70.8020875439051, 70.8008036888392, 70.7673487189683, 70.7855287596446, 70.6276649431827, 70.6137129149191, 70.486664871087, 70.4702128669303, 70.5861328256694, 70.5549439540004, 70.3429890128327, 70.2440341223769, 70.2376321122322, 70.2921281521925, 70.0403851667421, 69.9131772513292, 69.8004332861673, 69.6948223801488, 69.5846673581121, 69.544765349941, 69.3821913594438, 
69.099795309406, 68.986045344617, 68.9262675332201, 68.9234065280888, 68.8586897029675, 68.8563827773434, 68.872249750026, 68.7728917969189, 68.5755497795987, 68.4076367443403, 68.3205517627537, 68.2461227109944, 68.1355146689668, 68.0948076794309, 68.0341024907374, 67.8293494769968, 67.8233624122456, 67.7215124098699, 67.6370833178409, 67.4187602655738, 67.2581751833381, 67.1285582575576, 67.0940211946225, 67.0221431166116, 67.0393009401863, 66.9860190182632, 67.0478097785984, 66.9884757898259, 
66.8787827468263, 66.7161617946311, 66.5270987139345, 66.520784713244, 66.6382787643536, 66.6542806551282, 66.5896726479744, 66.6058115927309, 66.4832784504402, 66.3912525125934, 66.3636385512782, 66.3697536668982, 66.4915997289444, 66.52093078203, 66.4405547402092, 66.5541137807265, 66.6411307960495, 66.7532988479635, 66.9259929292303, 66.8969760102348, 66.7366329472528, 66.6843628615568, 66.6058058784386, 66.4903528486051, 66.3476697663467, 66.39910069644, 66.3311826445635, 66.2378526861526, 66.215620697837, 
66.2653116484139, 66.2385356960656, 65.9993306970541, 66.0712327671785, 66.0287258322314, 66.0368798602174, 66.0951939512399, 66.0629609666753, 66.0853890989278, 66.0578770586794, 66.1221071752061, 66.2163391851054, 66.2720020963197, 66.3890171649103, 66.4548761524126, 66.551286120658, 66.590369178295, 66.5808592721377, 66.5495893238883, 66.4180523761163, 66.4111234082188, 66.3381875017519, 66.24031142813, 66.1557753806294, 66.0786083617865, 66.111815529763, 66.1710935105571, 66.0736256284201, 65.9228325408891, 
65.8467806750882, 65.881717699812, 65.8236037286292, 65.7086797366806, 65.7075176606116, 65.5763567643532, 65.5025857276493, 65.4002616971197, 65.3515054461195, 65.297108381047, 65.2877143606293, 65.2458422939868, 65.1968864402571, 65.1493082858487, 65.1617902310344, 65.0473862342873, 65.0780752807497, 65.1693613301613, 65.1903543593663, 65.2336624571568, 65.2549663765971, 65.2505853913028, 65.0358584032428, 64.9681154088991, 64.9143574830115, 64.8342793865845, 64.733421387687, 64.6381623142395, 
64.5835593493845, 64.4876371068671, 64.4339191081804, 64.490609072151, 64.5594219908323, 64.551371902891, 64.5633569627537, 64.4695028093072, 64.4854168057411, 64.5840188417962, 64.6480528413656, 64.4966297193861, 64.3360237575904, 64.3894147510899, 64.5309317076322, 64.6193367258093, 64.6950006852335, 64.7016316816569, 64.7774706221715, 64.7627234978912, 64.9119865967041, 64.8063445525591, 64.7171614427464, 64.6103524922738, 64.4997194616839, 64.5065765341798, 64.2357614588243, 64.090068377154, 
63.9046474410266, 63.7735533482085, 63.5027743509556, 63.4532725224091, 63.4475402769623, 63.3734026424181, 63.3936515842533, 63.227129657208, 63.0621526062578, 63.041867622293, 63.0358467142545, 63.1481277515945, 63.1831117236272, 63.2612047770788, 63.2139618152856, 63.1532829326613, 63.0210399118625, 63.0233058481864, 62.9415739443821, 62.8023489388525, 62.7694568231739, 62.7068628612321, 62.5345658297493, 62.5404208659303, 62.4273539713088, 62.1355919830836, 62.0063379292521, 61.8596038913066, 
61.8007350013193, 61.6636329462036, 61.6330940514493, 61.530095997932, 61.53387895475, 61.4793049210853, 61.4301879664016, 61.3188659526017, 61.2881259199753, 61.1088957846128, 61.0705648488887, 61.1818238453942, 61.0649086950802, 60.9799167668453, 60.9233776938256, 60.9427887220219, 60.9284756537285, 60.8470086299444, 60.8743386114378, 60.9578996967137, 61.0530955550159, 60.8945535840807, 60.931088554793, 60.916796563011, 60.8088054402189, 60.7061605378786, 60.591741496373, 60.5848835191591, 60.7538065866048, 
60.7597035842531, 60.6655555026843, 60.6471986067304, 60.3920056942075, 60.31538954699, 60.2429805712964, 60.1994946217794, 60.0773056212575, 59.9753795542231, 59.9339925531139, 59.8216595106779, 59.7891224203635, 59.790192369882, 59.8287782679028, 59.9068182460653, 59.9810342556265, 60.0697403317509, 60.1975473170551, 60.2404163613261, 60.3219383579689, 60.431700274648, 60.6089623300476, 60.6015803259713, 60.5258672275905, 60.3981332978135, 60.2892682363401, 60.1972741956477, 60.1597421951462, 60.0267711533661, 
59.7925161901701, 59.6572800808111, 59.5015361417796, 59.3739601770206, 59.1445880271158, 59.0766029667536, 58.9817260170421, 58.8095019691406, 58.7609860151925, 58.7071310443623, 58.6309629825557, 58.6084888994432, 58.6591969967441, 58.765995911682, 58.7847740006197, 58.875964890967, 58.8763429308816, 58.9437429318908, 59.0541518226486, 59.0202468877837, 58.8909787784479, 58.8807047768041, 58.7763336797556, 58.9383786521531, 58.8479326621627, 58.7645886570409, 58.4270115633331, 58.4085245723512, 
58.4953735790275, 58.6930625952626, 58.7753046080213, 58.8648236496917, 58.9142715324053, 58.8574996276058, 58.8043225522441, 58.7265654702204, 58.6629064978367, 58.6128814374284, 58.7545163148761, 58.8371042779401, 58.8675464074408, 58.8151993109994, 58.7082173813271, 58.4791713768576, 58.3216523047101, 58.2102863185588, 58.1254693903002, 57.7720852987975, 57.6103332850531, 57.4771292882861, 57.353666409777)), list(c(-164.722075858714, -164.855463954798, -164.733970010607, -164.527739836125, -164.722075858714, 
62.7852749536762, 62.7363978445849, 62.6272248732294, 62.744051871097, 62.7852749536762)), list(c(-154.081755769713, -154.22852871233, -154.342204900336, -154.232681811217, -154.081755769713, 56.6040616750063, 56.6128777182321, 56.5158847896514, 56.4958377573067, 56.6040616750063)), list(c(-153.20933947064, -153.329490396065, -153.21523147795, -152.870775521173, -153.20933947064, 57.2022666827613, 57.1412276189595, 57.078036618695, 57.1591995502191, 57.2022666827613)), list(c(-153.45319604656, -153.537701131302, 
-153.331243144156, -153.284566009714, -153.45319604656, 57.9668447329981, 57.9378747388282, 57.8332535906807, 57.9123527489803, 57.9668447329981)), list(c(-153.260840078407, -153.205378162972, -153.624600140284, -153.85528916926, -153.937111205817, -153.922873115802, -153.822411324023, -153.898097422958, -154.011292256932, -154.229614237207, -154.336203244084, -154.623955372043, -154.755148505399, -154.619490408955, -154.530164459822, -154.522314596941, -154.212133681124, -154.140329539077, -153.98237361585, 
-154.087949622777, -154.015862769851, -153.908727726104, -153.815643597374, -153.543141623187, -153.665537484867, -153.221754462199, -153.078310406, -152.943604455981, -152.702247346937, -152.601330293158, -152.600714343892, -152.318474346914, -152.293690266093, -152.160191185575, -152.36949424996, -152.528920158239, -152.398297159087, -152.609674031331, -152.691204067913, -152.940584073896, -152.996319053182, -153.260840078407, 57.9953477263166, 57.7927336709222, 57.891946772026, 57.8775986904272, 
57.8181967353911, 57.7231947340498, 57.5434468032274, 57.4289667373251, 57.652677778157, 57.6716217182677, 57.6489648596406, 57.5212719083719, 57.310962853353, 57.2786358617557, 57.1908707525832, 56.99214282693, 56.9064687467353, 56.9976357555857, 56.8963866217453, 56.8242277061438, 56.7436456827022, 56.7664116830528, 56.8486747543365, 56.9987566597921, 57.0537116094033, 57.2198866931165, 57.2109065209193, 57.2560676528999, 57.281604611064, 57.3817004543126, 57.4704185696613, 57.4315785286262, 57.5150274522552, 
57.6230775489897, 57.6188155646866, 57.6970305940867, 57.8535954639596, 57.921323604201, 57.8782936379411, 57.9540286896723, 57.9205336019442, 57.9953477263166)), list(c(-131.262044510646, -131.49158644266, -131.356786476615, -131.270178481052, -131.262044510646, 54.9886233026234, 54.9558733418813, 54.8628283489492, 54.8924772548215, 54.9886233026234)), list(c(-131.847731224416, -131.866862211822, -131.822642268926, -131.635546286132, -131.847731224416, 55.4262573061299, 55.2932834359818, 55.184401308074, 
55.3071063719615, 55.4262573061299)), list(c(-131.26550399931, -131.600669035747, -131.723438027943, -131.731035158845, -131.656065184661, -131.833511127137, -131.557220320861, -131.325685304133, -131.239883448263, -131.072960359733, -130.979369301152, -130.979650122555, -131.076666057592, -131.26550399931, 55.971087346304, 55.9021094353022, 55.7495393350723, 55.6418753145941, 55.5616364328751, 55.4489773547212, 55.2962683074365, 55.2497302441555, 55.19990426487, 55.2631702640965, 55.3959203262621, 
55.703751312673, 55.827536295064, 55.971087346304)), list(c(-132.297569611748, -132.365955610563, -132.110430689025, -132.009146839555, -131.893569938902, -131.973290844397, -131.962981874414, -132.192218016248, -132.2308220473, -132.187974140694, -131.990951099414, -131.890548181753, -131.768698088046, -131.761679941576, -131.42992900502, -131.349059044739, -131.219456007189, -130.914315270733, -130.882388359635, -130.931243283351, -130.88110031193, -131.100760428551, -131.005049491641, -131.013740529102, 
-130.955829514221, -130.875531675646, -130.666435560553, -130.378762547753, -130.243245634978, -130.139369576045, -130.012175469722, -130.068573394147, -130.165926265585, -130.139225292413, -130.185307321176, -130.017669000024, -130.007685172733, -130.106486138824, -130.249287043063, -130.429421991731, -130.470468991551, -130.625895965426, -130.785593943805, -131.088326836314, -131.46353967002, -131.582893767333, -131.834607694789, -132.100542653021, -132.297569611748, 56.634458470582, 56.5306764033933, 
56.366685384423, 56.3520984132113, 56.1801434631504, 56.1726954776142, 55.973886336885, 55.7866844526254, 55.7009263595639, 55.5895754388555, 55.5016563882318, 55.6024164311734, 55.8142733363454, 55.8781672952845, 55.9995823680319, 55.9667462873114, 56.0038622371526, 55.7159002200192, 55.5073232062011, 55.4327621816294, 55.3162572300872, 55.1857642162456, 55.0905992523537, 55.0026932670806, 54.8331593180482, 54.7772792727203, 54.7812051453013, 54.9154552415662, 55.0438891298795, 55.1949591699298, 
55.2945970451176, 55.4414921714266, 55.5953362269854, 55.6799541055976, 55.7778510983496, 55.9119329998081, 55.9876030611324, 56.1105961427978, 56.0851851931422, 56.1307451591618, 56.2315662282988, 56.2567412219299, 56.3570933189016, 56.3974762071613, 56.5400792812339, 56.6059143971318, 56.5933623812689, 56.7055954883411, 56.634458470582)), list(c(-135.411006727878, -135.666379919398, -135.493458986843, -135.338933139952, -135.36093712225, -135.190860162566, -135.119785240297, -134.801670461323, 
-134.647192498835, -134.62584624201, -134.787907066758, -135.024485850242, -135.281863877016, -135.411006727878, 57.5551028730991, 57.3342070025512, 57.2534030102408, 57.0474839679109, 56.8098468667396, 56.8157458060242, 56.5957118169468, 56.238617898797, 56.1993277776549, 56.7177887322642, 57.1208978523541, 57.4048298374271, 57.4717408419663, 57.5551028730991)), list(c(-135.708111879759, -135.551653773803, -135.562335813147, -135.707577724732, -135.730023623991, -135.210314812379, -135.079979928131, 
-134.839947924257, -134.927249720698, -135.018582681446, -135.001569665807, -134.911321703834, -134.975920605352, -135.115238491963, -135.520856428281, -135.572452505379, -135.824120428915, -136.010290473327, -136.143486438248, -136.444816461211, -136.331821467387, -136.356708515186, -136.418432562912, -136.044494691777, -136.008563801079, -135.837774895795, -135.708111879759, 57.366292964149, 57.4496039749436, 57.5919709985628, 57.6555589532831, 57.7384539835646, 57.5325288690121, 57.4627409404421, 
57.4791159005784, 57.7572628886714, 57.7788228495949, 57.8821188889756, 57.9740988489827, 58.0483988219481, 58.0906768650453, 58.1316210219926, 58.2075159902708, 58.2833140494039, 58.1833450816103, 58.2231070311646, 58.1193460566752, 58.0355900838154, 57.9309230135863, 57.848398038139, 57.6312120320097, 57.5022060040039, 57.3879309853268, 57.366292964149)), list(c(-136.495219396958, -136.569684580779, -136.464126520722, -136.375342547121, -136.360294405362, -136.495219396958, 58.0942961110767, 57.917423154555, 
57.8899331396028, 57.9270460866077, 58.0281980828753, 58.0942961110767)), list(c(-134.608973197755, -134.367869142647, -134.277366134739, -134.150961110667, -134.143640085122, -133.868008044835, -133.974519075995, -133.883146981248, -133.935442013238, -134.113669885657, -134.323193732705, -134.157586715654, -134.093394833804, -133.901100769585, -134.187748692848, -134.44338262211, -134.698281532766, -134.803718510801, -134.966972369879, -134.897881530109, -134.819875488763, -134.701110683911, -134.727948734446, 
-134.547499008672, -134.559523984045, -134.646022025796, -134.601319051633, -134.608973197755, 57.0135538718138, 57.0887187380794, 57.1744326996094, 57.2064277127688, 57.314336758035, 57.3562567297643, 57.4774256733562, 57.5025287625924, 57.6118227206421, 57.7260756780502, 57.9951158442209, 57.9911606690297, 57.8448897981257, 57.8054017793687, 58.0857546821329, 58.1728507586557, 58.1612078071946, 58.3216518082844, 58.3718428286837, 58.1949528030295, 58.1417198860639, 57.8325788491346, 57.7209768961669, 
57.4553988275939, 57.3065817907171, 57.2401287956075, 57.1499208111965, 57.0135538718138)), list(c(-132.917036494738, -132.946406483972, -132.899525546067, -132.973926468831, -132.947531605099, -132.818987574117, -132.544341628763, -132.917036494738, 56.8042485591238, 56.7472425212254, 56.6355825610864, 56.5993546063301, 56.5068295942105, 56.4932975934092, 56.5816705228764, 56.8042485591238)), list(c(-162.252445032113, -162.283633023345, -162.166463053727, -162.01335802865, -162.252445032113, 63.541710637436, 
63.4630655891057, 63.4252715189655, 63.4847605418656, 63.541710637436)), list(c(-132.412797751715, -132.531393744825, -132.602135713792, -132.717477710628, -132.722076708673, -132.469369860431, -132.422598895223, -132.242104921005, -132.216011811296, -132.126359880404, -132.192330828105, -132.374430811633, -132.412797751715, 56.3353383885558, 56.3365964528641, 56.2385084378142, 56.2166384670916, 56.1448545975617, 56.0576345081261, 55.9471734279114, 55.9230164668365, 56.037566396572, 56.1098964603534, 
56.165674382267, 56.2263524689913, 56.3353383885558)), list(c(-132.704169586157, -132.952534567816, -133.066184667388, -132.872168783662, -132.662197682177, -132.621883646913, -132.704169586157, 56.4482435616911, 56.451675606644, 56.3480875933678, 56.2314586028323, 56.2734375835777, 56.3895094701859, 56.4482435616911)), list(c(-132.38520874119, -132.341092751829, -132.332712704428, -132.107042906005, -131.952841837581, -132.030110772994, -132.174209826123, -132.257734738867, -132.38520874119, 56.4844604502896, 
56.3964504970928, 56.2339674307524, 56.1493475088805, 56.2296483673783, 56.3489463640835, 56.3482644621353, 56.4461514319431, 56.4844604502896)), list(c(-133.602132523697, -133.629808604783, -133.265524707599, -133.239499797977, -133.156170918553, -133.406501856875, -133.132377980559, -133.208094151924, -133.216856064955, -133.017041116155, -132.8894091668, -132.567502267815, -132.60573927205, -132.433439398709, -132.294024417693, -132.300617361102, -132.16128044034, -132.043434559158, -131.973447322836, 
-132.047303302306, -131.980875331731, -132.031898293372, -132.262158176658, -132.251815152947, -132.362870987206, -132.494487012366, -132.481155036975, -132.616050928308, -132.812312813985, -132.922209781856, -133.134395738173, -133.048062670756, -133.174739698378, -133.602132523697, 56.3506336819989, 56.2204775892694, 56.1462315576403, 55.8827626285925, 55.8191185273982, 55.6458385612007, 55.5173675093031, 55.3863416381561, 55.2822826139515, 55.27219147056, 55.2338145956671, 55.0744345672016, 54.966810498206, 
54.9354034321228, 54.8526664990598, 54.7946833702414, 54.6975023826289, 54.7037743813826, 54.957665461392, 55.0900964809679, 55.1858823385991, 55.2811494178114, 55.4177794646506, 55.4944933978521, 55.6497454257109, 55.6624034626498, 55.7927544402652, 55.9073304656285, 56.0158965591789, 56.0213735149758, 56.1015234996099, 56.1535075388419, 56.327279614063, 56.3506336819989)), list(c(-131.569271298332, -131.583206313221, -131.637491382122, -131.394785364653, -131.359512383789, -131.405352403191, -131.569271298332, 
55.2867244033086, 55.134551406822, 55.0449043529536, 55.0169993179642, 55.1242053757775, 55.2140073801365, 55.2867244033086)), list(c(-133.885287221128, -134.020507284783, -133.817748257776, -133.831175296003, -133.684303300257, -133.70917045865, -133.653296467558, -133.658756604234, -133.509024508075, -133.374495570714, -133.202790551243, -132.936521492173, -132.991391435167, -132.986626445654, -133.107235408387, -133.330227370197, -133.593134317395, -133.885287221128, 57.0947896151487, 57.0161836990185, 
56.8948766861103, 56.8545996408608, 56.768363673245, 56.6499906310628, 56.6074366570761, 56.4462826727072, 56.4362376663353, 56.494493545141, 56.4461796490716, 56.6624436252732, 56.8099976111009, 56.9242395086465, 57.0031125486053, 56.9916895452364, 57.053967655383, 57.0947896151487)), list(c(-165.929416692127, -166.112224780249, -166.047946760435, -165.71585682803, -165.729746798576, -165.929416692127, 54.2212761966392, 54.122529161092, 54.0447741079388, 54.0903671015606, 54.1472220596504, 54.2212761966392
)), list(c(-165.47843472778, -165.684095724038, -165.549199803028, -165.481299682734, -165.553232623886, -165.47843472778, 54.2953340918949, 54.249907049271, 54.1121961216538, 54.1799619956496, 54.2396021460223, 54.2953340918949)), list(c(-162.78925133628, -162.775424385727, -162.590846358073, -162.563991296861, -162.78925133628, 54.4881727252911, 54.4082208190356, 54.3876546458453, 54.4286856521212, 54.4881727252911)), list(c(-162.294986012694, -162.418459135381, -162.321076133057, -162.232944140959, 
-162.294986012694, 54.9851307054178, 54.9346977062342, 54.8279276811177, 54.8909837731827, 54.9851307054178)), list(c(-163.763546216385, -163.894676243414, -164.030689226726, -164.125597295679, -164.223310303328, -164.435262336088, -164.561527342013, -164.709447442745, -164.91874252205, -164.944618502142, -164.844913621167, -164.640439499783, -164.352685386122, -164.328518390411, -164.084875300055, -163.803571393905, -163.596905258671, -163.422894329809, -163.428359212208, -163.129904302941, -163.18883524525, 
-163.322831188608, -163.415026231375, -163.442836089314, -163.533717102962, -163.763546216385, 55.0521719129035, 55.0391159556369, 54.9698189417908, 54.971743045805, 54.8982430108064, 54.9331260510265, 54.8508350692831, 54.6615190245834, 54.6053070772599, 54.5329031215819, 54.4175839954051, 54.3911669912637, 54.4650240076519, 54.5396930147209, 54.6201309236033, 54.6364978617869, 54.614230890743, 54.6541348666308, 54.71481878366, 54.6936067749328, 54.7737178018351, 54.7502809126341, 54.8610818007845, 
54.9698758562858, 55.0536169552583, 55.0521719129035)), list(c(-161.812073987824, -161.73997995561, -161.630875008075, -161.812073987824, 55.1782756613927, 55.0563726443821, 55.1074496273985, 55.1782756613927)), list(c(-159.873225714595, -159.922135800926, -160.02523780618, -160.187842770228, -160.115755923597, -159.865526757054, -159.899250795088, -159.873225714595, 55.2863524194287, 55.2137664553577, 55.2039133580151, 55.1017764323365, 54.9850784224313, 55.0977054100767, 55.1867303965906, 55.2863524194287
)), list(c(-160.710279676166, -160.84023273795, -160.85475590586, -160.614164815953, -160.495993823556, -160.580069794985, -160.564649783561, -160.710279676166, 55.4030756067539, 55.339777506227, 55.2066555384224, 55.1477094884022, 55.166273474841, 55.3025035517975, 55.3898025000854, 55.4030756067539)), list(c(-164.913629205324, -164.875206283343, -165.040822396137, -164.971229400117, -165.283229433991, -165.190428517962, -164.997929488355, -165.069133618921, -164.850334654421, -164.698865625648, 
-164.565870455057, -164.568937554225, -164.449957439085, -164.248578239194, -164.264142212293, -164.439058160406, -164.688977246103, -164.865677218928, -164.913629205324, 60.9262156601247, 60.8183876590633, 60.7726617717234, 60.711434646192, 60.5763267909487, 60.4980027951929, 60.48034063811, 60.3934747520582, 60.3036167190364, 60.2962995668716, 60.3841035888096, 60.4618945680799, 60.4798376355985, 60.676309675751, 60.789629655784, 60.8221115906774, 60.8279236824321, 60.8678557882141, 60.9262156601247
)), list(c(-166.158374640377, -166.393364849708, -166.475327746179, -166.746484928137, -166.951268990971, -167.287791906571, -167.417050018144, -167.111771135929, -166.892096158911, -166.616545200601, -166.297425026344, -166.036926145225, -166.0722540297, -165.516913994086, -165.713417901715, -165.665861807676, -165.677495669689, -165.883437732865, -166.085139732712, -166.158374640377, 60.4272259028532, 60.3628718408628, 60.3865318914337, 60.3126090239873, 60.2277969466718, 60.2379700120065, 60.1917330102702, 
59.9893360206409, 59.9602429677388, 59.8506248850305, 59.8239788820198, 59.7578597701124, 59.8396747658778, 59.9141056891263, 60.0666146813226, 60.0994758171553, 60.2692748593473, 60.3439037890287, 60.3252878361648, 60.4272259028532)), list(c(-147.135480478741, -147.208484688717, -147.302028584152, -147.405978701356, -147.804235721801, -147.908225770703, -147.874074872158, -147.443655877617, -147.365402689982, -147.202393742377, -146.914995601066, -147.135480478741, 60.3438837836098, 60.2402578198426, 
60.2171568750898, 60.1126288733239, 59.9364948789355, 59.852830027184, 59.7832588855891, 59.9135409427603, 60.0428648541298, 60.1511258706624, 60.2952158766115, 60.3438837836098)), list(c(-146.538002511707, -146.728753493979, -146.425698523668, -146.26016953, -146.538002511707, 60.4909157012986, 60.3954208453957, 60.3209627176553, 60.3401016469735, 60.4909157012986)), list(c(-145.77078938762, -146.083385350054, -146.281720500401, -146.215803547995, -145.825921355286, -145.77078938762, 60.6172606020951, 
60.5464697450827, 60.5206247484335, 60.4544827703636, 60.5528115833879, 60.6172606020951)), list(c(-135.767088819693, -135.842037980868, -135.852377094327, -135.663522024122, -135.56877204969, -135.614702962672, -135.767088819693, 57.3397439611149, 57.2576400068809, 56.9919359450878, 57.012727030628, 57.0845489954398, 57.22150393316, 57.3397439611149)), list(c(-134.53203544488, -134.668898452102, -134.628234520307, -134.34307948513, -134.53203544488, 58.3439267302344, 58.3117268074462, 58.2482897949382, 
58.2546948088184, 58.3439267302344)), list(c(-169.379076405152, -169.04607321031, -168.862143174768, -168.728430133844, -168.696338099124, -169.055358092602, -169.235121247148, -169.561058142219, -169.659917138865, -169.83085723907, -170.030418162668, -170.080167171678, -170.285490135262, -170.47429710163, -170.655739176222, -170.914581345153, -171.244696346559, -171.506519359781, -171.627278422061, -171.74590438418, -171.852953495907, -171.742857689731, -171.436835621267, -171.104370367598, -170.868915382339, 
-170.562431347429, -170.368269492943, -170.260539515286, -169.914780397697, -169.706322444225, -169.379076405152, 63.1508787489552, 63.1761275472485, 63.1465795489071, 63.2279985686791, 63.3019025863354, 63.3427416107368, 63.3276437409659, 63.3622077358983, 63.4295297171228, 63.4327508242912, 63.4802938916498, 63.5875798668175, 63.6846069435557, 63.6973059419157, 63.6600099891697, 63.5668149542468, 63.6146869693282, 63.5994249822772, 63.6841710889246, 63.6650261323502, 63.4865710363243, 63.3656440931005, 
63.3071200517491, 63.4229739570825, 63.4137908645568, 63.3545618347609, 63.2851768573262, 63.1777947689135, 63.1457187852938, 63.025548627867, 63.1508787489552)), list(c(-132.834421167103, -132.891726227783, -132.770620225943, -132.685143245664, -132.834421167103, 55.202793468244, 55.164747551958, 55.0101005618915, 55.0491534787501, 55.202793468244)), list(c(-133.109296210252, -133.216635124911, -133.232038274047, -133.064599344284, -132.840662475593, -132.749266470571, -132.76702432901, -132.912010349298, 
-133.109296210252, 55.2187456453952, 55.2437436326626, 55.1046565282762, 54.8999895167029, 54.697169539043, 54.7526255324424, 54.8362205347499, 54.9174425319474, 55.2187456453952)), list(c(-133.348619147256, -133.457193074801, -133.433906134061, -133.253257205755, -133.232966153165, -133.348619147256, 55.3491735420254, 55.3045676397848, 55.2134096484366, 55.2244756533288, 55.2671975891975, 55.3491735420254)), list(c(-133.718597875392, -133.772571894877, -133.660069932781, -133.584776983271, -133.718597875392, 
55.5556936399496, 55.4850167324363, 55.440839673712, 55.5077797101656, 55.5556936399496)), list(c(-133.570922779663, -133.692586780256, -133.524008924772, -133.403994913035, -133.570922779663, 55.8357486368901, 55.7826257258966, 55.6947915838646, 55.7418726281193, 55.8357486368901)), list(c(-133.411066656401, -133.622135695206, -133.803917710834, -133.628201691655, -133.373984683846, -133.284753748986, -133.411066656401, 56.1629436933968, 56.1054747096902, 55.9645086643434, 55.9679017047999, 56.024804585963, 
56.147175556207, 56.1629436933968)), list(c(-134.245206264158, -134.407420259637, -134.361793386755, -134.227203332368, -134.317313384205, -134.100086538963, -134.030130537894, -134.285676464897, -134.223914653738, -134.102727697625, -133.95136364042, -133.877738695884, -133.927396612564, -133.869753544391, -133.690713451964, -133.769024323014, -134.017803232933, -134.245206264158, 56.9285297892184, 56.8463578237546, 56.6724436916231, 56.6164187286415, 56.5593378221828, 56.5024647904178, 56.4137797629258, 
56.3489107572257, 56.0668077890483, 56.0477127727263, 56.0961197180506, 56.2230027425825, 56.3734627536032, 56.5212097681164, 56.5993946567381, 56.7189007421755, 56.8711576813819, 56.9285297892184)), list(c(-176.281678034714, -176.424322032436, -176.403712121617, -176.263532066652, -176.281678034714, 51.8639211031764, 51.850623129354, 51.751249127845, 51.7816401272901, 51.8639211031764)), list(c(-178.090617339918, -178.227806468294, -177.950267358052, -178.07145938814, -177.95068139513, -177.71987529331, 
-177.924300288328, -177.952080259097, -178.090617339918, 51.9194003863188, 51.8735274049658, 51.7656833294222, 51.7069203391024, 51.6392152781626, 51.8158042764463, 51.8575232505976, 51.915350285887, 51.9194003863188)), list(c(-177.143931148404, -177.205660217945, -177.457553239091, -177.275105213435, -177.148639324145, -177.136962203843, -177.04507512042, -177.143931148404, 51.9434432306206, 51.8206411892396, 51.754055158319, 51.6805111275865, 51.7070452549346, 51.8144951873031, 51.8986071469023, 
51.9434432306206)), list(c(-176.579959111324, -176.774007038794, -176.79206717556, -176.86578721261, -176.576163168296, -176.424188185436, -176.426456051705, -176.626479139601, -176.544851153358, -176.579959111324, 52.0032402524358, 51.965896157182, 51.7855472022416, 51.6822001775962, 51.6891731367309, 51.744923129299, 51.8362781863892, 51.8641940788937, 51.9272461653783, 52.0032402524358)), list(c(-176.134405920697, -176.211838910437, -176.158823963955, -175.981548993391, -176.134405920697, 52.112553053081, 
52.0655351718108, 51.996531122913, 52.0285630766247, 52.112553053081)), list(c(-173.519039541941, -173.890050538901, -173.930142597203, -173.451322493039, -173.519039541941, 52.1522098871766, 52.1415478712373, 52.0563769212579, 52.0485108552918, 52.1522098871766)), list(c(-172.429153250622, -172.577191292944, -172.608919274005, -172.411382350215, -172.302527272116, -172.429153250622, 52.3870847692468, 52.3501967903496, 52.2530148098856, 52.2808447469876, 52.3306466388314, 52.3870847692468)), list(
    c(-174.143124446336, -174.330899523394, -174.448939695011, -174.609767652655, -174.771365756425, -174.920025699726, -174.98777572407, -174.770779787857, -174.444197711955, -174.327224573355, -174.218421665827, -174.090153524366, -173.985187538374, -174.143124446336, 52.4159749234041, 52.3701920361336, 52.2195490112779, 52.1108799939166, 52.0845439296587, 52.1092750053373, 52.0596180149595, 52.0256109476871, 52.0484439493288, 52.122616884062, 52.0943068897512, 52.1391208861201, 52.3176018961107, 
    52.4159749234041)), list(c(-170.662576818865, -170.817926983443, -170.783214985283, -170.579895890183, -170.662576818865, 52.6983155005599, 52.6362756127294, 52.5420735268718, 52.6820295769035, 52.6983155005599)), list(c(-169.773487657429, -169.886996685748, -169.739067823821, -169.676269747251, -169.773487657429, 52.8944515189225, 52.850121554766, 52.7784294169841, 52.8711203971886, 52.8944515189225)), list(c(-167.968442165773, -168.233845253256, -168.408190318928, -168.383837383888, -168.555678353873, 
-168.766426537055, -168.759674535951, -168.857281573786, -168.85934459158, -168.455904466118, -168.270727336198, -168.12434630284, -167.842311296429, -167.78408225789, -167.968442165773, 53.5561063410349, 53.5283344120036, 53.4195293496998, 53.26126432319, 53.2544472921089, 53.1802414457861, 53.0814614581798, 53.0136863940119, 52.9134103554036, 53.0574122853487, 53.2428112843133, 53.2745703027773, 53.3864913019321, 53.5010482607687, 53.5561063410349)), list(c(-166.119903863672, -166.308401982166, 
-166.238302047302, -166.130406005333, -166.119903863672, 53.8550490659617, 53.7873351880685, 53.7115030554217, 53.7691540736017, 53.8550490659617)), list(c(-166.657303876872, -166.890730979951, -167.082777938351, -167.149273106269, -166.787199024116, -167.022367033012, -167.176661121014, -167.37350926574, -167.473075131312, -167.629118252305, -167.813891361797, -167.622157337791, -167.134117190656, -166.931967092807, -166.838674083942, -166.674038083791, -166.555454048965, -166.274878006415, -166.379199890762, 
-166.236494889328, -166.264500807566, -166.442917840686, -166.577829868554, -166.657303876872, 54.0137492195509, 53.9897083069928, 53.9194261883679, 53.8287502237439, 53.7345532784111, 53.7154681690208, 53.4619192010103, 53.4327762312381, 53.4469212890863, 53.3743702690727, 53.322123328329, 53.2503623231627, 53.4264491957738, 53.4734401504426, 53.4474871362224, 53.4873250946774, 53.6209752082393, 53.6872531925808, 53.8465631764495, 53.8813432119197, 53.9775511168906, 53.9046011423289, 53.8805901331282, 
54.0137492195509)), list(c(-170.117426078651, -170.420443066095, -170.261726117666, -170.117426078651, 57.2424480806145, 57.1901461688107, 57.1411291207124, 57.2424480806145)), list(c(179.647648246669, 179.482478230886, 179.484642147217, 179.614381245898, 179.734788223598, 179.773935277891, 179.647648246669, 52.0262605738665, 51.9828366658795, 51.9212705921641, 51.8717735309237, 51.9076075448523, 51.9706945690991, 52.0262605738665)), list(c(177.61160579727, 177.483729726945, 177.532743745228, 177.675963899914, 
177.61160579727, 52.13254677991, 51.9848808096017, 51.9700718866083, 52.0921697714178, 52.13254677991)), list(c(173.762561203337, 173.530109985188, 173.651312006744, 173.762561203337, 52.512342279073, 52.4499712923413, 52.3563722270966, 52.512342279073)), list(c(172.832431114305, 172.643281998166, 172.640389988907, 172.753751919615, 172.745037997106, 172.942610016039, 173.058090119963, 173.134527111437, 173.316367160316, 173.107258121065, 172.953359047682, 172.832431114305, 53.0010964978052, 53.0049824728629, 
52.9254435595727, 52.8772974760977, 52.8000794396145, 52.7558413645874, 52.8318544929905, 52.7843594143555, 52.9219994484159, 52.9932304588187, 52.9717194947589, 53.0010964978052)), list(c(-148.043795578003, -148.090673599407, -148.294644658924, -148.18020374141, -148.043795578003, 60.1936390262201, 60.1449360627491, 60.0889541044484, 60.0249120379602, 60.1936390262201)), list(c(-147.692428486885, -147.807230535261, -147.896647558738, -147.760674609645, -147.612695427952, -147.692428486885, 60.5060619204214, 
60.3973700144147, 60.2258000038672, 60.1563939786992, 60.4247018700953, 60.5060619204214)), list(c(-148.037065116562, -148.151735296447, -147.920617244091, -148.037065116562, 60.9261320726371, 60.8181210856197, 60.8124410359251, 60.9261320726371)), list(c(-152.651159678177, -152.767343746217, -152.781516792766, -153.044846817027, -153.218565977938, -153.020568014003, -152.850618088954, -152.569573877333, -152.184277961759, -152.08106282359, -151.964082806976, -152.082321787221, -152.090387824638, 
-152.380059803717, -152.651159678177, 58.4825635341798, 58.4385157053356, 58.2764026749435, 58.3067596305526, 58.1582396136673, 58.045201571995, 57.994212629909, 58.1147995475611, 58.1713194982963, 58.1542744281224, 58.2690484833009, 58.3099434599228, 58.3725285680391, 58.3549776328115, 58.4825635341798)), list(c(-152.328417559922, -152.667791698728, -152.477816666806, -152.328417559922, 58.6311206319117, 58.5426985697832, 58.4702745277473, 58.6311206319117)), list(c(-172.946903682359, -173.119165845327, 
-173.118984874752, -172.941362780268, -172.734415897376, -172.589604817708, -172.352601755666, -172.706452686143, -172.895328813974, -172.946903682359, 60.5646239338475, 60.5677449239891, 60.5000699633582, 60.4744868106179, 60.3570998363884, 60.3148657449582, 60.3814367257244, 60.4251807698767, 60.4997518668552, 60.5646239338475)))"
AL,Alabama,5.1575345926804665,AL-500,"Birmingham/Jefferson, St. Clair, Shelby Counties CoC",0.6503706884383931,"Birmingham/Jefferson, St. Clair, Shelby Counties CoC",Largely Suburban CoC,Sheltered and Unsheltered Count,01,6377,623,350,1057,1218,1344,1190,595,2163,4095,91,7,21,0,0,0,6202,175,7,3983,0,2156,21,560,1596,882,5495,336,42,3612,3052,490,70,2765,3941,3311,560,70,0,9632,1148,1278404,327352206,12950322388,0.5714285714285714,0,0.7748998538737997,0.713543704077377,0.36406331625002264,0.14137295292780452,9.871599808083481e-5,53763.71428571428,6753.428571428572,0.42621638114285715,3.9630405828374387e-4,0.14673878591005401,0.03251932799404257,0.04173244808024068,0.45641205772304916,0.00252050959340631,0.0013399520145212312,0.22720517148291225,0.1645278020662404,18486616,20902921,5662199,0,0,0,164408484,5837417,0.003118183,1249069,1449779,0.025015186000000002,7021825,0.018620408,0.046959964,108462469,62448496,61407982,292928773,"list(c(-87.0657380004084, -86.9692909998797, -86.8816380001935, -86.6100030003382, -86.5527590000278, -86.459925999785, -86.503127000011, -86.3573400003407, -86.347802000262, -86.1898119999238, -86.1455619998864, -86.0439929996771, -86.0731230003262, -86.2155250003784, -86.3256219999553, -86.4059809996234, -86.5777990000238, -86.7308389996201, -86.8839469996543, -87.0232859996491, -87.0927329997281, -87.1794300002942, -87.2669229997966, -87.2843630000524, -87.1796379999936, -87.0657380004084, 33.2469069996583, 
33.0983970003214, 33.0718609996854, 33.0700030003383, 33.0186639998438, 33.1251170004493, 33.1791439998958, 33.2969170000196, 33.4096859996092, 33.5472379999338, 33.6790980003724, 33.7635950002091, 33.8657830001854, 33.9874209995795, 33.9401470003838, 33.8358959997007, 33.7653160004331, 33.8253899999486, 33.8432370000875, 33.7727269995514, 33.6278499995778, 33.6137939997933, 33.5129289996736, 33.440577999675, 33.3211119997191, 33.2469069996583))"
AL,Alabama,10.028237967231956,AL-501,Mobile City & County/Baldwin County CoC,0.7078833652785692,Mobile City & County/Baldwin County CoC,Other Largely Urban CoC,Sheltered and Unsheltered Count,01,1350,310,40,192,226,224,254,104,580,766,2,2,0,0,0,0,1296,54,12,796,0,444,16,166,240,468,882,22,8,648,334,314,0,702,890,492,398,0,20,484,240,632266,2206898517,7301789038,0.5,0,0.8526622474251866,0.723592981239238,0.3437493081523757,0.14865775756129065,8.659055975317264e-5,55690.5,7421,0.497670696,0.0013465825677261378,0.19751019672055703,0.027990080791303024,0.04401015231652975,0.4761730035647939,0.004847819315088902,0.0012415663704912175,0.22803060762680263,0.17696191190150504,7128370,8054879,4642542,0,0,0,116334797,3253864,0.001724214,1914568,563344,0.015792097999999997,0,0.00766262,0.007072667,19714253,19441168,27416195,92129183,"list(c(-88.3959609337501, -88.3374788700538, -88.2247758429308, -88.1071639770359, -88.1008518451365, -88.0595898596843, -87.9639278656784, -87.9201899099364, -87.9074490049676, -87.7555820837461, -87.7366849839248, -87.5747241026352, -87.3998080313156, -87.4498627828411, -87.3932939998182, -87.6262239999376, -87.5988290001582, -87.6158900000235, -87.7715800004166, -87.8738869995854, -88.0226489997515, -88.3297819998394, -88.4320069997232, -88.4254319995871, -88.3959609337501, 30.3867966353565, 30.4048424800964, 
30.3710553995871, 30.3784064507971, 30.5101254240491, 30.6507033678662, 30.6883093735788, 30.6478123811365, 30.4119174097607, 30.2919483884074, 30.240089366631, 30.2704964099814, 30.4238644040191, 30.5144705623666, 30.6272179998109, 30.8466640004433, 30.9974549997485, 31.2444580004364, 31.2937190004316, 31.2014960004401, 31.1442669999221, 31.1438210000392, 31.1142980001526, 30.9983230002064, 30.3867966353565))"
AL,Alabama,4.500495672484241,AL-502,Florence/Northwest Alabama CoC,1.0375264969008764,Florence/Northwest Alabama CoC,Largely Rural CoC,Sheltered and Unsheltered Count,01,1260,300,78,282,252,192,120,36,648,612,0,0,0,0,0,0,1152,108,12,252,0,990,0,36,0,444,816,102,24,936,582,354,0,324,1266,750,516,0,0,0,210,265913,366041044,10207020632,0.6666666666666666,0,0.9745586853387235,0.3272345490181815,0.17375231738895802,0.15665438554266997,2.60519704610312e-5,44443,2926.6666666666665,0.4045972965,4.872761316258768e-4,0.1894077063700696,0.07967240424849481,0.07558764364299601,0.4883852992875001,0.00141903178338968,0.0012109221912392398,0.2101965681044552,0.19598515295442118,813711,690980,451483,0,0,0,11692831,0,4.19942e-4,673090,0,0.018093444,0,0.030122706,0.07249254000000001,17897466,13987254,19623237,54137221,"list(c(-88.2000640001535, -88.0978879998313, -88.2072289996186, -87.9869300001194, -87.9517849999777, -87.635931999762, -87.6361180002455, -87.1119920002306, -87.1101109998227, -87.1050730004186, -87.229721000124, -87.2107589998279, -87.9849159998735, -88.2000640001535, 34.9956340004089, 34.8922019997225, 34.0583329997682, 34.0521020002072, 33.9199299997697, 33.9152509998338, 34.0022029995689, 33.9923850000678, 34.3137990004236, 34.6860370000076, 34.7640310003305, 34.9990240002575, 35.0059329996083, 
34.9956340004089))"
AL,Alabama,3.710286334083192,AL-503,Huntsville/North Alabama CoC,0.5143899791533072,Huntsville/North Alabama CoC,Other Largely Urban CoC,Sheltered and Unsheltered Count,01,1863,258,135,315,333,357,357,108,633,1215,0,0,15,0,0,0,1758,105,12,771,6,924,6,66,213,339,1524,177,0,1128,1092,36,0,735,1221,1131,90,0,0,459,12,583959,192380403,5036681653,0,0,0.8063259760961505,0.7290891832548896,0.31482004724414214,0.12345009020831942,1.1594121690263596e-4,61360,7845.333333333333,0.41171581,0.001394312151603145,0.08663003830373323,0.017550015349170063,0.02441130855404746,0.4326091383256153,0.005233846285538882,0.001024044906305066,0.2217826934658341,0.15554174179647887,1534203,3623065,1033200,0,0,0,40686095,1706163,0.0010913259999999999,317130,0,0.010258003,0,0.009025654,0.012530637,21599617,17748783,15232812,62794973,"list(c(-87.1101109998227, -86.5819360001462, -86.5527820001891, -86.4254819995946, -86.3066459999129, -86.3590340002189, -86.3511229996267, -86.3112740001949, -86.31876100012, -86.881279999872, -87.2107589998279, -87.229721000124, -87.1050730004186, -87.1101109998227, 34.3137990004236, 34.3046939996285, 34.5399510000387, 34.4792769998337, 34.5607379999588, 34.6326100003513, 34.87326499968, 34.9910979998729, 34.9911690004491, 34.9922889999374, 34.9990240002575, 34.7640310003305, 34.6860370000076, 
34.3137990004236))"
AL,Alabama,6.192398530645725,AL-504,Montgomery City & County CoC,0.8461241179521314,Montgomery City & County CoC,Other Largely Urban CoC,Sheltered and Unsheltered Count,01,1700,310,50,205,320,325,230,260,645,1045,5,5,0,0,0,0,1630,70,0,1105,0,520,0,190,300,470,1230,40,0,995,725,270,0,705,1140,845,295,0,0,770,120,383725,192460420,8643375119,0.4,0.4,0.9068103845201981,0.6643007001233044,0.5295328683675915,0.16889760797635286,4.439527322567429e-5,47953.8,4636.6,0.549094671,8.777698625533996e-4,0.14125620142560394,0.04281109340677308,0.041722770800456055,0.45067170539805584,0.002423974188335918,9.642320042921363e-4,0.23202553905461726,0.1529637110116568,3992053,3334005,1511158,0,0,0,51964335,1956825,6.40315e-4,257655,293015,0.082538054,8112463,0.004976157,0.008335713,12778905,8847650,63392277,104476006,"list(c(-85.4335430001094, -85.8562179999607, -85.989088000211, -86.0213889996026, -85.894419999883, -85.8798600002388, -86.4133349997105, -86.4131160004031, -86.7142190003066, -86.7133899998486, -86.9145550001131, -86.9067420004429, -86.8153989996641, -86.8260600002687, -86.9083020004369, -86.906956000419, -86.8575829997556, -86.405004999581, -86.4062759997375, -86.3036159995787, -86.3022169998147, -85.9955630002322, -85.9968530003657, -85.8936520004394, -85.8843499995528, -85.7900479999152, -85.7910470001189, 
-85.6576679997783, -85.5873439997258, -85.4284760002672, -85.410241000222, -85.4335430001094, 32.2346480002051, 32.2319750001462, 32.3348199998431, 32.417240000126, 32.4475779998249, 32.7545279995676, 32.750590999675, 32.7073860001638, 32.7056940003779, 32.6617320001317, 32.6643529995913, 32.5369769999886, 32.3708209998893, 32.3059569998157, 32.2250279999423, 32.0479699998157, 31.9621670000071, 31.963775000416, 32.0507310003355, 32.0516640001935, 31.9650649996501, 31.967554000217, 32.0510489997116, 
32.0473510000486, 31.9672529998261, 31.9672539998722, 31.8803569999756, 31.8802749997915, 31.9973550003331, 32.0149509996889, 32.1466509999437, 32.2346480002051))"
AL,Alabama,2.894125849285036,AL-506,Tuscaloosa City & County CoC,0.33876103335179414,Tuscaloosa City & County CoC,Other Largely Urban CoC,Sheltered-Only Count,01,86,13,8,15,15,18,6,11,25,61,0,0,0,0,0,0,85,1,0,53,0,15,0,7,5,18,68,7,0,69,56,13,0,17,73,65,8,0,0,285,29,208854,78703449,3420980041,0,0,0.933255464,0.689097764,0.389516121,0.172146282,6.105092619568428e-5,54283,10544,0.507376396,6.82612e-4,0.185414145,0.022001984,0.013486846,0.439153667,0.005117657000000001,0.001086884,0.209557873,0.132700355,365846,1644018,239026,0,0,0,27008879,1052427,2.01097e-4,708,0,0.008168386,0,0.005420054,0.006262748,11325670,10216033,15938152,40781880,"list(c(-87.2669229997966, -87.3711179996959, -87.6317179996859, -87.6666610004048, -87.8406829999205, -87.8322329996532, -87.7157089995706, -87.3185389995751, -87.2819450000617, -87.1991529997111, -87.0657380004084, -87.1796379999936, -87.2843630000524, -87.2669229997966, 33.5129289996736, 33.6016970004163, 33.6098329996933, 33.5216669997323, 33.5248390003197, 33.0172579997569, 33.0068239997279, 33.0061789996611, 33.1330599998192, 33.1965539996674, 33.2469069996583, 33.3211119997191, 33.440577999675, 
33.5129289996736))"
AL,Alabama,30.45652738565,AL-507,Alabama Balance of State CoC,7.25226482851485,Alabama Balance of State CoC,Largely Rural CoC,Sheltered and Unsheltered Count,01,55513,12040,4687,9546,9460,9589,7310,2881,28423,26703,172,0,0,172,43,0,50353,5160,86,27993,0,22790,0,1505,12212,20339,35174,516,344,6579,1462,2967,2150,48934,7138,5805,1333,0,0,0,301,1540065,1218497142,83624873679,0.8604651162790697,0.4186046511627907,0.9615743370126534,0.3445663182342343,0.3270550268845049,0.1908892024084282,1.8416350689050347e-5,41531.32558139535,2170.6744186046512,0.4676907069069767,0.0025377081227161273,0.20156111239069982,0.06162223401760575,0.059489885595028776,0.4796576769165529,0.0018492145173118666,0.0013311126438637331,0.22081470591417376,0.1791210111817839,0,2920594,1972879,0,0,5280000,120767840,0,0.006992277,231073,0,0.183228859,0,0.247392216,0.355037394,82513853,70086292,78484511,241489202,"list(c(-86.1872460003027, -86.1947839998817, -86.1458949999542, -85.4164369999675, -85.416037999554, -85.2160759999074, -85.1273290001332, -85.1407310003353, -85.0821300003992, -85.0560290000383, -85.1850669998421, -85.2577469997242, -85.410241000222, -85.4284760002672, -85.5873439997258, -85.6576679997783, -85.7910470001189, -85.7900479999152, -85.8843499995528, -85.8936520004394, -85.9968530003657, -85.9955630002322, -86.3022169998147, -86.3036159995787, -86.4062759997375, -86.405004999581, -86.8575829997556, 
-86.906956000419, -86.9083020004369, -86.8260600002687, -86.8153989996641, -86.9067420004429, -86.9145550001131, -86.7133899998486, -86.7142190003066, -86.4131160004031, -86.4133349997105, -85.8798600002388, -85.894419999883, -86.0213889996026, -85.989088000211, -85.8562179999607, -85.4335430001094, -85.4340449998768, -85.3338429997546, -85.0592940004178, -85.0010200002728, -85.0807840003813, -85.1223259996451, -85.1847369999126, -85.3988370004272, -85.530094000038, -85.6018579999467, -85.5859850000077, 
-85.6380489997615, -85.6558100004311, -85.7945590001976, -85.9949350000502, -86.0506689999743, -86.1455619998864, -86.1898119999238, -86.347802000262, -86.3573400003407, -86.503127000011, -86.459925999785, -86.5527590000278, -86.6100030003382, -86.8816380001935, -86.9692909998797, -87.0657380004084, -87.1991529997111, -87.2819450000617, -87.3185389995751, -87.7157089995706, -87.8322329996532, -87.8406829999205, -87.6666610004048, -87.6317179996859, -87.3711179996959, -87.2669229997966, -87.1794300002942, 
-87.0927329997281, -87.0232859996491, -86.8839469996543, -86.7308389996201, -86.5777990000238, -86.4059809996234, -86.3256219999553, -86.3323879999062, -86.2061070004377, -86.1056110002474, -86.1103619999063, -86.0038399997161, -85.7854710001865, -85.6270679996884, -85.5831450003415, -85.605164999565, -86.3112740001949, -86.3511229996267, -86.3590340002189, -86.3066459999129, -86.4254819995946, -86.5527820001891, -86.5819360001462, -87.1101109998227, -87.1119920002306, -87.6361180002455, -87.635931999762, 
-87.9517849999777, -87.9869300001194, -88.2072289996186, -88.2522540003218, -88.354291999676, -88.4732270003258, -88.4320069997232, -88.3297819998394, -88.0226489997515, -87.8738869995854, -87.7715800004166, -87.6158900000235, -87.5988290001582, -86.7856920002856, -86.1872460003027, 30.9940209996694, 31.5299489998465, 31.6177409996475, 31.6194660000559, 31.7066640003434, 31.7024090001753, 31.7625629997827, 31.8574609999253, 31.9446580001666, 32.0630550002881, 32.0617080002241, 32.1482509999837, 32.1466509999437, 
32.0149509996889, 31.9973550003331, 31.8802749997915, 31.8803569999756, 31.9672539998722, 31.9672529998261, 32.0473510000486, 32.0510489997116, 31.967554000217, 31.9650649996501, 32.0516640001935, 32.0507310003355, 31.963775000416, 31.9621670000071, 32.0479699998157, 32.2250279999423, 32.3059569998157, 32.3708209998893, 32.5369769999886, 32.6643529995913, 32.6617320001317, 32.7056940003779, 32.7073860001638, 32.750590999675, 32.7545279995676, 32.4475779998249, 32.417240000126, 32.3348199998431, 32.2319750001462, 
32.2346480002051, 32.4098399997163, 32.4686389997901, 32.4729089997506, 32.5101569997458, 32.6080719996231, 32.7743829996758, 32.8705140000212, 33.9641290001533, 33.9414229998716, 33.8897500001625, 33.802095000384, 33.773338999895, 33.6271660004106, 33.5855650002246, 33.5864749999213, 33.6745900002284, 33.6790980003724, 33.5472379999338, 33.4096859996092, 33.2969170000196, 33.1791439998958, 33.1251170004493, 33.0186639998438, 33.0700030003383, 33.0718609996854, 33.0983970003214, 33.2469069996583, 
33.1965539996674, 33.1330599998192, 33.0061789996611, 33.0068239997279, 33.0172579997569, 33.5248390003197, 33.5216669997323, 33.6098329996933, 33.6016970004163, 33.5129289996736, 33.6137939997933, 33.6278499995778, 33.7727269995514, 33.8432370000875, 33.8253899999486, 33.7653160004331, 33.8358959997007, 33.9401470003838, 34.0464799999521, 34.1726499996978, 34.1862320001068, 34.4277970000316, 34.4800310004304, 34.6245839998518, 34.8318790004156, 34.8603710004214, 34.98467799969, 34.9910979998729, 
34.87326499968, 34.6326100003513, 34.5607379999588, 34.4792769998337, 34.5399510000387, 34.3046939996285, 34.3137990004236, 33.9923850000678, 34.0022029995689, 33.9152509998338, 33.9199299997697, 34.0521020002072, 34.0583329997682, 33.7195859995942, 32.8751309997958, 31.8938560001544, 31.1142980001526, 31.1438210000392, 31.1442669999221, 31.2014960004401, 31.2937190004316, 31.2444580004364, 30.9974549997485, 30.9969800003268, 30.9940209996694))"
AR,Arkansas,5.822300419244972,AR-500,Little Rock/Central Arkansas CoC,0.769202007977482,Little Rock/Central Arkansas CoC,Other Largely Urban CoC,Sheltered-Only Count,05,4064,640,352,804,800,588,500,380,1784,2252,12,16,0,0,0,0,3944,120,12,992,0,968,0,300,2776,1924,2140,168,36,2208,1640,568,0,1856,2820,1876,944,0,0,1608,0,595369,300301974,7513163983,0.25,0,0.813409564382168,0.7727886064867873,0.3733634100221308,0.13734421689898868,7.924344541755492e-5,55459.5,6830.5,0.36895610225,0.0013329315261101822,0.11592957885858497,0.03412659039393721,0.03009415621839733,0.4516459538672404,0.003996137226839153,0.0010094576268297477,0.23502231378908375,0.15869989845832752,5387549,4804506,3265484,0,0,0,89120062,2468998,9.8743e-4,2131037,0,0.025116282,5669747,0.009609101,0.010415808,5961246,6544732,31568048,67801347,"list(c(-92.6686539995824, -92.5894690000942, -92.4046799995823, -92.4033720004174, -91.5955829998555, -91.5944289996986, -91.3778200003927, -91.4478880003309, -91.374795000289, -91.3637510000086, -91.4652689996645, -91.5840050001306, -91.8690000000499, -92.0499970001614, -92.1215399997711, -92.2271700001953, -92.2298860004385, -92.4735469998941, -92.6464770003133, -92.7538910002694, -92.8298140004158, -93.0740110003074, -93.0751780001646, -92.9693169998796, -92.979977999585, -92.8753939997333, -92.8080280002919, 
-92.793189000372, -92.6850660000958, -92.6686539995824, 34.4145040003594, 34.4555769995789, 34.4519159998236, 34.4957070002779, 34.4805269999212, 34.5680499999076, 34.5634799996024, 34.6091349996805, 34.6659889999924, 35.0518839998468, 35.0894570004403, 35.0915839996019, 35.0240569999307, 35.0670949998344, 35.0122040001146, 35.0145949997595, 34.9275169996099, 34.9469999996503, 34.9392290001183, 34.9115790002707, 34.8553469998642, 34.8581990000839, 34.7718920004156, 34.7722630004372, 34.6372490002412, 
34.6351959999955, 34.5904060002368, 34.5035729996943, 34.4731020001572, 34.4145040003594))"
AR,Arkansas,4.132604440558668,AR-501,Fayetteville/Northwest Arkansas CoC,0.859174192512182,Fayetteville/Northwest Arkansas CoC,Other Largely Urban CoC,Sheltered and Unsheltered Count,05,1648,220,112,256,312,316,320,112,692,948,0,4,0,0,4,0,1544,104,8,144,0,1136,40,200,600,324,1324,64,20,876,704,172,0,772,948,780,168,0,0,720,272,554163,152950853,8426125325,0.5,0,0.8860181305467453,0.7080681769250202,0.29152794389927156,0.12322199969358294,6.57672392262929e-5,53407.75,6077.5,0.3697503035,0.004074746231972631,0.08673974087829973,0.02553166556107499,0.03810925793518333,0.40679908236041923,0.007166517534299475,7.849672975712922e-4,0.25130873047992197,0.13345531928506596,870240,4511169,941274,0,0,0,13439000,1039815,0.0038557275,55690,0,0.007808929,0,0.010924012,0.00373071,2591808,1923036,7000098,18933130,"list(c(-94.6178590003925, -94.4931369999725, -94.124926999981, -93.9105849999977, -93.6958560001543, -93.5191849998878, -93.5236459996631, -93.4507879996664, -93.4457399998011, -93.3008199996432, -93.2931739995804, -93.8666890000973, -94.6178590003925, 36.4994309998408, 35.7592469998492, 35.7503270003908, 35.774297999653, 35.7686200004127, 35.7634870002249, 35.8815140003709, 35.9674970003863, 36.0807869997203, 36.1215499999326, 36.4984329996832, 36.4987350001202, 36.4994309998408))"
AR,Arkansas,25.763098132162565,AR-503,Arkansas Balance of State  CoC,7.961801244068792,Arkansas Balance of State CoC,Largely Rural CoC,Sheltered-Only Count,05,37720,2898,4232,6532,8832,7498,5934,1794,12282,25162,92,0,0,184,0,0,37306,414,368,2760,0,11638,0,2760,5980,5290,32430,2760,92,15548,12512,3036,0,22172,30728,25944,4784,0,0,0,9200,1306808,1765207344,78671757563,0.9130434782608695,0.2608695652173913,0.9719889628822558,0.4116175227851567,0.2214954300033647,0.17727919559941552,1.6610891131464984e-5,42003.5,2251.9565217391305,0.4575476211304348,0.002304548287497649,0.1785083598610777,0.05153782417931632,0.05157138246054509,0.47406045872766156,NA,0.001157782868189512,0.22659105232806886,0.18494606705606867,159291,4242134,5152693,2960000,0,0,118057081,0,0.026162127,4546260,0,0.388035804,0,0.19505796,0.337877645,40884253,44009394,37693137,139647162,"list(c(-93.4905579999517, -93.4817480001701, -93.3656439996708, -93.116328000237, -93.1044049998908, -93.0297109997628, -92.906944999612, -92.8861359995767, -92.678382000329, -92.6686539995824, -92.6850660000958, -92.793189000372, -92.8080280002919, -92.8753939997333, -92.979977999585, -92.9693169998796, -93.0751780001646, -93.0740110003074, -92.8298140004158, -92.7538910002694, -92.6464770003133, -92.4735469998941, -92.2298860004385, -92.2271700001953, -92.1215399997711, -92.0499970001614, -91.8690000000499, 
-91.5840050001306, -91.4652689996645, -91.3637510000086, -91.374795000289, -91.4478880003309, -91.3778200003927, -91.2916089997555, -91.1819099996467, -91.0729139995814, -91.0836740002549, -90.9557709997318, -90.8360990001687, -90.8336289995786, -90.7651300000494, -90.586231999607, -90.5939199998081, -90.4484230000214, -90.4765840000515, -90.2578580002465, -90.3083609999601, -90.2067769999586, -90.1673579996719, -90.0896669998322, -90.0761600001838, -90.1552640004332, -90.080872999889, -90.05432200036, 
-90.0415630001323, -90.0026679997284, -90.0398759996776, -89.9422470003987, -89.9085749998363, -89.9588950001041, -89.7989500004421, -89.7163520000447, -89.7330559996346, -90.3778999997851, -90.2199650001846, -90.0837949997394, -90.0636980001626, -90.135975000346, -90.1523069998681, -91.12652200039, -92.3747370001124, -93.2931739995804, -93.3008199996432, -93.4457399998011, -93.4507879996664, -93.5236459996631, -93.5191849998878, -93.6958560001543, -93.7100429996847, -93.4941429997996, -93.2782150004219, 
-93.2799290003231, -93.4570220002651, -93.5297359999164, -93.7068429996047, -93.709984999708, -93.8699320003615, -93.9302139995764, -93.935435000225, -94.2546619995516, -94.2437879999162, -94.4703309995759, -94.4859030000234, -94.3867859995742, -94.1433739999101, -94.0433129999949, -94.0430149997424, -93.4905579999517, 33.0186690000743, 33.2600650002996, 33.4444910002595, 33.4529219996506, 33.7770930003417, 33.7701219999304, 33.8119350000003, 34.1556990004086, 34.1496450000168, 34.4145040003594, 
34.4731020001572, 34.5035729996943, 34.5904060002368, 34.6351959999955, 34.6372490002412, 34.7722630004372, 34.7718920004156, 34.8581990000839, 34.8553469998642, 34.9115790002707, 34.9392290001183, 34.9469999996503, 34.9275169996099, 35.0145949997595, 35.0122040001146, 35.0670949998344, 35.0240569999307, 35.0915839996019, 35.0894570004403, 35.0518839998468, 34.6659889999924, 34.6091349996805, 34.5634799996024, 34.561762000416, 34.450338999945, 34.2962549998684, 34.1458050001007, 34.1187129999051, 
34.1378759995778, 34.2740740004148, 34.3425109997829, 34.4091719999878, 34.4841760000224, 34.7391169998497, 34.7940040002844, 34.8933850003176, 34.9956939995785, 35.0260130001998, 35.1235850004475, 35.1180529998461, 35.2214770001635, 35.258981000273, 35.3860049998309, 35.3892769996339, 35.396620000113, 35.4299850000078, 35.547417999741, 35.5571430003492, 35.6517359999165, 35.7235300003093, 35.7593560003792, 35.9070590002727, 36.0008089996357, 35.9957449999318, 36.1847269995515, 36.2719380004384, 
36.3841850002376, 36.4133339999642, 36.4979819995697, 36.4976650002396, 36.4973019996876, 36.4984329996832, 36.1215499999326, 36.0807869997203, 35.9674970003863, 35.8815140003709, 35.7634870002249, 35.7686200004127, 35.3752100002414, 35.3960800003917, 35.3124360003212, 35.2125559997596, 35.2157820001393, 35.1455020003171, 35.134885999989, 34.745977999685, 34.7125169998597, 34.6660490000614, 34.3502329997532, 34.355791999801, 34.1924999995754, 34.1901829997457, 33.6378579997469, 33.5451230004262, 
33.5655930001169, 33.5515839998018, 33.019262000441, 33.0186690000743))"
AR,Arkansas,10.846118737143533,AR-505,Southeast Arkansas CoC,2.909549813715986,Southeast Arkansas CoC,Largely Rural CoC,Sheltered and Unsheltered Count,05,1530,45,120,420,375,240,210,120,750,780,0,0,0,0,0,0,1530,0,0,390,0,1110,0,15,0,105,1425,0,0,1050,825,225,0,480,1770,1425,345,0,0,180,0,295073,732358066,29186720267,0.9333333333333333,0.3333333333333333,0.9809441070123731,0.4268903104949826,0.4255963778653519,0.19594696672849768,1.0109837532298024e-5,42921.53333333333,1812.8666666666666,0.4124288928666667,0.005839289317813742,0.22652924939798041,0.048936577652387715,0.06597184493985894,0.5024485467238073,7.080979734641936e-4,0.0014504884352075588,0.22261270927205812,0.18414426274198925,455960,1315613,1345460,0,0,0,24853266,510971,0.009781941,396328,0,0.088208254,0,0.086394287,0.087901731,8801598,7888055,17180760,37894745,"list(c(-92.7247399995513, -92.0449630000424, -91.1660949996844, -91.0860170003842, -91.1279660004306, -91.1327459996281, -91.2284409996524, -91.2116780000396, -91.0186289999284, -91.0906580003664, -90.893284999603, -90.9557709997318, -91.0836740002549, -91.0729139995814, -91.1819099996467, -91.2916089997555, -91.3778200003927, -91.5944289996986, -91.5955829998555, -92.4033720004174, -92.4046799995823, -92.5894690000942, -92.6686539995824, -92.678382000329, -92.8861359995767, -92.906944999612, -93.0297109997628, 
-93.1044049998908, -93.116328000237, -93.3656439996708, -93.4817480001701, -93.4905579999517, -92.7247399995513, 33.0143899996988, 33.0077510002085, 33.0042909998298, 33.1362809999682, 33.2684710003364, 33.4296219998554, 33.5669380000887, 33.656790999605, 33.9419079997544, 33.9887299996898, 34.0265839997518, 34.1187129999051, 34.1458050001007, 34.2962549998684, 34.450338999945, 34.561762000416, 34.5634799996024, 34.5680499999076, 34.4805269999212, 34.4957070002779, 34.4519159998236, 34.4555769995789, 
34.4145040003594, 34.1496450000168, 34.1556990004086, 33.8119350000003, 33.7701219999304, 33.7770930003417, 33.4529219996506, 33.4444910002595, 33.2600650002996, 33.0186690000743, 33.0143899996988))"
AR,Arkansas,5.759006409626965,AR-508,Fort Smith CoC,1.0907071044507732,Fort Smith CoC,Largely Rural CoC,Sheltered and Unsheltered Count,05,2598,282,54,468,648,468,534,144,1068,1506,18,6,0,0,0,0,2430,168,96,336,0,1716,36,240,720,384,2214,42,0,1620,1206,414,0,978,1848,1536,312,0,48,0,240,260460,171156490,10862975929,0.8333333333333334,0,0.937103389764079,0.5384378584805344,0.22228749150234584,0.17787423692363896,2.3976855118004193e-5,43395,3250,0.4567938621666667,0.0027432784392198884,0.12180925197727675,0.04748195894598786,0.04500166031543423,0.45183137525563616,0.002009538163714198,0.0010135914049642938,0.23743761056868615,0.17527067479358058,50000,1661982,0,0,0,0,21290451,941280,0,0,0,0.035170352,0,0.011001318,0.018732239,3841013,3670343,11264809,21429427,"list(c(-94.4703309995759, -94.2437879999162, -94.2546619995516, -93.935435000225, -93.9302139995764, -93.8699320003615, -93.709984999708, -93.7068429996047, -93.5297359999164, -93.4570220002651, -93.2799290003231, -93.2782150004219, -93.4941429997996, -93.7100429996847, -93.6958560001543, -93.9105849999977, -94.124926999981, -94.4931369999725, -94.4343759998525, -94.4574740002249, -94.4703309995759, 34.1901829997457, 34.1924999995754, 34.355791999801, 34.3502329997532, 34.6660490000614, 34.7125169998597, 
34.745977999685, 35.134885999989, 35.1455020003171, 35.2157820001393, 35.2125559997596, 35.3124360003212, 35.3960800003917, 35.3752100002414, 35.7686200004127, 35.774297999653, 35.7503270003908, 35.7592469998492, 35.3874309999408, 34.6347799996973, 34.1901829997457))"
AZ,Arizona,33.59718740906972,AZ-500,Arizona Balance of State CoC,24.321552460594575,Arizona Balance of State CoC,Largely Rural CoC,Sheltered and Unsheltered Count,04,41080,5018,2080,6266,7839,7748,7787,4342,15418,25311,143,130,0,26,39,13,32110,8970,156,2353,65,27521,286,4849,11791,8931,32149,1391,143,15938,12506,3172,260,25142,21372,17251,3835,286,1625,22464,7943,1722809,786754409,246734164025,0.6923076923076923,0.15384615384615385,0.9891535794422516,0.6601601631623354,0.4513727288308739,0.16678435254697416,6.982450147541946e-6,49517.92307692308,2787.230769230769,0.3938939452307692,0.006130891209958775,0.21661065785582978,0.0389506788049511,0.03530721151916434,0.47102087345747784,0.004351417142929948,9.873410016705277e-4,0.21608025030109665,0.223929640574456,0,8908809,1230648,0,0,0,79095973,2010983,0.001719749,0,154171,0.025379638,643013,0.010583769,0.008392146,6573310,4962837,14587709,39071480,"list(c(-111.366371999968, -111.074980000027, -110.458607999859, -109.676271364532, -109.050033161201, -109.049047999765, -109.047830000254, -109.04710400005, -109.046767999843, -109.0459479998, -109.045784000331, -109.045171999988, -109.624319000322, -110.469733000278, -111.150576000382, -112.00073499972, -112.75076100032, -114.0500520001, -114.050353999637, -114.043943999916, -114.15339999961, -114.243865000369, -114.370180999653, -114.627078999796, -114.754508000044, -114.708111999969, -114.689000999996, 
-114.653927000431, -114.678891999666, -114.595163000172, -114.569528999764, -114.633487000325, -114.628276000137, -114.471620000163, -114.435670999817, -114.339626999886, -114.138282000314, -114.254141000307, -114.435429000348, -114.438265999876, -114.534146000338, -114.496489000367, -114.524215000122, -114.627125000119, -114.7200649999, -114.677032000227, -114.7078959999, -114.670802999858, -114.506361999706, -114.462928999574, -114.526855999605, -114.719496999787, -114.782724999959, -114.813667503253, 
-114.250763709677, -113.333766999647, -113.333894000108, -113.335048000265, -113.333750999809, -112.785014999842, -112.341875999678, -112.241370999972, -112.164354999783, -111.726277000083, -111.466531999952, -111.45090399962, -111.37231699983, -111.386812000074, -111.261730000139, -111.153353999887, -111.039905000415, -111.580633999859, -111.58263100022, -112.081946000008, -112.191608000209, -112.203480000002, -112.203624000347, -111.287221000249, -111.114648000105, -111.09745200031, -111.080511999729, 
-110.45152200044, -110.452300000345, -111.164183000145, -111.163717000239, -111.36692200015, -111.366371999968, 31.4260609997154, 31.3323419999834, 31.3328780004194, 31.3340219416593, 31.3324060335117, 31.9209169998197, 32.6902690004141, 33.604095000384, 34.209308000364, 35.2063990000139, 36.3149180003655, 36.9989770003883, 36.998245999953, 36.9976569997708, 37.0009499996428, 37.0009590000578, 37.0004829996907, 37.0001909997149, 36.8431409995575, 36.1933499997028, 36.0231700001954, 36.015265999926, 
36.142623999598, 36.1407610000202, 36.0861709997919, 35.9099329997082, 35.6502800002219, 35.6117389999549, 35.5012759996877, 35.3218829998007, 35.1623169996299, 35.0018569996009, 34.8635959998555, 34.712965999881, 34.5938410003619, 34.4514350001252, 34.3032299995649, 34.1738300001545, 34.0797269998013, 34.0226089999055, 33.9251870002799, 33.696901000281, 33.5530679998884, 33.4335540004168, 33.40789099957, 33.2701690003991, 33.0974309998408, 33.0379830004152, 33.0174030001484, 32.9079440003154, 32.7570940000881, 
32.7187390003047, 32.6243359996067, 32.4942000678789, 32.3239051431079, 32.0389270000811, 32.5051879999263, 33.3774689995947, 34.0000389996002, 34.0108720000428, 33.8989580003115, 33.9405269999211, 34.0481650003146, 34.0000449998769, 34.0059430002693, 33.9198770000236, 33.8239239997928, 33.7500440003304, 33.6225709998518, 33.677605999917, 33.4661039996, 33.4657999999701, 33.2054079996795, 33.2046859996592, 33.2646979999128, 32.9420740004148, 32.5067209995745, 32.5015799999171, 32.5113049996261, 32.51132200041, 
32.5113400003408, 32.5139949995696, 31.7312189995573, 31.7258900002234, 31.5217240000626, 31.5213610004099, 31.4260609997154))"
AZ,Arizona,8.86159956774335,AZ-501,Tucson/Pima County CoC,2.2440059410277216,Tucson/Pima County CoC,Major City CoC,Sheltered and Unsheltered Count,04,2142,194,167,433,543,356,317,132,685,1424,8,8,9,1,1,6,1333,809,9,248,4,1163,14,181,798,321,1821,140,17,861,660,185,16,1281,1051,742,290,19,0,1468,374,1038476,5112015,23798578892,0,0,0.957756481,0.911580331,0.488535123,0.159437086,4.3636050905085276e-5,55023,16398,0.510438505,0.002961488,0.112888463,0.010864872,0.018154893,0.446072899,0.003285669,0.001245094,0.208345691,0.197712802,20728807,16296071,4399125,0,0,0,100000000,7664604,6.17251e-4,590651,1450679,0.004577862,3393984,0.001099688,0.001614866,15865504,7199208,8387861,85976494,"list(c(-111.366371999968, -111.36692200015, -111.163717000239, -111.164183000145, -110.452300000345, -110.45152200044, -111.080511999729, -111.035207999649, -111.086529000213, -111.276558999598, -111.287221000249, -112.203624000347, -113.333894000108, -113.333766999647, -112.420300000045, -111.366371999968, 31.4260609997154, 31.5213610004099, 31.5217240000626, 31.7258900002234, 31.7312189995573, 32.5139949995696, 32.5113400003408, 32.4346570002205, 32.3580039996849, 32.3931889998725, 32.5015799999171, 
32.5067209995745, 32.5051879999263, 32.0389270000811, 31.7579090001003, 31.4260609997154))"
AZ,Arizona,8.610745482154112,AZ-502,"Phoenix, Mesa/Maricopa County CoC",2.32166736056019,"Phoenix, Mesa/Maricopa County CoC",Major City CoC,Sheltered and Unsheltered Count,04,9435,1324,690,1874,2024,1561,1383,579,3413,5954,30,13,19,0,5,1,6880,2555,58,2707,29,4577,69,440,2135,2089,7346,574,21,5359,4174,1151,34,4076,6189,4898,1246,45,1145,6164,1663,4412779,62124304,23833110968,0,0,0.866974996,0.9769534139999999,0.454448546,0.127186641,1.8515329391638824e-4,67799,37785,0.474288515,0.0029478,0.095757356,0.006360002,0.011625932,0.400174131,0.005028472,7.4035e-4,0.238175988,0.152080129,75018464,65777807,10865494,0,0,0,361000000,26797655,2.27748e-4,3672544,4747996,0.002621251,11385347,0.001422006,3.81846e-4,17469390,10643392,108000000,334378089,"list(c(-113.333894000108, -112.203624000347, -112.203480000002, -112.191608000209, -112.081946000008, -111.58263100022, -111.580633999859, -111.039905000415, -111.153353999887, -111.261730000139, -111.386812000074, -111.37231699983, -111.45090399962, -111.466531999952, -111.726277000083, -112.164354999783, -112.241370999972, -112.341875999678, -112.785014999842, -113.333750999809, -113.335048000265, -113.333894000108, 32.5051879999263, 32.5067209995745, 32.9420740004148, 33.2646979999128, 33.2046859996592, 
33.2054079996795, 33.4657999999701, 33.4661039996, 33.677605999917, 33.6225709998518, 33.7500440003304, 33.8239239997928, 33.9198770000236, 34.0059430002693, 34.0000449998769, 34.0481650003146, 33.9405269999211, 33.8989580003115, 34.0108720000428, 34.0000389996002, 33.3774689995947, 32.5051879999263))"
CA,California,3.8783255332147495,CA-500,San Jose/Santa Clara City & County CoC,0.34146281287005387,San Jose/Santa Clara City & County CoC,Major City CoC,Sheltered-Only Count,06,10394,868,1074,1432,2035,2362,1705,918,3776,6414,105,65,13,21,0,0,5747,4647,162,402,4,1577,42,450,4137,1375,9019,772,49,2993,2691,298,4,7401,3337,2938,379,20,1964,5000,1675,1924379,33595850,3343892723,0,0,0.756275338,0.986811165,0.693592582,0.07170164100000001,5.754906509900018e-4,130890,60144,0.452764679,0.007237365999999999,0.050205114,0.004797457,0.012876441,0.347590573,0.003290326,0.0013001600000000003,0.219285286,0.135102285,63175580,27843185,6260420,0,0,0,965000000,10874827,1.04449e-4,1225786,1490412,0.008933791,4776371,0.002799864,0,38565,17262,169000000,284702408,"list(c(-121.581353999587, -121.488949000196, -121.418245999753, -121.215405999587, -121.245988999792, -121.226804000005, -121.404635999851, -121.454008999616, -121.412548999637, -121.472648000305, -121.865266999972, -121.946988484231, -121.946506041121, -121.947331361553, -121.947628467879, -121.948306597172, -121.951903329575, -121.95192340604, -121.954112859521, -121.954585822877, -122.115833004889, -122.190402000152, -122.192162000376, -122.15227800023, -122.026107000438, -121.75760000004, -121.698128999554, 
-121.581353999587, 36.8991519996651, 36.9831479997804, 36.9605489999365, 36.9612479997954, 37.0255750002861, 37.1347739998203, 37.1559889996926, 37.2840500003073, 37.3894350002251, 37.4821700004452, 37.4846369999976, 37.4663656943214, 37.4652029284724, 37.4623758008026, 37.4621443467842, 37.4617800017458, 37.4614603152414, 37.4614615697957, 37.4621130269946, 37.4622589761709, 37.4657900571655, 37.431471999833, 37.3190940002879, 37.2860550001382, 37.1668099995819, 37.0496299998247, 36.9726050001207, 
36.8991519996651))"
CA,California,1.2804085949310948,CA-501,San Francisco CoC,0.01255900880207359,San Francisco CoC,Major City CoC,Sheltered and Unsheltered Count,06,8323,618,1137,1676,2201,1435,850,406,2700,4878,208,199,167,31,79,61,5500,2823,373,2104,102,3061,242,587,2989,1103,7220,1118,39,3969,3644,325,0,4354,4370,3922,448,0,9253,5758,1372,874784,479608103,121045788,0,0,0.004485862,1,0.601674242,0.101188008,0.007226885085832148,119136,237819,0.367147478,0.009598471,0.091497267,0.028250458,0.046859987,0.4556702,0.003709054,0.001297463,0.134162262,0.157932701,97023019,37040938,18428488,0,0,0,799000000,10832928,0.001172861,2773389,3190089,0.014764788,23459597,0.009067381,3.78379e-4,19243063,15686934,445000000,672678445,"list(c(-122.502829378373, -122.393369206723, -122.41046173592, -122.51354984395, -122.502829378373, 37.7081330003377, 37.7082684697141, 37.8093650353682, 37.7823380192842, 37.7081330003377))"
CA,California,3.84988097833822,CA-502,"Oakland, Berkeley/Alameda County CoC",0.19673770727761153,"Oakland, Berkeley/Alameda County CoC",Major City CoC,Sheltered and Unsheltered Count,06,9450,425,429,1696,2439,2069,1733,659,2897,6298,33,31,114,34,9,34,7321,2129,453,3912,46,2810,129,524,3832,699,8751,397,30,3107,2271,825,11,6343,3472,2440,1018,14,166,5129,1196,1661584,216909647,1910010507,0,0,0.624743382,0.9950943709999999,0.693916769,0.09298946500000001,8.699344814651326e-4,104888,54445,0.483595357,0.006118561,0.053804516,0.007768664,0.015814661,0.364571999,0.002880533,0.001210893,0.205581541,0.139135909,80630064,37560159,13444959,0,0,0,1140000000,14410179,6.27714e-4,3666124,2447697,0.013076077,8675629,0.003617632,9.47891e-4,22979771,12678933,272000000,468493515,"list(c(-121.946988484231, -121.865266999972, -121.472648000305, -121.471925000239, -121.556655000028, -121.556996999612, -121.960039999746, -122.045472999579, -122.140698000412, -122.264027000446, -122.312868618692, -122.243412828639, -122.251118891723, -122.162364868244, -122.105495906811, -121.946988484231, 37.4663656943214, 37.4846369999976, 37.4821700004452, 37.4817829996857, 37.5427319999819, 37.8164879996215, 37.718530999606, 37.7981260000149, 37.8047169999896, 37.903775000416, 37.8973435950309, 
37.7837559956428, 37.7242470707458, 37.6699301082879, 37.4992300560223, 37.4663656943214))"
CA,California,3.2662421190857938,CA-503,Sacramento City & County CoC,0.26577746819804327,Sacramento City & County CoC,Major City CoC,Sheltered and Unsheltered Count,06,6615,665,438,1181,1693,1331,997,310,2249,4037,8,23,107,13,4,174,5626,989,141,2293,27,3030,76,318,1574,1080,5535,360,54,2671,2174,497,0,3944,3261,2490,771,0,657,4323,930,1537948,75323438,2500063008,0,0,0.669979765,0.9760077729999999,0.563076905,0.138526181,6.151636959063393e-4,70684,35813,0.545999775,0.003528645,0.044329361,0.00435666,0.014120744,0.37251974699999996,0.002108767,0.001030594,0.23658277100000003,0.140784344,59232328,25120609,1881571,0,0,0,324000000,12959543,8.06269e-5,1061848,1822443,0.007327296,14902784,0.003004653,0.00125882,19846715,20342645,65079025,222249511,"list(c(-121.580022000215, -121.470957999712, -121.344023999808, -121.027083999827, -121.027507000448, -121.141594999709, -121.484395999776, -121.602894000058, -121.630445999883, -121.558267999768, -121.551782000139, -121.502981999819, -121.521640999632, -121.593272999749, -121.61541300001, -121.713925999585, -121.862462000121, -121.737823999978, -121.66186499997, -121.580022000215, 38.0944140000062, 38.2599019998775, 38.2282600002988, 38.3002519999299, 38.508291999776, 38.7119390002847, 38.7345980001976, 
38.7358379998239, 38.697570999602, 38.6082040000147, 38.513861000285, 38.440717999736, 38.3601039999996, 38.3130890001573, 38.1956959995708, 38.0845419998135, 38.0660299995849, 38.0266300001744, 38.0956179997709, 38.0944140000062))"
CA,California,4.159656412550671,CA-504,"Santa Rosa, Petaluma/Sonoma County CoC",0.42527455544749376,"Santa Rosa, Petaluma/Sonoma County CoC",Other Largely Urban CoC,Sheltered and Unsheltered Count,06,2522,131,150,359,528,526,524,304,923,1565,9,4,8,1,4,8,1749,773,63,208,15,1347,34,162,606,198,2324,151,5,945,748,197,0,1577,1244,1001,243,0,152,1518,410,496801,497303747,4080091725,0,0,0.915584243,0.863677554,0.37478588,0.087967235,1.2176221356886285e-4,86173,14586,0.546872965,0.004307836,0.08494028999999999,0.010731339,0.019467501,0.415655363,0.002424886,0.001501607,0.196458944,0.196177141,7520447,6790369,3501637,0,0,0,141000000,3311548,6.58211e-4,222478,306553,0.008796279,1000007,0.002504021,0,0,0,30074167,52727206,"list(c(-122.406785999874, -122.350391000045, -122.457376000002, -122.479834999685, -122.646609999552, -122.626772000228, -122.821592000171, -123.080996999912, -123.136253000276, -123.368393999983, -123.533461382437, -123.369148512294, -123.130990663189, -123.002924662343, -122.901726000255, -122.739900000185, -122.578200999676, -122.488065488032, -122.398580197018, -122.406785999874, 38.1556320001168, 38.2005519995752, 38.3678629998776, 38.4512719999029, 38.5991129998651, 38.6707799997972, 38.8501399999611, 
38.8524379998139, 38.8091360003262, 38.8066400003358, 38.7684018656536, 38.602936070943, 38.4524800726973, 38.2957081761915, 38.3169429998196, 38.2070180000807, 38.1835830003552, 38.1089683573039, 38.1434553109139, 38.1556320001168))"
CA,California,3.0740068037944295,CA-505,Contra Costa County CoC,0.2013362142888897,Contra Costa County CoC,Largely Suburban CoC,Sheltered and Unsheltered Count,06,2843,190,210,345,641,618,608,231,1092,1721,18,6,2,0,0,4,2240,603,30,949,5,1203,29,146,1627,328,2515,155,16,884,685,199,0,1959,1036,763,273,0,422,1569,344,1147788,225364427,1856752855,0,0,0.575352948,0.989998516,0.573845519,0.081718082,6.181695086177745e-4,103997,26193,0.524506486,0.003991976,0.040398297,0.006483291,0.012884667,0.361623401,0.001983773,7.66692e-4,0.226689075,0.158198204,30354767,16087852,11217632,0,0,0,440000000,7744635,6.49075e-4,619754,797277,0.008042426,0,0.002226892,0.00118663,18163703,10711996,97264487,192962103,"list(c(-122.312868618692, -122.264027000446, -122.140698000412, -122.045472999579, -121.960039999746, -121.556996999612, -121.580022000215, -121.66186499997, -121.737823999978, -121.862462000121, -122.123972999854, -122.265342130335, -122.409126792168, -122.312868618692, 37.8973435950309, 37.903775000416, 37.8047169999896, 37.7981260000149, 37.718530999606, 37.8164879996215, 38.0944140000062, 38.0956179997709, 38.0266300001744, 38.0660299995849, 38.0357170001395, 38.0599189947658, 37.9319190230445, 
37.8973435950309))"
CA,California,6.19034181452961,CA-506,"Salinas/Monterey, San Benito Counties CoC",1.223107933286379,"Salinas/Monterey, San Benito Counties CoC",Largely Rural CoC,Sheltered and Unsheltered Count,06,6114,518,532,1122,1310,1232,1084,316,2238,3730,78,26,2,12,0,28,2572,3542,194,622,70,2000,104,334,2198,870,5244,514,6,1356,1066,290,0,4758,1750,1354,396,0,0,988,240,494524,1272526150,12096200782,0,0,0.9762988809039116,0.8469107153846588,0.7003199033150281,0.11700144848157219,4.0882588584002886e-5,81375.5,9530.5,0.521366719,0.017454556455516298,0.09143832469868692,0.0067224092470395775,0.008171345628181849,0.3258183625735333,0.001633834212592311,0.0012658633674563825,0.2612492014537677,0.1352270064279004,8480231,7689032,0,0,0,0,148000000,1723248,0,931216,361167,0.012641185,0,0.00293705,0,0,0,11628573,30813467,"list(c(-121.348020778536, -120.213978999631, -120.315068000188, -120.648784000381, -120.626909999797, -120.681837000277, -120.596561999637, -120.603705999932, -120.918730999736, -121.141522999986, -121.215405999587, -121.418245999753, -121.488949000196, -121.581353999587, -121.745287999741, -121.810903085709, -121.788581936807, -121.816102029585, -121.87263707634, -121.970995016607, -121.894297997854, -121.836094098064, -121.720859089975, -121.633656105645, -121.573512069626, -121.511216126823, -121.46240420509, 
-121.348020778536, 35.7951903605468, 35.7892759996877, 35.9071859998341, 36.1079899996388, 36.203227000126, 36.2510460001728, 36.3284880002211, 36.4882420000683, 36.740381000183, 36.8366559999745, 36.9612479997954, 36.9605489999365, 36.9831479997804, 36.8991519996651, 36.9093410000871, 36.8505518125162, 36.8041910101071, 36.677087032041, 36.6039501918479, 36.5699401559135, 36.3443050722213, 36.2494800844384, 36.1973852181533, 36.1213271344398, 36.0235371214411, 36.0064491113375, 35.8859091329002, 
35.7951903605468))"
CA,California,4.130161556249691,CA-507,Marin County CoC,0.13975034917823503,Marin County CoC,Largely Suburban CoC,Sheltered and Unsheltered Count,06,1090,111,124,201,211,190,181,72,411,660,5,5,2,2,2,3,774,316,36,200,11,515,19,44,217,204,886,108,3,302,186,116,0,788,312,205,107,0,248,751,176,259441,797077336,1347890152,0,0,0.836484426,0.939871379,0.293639016,0.069035077,1.9247933491838435e-4,121671,21252,0.505370157,0.002793136,0.066052939,0.007701279,0.018135845,0.432926947,9.36676e-4,0.001746062,0.200330711,0.222917735,10112769,3219742,2035011,0,0,0,127000000,1701123,2.35121e-4,1465634,0,0.008263921,0,0.00275978,0.001904094,8812731,3310742,51222280,81880032,"list(list(c(-122.420379949575, -122.418675777465, -122.41878307378, -122.419862242249, -122.420379949575, 37.8634257036334, 37.852528439436, 37.8534313533743, 37.8603054347481, 37.8634257036334)), list(c(-122.527740679089, -122.527141586715, -122.526184018278, -122.52617671938, -122.525364258354, -122.525052416636, -122.524558496377, -122.524082997832, -122.523825620856, -122.523675005097, -122.52304239589, -122.519597985259, -122.516782213328, -122.51671524801, -122.515935057357, -122.512543154543, 
-122.512379219825, -122.507303219568, -122.504198338982, -122.503960301926, -122.502817839172, -122.501767000247, -122.499919423143, -122.499536478326, -122.499126896489, -122.499796698059, -122.495526838393, -122.492400894785, -122.492085809213, -122.483823135929, -122.482801902686, -122.480159056895, -122.478232017494, -122.478555355245, -122.478657479559, -122.478610967522, -122.478517375976, -122.477947132954, -122.477428757431, -122.477978421267, -122.476665893116, -122.475695929324, -122.49424173237, 
-122.488065488032, -122.578200999676, -122.739900000185, -122.901726000255, -123.002924662343, -122.953231586668, -122.93156168992, -122.782440660608, -122.562164715229, -122.529120041257, -122.528636710516, -122.527740679089, 37.8152037920215, 37.8209566022654, 37.8211414776971, 37.8211424516629, 37.8224237796338, 37.8224549717196, 37.8231428667499, 37.8238561145681, 37.8243153147001, 37.824616625357, 37.8248600547478, 37.8251003751822, 37.8247299777063, 37.8247713743995, 37.8252939317696, 37.8245667183794, 
37.8245315710752, 37.8235005181344, 37.8210570682292, 37.8210777769179, 37.8209349501878, 37.8211313306464, 37.8198666536232, 37.8198742555925, 37.8201301729692, 37.8216806950081, 37.8224155724208, 37.8249139637085, 37.825306803766, 37.8266592195474, 37.8256700552289, 37.8256337558932, 37.8256770510551, 37.8273795441307, 37.8294422120885, 37.8299797332781, 37.830496118601, 37.8312795189347, 37.8322087191571, 37.8330696086755, 37.8335373370785, 37.8336369999477, 37.921732981392, 38.1089683573039, 
38.1835830003552, 38.2070180000807, 38.3169429998196, 38.2957081761915, 38.2313110690507, 38.0355861388893, 37.9509369971448, 37.851920012099, 37.8153420070281, 37.8154024855363, 37.8152037920215)))"
CA,California,2.3612713710872892,CA-508,Watsonville/Santa Cruz City & County CoC,0.11719582703931077,Watsonville/Santa Cruz City & County CoC,Largely Suburban CoC,Sheltered and Unsheltered Count,06,1850,96,208,316,471,278,294,187,608,1187,15,10,16,9,5,0,1106,744,48,99,9,1023,15,72,710,171,1679,194,5,365,300,65,0,1485,430,338,92,0,1132,650,444,273170,419720203,1152818088,0,0,0.833099563,0.867068349,0.43109053,0.119132842,2.3695846104732527e-4,89986,14985,0.55476343,0.01012724,0.09019174299999999,0.006860772,0.015044557,0.387374163,0.001178273,0.001039646,0.19140462,0.164414101,10071253,2521827,4051983,0,0,0,233000000,914269,1.31786e-4,1127583,0,0.01638174,0,0.004118315,0,0,0,41976489,60663404,"list(c(-121.810903085709, -121.745287999741, -121.581353999587, -121.698128999554, -121.75760000004, -122.026107000438, -122.15227800023, -122.15277399972, -122.317681999824, -122.293129663503, -122.222564976992, -122.106508990398, -121.861906960138, -121.810903085709, 36.8505518125162, 36.9093410000871, 36.8991519996651, 36.9726050001207, 37.0496299998247, 37.1668099995819, 37.2860550001382, 37.2154440003404, 37.1869450000118, 37.1070749239686, 37.0248870288134, 36.9565771180396, 36.9310451241332, 
36.8505518125162))"
CA,California,6.296768785597281,CA-509,Mendocino County CoC,0.9517253922477208,Mendocino County CoC,Largely Rural CoC,Sheltered and Unsheltered Count,06,774,51,62,104,194,181,121,61,275,471,7,2,19,0,0,0,719,55,0,7,0,438,4,19,154,92,682,54,8,222,147,75,0,552,257,140,117,0,56,594,7,87110,961786019,9082586851,1,0,0.992193636,0.515354636,0.358891057,0.162685852,9.590879936414714e-6,52915,3088,0.576468671,0.001697693,0.164163038,0.024563292,0.030092479000000002,0.469222822,0.001479471,0.001492366,0.21343129399999997,0.220801286,3820512,0,231767,0,0,0,18011911,0,2.52554e-4,113264,0,0.010136609,0,0.005131443,0,0,0,6244955,10410498,"list(c(-123.533461382437, -123.368393999983, -123.136253000276, -123.080996999912, -122.821592000171, -122.948865000419, -122.986640000436, -123.09301300005, -123.077811999624, -123.012710000266, -123.075114000211, -123.063181000303, -122.890309999907, -122.885351999695, -122.892676000197, -122.937653999632, -122.9340129999, -123.544562999583, -123.544458000137, -124.022824583388, -123.853611386556, -123.766969346258, -123.826523424317, -123.691181434176, -123.729915471222, -123.650982470764, -123.533461382437, 
38.7684018656536, 38.8066400003358, 38.8091360003262, 38.8524379998139, 38.8501399999611, 38.9002199999531, 38.9972830001104, 39.0719940001231, 39.1737910000547, 39.2361879996765, 39.4076829995709, 39.503538999825, 39.5290140000961, 39.5801080000842, 39.7088980001427, 39.7981560000994, 39.9781309998458, 39.9770149996426, 40.0019229998466, 40.001274618329, 39.8339900410077, 39.5648399462066, 39.3492100738858, 39.0512729897567, 38.9551160862384, 38.8524321056572, 38.7684018656536))"
CA,California,3.8472620032036025,CA-510,"Turlock, Modesto/Stanislaus County CoC",0.39988169459288286,"Turlock, Modesto/Stanislaus County CoC",Largely Suburban CoC,Sheltered and Unsheltered Count,06,2052,153,115,340,503,411,409,121,721,1308,1,10,9,1,0,2,1440,612,30,223,4,1045,26,79,554,265,1787,89,14,1072,880,192,0,980,1309,1076,233,0,424,730,124,546235,46378767,3875010966,1,0,0.931095825,0.918294814,0.59182037,0.134874681,1.4096347205021044e-4,62873,16696,0.520581042,0.006080331,0.040677352,0.007687707,0.017948957,0.333627468,8.83126e-4,0.001012385,0.271269692,0.13040175,8031286,9566756,859896,0,0,0,96909785,5382138,1.44626e-4,0,736162,0.007851932,0,0.001942387,0.001349236,4516050,5335204,13351412,47778904,"list(c(-121.226804000005, -120.972941000427, -120.983756000039, -120.38767000007, -120.655204999711, -120.926449000421, -120.922557999952, -121.155848999632, -121.471925000239, -121.472648000305, -121.412548999637, -121.454008999616, -121.404635999851, -121.226804000005, 37.1347739998203, 37.3384829995908, 37.3996399995864, 37.6333640003484, 37.8332599996493, 38.0774209996794, 37.7503100001065, 37.7198439999007, 37.4817829996857, 37.4821700004452, 37.3894350002251, 37.2840500003073, 37.1559889996926, 
37.1347739998203))"
CA,California,3.285739272916632,CA-511,Stockton/San Joaquin County CoC,0.37866836677759513,Stockton/San Joaquin County CoC,Largely Suburban CoC,Sheltered and Unsheltered Count,06,4732,313,303,664,1201,952,921,378,1798,2830,37,7,33,1,10,16,3092,1640,111,947,5,2027,89,249,1087,454,4278,305,13,1263,1044,219,0,3469,1772,1412,360,0,532,807,412,751615,89000661,3605878834,1,0,0.88327343,0.922486599,0.692852059,0.137065684,2.08441557412575e-4,68628,17094,0.541302613,0.004418154,0.057505955,0.007483930999999999,0.019437828,0.326220206,0.002832721,8.8077e-4,0.270976497,0.127657112,13403726,13279082,353301,0,0,0,106000000,6149545,2.2618e-4,0,1046148,0.005469556,0,0.001981067,0.001319825,10225241,9282693,44116564,97856300,"list(c(-121.471925000239, -121.155848999632, -120.922557999952, -120.926449000421, -121.027083999827, -121.344023999808, -121.470957999712, -121.580022000215, -121.556996999612, -121.556655000028, -121.471925000239, 37.4817829996857, 37.7198439999007, 37.7503100001065, 38.0774209996794, 38.3002519999299, 38.2282600002988, 38.2599019998775, 38.0944140000062, 37.8164879996215, 37.5427319999819, 37.4817829996857))"
CA,California,2.6831164876585936,CA-512,Daly City/San Mateo County CoC,0.12037925514700266,Daly City/San Mateo County CoC,Largely Suburban CoC,Sheltered and Unsheltered Count,06,2130,325,107,345,430,367,378,178,667,1432,21,0,10,0,0,0,952,1178,56,265,9,809,106,42,712,563,1567,71,17,985,837,148,0,1145,1112,954,158,0,671,1232,439,765623,757162988,1161882953,0,0,0.6855124320000001,0.982948347,0.614468217,0.061797546,6.589501963370315e-4,128091,48020,0.481168959,0.008133632,0.055263384,0.004419636,0.012218571,0.36409042,0.0015660490000000001,9.90043e-4,0.204760045,0.161720586,28293094,10942528,16449310,0,0,0,250000000,4446253,2.37715e-4,566182,455083,0.005554953,0,0.001910862,1.0449e-4,32885,826827,78602126,140614288,"list(c(-122.293129663503, -122.317681999824, -122.15277399972, -122.15227800023, -122.192162000376, -122.190402000152, -122.115833004889, -122.251748853327, -122.360271775822, -122.393369206723, -122.502829378373, -122.516710784675, -122.462465872302, -122.402778796204, -122.420830864253, -122.293129663503, 37.1070749239686, 37.1869450000118, 37.2154440003404, 37.2860550001382, 37.3190940002879, 37.431471999833, 37.4657900571655, 37.567537129435, 37.5919900708851, 37.7082684697141, 37.7081330003377, 
37.5216750262815, 37.4946680551867, 37.3615370788731, 37.2424040699919, 37.1070749239686))"
CA,California,6.526847974736651,CA-513,"Visalia/Kings, Tulare Counties CoC",1.6167735454629566,"Visalia/Kings, Tulare Counties CoC",Largely Suburban CoC,Sheltered and Unsheltered Count,06,3344,290,202,532,900,700,528,192,1246,2066,8,2,10,0,0,12,1712,1632,26,306,8,1604,22,164,936,464,2880,166,18,662,446,216,0,2682,924,626,298,0,838,630,376,615045,40425153,16096442781,1,0,0.9792374207823248,0.8218974222249023,0.7130811566788202,0.2034951671143331,3.820999511308113e-5,57045,8296.5,0.4821335875,0.006195219944069919,0.06976459921616858,0.014041611537505385,0.027541187821216336,0.31923842928401985,0.0026664141443552914,9.592794346755116e-4,0.2986773324399597,0.11119511546699835,6808716,6424443,1839537,0,0,0,64935366,1085767,3.44861e-4,0,0,0.008332871,0,0.002995358,0.003304098,6332957,7514382,10523191,40528993,"list(c(-120.194369000029, -119.010712999805, -118.008093999738, -117.982472999929, -118.127600999786, -118.100116000353, -118.248919999758, -118.360585999744, -118.982441000052, -118.984778999951, -119.304624999944, -119.305102000357, -119.46632200036, -119.666290000283, -119.959227000426, -119.959209999642, -120.315068000188, -120.213978999631, -120.194369000029, 35.7893630001024, 35.7907639999587, 35.7889350001502, 35.8957959997856, 36.2803479997604, 36.3288230003812, 36.4865349995906, 36.7447730003737, 
36.7416460000629, 36.657147000134, 36.6606059995673, 36.5737250004085, 36.5752380000337, 36.4189600004037, 36.4009750001961, 36.1814030000485, 35.9071859998341, 35.7892759996877, 35.7893630001024))"
CA,California,8.25326875202077,CA-514,Fresno City & County/Madera County CoC,2.137348700432081,Fresno City & County/Madera County CoC,Major City CoC,Sheltered-Only Count,06,8610,538,368,1386,1976,2148,1636,558,2930,5624,24,6,14,12,0,0,4964,3646,98,572,2,1538,12,424,3402,894,7716,326,46,3094,2752,342,0,5516,3432,3062,370,0,108,2866,1198,1146129,178881729,20966730844,1,0,0.969436711822541,0.8501519453846347,0.7065967265423343,0.20549340623529552,5.466417289980069e-5,59516.5,13985.5,0.532491375,0.013253685767989286,0.07623288013962476,0.010889048507623489,0.024325713221229023,0.33489860200678456,0.0025801816833209874,9.440472642922394e-4,0.28284076220102977,0.12475646246135645,18151173,23277428,3971958,0,0,0,242101409,10074470,2.8176e-4,665847,1768159,0.01584294,2580393,0.003973033,0.002503046,11054479,9018589,40147565,120710061,"list(c(-120.315068000188, -119.959209999642, -119.959227000426, -119.666290000283, -119.46632200036, -119.305102000357, -119.304624999944, -118.984778999951, -118.982441000052, -118.360585999744, -118.36083100025, -118.422595000359, -118.503102999704, -118.654592999767, -118.716016000338, -118.786735999767, -118.759581000263, -118.850474000075, -118.917060000419, -119.002262000391, -119.124311999899, -119.268979000081, -119.308995000019, -119.583585000347, -119.584219999953, -119.651191000065, -119.761809000285, 
-120.052055000438, -120.227285999949, -120.476691999936, -120.918730999736, -120.603705999932, -120.596561999637, -120.681837000277, -120.626909999797, -120.648784000381, -120.315068000188, 35.9071859998341, 36.1814030000485, 36.4009750001961, 36.4189600004037, 36.5752380000337, 36.5737250004085, 36.6606059995673, 36.657147000134, 36.7416460000629, 36.7447730003737, 36.8877340001241, 37.024360000014, 37.0952209996495, 37.1418260003697, 37.3282079996995, 37.3433799996873, 37.4355730000939, 37.4757959996857, 
37.5503359999065, 37.5711369995729, 37.7339439999157, 37.7392299999646, 37.7779860002537, 37.5603349996605, 37.4946959998206, 37.4178320003466, 37.4171139996114, 37.1831080002341, 37.1633999997103, 37.0963899995988, 36.740381000183, 36.4882420000683, 36.3284880002211, 36.2510460001728, 36.203227000126, 36.1079899996388, 35.9071859998341))"
CA,California,4.363180797529639,CA-515,"Roseville, Rocklin/Placer County CoC",0.40493667602536904,"Roseville, Rocklin/Placer County CoC",Largely Suburban CoC,Sheltered and Unsheltered Count,06,702,70,33,100,142,153,132,72,266,424,7,4,0,0,0,1,606,96,14,45,3,499,8,45,261,115,587,29,0,336,238,98,0,366,354,251,103,0,20,180,86,391799,246435971,3644336873,0,0,0.903547375,0.854187513,0.284668925,0.071406144,1.0750899646592578e-4,93677,17901,0.518667323,6.79413e-4,0.122643498,0.00399198,0.013041672,0.423898479,0.00522907,0.001135786,0.222348704,0.195554353,3041566,1990082,1561398,0,0,0,23811123,0,6.76367e-4,0,0,0.0023558,0,0.001087292,0,0,0,7702097,14295143,"list(c(-120.004296999607, -120.006323000406, -120.645795000139, -120.727892999962, -120.966079999692, -121.041607999609, -121.279532999848, -121.41478700032, -121.46935599958, -121.484395999776, -121.141594999709, -121.052911000143, -120.934653000136, -120.73017399993, -120.572352000145, -120.470985000258, -120.435240000326, -120.184098000322, -120.143662999947, -120.002461000375, -120.004296999607, 39.1656030001784, 39.3164959996907, 39.3151549999034, 39.2880809996385, 39.1279280002771, 39.013790999655, 
39.034617999621, 38.9984180002905, 38.9259920004305, 38.7345980001976, 38.7119390002847, 38.9001440000456, 38.9637909997549, 39.0039580003615, 38.91440000006, 38.9655069997483, 39.0283969996219, 39.0310139997963, 39.067284999703, 39.0674890001173, 39.1656030001784))"
CA,California,17.297900036350438,CA-516,"Redding/Shasta, Siskiyou, Lassen, Plumas, Del Norte, Modoc, Sierra Counties CoC",6.575150684198642,"Redding/Shasta, Siskiyou, Lassen, Plumas, Del Norte, Modoc,
Sierra Counties CoC",Largely Rural CoC,Sheltered-Only Count,06,16828,1505,1134,2961,4074,3101,3073,980,6391,10311,42,49,21,14,0,0,16142,686,14,385,7,4655,49,1008,5222,2625,14203,959,63,6790,4137,2646,7,10038,10171,7980,2191,0,1659,987,1176,311670,2246917501,59715940471,0.42857142857142855,0,0.9880198989705138,0.49855215307216605,0.24228831763410336,0.15197495739855615,5.2192094362368294e-6,53154.28571428572,2011.4285714285713,0.49748907985714286,0.0018881124465063882,0.18673002804273062,0.016680369902544356,0.023925179935457376,0.48207719710158503,0.0014496314300317644,0.0014823373096736934,0.2045978117898739,0.21083838667901628,493988,1473559,5045460,5120000,0,0,48553275,908997,0.004701314,281942,0,0.042184676,0,0.024675515000000002,0.00509446,676799,750450,8679920,23431115,"list(c(-121.022085000422, -120.755729000293, -120.659016000088, -120.577188000126, -120.505445000286, -120.003772999724, -119.997902999724, -119.995975999892, -119.999874999831, -119.999233999949, -120.32638699966, -121.344911000242, -122.28974800037, -123.231112999565, -123.347451000064, -124.211592011962, -124.218133007832, -124.255769951122, -124.163719969001, -124.064701463202, -123.770550999729, -123.77023899973, -123.501170000395, -123.40829099983, -123.245221999995, -123.109076999804, -123.036807999989, 
-122.90152199984, -122.97338199968, -122.897066000296, -122.811341999634, -122.590808000089, -122.504253999822, -122.512261000345, -122.454016999785, -122.527752999801, -122.598527999967, -122.66983899967, -122.752022999862, -122.693099000319, -122.931267000072, -123.068788999912, -123.06542600041, -122.748607999759, -122.650262999838, -122.519987999646, -122.310412000014, -122.010315999784, -121.940988999842, -121.685679000086, -121.501080000242, -121.470394999829, -121.38182600017, -121.34899999995, 
-121.436885999589, -121.376488999568, -121.419480000002, -121.411936000146, -121.361205999857, -121.136715000397, -121.076694999774, -121.03439999996, -121.022085000422, 39.391557999702, 39.4526629999975, 39.5237940003929, 39.5231440000955, 39.4461170002994, 39.4450559999345, 39.9816359996017, 40.5705499997827, 40.9998939996084, 41.994943999566, 41.9925859996442, 41.9962139996764, 42.0080980000228, 42.0039429999695, 41.9992769997338, 41.9984597732, 41.8488188691955, 41.7829409914336, 41.7396449265722, 
41.4647544933252, 41.4641929998072, 41.3807760003122, 41.382567000167, 41.1799440001155, 41.0779870000001, 41.0754289998485, 41.0040580000767, 41.0146460000129, 41.1120739999152, 41.2010060001269, 41.2024510002136, 41.3259099999466, 41.3347100001664, 41.2264519999599, 41.1662930001219, 41.0143950001292, 40.9758470004388, 40.7735670000171, 40.6898819998544, 40.5807469996744, 40.4455570003553, 40.3322330003527, 40.2869710004114, 40.365694000178, 40.3286299996748, 40.3936750000013, 40.371063999604, 
40.4265580001517, 40.4153310004254, 40.453121000234, 40.4457460000779, 40.3502130003297, 40.340512999975, 40.2644539998523, 40.1519049996161, 40.1086260002897, 40.0157659997012, 39.8714209999792, 39.8554730001788, 39.6281689995997, 39.5972639998338, 39.5144359996218, 39.391557999702))"
CA,California,2.937320417165262,CA-517,Napa City & County CoC,0.2119362841831113,Napa City & County CoC,Other Largely Urban CoC,Sheltered and Unsheltered Count,06,414,25,15,66,108,79,88,33,140,242,0,32,0,0,0,0,278,136,4,13,1,279,4,16,211,45,369,11,0,211,184,27,0,203,266,230,36,0,143,90,97,138572,104444864,1947606240,0,0,0.955691003,0.852744912,0.481735127,0.075131219,7.114990553737392e-5,92219,14952,0.525621891,0.005094464,0.123872856,0.010498925,0.027629701,0.399351961,0.002030745,0.001407211,0.206066161,0.192030136,1604648,1188801,1113045,0,0,0,30785658,0,5.55668e-4,177892,0,0.007223682,0,0.002677309,0,0,0,7424941,11509327,"list(c(-122.406785999874, -122.195380000387, -122.206068000438, -122.064841999758, -122.126627999982, -122.104128000207, -122.137993999823, -122.219810000131, -122.287655000078, -122.395312000448, -122.375368999879, -122.464114999607, -122.626772000228, -122.646609999552, -122.479834999685, -122.457376000002, -122.350391000045, -122.406785999874, 38.1556320001168, 38.1550169996349, 38.3157749999164, 38.3159119999389, 38.4354509996639, 38.5133619997565, 38.6102659997761, 38.6961169999996, 38.8399749997465, 
38.8639940003229, 38.8264530003058, 38.7061339996844, 38.6707799997972, 38.5991129998651, 38.4512719999029, 38.3678629998776, 38.2005519995752, 38.1556320001168))"
CA,California,2.7838386147165295,CA-518,Vallejo/Solano County CoC,0.2371998664619687,Vallejo/Solano County CoC,Largely Suburban CoC,Sheltered and Unsheltered Count,06,1725,41,69,311,564,373,274,93,466,1191,0,5,38,12,2,11,1409,316,31,458,7,845,31,86,504,72,1653,63,4,289,169,120,0,1436,339,183,156,0,15,384,82,444538,218615209,2128287124,0,0,0.873296784,0.955436822,0.628094786,0.090827962,2.0887125378295528e-4,84638,15040,0.533569229,0.003498886,0.049442017,0.004966835,0.011555751,0.357798433,0.0020601870000000002,7.98582e-4,0.221859549,0.157394868,2553497,4711957,942375,0,0,0,118000000,1192344,2.67694e-4,118622,0,0.008363739,0,0.002676937,1.68714e-4,595945,266589,38552017,48933346,"list(c(-121.862462000121, -121.713925999585, -121.61541300001, -121.593272999749, -121.694014000446, -121.695146999634, -121.940284999753, -122.011673000309, -122.104128000207, -122.126627999982, -122.064841999758, -122.206068000438, -122.195380000387, -122.406785999874, -122.398580197018, -122.265342130335, -122.123972999854, -121.862462000121, 38.0660299995849, 38.0845419998135, 38.1956959995708, 38.3130890001573, 38.3148559998046, 38.5231559999495, 38.5333840003714, 38.4889910000347, 38.5133619997565, 
38.4354509996639, 38.3159119999389, 38.3157749999164, 38.1550169996349, 38.1556320001168, 38.1434553109139, 38.0599189947658, 38.0357170001395, 38.0660299995849))"
CA,California,4.205814622331747,CA-519,"Chico, Paradise/Butte County CoC",0.4559419544983977,"Chico, Paradise/Butte County CoC",Other Largely Urban CoC,Sheltered-Only Count,06,1381,108,68,221,360,282,248,94,497,867,2,9,5,1,0,0,1215,166,12,50,0,618,5,79,513,174,1207,60,5,801,641,160,0,580,818,589,229,0,142,287,479,223344,105260548,4238488704,0,0,0.957224836,0.789833296,0.288433985,0.182210629,5.2694253918672235e-5,54972,9269,0.578233238,0.001490242,0.10736633699999999,0.009577729,0.015952239,0.4207321439999999,0.003415661,8.14886e-4,0.20087846599999998,0.182064439,1004719,2009650,1420945,0,0,0,35822213,1188359,4.38785e-4,47095,0,0.009147324,0,0.002220789,0.001544702,2643897,2490074,5455762,16260501,"list(c(-121.436885999589, -121.586406999683, -121.646032000077, -121.701969000369, -121.804041000392, -122.044865000319, -122.046470999737, -121.974794000243, -121.994021000169, -121.856532000052, -121.908269000014, -121.563139999611, -121.372900999581, -121.30512199998, -121.149906999908, -121.076694999774, -121.136715000397, -121.361205999857, -121.411936000146, -121.419480000002, -121.376488999568, -121.436885999589, 40.1519049996161, 40.1005219997905, 39.982527000221, 39.9843650004445, 39.8843439996759, 
39.8837710002315, 39.7976480000552, 39.6754869999252, 39.5339259999849, 39.5369039997199, 39.30387799967, 39.3050060004267, 39.3645899998287, 39.5195849996481, 39.5264460003827, 39.5972639998338, 39.6281689995997, 39.8554730001788, 39.8714209999792, 40.0157659997012, 40.1086260002897, 40.1519049996161))"
CA,California,3.562062427398542,CA-520,Merced City & County CoC,0.5200776792203025,Merced City & County CoC,Largely Suburban CoC,Sheltered and Unsheltered Count,06,837,57,39,111,231,209,143,47,290,545,2,0,0,0,0,0,553,284,11,124,2,269,8,23,288,99,738,33,4,409,311,98,0,428,466,352,114,0,68,40,326,273661,105277636,5019407132,1,0,0.9690824400000001,0.832010441,0.731101618,0.187528761,5.452058237223702e-5,56330,7933,0.483279579,0.0062480009999999996,0.062117175,0.015826326,0.030106932,0.316782443,0.001609564,8.84306e-4,0.294996364,0.112420111,1617589,2134284,0,0,0,0,45706104,1176392,0,0,0,0.008057414,0,0.001198563,0.0015384,3316368,2970202,6547028,17761863,"list(c(-120.918730999736, -120.476691999936, -120.227285999949, -120.052055000438, -120.14382600027, -120.266009999662, -120.38767000007, -120.983756000039, -120.972941000427, -121.226804000005, -121.245988999792, -121.215405999587, -121.141522999986, -120.918730999736, 36.740381000183, 37.0963899995988, 37.1633999997103, 37.1831080002341, 37.2391920001108, 37.400607000113, 37.6333640003484, 37.3996399995864, 37.3384829995908, 37.1347739998203, 37.0255750002861, 36.9612479997954, 36.8366559999745, 
36.740381000183))"
CA,California,3.397423380926086,CA-521,"Davis, Woodland/Yolo County CoC",0.2740065057913503,"Davis, Woodland/Yolo County CoC",Largely Suburban CoC,Sheltered and Unsheltered Count,06,942,51,29,166,222,202,183,89,339,599,4,0,0,0,0,0,680,262,13,124,0,563,15,23,385,83,859,18,2,309,289,20,0,633,307,278,29,0,66,300,310,218774,22888380,2623627933,0,0,0.955093964,0.9195205240000001,0.541727993,0.18592197299999996,8.338606143358209e-5,73746,20512,0.522505883,0.003752647,0.050289569,0.006656908,0.012842869,0.359114886,0.002685726,9.05044e-4,0.210157514,0.124850302,1026417,3436440,1419139,0,0,0,36039552,876880,6.35359e-4,256317,0,0.006710121,0,0.00261457,0.00192436,2301316,2635048,10923238,22874795,"list(c(-121.602894000058, -121.723345999618, -121.730455000098, -121.835487999971, -122.340172000038, -122.395312000448, -122.287655000078, -122.219810000131, -122.137993999823, -122.104128000207, -122.011673000309, -121.940284999753, -121.695146999634, -121.694014000446, -121.593272999749, -121.521640999632, -121.502981999819, -121.551782000139, -121.558267999768, -121.630445999883, -121.602894000058, 38.7358379998239, 38.8037589996782, 38.8590859997192, 38.9244809999982, 38.924245999953, 38.8639940003229, 
38.8399749997465, 38.6961169999996, 38.6102659997761, 38.5133619997565, 38.4889910000347, 38.5333840003714, 38.5231559999495, 38.3148559998046, 38.3130890001573, 38.3601039999996, 38.440717999736, 38.513861000285, 38.6082040000147, 38.697570999602, 38.7358379998239))"
CA,California,6.303664289135229,CA-522,Humboldt County CoC,0.988755630280704,Humboldt County CoC,Largely Rural CoC,Sheltered and Unsheltered Count,06,1573,142,96,281,424,365,187,78,508,1043,2,2,18,0,0,0,1459,114,18,26,6,1143,10,87,551,223,1350,92,2,379,329,50,0,1194,426,350,76,0,60,436,293,136101,1254150035,9241141220,0,0,0.9886697589999999,0.684654448,0.266272841,0.197302058,1.4727726452815749e-5,49235,5118,0.619936403,0.002291205,0.140993286,0.031141374000000003,0.026554291,0.462913572,0.001895494,0.001219682,0.190630488,0.178448358,1209974,0,418792,0,0,0,17122657,0,1.4695e-4,0,0,0.006091065,0,0.003585572,0.001432759,966237,1583532,7870460,12048995,"list(c(-124.022824583388, -123.544458000137, -123.543748999816, -123.615826999816, -123.44795599977, -123.40829099983, -123.501170000395, -123.77023899973, -123.770550999729, -124.064701463202, -124.071227120235, -124.158426149347, -124.10913704374, -124.223005082319, -124.280697053826, -124.409702090779, -124.347598203594, -124.362750259317, -124.185391301068, -124.109748232895, -124.022824583388, 40.001274618329, 40.0019229998466, 40.7390150002421, 40.9140679996385, 40.9437580000317, 41.1799440001155, 
41.382567000167, 41.3807760003122, 41.4641929998072, 41.4647544933252, 41.3823688948087, 41.067956882804, 41.0156300319005, 40.723513039895, 40.691513001324, 40.4385590814365, 40.3154289619771, 40.2607210714203, 40.130659067562, 40.1037450216155, 40.001274618329))"
CA,California,10.93363279271727,CA-523,"Colusa, Glenn, Trinity Counties CoC",1.5571489095100088,"Colusa, Glenn, Trinity Counties CoC",Largely Rural CoC,Sheltered and Unsheltered Count,06,744,120,21,102,174,159,126,42,285,456,3,0,0,0,0,0,573,171,3,15,0,558,3,39,204,204,540,9,12,357,285,72,0,387,420,345,75,0,0,0,0,62092,121797458,14617670825,1,0,0.9960226742298847,0.46398548323399147,0.4870031568554564,0.15659559133967338,4.2477355485257345e-6,50963,1663,0.47902909066666666,0.002302184125198792,0.17046500112442992,0.02769249882579076,0.02605872516831476,0.4550988856788475,0.0016239338558590478,0.0021580881836468467,0.2498711587829672,0.1810539200733911,50001,0,816520,0,0,0,0,0,0.003741556,0,0,0.0058270330000000006,0,0.007448601,0,0,0,2968213,3834734,"list(list(c(-122.340172000038, -121.835487999971, -121.819141999803, -121.945513999871, -121.908269000014, -121.856532000052, -121.994021000169, -121.974794000243, -122.046470999737, -122.937653999632, -122.892676000197, -122.885351999695, -122.73563899974, -122.741719000431, -122.775043000234, -122.69136100021, -122.515330999826, -122.483879000016, -122.409118000395, -122.340172000038, 38.924245999953, 38.9244809999982, 38.9885510003285, 39.1798430003543, 39.30387799967, 39.5369039997199, 39.5339259999849, 
39.6754869999252, 39.7976480000552, 39.7981560000994, 39.7088980001427, 39.5801080000842, 39.5806679998284, 39.3588989999889, 39.311777999755, 39.2474310001406, 39.2092149995726, 39.0669549997735, 38.9627929995973, 38.924245999953)), list(c(-123.06542600041, -123.068788999912, -122.931267000072, -122.693099000319, -122.752022999862, -122.66983899967, -122.598527999967, -122.527752999801, -122.454016999785, -122.512261000345, -122.504253999822, -122.590808000089, -122.811341999634, -122.897066000296, 
-122.97338199968, -122.90152199984, -123.036807999989, -123.109076999804, -123.245221999995, -123.40829099983, -123.44795599977, -123.615826999816, -123.543748999816, -123.544458000137, -123.544562999583, -122.9340129999, -122.989015000242, -123.06542600041, 40.2869710004114, 40.3322330003527, 40.4455570003553, 40.5807469996744, 40.6898819998544, 40.7735670000171, 40.9758470004388, 41.0143950001292, 41.1662930001219, 41.2264519999599, 41.3347100001664, 41.3259099999466, 41.2024510002136, 41.2010060001269, 
41.1120739999152, 41.0146460000129, 41.0040580000767, 41.0754289998485, 41.0779870000001, 41.1799440001155, 40.9437580000317, 40.9140679996385, 40.7390150002421, 40.0019229998466, 39.9770149996426, 39.9781309998458, 40.2501450000917, 40.2869710004114)))"
CA,California,4.080210351328523,CA-524,Yuba City & County/Sutter County CoC,0.3380319890964727,Yuba City & County/Sutter County CoC,Largely Suburban CoC,Sheltered-Only Count,06,1856,178,64,334,466,392,322,100,684,1160,0,6,0,6,0,0,1714,142,6,62,0,300,2,102,806,332,1524,34,6,492,476,16,0,1364,614,568,46,0,132,358,694,173839,45895634,3197863370,0.5,0,0.9722837082643482,0.7849183814296216,0.5082576406197515,0.1398068816902306,5.436098415924505e-5,61463,7954,0.4974930245,0.0036938878264546732,0.06356106970560277,0.00997868825662826,0.01955446287314124,0.3625538574085332,0.0018799115968683667,0.0010181836972313464,0.2665339769182577,0.14023895664417077,50000,1196344,0,0,0,0,33188088,0,0,0,0,0.012385981,0,0.0071396079999999995,0,440491,1193007,7410141,10289983,"list(c(-121.484395999776, -121.46935599958, -121.41478700032, -121.279532999848, -121.266910999643, -121.122315000037, -121.022085000422, -121.03439999996, -121.076694999774, -121.149906999908, -121.30512199998, -121.372900999581, -121.563139999611, -121.908269000014, -121.945513999871, -121.819141999803, -121.835487999971, -121.730455000098, -121.723345999618, -121.602894000058, -121.484395999776, 38.7345980001976, 38.9259920004305, 38.9984180002905, 39.034617999621, 39.2716089999554, 39.3788259998201, 
39.391557999702, 39.5144359996218, 39.5972639998338, 39.5264460003827, 39.5195849996481, 39.3645899998287, 39.3050060004267, 39.30387799967, 39.1798430003543, 38.9885510003285, 38.9244809999982, 38.8590859997192, 38.8037589996782, 38.7358379998239, 38.7345980001976))"
CA,California,3.794702358685365,CA-525,El Dorado County CoC,0.4796267994342442,El Dorado County CoC,Largely Rural CoC,Sheltered and Unsheltered Count,06,284,30,19,41,59,53,59,23,95,186,2,1,0,0,0,0,240,44,4,26,1,190,3,12,60,32,252,27,0,149,91,58,0,135,198,117,81,0,139,29,50,190345,203364019,4423288012,0,0,0.960008257,0.633276669,0.228143634,0.084914862,4.303246803816762e-5,83710,5473,0.515171269,0.002476806,0.201935153,0.005099979,0.008496325,0.4810685860000001,0.002342869,0.001213586,0.199169928,0.21234074999999997,273182,0,1765982,0,0,0,8884047,0,5.46376e-4,217545,0,0.001665397,0,0.00165489,0,0,0,5145611,7402320,"list(c(-120.002461000375, -120.143662999947, -120.184098000322, -120.435240000326, -120.470985000258, -120.572352000145, -120.73017399993, -120.934653000136, -121.052911000143, -121.141594999709, -121.027507000448, -120.82328300031, -120.628427999652, -120.27452200009, -120.21278700042, -120.072392000291, -119.877749999563, -119.904314999737, -120.001014000196, -120.002461000375, 39.0674890001173, 39.067284999703, 39.0310139997963, 39.0283969996219, 38.9655069997483, 38.91440000006, 39.0039580003615, 
38.9637909997549, 38.9001440000456, 38.7119390002847, 38.508291999776, 38.559687000155, 38.5032039998648, 38.5594520001098, 38.6293710003714, 38.7027669999971, 38.8683109997529, 38.9333240004024, 38.9995739996404, 39.0674890001173))"
CA,California,6.19812528534516,CA-526,"Amador, Calaveras, Mariposa, Tuolumne Counties CoC",1.4291209315019444,"Amador, Calaveras, Mariposa, Tuolumne Counties CoC",Largely Rural CoC,Sheltered and Unsheltered Count,06,2876,292,120,532,652,616,428,236,1124,1624,8,8,0,0,0,112,2516,360,12,56,0,2348,24,108,368,536,2340,28,24,776,672,104,0,2100,1068,960,108,0,192,196,320,156317,248116311,13686414654,0.25,0,0.9906549867889353,0.3103487008952769,0.20964450424401054,0.10899033346354522,1.1421325741750393e-5,60927.5,2260,0.556956345,6.943570396857613e-4,0.292337091195667,0.014319398146855428,0.025507891440918137,0.5657669990417101,0.0016326111589910245,0.00141379372045267,0.16255429654672235,0.2710325812534401,832981,0,0,0,0,0,0,0,0,68874,0,0.011004157,0,0.005324554,0,0,0,1214321,2116176,"list(c(-120.052055000438, -119.761809000285, -119.651191000065, -119.584219999953, -119.583585000347, -119.308995000019, -119.268979000081, -119.201279999672, -119.20008300023, -119.308388999952, -119.349844999747, -119.57649599989, -119.63920500041, -119.753481000248, -119.884749000366, -120.053650000247, -120.072392000291, -120.21278700042, -120.27452200009, -120.628427999652, -120.82328300031, -121.027507000448, -121.027083999827, -120.926449000421, -120.655204999711, -120.38767000007, -120.266009999662, 
-120.14382600027, -120.052055000438, 37.1831080002341, 37.4171139996114, 37.4178320003466, 37.4946959998206, 37.5603349996605, 37.7779860002537, 37.7392299999646, 37.8043290000833, 37.8845270004208, 37.9468239999277, 38.0855660002708, 38.1576610001551, 38.3268800003118, 38.4167590001278, 38.3561850000378, 38.455607000163, 38.7027669999971, 38.6293710003714, 38.5594520001098, 38.5032039998648, 38.559687000155, 38.508291999776, 38.3002519999299, 38.0774209996794, 37.8332599996493, 37.6333640003484, 
37.400607000113, 37.2391920001108, 37.1831080002341))"
CA,California,5.152453856710903,CA-527,Tehama County CoC,0.8106141609773714,Tehama County CoC,Largely Rural CoC,Sheltered-Only Count,06,324,34,14,53,81,67,56,19,127,196,0,0,1,0,0,0,300,24,1,4,0,61,0,22,106,51,273,14,0,77,22,55,0,247,84,27,57,0,0,18,164,64176,33767224,7638229338,1,0,0.995576265,0.429673852,0.325713662,0.188183669,8.401947252451036e-6,48895,2155,0.577421095,0.001946393,0.107067854,0.020566297,0.020566297,0.430347794,0.001497515,6.38868e-4,0.238858763,0.198002368,160656,0,91967,0,0,0,0,0,6.23286e-4,49555,0,0.005422588,0,0.004051359,0,0,0,1337062,1639240,"list(c(-121.436885999589, -121.34899999995, -121.38182600017, -121.470394999829, -121.501080000242, -121.685679000086, -121.940988999842, -122.010315999784, -122.310412000014, -122.519987999646, -122.650262999838, -122.748607999759, -123.06542600041, -122.989015000242, -122.9340129999, -122.937653999632, -122.046470999737, -122.044865000319, -121.804041000392, -121.701969000369, -121.646032000077, -121.586406999683, -121.436885999589, 40.1519049996161, 40.2644539998523, 40.340512999975, 40.3502130003297, 
40.4457460000779, 40.453121000234, 40.4153310004254, 40.4265580001517, 40.371063999604, 40.3936750000013, 40.3286299996748, 40.365694000178, 40.2869710004114, 40.2501450000917, 39.9781309998458, 39.7981560000994, 39.7976480000552, 39.8837710002315, 39.8843439996759, 39.9843650004445, 39.982527000221, 40.1005219997905, 40.1519049996161))"
CA,California,3.7140934328620783,CA-529,Lake County CoC,0.3581800830601059,Lake County CoC,Largely Rural CoC,Sheltered and Unsheltered Count,06,604,66,41,80,157,110,104,46,238,359,0,2,3,0,1,1,520,84,0,19,0,377,7,20,169,135,469,27,1,169,103,66,0,435,213,150,63,0,303,15,77,64276,189100323,3250647503,1,0,0.980218251,0.59212476,0.307828739,0.175438318,1.9773291302941992e-5,49254,2198,0.530091349,0.007605457,0.260144444,0.017373901,0.025553267,0.536389943,0.001475064,8.86801e-4,0.21046736,0.228467857,97184,0,416934,0,0,0,3594851,0,3.42274e-4,97698,0,0.002831539,0,0.003204929,0,0,0,1684250,2296066,"list(c(-122.626772000228, -122.464114999607, -122.375368999879, -122.395312000448, -122.340172000038, -122.409118000395, -122.483879000016, -122.515330999826, -122.69136100021, -122.775043000234, -122.741719000431, -122.73563899974, -122.885351999695, -122.890309999907, -123.063181000303, -123.075114000211, -123.012710000266, -123.077811999624, -123.09301300005, -122.986640000436, -122.948865000419, -122.821592000171, -122.626772000228, 38.6707799997972, 38.7061339996844, 38.8264530003058, 38.8639940003229, 
38.924245999953, 38.9627929995973, 39.0669549997735, 39.2092149995726, 39.2474310001406, 39.311777999755, 39.3588989999889, 39.5806679998284, 39.5801080000842, 39.5290140000961, 39.503538999825, 39.4076829995709, 39.2361879996765, 39.1737910000547, 39.0719940001231, 38.9972830001104, 38.9002199999531, 38.8501399999611, 38.6707799997972))"
CA,California,13.655503863483656,CA-530,"Alpine, Inyo, Mono Counties CoC",3.695169961666927,"Alpine, Inyo, Mono Counties CoC",Largely Rural CoC,Sheltered and Unsheltered Count,06,318,21,15,108,75,33,48,18,132,183,3,0,0,0,0,0,261,57,0,0,0,219,0,9,48,33,285,15,0,111,3,108,0,207,114,18,96,0,36,0,0,33484,304533384,36219700923,0.3333333333333333,0,0.9991815496465477,0.5396531773820332,0.37632899317100704,0.10933073880958069,9.244692569710648e-7,69990,1786.6666666666667,0.2989694776666667,4.709167801199973e-5,0.46665354339088116,0.024490184353989964,0.03358385993089237,0.7585712579747341,0.0016215177003643532,0.004151236026400669,0.20777087573458963,0.200304623252658,50001,0,0,0,0,0,0,0,0,0,0,9.48132e-4,0,0,0,0,0,0,50001,"list(c(-119.268979000081, -119.124311999899, -119.002262000391, -118.917060000419, -118.850474000075, -118.759581000263, -118.786735999767, -118.716016000338, -118.654592999767, -118.503102999704, -118.422595000359, -118.36083100025, -118.360585999744, -118.248919999758, -118.100116000353, -118.127600999786, -117.982472999929, -118.008093999738, -117.634282999561, -116.870632000167, -115.735891000169, -115.648356999676, -115.845994000023, -116.380347000414, -117.000894999804, -117.875927000431, -118.714201000276, 
-119.461281999964, -119.904314999737, -119.877749999563, -120.072392000291, -120.053650000247, -119.884749000366, -119.753481000248, -119.63920500041, -119.57649599989, -119.349844999747, -119.308388999952, -119.20008300023, -119.201279999672, -119.268979000081, 37.7392299999646, 37.7339439999157, 37.5711369995729, 37.5503359999065, 37.4757959996857, 37.4355730000939, 37.3433799996873, 37.3282079996995, 37.1418260003697, 37.0952209996495, 37.024360000014, 36.8877340001241, 36.7447730003737, 36.4865349995906, 
36.3288230003812, 36.2803479997604, 35.8957959997856, 35.7889350001502, 35.797260000049, 35.7953760004021, 35.7936200003628, 35.8092109998878, 35.963707000078, 36.37496100025, 36.8476939999782, 37.4972669996724, 38.1021050003455, 38.6275330001479, 38.9333240004024, 38.8683109997529, 38.7027669999971, 38.455607000163, 38.3561850000378, 38.4167590001278, 38.3268800003118, 38.1576610001551, 38.0855660002708, 37.9468239999277, 37.8845270004208, 37.8043290000833, 37.7392299999646))"
CA,California,3.574967358532597,CA-531,Nevada County CoC,0.2633677412357381,Nevada County CoC,Largely Rural CoC,Sheltered and Unsheltered Count,06,516,61,18,99,118,75,97,48,188,324,1,3,0,0,0,0,481,35,2,14,1,437,6,14,181,103,413,11,1,258,187,71,0,258,254,178,76,0,0,72,2,99417,41531993,2480587300,0,0,0.9475439219999999,0.51795268,0.151885492,0.095095146,4.007800894570411e-5,68333,3797,0.569413746,0.002346213,0.24094239899999997,0.006121881,0.016677488,0.542211091,0.002885695,0.001046099,0.170996912,0.274097991,434222,0,0,0,0,0,0,0,0,0,0,0.004878441,0,0,0,0,0,0,434222,"list(c(-120.003772999724, -120.505445000286, -120.577188000126, -120.659016000088, -120.755729000293, -121.022085000422, -121.122315000037, -121.266910999643, -121.279532999848, -121.041607999609, -120.966079999692, -120.727892999962, -120.645795000139, -120.006323000406, -120.003772999724, 39.4450559999345, 39.4461170002994, 39.5231440000955, 39.5237940003929, 39.4526629999975, 39.391557999702, 39.3788259998201, 39.2716089999554, 39.034617999621, 39.013790999655, 39.1279280002771, 39.2880809996385, 
39.3151549999034, 39.3164959996907, 39.4450559999345))"
CA,California,9.616475413574932,CA-600,Los Angeles City & County CoC,1.0099616507169498,Los Angeles City & County CoC,Major City CoC,Sheltered and Unsheltered Count,06,71201,6277,3050,14230,15523,14794,12803,4524,23157,46416,62,107,1374,31,19,35,40320,30881,1127,22041,100,20667,369,2991,29823,10707,60494,2406,370,21692,19540,1973,179,49509,26609,23317,2988,304,1411,26433,9138,10040682,1785003207,10515988166,0,0,0.664311169,0.991090481,0.740726775,0.141808623,9.548015689541429e-4,71358,92382,0.571036972,0.01378573,0.063848148,0.008198517,0.029811589999999995,0.354536674,0.0017313120000000003,0.001044152,0.21697320999999997,0.136458958,352000000,220000000,52209912,0,331635,0,2870000000,116000000,4.39412e-4,15267642,14878128,0.008297245,50312187,0.003594377,9.3908e-4,71599267,73256772,1550000000,2515855543,"list(list(c(-118.944632389673, -118.808590805221, -118.743970807407, -118.545290731082, -118.439838805417, -118.391441883036, -118.428253826953, -118.288026868745, -118.278671827643, -118.241884989201, -118.241656804218, -118.241634127813, -118.208874000235, -118.063267999918, -117.976497999583, -117.78325200028, -117.678500999921, -117.64637399956, -117.667121000334, -117.667458999733, -118.854009000315, -118.880404999891, -118.636788999812, -118.668152000015, -118.788889000127, -118.944632389673, 
34.0454986912117, 34.0012622295683, 34.0324752165581, 34.0385881045574, 33.9366731306605, 33.8401801100241, 33.7739492393659, 33.7057713679543, 33.7382701498476, 33.7665367347826, 33.7667088973977, 33.7667259881139, 33.8812920004255, 33.824107000138, 33.9460500001074, 33.9462609999453, 34.1619930001769, 34.2891699995959, 34.5579059997621, 34.8225279999673, 34.8177580003315, 34.7886550000283, 34.2918039996549, 34.1681950001991, 34.168214000176, 34.0454986912117), c(-118.245284443622, -118.237133226917, 
-118.243113609705, -118.243470895965, -118.245284443622, 33.7636832857551, 33.7277003935584, 33.7419535094469, 33.742805031627, 33.7636832857551)), list(c(-118.592777840825, -118.493290901554, -118.388856840271, -118.592777840825, 33.0340211972205, 32.850427301279, 32.824751247672, 33.0340211972205)), list(c(-118.60441979224, -118.488128808298, -118.465667831006, -118.310934808195, -118.370449906938, -118.60441979224, 33.4787052776265, 33.4188502045733, 33.3258162706044, 33.3365122476422, 33.4092462913833, 
33.4787052776265)))"
CA,California,6.4535702487026025,CA-601,San Diego City and County CoC,1.059112499834024,San Diego City and County CoC,Major City CoC,Sheltered and Unsheltered Count,06,10605,965,839,1614,2309,2000,1984,894,3555,6919,31,35,57,0,3,5,6826,3779,205,1990,51,5287,166,865,3760,1563,9042,735,70,4495,3177,1258,60,6110,5740,3746,1921,73,1988,7287,2383,3323970,817287145,10904539456,0,0,0.8277761119999999,0.956053627,0.55108951,0.109210354,3.048244277910383e-4,82426,36846,0.56331403,0.005070297,0.069784489,0.004675335,0.013164649,0.365685611,0.002456922,6.89537e-4,0.216081974,0.140716372,61933270,52736341,12784236,0,0,0,1010000000,26017718,1.76897e-4,2316655,3235745,0.008734435,11860863,0.002473247,9.3262e-5,2023151,1718503,244000000,418626482,"list(c(-117.596201078917, -117.469691030217, -117.328630062327, -117.251560154977, -117.280751114372, -117.257912071984, -117.129083076423, -117.124876059582, -116.106175761302, -116.10325199968, -116.081090000203, -116.085165000165, -117.030861000335, -117.241270999757, -117.370925000089, -117.50972200027, -117.596201078917, 33.3868796628662, 33.29528514959, 33.1220001462898, 32.8760912509106, 32.8222601678725, 32.725218270307, 32.6844812578038, 32.5342642921634, 32.618586515955, 33.0746699997208, 
33.074833000043, 33.4259319996621, 33.4269309998658, 33.4319930003767, 33.4905490000364, 33.5050190000269, 33.3868796628662))"
CA,California,2.4412175442472477,CA-602,"Santa Ana, Anaheim/Orange County CoC",0.2012438559732308,"Santa Ana, Anaheim/Orange County CoC",Largely Suburban CoC,Sheltered and Unsheltered Count,06,7322,691,308,1344,1624,1450,1395,510,2534,4717,15,7,40,3,2,4,4089,3233,282,572,43,4372,115,328,2477,1128,6194,233,25,3149,2522,627,0,4173,3871,3030,841,0,2082,2990,808,3170345,406263283,2053491982,0,0,0.338961188,0.997501717,0.601734196,0.101395585,0.0015438799020350887,94441,66262,0.559014787,0.008371146,0.055612562,0.0034052400000000003,0.020420543,0.34735778,0.00253825,5.69654e-4,0.220075418,0.14788359,57904551,54468389,819725,0,0,0,776000000,18896518,0,866466,2989493,0.006406558,9688976,0.00138313,0,0,0,347000000,492634118,"list(c(-117.596201078917, -117.50972200027, -117.41298699995, -117.533999000154, -117.673018999827, -117.78325200028, -117.976497999583, -118.063267999918, -118.111853133315, -117.927447912191, -117.786886009582, -117.596201078917, 33.3868796628662, 33.5050190000269, 33.6590450001267, 33.7103550001831, 33.8710389997501, 33.9462609999453, 33.9460500001074, 33.824107000138, 33.7477361223242, 33.6059591412015, 33.5425522209083, 33.3868796628662))"
CA,California,7.156507459407936,CA-603,Santa Maria/Santa Barbara County CoC,0.7004707305555747,Santa Maria/Santa Barbara County CoC,Largely Suburban CoC,Sheltered and Unsheltered Count,06,2119,220,93,315,421,353,401,316,715,1380,4,5,11,4,0,0,1233,886,49,118,6,1359,11,90,688,364,1755,78,12,787,696,91,0,1332,910,801,109,0,881,770,506,444895,2729215451,7080858282,0,0,0.963540694,0.944305255,0.560954832,0.128651376,6.283066010951693e-5,78925,15411,0.559100387,0.010255615,0.069094949,0.007293634999999999,0.020562777,0.358100226,0.001767708,0.001225008,0.222612077,0.152890008,3644456,8662858,1066073,0,0,0,228000000,3836294,2.51745e-4,56630,0,0.013920138,0,0.001350881,3.88856e-4,1261794,1575485,9415893,29519483,"list(list(c(-120.649094347426, -120.616530288242, -120.637060338364, -120.601859445357, -120.645781438363, -120.514465430635, -120.472513342317, -120.295778459608, -120.003083523686, -119.881414545345, -119.562871575763, -119.476655911241, -119.442221999646, -119.44369099994, -119.472493999898, -119.535756999886, -119.672963000442, -119.745566000371, -119.928418999737, -120.09692999962, -120.327114999957, -120.649094347426, 34.9745832617082, 34.867005237102, 34.7573312282536, 34.7096222323802, 34.5794422509592, 
34.5247251603379, 34.4486351560876, 34.4703692482423, 34.4587021751653, 34.4087341389694, 34.4147522519149, 34.3734545669747, 34.4559099996468, 34.901170999642, 34.9013780001946, 34.8975760002323, 34.9733750000563, 34.9736760004471, 35.0597940003929, 35.1095950001092, 34.9865250003285, 34.9745832617082)), list(c(-120.054933556738, -120.168528448729, -120.178821471034, -120.12024852365, -119.971028537437, -120.054933556738, 34.0373582241028, 34.0075142651713, 33.9259443166769, 33.8941842801804, 33.9455341957466, 
34.0373582241028)), list(c(-119.917140617246, -119.851758480869, -119.720846609583, -119.758151596919, -119.917140617246, 34.0774291780142, 33.9694171828568, 33.9594163161102, 34.0592352122353, 34.0774291780142)))"
CA,California,7.281767842972285,CA-604,Bakersfield/Kern County CoC,2.0967519724895833,Bakersfield/Kern County CoC,Major City CoC,Sheltered and Unsheltered Count,06,2669,146,147,595,744,488,406,143,883,1776,3,2,3,0,1,1,1613,1056,25,421,4,1375,23,93,788,216,2453,61,3,1006,848,158,0,1663,1155,948,207,0,186,1335,451,892458,78332288,21068705437,1,0,0.976796245,0.866471264,0.667765878,0.204284704,4.235941323820977e-5,54851,13978,0.546530089,0.007344017,0.08564438,0.019988034,0.031095097,0.335230341,0.002441016,6.9359e-4,0.289267394,0.10965670100000001,13293568,17954509,1786799,0,0,0,65107523,7668570,1.42304e-4,317942,1471097,0.003902705,2011733,0.001120501,9.63631e-4,8488948,5432063,16124636,74549865,"list(c(-118.880404999891, -118.854009000315, -117.667458999733, -117.632151000169, -117.630075999808, -117.634282999561, -118.008093999738, -119.010712999805, -120.194369000029, -120.193988000446, -120.086180000307, -120.086766000351, -119.993149999973, -119.880045000177, -119.880356000129, -119.809407000033, -119.666585000397, -119.667304000279, -119.553819000047, -119.561751999855, -119.472551999875, -119.472493999898, -119.44369099994, -119.276435000375, -119.242534000044, -118.977925999585, -118.880404999891, 
34.7886550000283, 34.8177580003315, 34.8225279999673, 34.8222709998068, 35.5642540000221, 35.797260000049, 35.7889350001502, 35.7907639999587, 35.7893630001024, 35.6143889998525, 35.6143970002215, 35.5264319996371, 35.4394700003403, 35.439133000088, 35.3511240001725, 35.2636929999321, 35.2626349997055, 35.1749820000193, 35.1801229996768, 35.0878310001006, 35.0766689997746, 34.9013780001946, 34.901170999642, 34.8724810003979, 34.8143230002063, 34.8117140004009, 34.7886550000283))"
CA,California,7.954494148800883,CA-608,Riverside City & County CoC,1.8403601238677296,Riverside City & County CoC,Largely Suburban CoC,Sheltered-Only Count,06,4249,465,293,802,931,746,686,326,1539,2684,8,10,4,3,0,1,2749,1500,12,424,0,822,27,266,997,756,3493,282,7,1808,1426,382,0,2441,1915,1467,448,0,0,2063,830,2437864,242807981,18671846195,0,0,0.9054619640000001,0.945265147,0.65631922,0.125262576,1.305636290348631e-4,70732,18272,0.583518832,0.006572399,0.12857339,0.007960325,0.021386495,0.346641978,0.002846331,0.001465627,0.25178722,0.144542518,25350652,39619573,13475651,0,0,0,201000000,10283329,4.19219e-4,795714,2106532,0.00330043,8520317,0.001035743,0,0,0,17807566,117959334,"list(c(-116.085165000165, -115.609655000078, -114.627125000119, -114.524215000122, -114.496489000367, -114.534146000338, -114.438265999876, -114.435429000348, -115.316065000399, -115.316211999984, -116.300630999821, -116.929557999802, -116.929357000425, -117.225372999564, -117.375343999726, -117.558311999899, -117.673018999827, -117.533999000154, -117.41298699995, -117.50972200027, -117.370925000089, -117.241270999757, -117.030861000335, -116.085165000165, 33.4259319996621, 33.4268729998891, 33.4335540004168, 
33.5530679998884, 33.696901000281, 33.9251870002799, 34.0226089999055, 34.0797269998013, 34.0778430001544, 34.0341099996768, 34.0325440003054, 34.0341129998151, 34.0049139995814, 34.0041890003222, 34.0338749996316, 34.0334509998638, 33.8710389997501, 33.7103550001831, 33.6590450001267, 33.5050190000269, 33.4905490000364, 33.4319930003767, 33.4269309998658, 33.4259319996621))"
CA,California,10.45167154442707,CA-609,San Bernardino City & County CoC,5.132132584245538,San Bernardino City & County CoC,Largely Suburban CoC,Sheltered and Unsheltered Count,06,4255,311,165,773,1039,844,788,335,1514,2720,8,4,3,0,3,3,2760,1495,53,910,12,1828,20,246,1938,475,3780,166,10,1200,844,356,0,3055,1308,890,418,0,0,1649,1237,2162532,96418406,51976311092,1,0,0.970577389,0.946185325,0.724275988,0.14980888,4.16061077549778e-5,65761,26354,0.568514511,0.00585074,0.112681875,0.014702458,0.034985916,0.333579341,0.001818367,7.24151e-4,0.26397066,0.115620023,19708967,41064405,12928434,0,0,0,288000000,15444292,5.14212e-4,387344,2469387,0.00447161,0,0.001399286,2.45083e-5,696838,1148281,42177831,136025779,"list(c(-117.667458999733, -117.667121000334, -117.64637399956, -117.678500999921, -117.78325200028, -117.673018999827, -117.558311999899, -117.375343999726, -117.225372999564, -116.929357000425, -116.929557999802, -116.300630999821, -115.316211999984, -115.316065000399, -114.435429000348, -114.254141000307, -114.138282000314, -114.339626999886, -114.435670999817, -114.471620000163, -114.628276000137, -114.633487000325, -115.259720000178, -115.648356999676, -115.735891000169, -116.870632000167, -117.634282999561, 
-117.630075999808, -117.632151000169, -117.667458999733, 34.8225279999673, 34.5579059997621, 34.2891699995959, 34.1619930001769, 33.9462609999453, 33.8710389997501, 34.0334509998638, 34.0338749996316, 34.0041890003222, 34.0049139995814, 34.0341129998151, 34.0325440003054, 34.0341099996768, 34.0778430001544, 34.0797269998013, 34.1738300001545, 34.3032299995649, 34.4514350001252, 34.5938410003619, 34.712965999881, 34.8635959998555, 35.0018569996009, 35.5035409998173, 35.8092109998878, 35.7936200003628, 
35.7953760004021, 35.797260000049, 35.5642540000221, 34.8222709998068, 34.8225279999673))"
CA,California,3.9177782314351743,CA-611,"Oxnard, San Buenaventura/Ventura County CoC",0.4714562740711989,"Oxnard, San Buenaventura/Ventura County CoC",Other Largely Urban CoC,Sheltered and Unsheltered Count,06,2358,210,104,345,437,477,523,262,828,1504,8,3,14,1,0,0,1270,1088,30,141,1,1314,18,107,1042,371,1987,75,9,927,689,229,9,1431,1308,1043,255,10,523,635,433,845599,947376202,4767585001,0,0,0.885336825,0.966331415,0.550648712,0.089352775,1.7736422105167203e-4,89295,19539,0.588223413,0.005459452,0.06145288100000001,0.006229593,0.016460223,0.342272164,0.001455522,0.001195602,0.229242229,0.15571447,5088272,11738144,5771444,0,0,0,196000000,5383847,1.30085e-4,929902,419357,0.007136953,0,6.11401e-4,0.00139073,4128302,9086163,93427904,135973335,"list(c(-119.44369099994, -119.442221999646, -119.476655911241, -119.282264560561, -119.216487646987, -118.944632389673, -118.788889000127, -118.668152000015, -118.636788999812, -118.880404999891, -118.977925999585, -119.242534000044, -119.276435000375, -119.44369099994, 34.901170999642, 34.4559099996468, 34.3734545669747, 34.2700152161294, 34.1461451839531, 34.0454986912117, 34.168214000176, 34.1681950001991, 34.2918039996549, 34.7886550000283, 34.8117140004009, 34.8143230002063, 34.8724810003979, 
34.901170999642))"
CA,California,5.036659510879972,CA-613,Imperial County CoC,1.1201467193998411,Imperial County CoC,Largely Suburban CoC,Sheltered and Unsheltered Count,06,1508,66,111,225,371,281,271,183,433,991,28,12,4,26,8,6,850,658,15,103,30,754,0,37,503,108,1400,78,4,133,79,54,0,1375,437,325,112,0,423,32,320,180580,790216760,10814595263,1,1,0.992263775,0.815945287,0.898144867,0.225313114,1.6697804735958893e-5,46222,6666,0.545338015,0.013044048,0.208918849,0.00884971,0.021830438,0.320384317,0.0016137330000000002,0.001395503,0.286698416,0.129061912,402958,1126700,0,0,0,0,24191208,0,2.10433e-4,0,0,0.009574704,0,0.002087717,0.004247425,4848172,5900843,3436114,15714787,"list(c(-116.106175761302, -115.602555339957, -114.719496999787, -114.526855999605, -114.462928999574, -114.506361999706, -114.670802999858, -114.7078959999, -114.677032000227, -114.7200649999, -114.627125000119, -115.609655000078, -116.085165000165, -116.081090000203, -116.10325199968, -116.106175761302, 32.618586515955, 32.6570861204282, 32.7187390003047, 32.7570940000881, 32.9079440003154, 33.0174030001484, 33.0379830004152, 33.0974309998408, 33.2701690003991, 33.40789099957, 33.4335540004168, 
33.4268729998891, 33.4259319996621, 33.074833000043, 33.0746699997208, 32.618586515955))"
CA,California,6.471085201829657,CA-614,San Luis Obispo County CoC,0.8530728237917796,San Luis Obispo County CoC,Largely Suburban CoC,Sheltered and Unsheltered Count,06,1175,88,45,172,275,255,239,101,424,740,4,4,2,0,0,1,831,344,7,59,4,771,9,49,355,143,1032,28,6,375,337,38,0,800,363,317,46,0,313,363,346,282517,815630594,8549160509,0,0,0.974799683,0.80912033,0.317000393,0.11086472,3.304616865042883e-5,77948,7117,0.543731116,0.003162532,0.130971077,0.00368898,0.013398115,0.432738561,0.00280924,0.001143294,0.17679998,0.200695887,1944253,3479790,992708,0,0,0,73954109,1903333,2.08837e-4,102290,313155,0.008413653,0,0.001072502,0,0,289711,8001875,17027115,"list(c(-120.649094347426, -120.327114999957, -120.09692999962, -119.928418999737, -119.745566000371, -119.672963000442, -119.535756999886, -119.472493999898, -119.472551999875, -119.561751999855, -119.553819000047, -119.667304000279, -119.666585000397, -119.809407000033, -119.880356000129, -119.880045000177, -119.993149999973, -120.086766000351, -120.086180000307, -120.193988000446, -120.194369000029, -120.213978999631, -121.348020778536, -121.284821119599, -121.163879189173, -121.00724431877, -120.905829266308, 
-120.831421354012, -120.895465235332, -120.760480389358, -120.651085339417, -120.649094347426, 34.9745832617082, 34.9865250003285, 35.1095950001092, 35.0597940003929, 34.9736760004471, 34.9733750000563, 34.8975760002323, 34.9013780001946, 35.0766689997746, 35.0878310001006, 35.1801229996768, 35.1749820000193, 35.2626349997055, 35.2636929999321, 35.3511240001725, 35.439133000088, 35.4394700003403, 35.5264319996371, 35.6143970002215, 35.6143889998525, 35.7893630001024, 35.7892759996877, 35.7951903605468, 
35.6687651466942, 35.6329132380556, 35.4633040913108, 35.4483761682256, 35.3390172080777, 35.245573122102, 35.1597052137247, 35.1477441558682, 34.9745832617082))"
CO,Colorado,29.372440174143815,CO-500,Colorado Balance of State CoC,24.40103650867882,Colorado Balance of State CoC,Largely Rural CoC,Sheltered-Only Count,08,131725,14465,7480,23815,30800,26180,21450,7535,44880,85085,825,330,550,55,0,0,106755,24970,220,3630,0,38940,110,10835,42185,24200,107525,5940,770,57915,37125,20790,0,73810,76285,50545,25740,0,4565,64900,21780,1185056,861189886,234343648408,0.38181818181818183,0.03636363636363636,0.9414236524239843,0.5858348765303826,0.28010321878002054,0.12211942492329222,5.05691538068392e-6,57267.490909090906,2210,0.4619742959454545,0.001828411293288613,0.23065485093041108,0.02177128647105791,0.025798377321712224,0.5084822994648455,0.003945780278973314,0.0017602543584741986,0.2074028569329686,0.18391367154502825,385347,4270107,3002265,0,0,0,67852313,2005536,0.01556791,358108,0,0.119150119,0,0.17397946,0.162743806,15867222,13621788,40493068,80003441,"list(c(-109.045171999988, -107.937132000142, -106.877231999857, -106.869819999793, -105.750570000105, -105.02922600018, -104.338833000343, -103.002329000383, -102.042089000407, -102.04162599974, -102.044887999981, -102.049052000449, -102.051743999586, -102.051717000139, -102.981482000394, -103.57377399987, -103.581837000277, -104.147714000201, -104.150332000421, -103.705700999801, -103.707072000073, -104.660160000284, -104.66248300039, -104.051589000132, -104.054260000099, -104.941582000009, -104.939869000154, 
-105.028632999813, -105.033472999979, -105.397874999731, -105.397970999662, -105.675797999978, -105.638291999776, -105.653321000364, -105.815340000341, -105.811052999596, -105.910892000066, -106.053779000001, -106.185307000418, -106.190553999567, -107.241194000003, -108.526029000438, -109.0500259999, -109.051156999896, -109.051166000311, -109.059824000277, -109.06018699993, -109.042835000135, -109.041572000348, -109.045171999988, 36.9989770003883, 36.9996910000397, 37.000100000015, 36.9924970001365, 
36.9956940000781, 36.9927269999511, 36.99353500034, 37.0001499996229, 36.9930159997886, 37.6966990000589, 38.5663940000831, 39.3739909998848, 40.0030780000497, 41.002358999968, 41.0021120002687, 41.0017159999935, 40.5231599997343, 40.5243889997526, 40.0008560001044, 40.0013660002408, 39.5662949998144, 39.5659090000004, 39.1295290003631, 39.1283699999756, 38.522391999791, 38.5195659998711, 38.7965429996598, 38.8687300001894, 39.1297830003852, 39.1295640001785, 39.9348670003118, 39.9324450001367, 40.0443260001448, 
40.2604569998907, 40.4214860000789, 40.4757729998241, 40.5664199999831, 40.8126619997515, 40.9339730002538, 40.9975779998249, 41.0028039998048, 40.9995920000708, 41.0006910003894, 40.008237999684, 39.1426029998286, 38.7147460002278, 38.2755280001172, 38.1662679995686, 37.5621380000687, 36.9989770003883))"
CO,Colorado,7.678168848141287,CO-503,Metropolitan Denver CoC,1.2347431771843238,Metropolitan Denver CoC,Major City CoC,Sheltered and Unsheltered Count,08,85686,24660,5790,17016,17082,11766,7206,2166,34614,49686,102,714,438,42,30,60,64782,20904,522,23016,36,42354,1140,3882,20016,44430,41256,2280,636,68172,59268,8658,246,17514,50874,37806,12690,378,28290,29376,7710,3123459,136130028,11523767988,0,0,0.710519973064466,0.9561195993931116,0.3579582763850542,0.08706520329917312,2.7104493974996195e-4,87238.5,39095.666666666664,0.5199516226666667,0.0015030861841117567,0.04614059288185045,0.004462141963967512,0.009639444505113082,0.3943150846207442,0.005628314400842783,0.0013209713994555394,0.22149866560727513,0.13003724381689724,60950458,36013484,5922063,0,0,0,647620033,17495122,9.42055e-4,1566345,1620631,0.035927034,6013759,0.01635263,0.0043630701,41610069,21885244,412818012,605895187,"list(c(-105.653321000364, -105.638291999776, -105.675797999978, -105.397970999662, -105.397874999731, -105.033472999979, -104.66248300039, -104.660160000284, -103.707072000073, -103.705700999801, -104.150332000421, -105.074376000352, -105.055089000357, -105.653321000364, 40.2604569998907, 40.0443260001448, 39.9324450001367, 39.9348670003118, 39.1295640001785, 39.1297830003852, 39.1295290003631, 39.5659090000004, 39.5662949998144, 40.0013660002408, 40.0008560001044, 40.0019559995698, 40.2617930003467, 
40.2604569998907))"
CO,Colorado,3.2911508478227818,CO-504,Colorado Springs/El Paso County CoC,0.5721848654369157,Colorado Springs/El Paso County CoC,Major City CoC,Sheltered and Unsheltered Count,08,1146,269,113,173,206,179,153,53,445,668,6,7,3,0,3,14,992,154,6,152,2,614,7,89,282,451,695,74,12,887,537,350,0,259,984,582,402,0,441,577,110,710499,7070359,5507386922,0,0,0.901029467,0.897495191,0.315689396,0.098385024,1.2900836822664772e-4,71517,17670,0.526171641,7.45871e-4,0.049750848,0.005048131,0.008653422,0.389216593,0.005974603999999999,6.82619e-4,0.240331091,0.128170483,4642181,8314235,1145686,0,0,0,47712805,3530066,2.11119e-4,308561,536785,0.003414502,0,0.001258271,0.001047151,4685685,4193104,7203039,34559342,"list(c(-105.033472999979, -105.028632999813, -104.939869000154, -104.941582000009, -104.054260000099, -104.051589000132, -104.66248300039, -105.033472999979, 39.1297830003852, 38.8687300001894, 38.7965429996598, 38.5195659998711, 38.522391999791, 39.1283699999756, 39.1295290003631, 39.1297830003852))"
CO,Colorado,8.44364710829479,CO-505,"Fort Collins, Greeley, Loveland/Larimer, Weld Counties CoC",1.8317912455532357,"Fort Collins, Greeley, Loveland/Larimer, Weld Counties CoC",Other Largely Urban CoC,Sheltered and Unsheltered Count,08,1786,278,100,270,382,354,292,110,626,1138,10,8,2,0,2,0,1266,520,12,134,0,1172,40,90,508,446,1340,58,22,1244,1060,184,0,542,1084,826,258,0,56,1208,488,665912,181388403,17043932874,0,0,0.9648559503779374,0.8512887625998435,0.2600538806548297,0.10701802604087177,3.9070325195649445e-5,75349,11759,0.5256128465,0.0015966949467931257,0.057439941008727714,0.008097882252584426,0.013042086287299224,0.3763665471466335,0.008055939323270943,0.0015842933807920566,0.226231093391822,0.13989536127693597,2430910,6848076,682859,0,0,0,66138375,2343484,6.53693e-4,428242,0,0.00951088,0,0.0045648,6.94979e-4,1655672,1692725,12554415,28636383,"list(c(-105.653321000364, -105.055089000357, -105.074376000352, -104.150332000421, -104.147714000201, -103.581837000277, -103.57377399987, -104.053249000241, -104.855273000249, -105.726440999852, -106.190553999567, -106.185307000418, -106.053779000001, -105.910892000066, -105.811052999596, -105.815340000341, -105.653321000364, 40.2604569998907, 40.2617930003467, 40.0019559995698, 40.0008560001044, 40.5243889997526, 40.5231599997343, 41.0017159999935, 41.0014060000869, 40.9980479999153, 40.9968359997816, 
40.9975779998249, 40.9339730002538, 40.8126619997515, 40.5664199999831, 40.4757729998241, 40.4214860000789, 40.2604569998907))"
CT,Connecticut,5.132158573484263,CT-503,"Bridgeport, Stamford, Norwalk, Danbury/Fairfield County CoC",0.19340878773092016,"Bridgeport, Stamford, Norwalk, Danbury/Fairfield County CoC",Other Largely Urban CoC,Sheltered and Unsheltered Count,09,1426,296,84,228,258,212,244,104,582,840,4,0,0,0,0,0,900,526,4,586,4,576,0,100,44,498,928,76,4,1208,1012,196,0,218,1064,836,228,0,568,4052,642,933112,553975592,1741244241,0,0,0.43784757911121386,0.9319543952023316,0.3813238997506773,0.08873144507491705,5.358880609788045e-4,96116.748045,28684.475,0.53974677149999994,0.002158088866505895,0.08099236115744489,0.009313346877469156,0.013878280718443234,0.39925942612828574,0.0018799659990119083,9.559411223325818e-4,0.22330656989203548,0.16070063355387457,25825893,14400555,1743750,0,0,0,168757924,3773506,4.82115e-4,549388,557696,0.015559168000000002,985588,0.00887797,0.008307934999999999,50603406,32932259,120207493,251579534,"list(c(-73.544707000028, -73.5509619997964, -73.4826950001741, -73.727775000316, -73.6594424041436, -73.5228297016294, -73.3649217482401, -73.111722626398, -73.2048000003197, -73.1741539999071, -73.3271140003108, -73.3821240001225, -73.5180799996922, -73.5300670002918, -73.544707000028, 41.3665400003208, 41.2954209995795, 41.2127720004275, 41.1006960004202, 40.9876411261371, 41.0200776290794, 41.106102623837, 41.1711227776941, 41.2993599995644, 41.3841749996765, 41.4845270004208, 41.6833270004408, 
41.6667230000664, 41.5271940003029, 41.3665400003208))"
CT,Connecticut,10.141239676082014,CT-505,Connecticut Balance of State CoC,1.195317472381918,Connecticut Balance of State CoC,Largely Suburban CoC,Sheltered and Unsheltered Count,09,18879,3703,1547,2597,3409,3290,3213,1120,7721,11060,56,7,28,7,0,0,12880,5999,126,6265,28,9079,91,868,434,6013,12866,952,224,15624,13727,1757,140,3255,13713,11361,2156,196,4774,39319,8043,2637463,1262472089,10800422757,0,0,0.5921641473779969,0.8377089236493865,0.3248560172021958,0.101096426156282,2.4419997803239694e-4,76858.98461857143,16277.095580428571,0.5017816732857143,0.0010875571553851059,0.09192418387492099,0.01260458793138861,0.015476096105968881,0.4355161090769202,0.0011995511014971586,9.042780305456418e-4,0.19991416446215815,0.176528383614172,51983775,37708948,26935092,0,743283,0,662144516,9624491,0.0053257669999999995,3592890,1974590,0.074488807,2769620,0.05311535,0.023890865,91751590,49677504,324822758,601584541,"list(c(-73.5180799996922, -73.3821240001225, -73.3271140003108, -73.1741539999071, -73.2048000003197, -73.111722626398, -72.9616778989159, -72.5464220316514, -72.4473820212633, -72.111793054306, -72.0088141068855, -71.9796422077217, -71.9250401277996, -71.8848762460419, -71.8535232022339, -71.8305962403242, -71.8401561865587, -71.8325458608028, -71.7977469998241, -71.7872470003488, -71.7991879997264, -72.1357150000472, -73.053288000141, -73.4873190002716, -73.5180799996922, 41.6667230000664, 41.6833270004408, 
41.4845270004208, 41.3841749996765, 41.2993599995644, 41.1711227776941, 41.2514605335768, 41.2491456606438, 41.2791585958925, 41.299083585739, 41.3078024940899, 41.3394314867738, 41.3301454749338, 41.343060548006, 41.3265896158182, 41.3458066197798, 41.3601055947974, 41.3761563862083, 41.4168340002889, 41.6560649996001, 42.0080529997462, 42.030222000445, 42.0398649999698, 42.0495250002786, 41.6667230000664))"
DC,District of Columbia,1.2098614475401173,DC-500,District of Columbia CoC,0.016744648840638626,District of Columbia CoC,Major City CoC,Sheltered and Unsheltered Count,11,5616,1044,583,1018,947,708,870,446,2167,3350,38,27,24,3,1,6,5005,611,54,4633,8,634,21,213,1416,1656,3960,420,139,4716,3308,1404,4,900,5218,3505,1693,20,5842,11856,10156,701974,18709787,158316184,0,0,0,1,0.632761327,0.154525033,0.004434000253568517,90842,189361,0.455247071,0.002948246,0.096759944,0.011864332000000002,0.014201484,0.4547063,0.006792129000000001,0.004437486,0.179562206,0.122386299,16811109,0,4576463,0,1500000,7860000,580000000,0,5.86916e-4,2303529,0,0.016953619,22932070,0.013962056,0.010510361,129000000,48797936,285000000,518781107,"list(list(c(-77.0024359997216, -77.119758999778, -77.1025094975153, -77.0591086697293, -77.0226037723462, -77.0164509904208, -76.9093929996872, -77.0024359997216, 38.9656730002088, 38.9343429997297, 38.9123459278223, 38.9007852463421, 38.8568692805929, 38.8092722161399, 38.8928520001198, 38.9656730002088)), list(c(-77.0480200001228, -77.0426886877327, -77.0447942704392, -77.0480200001228, 38.8412609996954, 38.8312022669711, 38.8402378958622, 38.8412609996954)))"
DE,Delaware,9.249733767344132,DE-500,Delaware Statewide CoC,0.5321994861911878,Delaware Statewide CoC,Largely Suburban CoC,Sheltered and Unsheltered Count,10,4074,1059,225,552,717,603,651,267,1767,2301,3,0,3,0,0,0,3774,300,18,2454,9,1227,6,267,714,1665,2409,87,81,3360,2664,696,0,714,3498,2547,951,0,933,2184,885,967679,1399207462,5046703789,0,0,0.6502364037161052,0.8264161666041725,0.3848827969374782,0.11434468707466422,1.917447586500306e-4,66765.66666666667,13965,0.518048041,8.823159356920972e-4,0.15392142116780494,0.009201776471916825,0.012518849080204281,0.4530820652747037,0.0056946856091245135,7.667834394432451e-4,0.21102762396146657,0.18810369975648947,7900472,9898989,5102957,0,0,0,105896710,3669063,0.00166117,3331185,804414,0.010907237,3358155,0.012837358,0.005704701,26060842,14528762,119689737,194344576,"list(c(-75.7015690001092, -75.6936700000704, -75.0897999064405, -75.0870814303637, -75.085848290766, -75.0703522497565, -75.0657422494053, -75.064656419658, -75.049285457258, -75.0817134049497, -75.1551833360421, -75.0812213408921, -75.1886292704244, -75.301683277761, -75.3417102683142, -75.4023762717475, -75.3956581606955, -75.4372651036016, -75.4946201090308, -75.5930671073611, -75.5630180652315, -75.6148630368996, -75.4231087646577, -75.5799259995852, -75.5930990000188, -75.5948800003117, -75.7195019997175, 
-75.7885959997056, -75.7665940004127, -75.7015690001092, 38.5607359999665, 38.4600799995924, 38.4512248358575, 38.4512265175898, 38.4512279996725, 38.4512390001798, 38.4512420003181, 38.4512429185259, 38.4512509818474, 38.5798011731857, 38.6081251861285, 38.7655031564456, 38.8056182418884, 38.9114661246619, 39.0210981729424, 39.0674451581676, 39.1891350277594, 39.3119350285788, 39.3467090565778, 39.4791789871206, 39.5623290480472, 39.6206800382532, 39.8067115367081, 39.8388620003811, 39.8377230000165, 
39.8375249998789, 39.7903649996451, 39.7221990001838, 39.3775630000325, 38.5607359999665))"
FL,Florida,9.316271332419111,FL-500,"Sarasota, Bradenton/Manatee, Sarasota Counties CoC",0.3145730662155895,"Sarasota, Bradenton/Manatee, Sarasota Counties CoC",Largely Suburban CoC,Sheltered and Unsheltered Count,12,2314,208,96,366,462,430,530,222,850,1442,2,4,16,0,0,0,2068,246,12,462,2,1552,8,186,578,322,1992,106,28,1006,516,490,0,1308,1622,880,742,0,426,776,316,821613,1659702737,3363793695,0,0,0.6752118453971626,0.9649609680250446,0.22997688671575547,0.0976162088729828,2.4425189963976076e-4,62303.5,13253,0.5472191725,0.001164177964098219,0.22801509534284958,0.005043117004642088,0.013462956161807323,0.5353737095871206,0.008292050486132765,0.0012682368091084246,0.16169291411276354,0.3230851998429261,2405460,8767562,4590962,0,0,0,74457388,3278545,9.37226e-4,1726305,616939,0.007413181,0,0.001460384,0.001159489,5697840,3627480,15145141,45856234,"list(c(-82.3546444227019, -82.255521000194, -82.2551690001492, -82.0575060004015, -82.0543489996066, -82.5535257448173, -82.600786515885, -82.6611795912651, -82.5807776165937, -82.4457976377507, -82.3744333730018, -82.3707142878341, -82.3546444227019, 26.9459741472891, 26.9452640003334, 27.0330200002729, 27.0321190000918, 27.6463820001293, 27.6454637527501, 27.5258989838511, 27.4571789372582, 27.4148659923717, 27.0607131666794, 26.9460401224537, 26.94606214775, 26.9459741472891))"
FL,Florida,6.684280620079715,FL-501,Tampa/Hillsborough County CoC,0.25495096891559177,Tampa/Hillsborough County CoC,Major City CoC,Sheltered and Unsheltered Count,12,1893,400,47,281,326,330,343,166,672,1216,0,5,0,0,0,0,1558,335,5,918,3,744,16,152,245,640,1253,31,11,871,828,43,0,1022,931,878,53,0,280,1156,732,1451358,790775123,2648267124,0,0,0.507990149,0.96327689,0.520741953,0.139940397,5.480406364022061e-4,60566,30018,0.527483292,0.003237523,0.085989159,0.008471104,0.015068206,0.407007782,0.006423295,9.92174e-4,0.22299666900000004,0.142504468,11387766,20819714,8969278,0,0,0,265000000,10251261,4.88508e-4,2022626,1823925,0.007211177,12214115,0.001952654,2.21172e-4,5799601,4530148,123000000,200818434,"list(c(-82.5535257448173, -82.0543489996066, -82.0562609996454, -82.1058529996162, -82.6511649999647, -82.6485215768093, -82.3999366704409, -82.3939975980107, -82.5535257448173, 27.6454637527501, 27.6463820001293, 28.171591999771, 28.1716499997477, 28.1732659996262, 28.0177898031569, 27.8817838516435, 27.8141588897211, 27.6454637527501))"
FL,Florida,8.49561107252935,FL-502,"St. Petersburg, Clearwater, Largo/Pinellas County CoC",0.06918704792393861,"St. Petersburg, Clearwater, Largo/Pinellas County CoC",Other Largely Urban CoC,Sheltered and Unsheltered Count,12,2110,351,89,247,370,370,475,208,767,1332,3,2,3,1,0,2,1942,168,11,822,0,1111,8,231,576,515,1595,53,21,1389,1060,259,70,721,1919,1480,354,85,187,1649,691,970985,1535985874,709087754,0,0,0.072839656,0.998095103,0.265045289,0.11587663,0.0013693439133910074,56419,26438,0.541362687,0.001393867,0.190993309,0.012960113,0.021114022,0.52606168,0.0021235840000000004,0.001622064,0.161621446,0.248383858,13078348,12275641,4833899,0,0,0,183000000,5543353,4.15042e-4,5619866,746725,0.008056767,0,0.002501583,6.77662e-4,8152644,4558552,54348125,109157153,"list(c(-82.7906612751976, -82.7756554276558, -82.8464575172006, -82.6515255363744, -82.5965955258628, -82.6481105704464, -82.6553105319554, -82.6485215768093, -82.6511649999647, -82.7906612751976, 28.172927500204, 28.1106807674036, 27.8524887831309, 27.7001889588534, 27.8143948934097, 27.9005928790582, 27.9071737625591, 28.0177898031569, 28.1732659996262, 28.172927500204))"
FL,Florida,3.7977687038580297,FL-503,Lakeland/Polk County CoC,0.4774645043758387,Lakeland/Polk County CoC,Largely Suburban CoC,Sheltered and Unsheltered Count,12,1207,319,61,155,215,170,200,87,498,704,2,3,0,0,0,0,1031,176,2,446,2,643,5,45,53,457,750,76,0,549,311,238,0,658,813,469,344,0,72,71,283,705735,549789492,4657154151,1,0,0.7900413329999999,0.891153113,0.42421872200000005,0.151100553,1.5153782269553223e-4,51535,10328,0.502839733,0.004450367,0.198661992,0.008825799,0.010046707,0.425933247,0.005862147,0.001204418,0.221209094,0.20272056800000002,3272257,9775212,1336191,0,0,0,40681985,4044424,1.94124e-4,0,692285,0.002546282,0,0.001987998,0.001010294,7178880,3631124,10470257,40400630,"list(c(-81.1421639997687, -81.2144090002751, -81.2971130001648, -81.3810219998654, -81.3464180003904, -81.4557580001315, -81.5242270000759, -81.5574590001327, -81.6571890000723, -81.6572680001181, -81.9576409996324, -82.0558189999468, -82.1062059997071, -82.1058529996162, -82.0562609996454, -82.0543489996066, -81.1421639997687, 27.6432379999338, 27.8285500002823, 27.8595819996096, 27.9833930002868, 28.0846959999205, 28.0848899998737, 28.142804999651, 28.2593620003561, 28.2592169999646, 28.3470980002725, 
28.3451799999571, 28.3127940002429, 28.2592400001259, 28.1716499997477, 28.171591999771, 27.6463820001293, 27.6432379999338))"
FL,Florida,12.679884085000822,FL-504,"Deltona, Daytona Beach/Volusia, Flagler Counties CoC",0.4145286505591909,"Deltona, Daytona Beach/Volusia, Flagler Counties CoC",Largely Suburban CoC,Sheltered and Unsheltered Count,12,2328,424,122,298,458,378,452,196,994,1332,0,0,2,0,0,0,2102,226,2,674,2,1420,0,150,368,718,1610,76,12,756,348,376,32,1572,1004,500,464,40,82,228,200,658961,1077327124,4111106255,0.5,0,0.7865383145195574,0.9161437110591522,0.28569369057313865,0.12843455318237498,1.6028800014559585e-4,54971.5,6578.5,0.551316753,4.45721874260498e-4,0.161228723109817,0.007899960314193101,0.013796884845720763,0.47841071038564953,0.004264226901499482,0.001241347984534745,0.1751757693516733,0.2553701965156709,4083761,7305893,3298503,0,0,0,62465393,2433580,0.00060977099999999995,0,145833,0.00644134,0,0.001613237,0.002563448,10449471,5758646,7026500,40502187,"list(list(c(-80.9872500000874, -80.9678949996544, -80.8504226168103, -80.8376471032312, -80.7883429996297, -80.9697939289466, -81.0000460343969, -81.212931686648, -81.2155869232978, -81.2192030315946, -81.3240589999229, -81.5236600000089, -81.5205959999054, -81.450891999666, -81.6809030000733, -81.6419159999234, -81.6123400002907, -81.5325760001822, -81.5020550001381, -81.3545539996673, -81.3669399997812, -81.3204730000289, -81.1057499995628, -80.9872500000874, 28.6129970000116, 28.7901970003913, 
28.7911334464515, 28.7911666089519, 28.7911369996729, 29.0884825520282, 29.2123535671635, 29.6706681295306, 29.6706409996825, 29.6706179185821, 29.6256099996019, 29.6224319996371, 29.5002490002912, 29.3784640004133, 29.3244299997447, 29.2767659996512, 29.2029430001194, 29.177615000332, 29.0978019997625, 28.984375000406, 28.8792269997263, 28.8345299997598, 28.8285409996674, 28.6129970000116)), list(c(-80.7437911349529, -80.7455913690464, -80.7452783456191, -80.7445179175678, -80.7437911349529, 28.7912451305584, 
28.7912234955679, 28.7912206483143, 28.7912336291287, 28.7912451305584)))"
FL,Florida,6.913623676655934,FL-505,"Fort Walton Beach/Okaloosa, Walton Counties CoC",0.4894483698728307,"Fort Walton Beach/Okaloosa, Walton Counties CoC",Largely Suburban CoC,Sheltered and Unsheltered Count,12,782,90,30,108,152,166,168,68,304,470,4,0,4,0,0,0,750,32,2,144,0,552,0,58,240,140,642,34,0,282,282,0,0,500,300,300,0,0,0,316,126,278479,1781854585,5097510501,0.5,0,0.9043662535639599,0.7774863397833301,0.24294111946102218,0.10948400249784006,5.463039260936679e-5,65881.5,4999,0.544799518,0.0016820288918307433,0.2876999984257027,0.012016868069463048,0.013987535707335203,0.5438076119787991,0.00828640003414261,0.0013358275981276864,0.2172731159957232,0.16910790387601576,993762,591709,0,0,0,0,17712572,0,2.55508e-4,0,0,0.007345498000000001,0,0.002059465,0.003147938,4418722,3376634,2953062,12333889,"list(c(-85.9959226571049, -85.9935960003551, -85.866817999551, -85.9152970003562, -85.8444210000291, -86.0375910003244, -86.0350390004495, -86.1872460003027, -86.7856920002856, -86.7993744837454, -86.6021624076689, -86.5839082844398, -86.4418613709055, -86.3221594473006, -86.3490454047216, -85.9959226571049, 30.2692492580469, 30.4050820001343, 30.4876370003473, 30.6364270000061, 30.7031300003493, 30.7045720002976, 30.9933199997183, 30.9940209996694, 30.9969800003268, 30.4070752323362, 30.4011963128596, 
30.4357983527119, 30.4803663152533, 30.4781983672609, 30.3854444012382, 30.2692492580469))"
FL,Florida,16.89102617021949,FL-506,Tallahassee/Leon County CoC,1.3646935683066708,Tallahassee/Leon County CoC,Other Largely Urban CoC,Sheltered and Unsheltered Count,12,6720,1152,384,944,1096,1112,1384,648,2576,4040,56,32,0,0,8,8,6368,352,48,3952,0,2184,8,896,1672,1744,4976,392,32,4992,3504,1488,0,1728,6024,4640,1384,0,520,3536,1152,445296,4668251893,14270130152,0.75,0.125,0.8742948448500795,0.6241321612498452,0.4306169376950523,0.19316538704207092,3.1204760941692634e-5,46730.125,3563.375,0.499089939,0.0013347616729269044,0.15876235260649654,0.03261003973400615,0.029713991936109914,0.459501096191275,0.00418824498038608,0.002220994352309475,0.1898849306605,0.1522717473961455,3968726,3770524,928507,0,0,0,43320016,2130997,3.52905e-4,1477227,320558,0.031241194,27070025,0.03004198,0.006993264,6053155,3907024,13718140,63344883,"list(c(-85.2182038633176, -85.1009437015905, -84.8834798679015, -84.5372428658656, -84.3365080212282, -84.3867279143617, -84.2717720333526, -84.0025451202611, -83.9508550810971, -83.7804382028608, -83.6392901626109, -83.5332602858335, -83.366397999568, -83.3188589998429, -83.3708899998736, -83.3672599997491, -83.2404120002136, -83.2127550000432, -83.2726120003435, -83.3092490000413, -83.9756549998783, -84.8646929997821, -84.9658180002005, -84.9874410000021, -85.0329309996658, -85.0527770002583, -85.1386689996746, 
-85.1352539995724, -85.0295249999787, -85.0543590003675, -85.0205339999441, -85.1094009998562, -85.2182038633176, 29.6937156896274, 29.7188125141863, 29.7319535509157, 29.9093014699869, 29.9425033913185, 30.0258693938575, 30.1042764132259, 30.1006453357138, 30.0537864096152, 29.978235432919, 29.8873514011463, 29.7214275061745, 29.665701000301, 29.8226229999515, 29.8879339999542, 30.2604400002059, 30.2602899995838, 30.3443410004369, 30.6276869998552, 30.6344060003367, 30.6703699995759, 30.7115419997635, 
30.5789939999732, 30.4649009995815, 30.4202990003986, 30.287405999987, 30.1725460001978, 30.0432700002104, 29.9868229997817, 29.901860000039, 29.807372999964, 29.7767929998971, 29.6937156896274))"
FL,Florida,4.771923799791546,FL-507,"Orlando/Orange, Osceola, Seminole Counties CoC",0.6801830960149696,"Orlando/Orange, Osceola, Seminole Counties CoC",Largely Suburban CoC,Sheltered and Unsheltered Count,12,8328,1491,519,1281,1563,1425,1476,573,2895,5382,36,9,6,0,0,0,6801,1527,42,4239,36,2970,21,654,2157,2298,6030,405,42,5046,3441,1605,0,3282,5943,3840,2103,0,2019,5016,3186,2204145,815601393,6578172621,0.3333333333333333,0,0.5429463673680679,0.9680939288280735,0.579246828310372,0.13120716995883439,3.3506949832291425e-4,62417,25275.333333333332,0.5463781129999999,0.001446070259913825,0.15454734561949035,0.005424809791433413,0.009922817989295169,0.40558674675770606,0.007305698530760908,9.917680512879145e-4,0.22277391007293987,0.12874788154868894,20237457,29924040,12829133,0,0,0,139960808,13221435,6.074730000000001e-4,794254,2062845,0.006077326,15080178,0.001859537,0.0011041869,12016125,10355974,32093561,148615002,"list(c(-81.6572680001181, -81.6571890000723, -81.5574590001327, -81.5242270000759, -81.4557580001315, -81.3464180003904, -81.3810219998654, -81.2971130001648, -81.2144090002751, -81.1421639997687, -80.8731500002722, -80.8688810003578, -80.8627849998279, -80.8857409999471, -80.9872500000874, -81.1057499995628, -81.3204730000289, -81.3669399997812, -81.4146819998743, -81.6465129996752, -81.6585970002513, -81.6572680001181, 28.3470980002725, 28.2592169999646, 28.2593620003561, 28.142804999651, 28.0848899998737, 
28.0846959999205, 27.9833930002868, 27.8595819996096, 27.8285500002823, 27.6432379999338, 27.6422880001911, 27.8225220001902, 28.3471219995807, 28.5103119995991, 28.6129970000116, 28.8285409996674, 28.8345299997598, 28.8792269997263, 28.7855639998787, 28.7858719996931, 28.7664420002981, 28.3470980002725))"
FL,Florida,13.168992134374662,FL-508,"Gainesville/Alachua, Putnam Counties CoC",0.8647380198734811,"Gainesville/Alachua, Putnam Counties CoC",Largely Rural CoC,Sheltered and Unsheltered Count,12,3760,410,75,505,895,770,720,385,1465,2285,5,5,0,0,0,0,3500,260,5,1740,5,1700,0,385,1160,595,3165,105,0,1540,1350,190,0,2220,1665,1390,275,0,875,4005,660,428836,1752123676,8717685031,0.8,0.2,0.9312664349661269,0.5458062054770658,0.3404518279094992,0.20493835432340335,4.9191499632650584e-5,44013.8,4559,0.4949432722,0.0016249276174200643,0.15831060409935885,0.011791571048407784,0.01585845816543387,0.4565521549679248,0.0033726098861872602,0.0016136708456962567,0.18949901606107228,0.1715037918139592,1740125,2662988,0,0,0,0,44811882,1237021,0,93830,0,0.016031434,0,0.012516157,0.011872345,16404263,9980240,18350462,50468929,"list(c(-82.9206080003589, -82.9476229997017, -82.9444619996215, -82.9843710000216, -83.0685220000902, -83.0749104457605, -83.0275584708467, -82.8082574589146, -82.7555605459823, -82.6898139998162, -82.6126530001358, -82.5355909996249, -82.5348600000889, -82.4032369997877, -82.4066200002128, -82.2151429997496, -82.2101650004144, -82.0556429999245, -82.0266530003357, -81.8430089995657, -81.7762049999607, -81.741422000325, -81.6809030000733, -81.450891999666, -81.5205959999054, -81.5236600000089, -81.5252299995648, 
-81.5812069999031, -81.8124300004441, -81.9394269996563, -82.0461120001686, -82.0494250000636, -82.147339999941, -82.3133850003175, -82.3904320001367, -82.5297049997858, -82.6413770000485, -82.7362370002373, -82.7905809999132, -82.8642460002526, -82.9039559995697, -82.9187079999742, -82.9206080003589, 29.8241429998995, 29.7661130002148, 29.5823019998375, 29.4710039997349, 29.3439529998311, 29.2608944566139, 29.1669195475991, 29.1590625611883, 29.0011963426372, 29.0339620001462, 29.0092710000567, 
29.0448549997585, 29.2146799999821, 29.2156230003013, 29.4850479998653, 29.48421300003, 29.4284959999904, 29.4418469996394, 29.4945910001746, 29.5210039996349, 29.4874479999253, 29.3710490002113, 29.3244299997447, 29.3784640004133, 29.5002490002912, 29.6224319996371, 29.7594969999866, 29.8401760000224, 29.8364900000136, 29.7474969996869, 29.7471289998035, 30.1431360001263, 30.1099850002076, 29.9547039997898, 29.9255719999479, 29.9408809999582, 29.8274230000715, 29.8601330003377, 29.9350069997733, 
29.9098360000314, 29.8242939996684, 29.8240829998306, 29.8241429998995))"
FL,Florida,7.406605124595622,FL-509,"Fort Pierce/St. Lucie, Indian River, Martin Counties CoC",0.4155886268706891,"Fort Pierce/St. Lucie, Indian River, Martin Counties CoC",Largely Suburban CoC,Sheltered and Unsheltered Count,12,2103,516,78,297,387,273,366,186,930,1173,0,0,0,0,0,0,1839,264,12,756,0,1134,6,105,339,768,1335,87,12,441,342,99,0,1662,585,456,129,0,450,882,609,638298,1138370704,4191178667,0,0,0.7808749497343247,0.9460000569011026,0.33604053280105534,0.11693244133860359,1.5229558334645913e-4,59667.666666666664,8054,0.569476594,0.0019847655750503037,0.2002749139932101,0.007365331829966567,0.009397902783160843,0.4786949043348123,0.0047788005933247476,0.0010622001034657793,0.18009456382271605,0.2809079771277115,4401777,3410903,3115007,0,0,0,24031223,2092666,0.001263493,126750,0,0.004960809,0,0.001220142,0.003004021,9458887,5326498,3763288,31695776,"list(c(-80.88563899974, -80.1420069999231, -80.0803879849175, -80.1467183601641, -80.2400522836859, -80.3217221612487, -80.4010852004216, -80.4906045973242, -80.509075000311, -80.8688810003578, -80.8731500002722, -80.7780469996692, -80.7771660004105, -80.6796589995631, -80.677427000056, -80.88563899974, 26.9589189996122, 26.9566399997362, 26.970534000144, 27.1359849632355, 27.2721258993908, 27.4438628438952, 27.7079467716263, 27.8546020712287, 27.8220580003764, 27.8225220001902, 27.6422880001911, 
27.6431949997495, 27.5587329997282, 27.5587359998665, 27.1216190004166, 26.9589189996122))"
FL,Florida,4.226547883104018,FL-510,"Jacksonville-Duval, Clay Counties CoC",0.5245955256899032,"Jacksonville-Duval, Clay Counties CoC",Major City CoC,Sheltered and Unsheltered Count,12,4017,579,291,684,723,732,726,282,1479,2469,15,9,33,0,12,0,3816,201,21,2331,3,1434,3,366,363,717,3300,375,18,2337,1431,906,0,1680,3477,2058,1419,0,1836,3057,831,1249707,704559611,5221146001,0,0,0.5466948875555061,0.9249891077997033,0.4237497271917177,0.13334756694582647,2.3935492318365452e-4,66141.33333333333,11672,0.487682004,0.0017099196380831831,0.10545766576019555,0.01135922444099377,0.015364944393296187,0.4280635379969649,0.005438664493875764,9.36219641535976e-4,0.22524159638729158,0.14911015186821872,12101262,15202559,1866641,0,0,0,152219706,7299424,1.04359e-4,822767,1143098,0.008845604,6587080,0.008191263,0.003103883,23025765,13302282,85064887,166415765,"list(c(-82.0494250000636, -82.0461120001686, -81.9394269996563, -81.8124300004441, -81.5812069999031, -81.610145999838, -81.6888759999274, -81.6802149998223, -81.4337369999625, -81.4369289996736, -81.3804681604772, -81.4108068616473, -81.4431177706686, -81.4264357424155, -81.4998322798358, -81.7181089999303, -81.7939679998233, -81.9639279999772, -82.0397950002391, -82.0502169997147, -82.0058099996318, -82.0499580003614, -82.0494250000636, 30.1431360001263, 29.7471289998035, 29.7474969996869, 29.8364900000136, 
29.8401760000224, 29.9702350001452, 30.0285660002208, 30.1212400003258, 30.106028000292, 30.2523349996605, 30.2529393476728, 30.4820331933772, 30.5958991716095, 30.7002351186558, 30.7245353570212, 30.7448060003966, 30.7872390002797, 30.8180999998152, 30.7472970001565, 30.6745380002286, 30.5653579997719, 30.3624720001827, 30.1431360001263))"
FL,Florida,8.097947877715567,FL-511,"Pensacola/Escambia, Santa Rosa Counties CoC",0.4129487361513392,"Pensacola/Escambia, Santa Rosa Counties CoC",Largely Suburban CoC,Sheltered and Unsheltered Count,12,2246,142,56,276,476,506,556,234,568,1664,4,6,0,0,0,4,2162,84,2,752,0,1350,16,246,730,196,2050,58,2,1158,550,608,0,1088,1202,594,608,0,184,470,360,496278,1757264742,4323713105,0,0,0.7843776126748193,0.8793136887748763,0.2970250543636732,0.12552967181969582,1.1478051109036292e-4,61843,8069.5,0.48550226350000003,3.517452502933705e-4,0.12814705821874553,0.011731165473954116,0.017535443721539135,0.4341901112399119,0.005049724420298703,0.0010357098938296682,0.2131365885493977,0.16548587663641745,1651356,4676976,795089,0,0,0,43211160,2763054,6.56792e-4,209079,0,0.007231499000000001,0,0.005519372,0.002115661,7038133,1796989,27898741,46829417,"list(c(-87.5988290001582, -87.6262239999376, -87.3932939998182, -87.4498627828411, -87.3403091437519, -87.4414121431558, -87.386751063211, -87.2656831197801, -87.1804140879398, -87.1505971986018, -87.0678312309265, -87.0136521723099, -86.9319981686805, -86.9498601892963, -86.7993744837454, -86.7856920002856, -87.5988290001582, 30.9974549997485, 30.8466640004433, 30.6272179998109, 30.5144705623666, 30.4312933437129, 30.3657263516898, 30.323304433253, 30.3469024503878, 30.421988443412, 30.5764523638856, 
30.4482974353784, 30.4991964137835, 30.4585224212728, 30.395421378394, 30.4070752323362, 30.9969800003268, 30.9974549997485))"
FL,Florida,4.6895390252410385,FL-512,St. Johns County CoC,0.1593901346927082,St. Johns County CoC,Largely Suburban CoC,Sheltered and Unsheltered Count,12,442,34,38,83,100,80,58,49,181,261,0,0,0,0,0,0,393,49,6,82,0,317,0,16,133,80,362,28,2,175,109,66,0,267,232,154,78,0,60,1,17,255410,572113481,1555652807,0,0,0.754002069,0.852069123,0.1813124,0.077411645,1.6418187840546865e-4,83803,7178,0.552655036,6.90388e-4,0.18152872,0.006682094,0.007543142,0.436521671,0.014432034,8.41784e-4,0.217563917,0.201652245,355118,2144662,0,0,0,0,0,0,0,0,0,4.42426e-4,0,9.12259e-4,0,0,0,2651776,5151556,"list(c(-81.5236600000089, -81.3240589999229, -81.2192030315946, -81.3067589242849, -81.3106448732623, -81.3804681604772, -81.4369289996736, -81.4337369999625, -81.6802149998223, -81.6888759999274, -81.610145999838, -81.5812069999031, -81.5252299995648, -81.5236600000089, 29.6224319996371, 29.6256099996019, 29.6706179185821, 29.8291803553892, 29.9764392979353, 30.2529393476728, 30.2523349996605, 30.106028000292, 30.1212400003258, 30.0285660002208, 29.9702350001452, 29.8401760000224, 29.7594969999866, 
29.6224319996371))"
FL,Florida,10.27796910899954,FL-513,"Palm Bay, Melbourne/Brevard County CoC",0.25286934999693633,"Palm Bay, Melbourne/Brevard County CoC",Largely Suburban CoC,Sheltered and Unsheltered Count,12,1116,104,49,155,236,245,241,86,386,719,1,2,5,1,2,0,1052,64,3,307,1,720,4,161,356,157,959,42,8,337,81,246,10,779,381,81,283,17,514,328,385,594001,1403935673,2628767901,0,0,0.709114732,0.961195954,0.262098885,0.11176005200000001,2.2596175180548966e-4,59359,8984,0.513557716,5.72022e-4,0.15907115,0.004824549,0.00911462,0.47247058499999994,0.003950727,0.001321547,0.182935719,0.23709556,1637062,6347883,1236773,0,0,0,59769661,2597769,3.26599e-4,0,0,0.004449487,0,0.002498312,0.001372052,6496081,4946528,11769069,35031165,"list(list(c(-80.9872500000874, -80.8857409999471, -80.8627849998279, -80.8688810003578, -80.509075000311, -80.4906045973242, -80.6604350870096, -80.7975430632617, -80.8504226168103, -80.9678949996544, -80.9872500000874, 28.6129970000116, 28.5103119995991, 28.3471219995807, 27.8225220001902, 27.8220580003764, 27.8546020712287, 28.2019036951994, 28.5575376971071, 28.7911334464515, 28.7901970003913, 28.6129970000116)), list(c(-80.4741431340983, -80.4572911312807, -80.4749121335881, -80.5530231456016, 
-80.5923331183787, -80.6081821226068, -80.5907451350799, -80.5256722018106, -80.5749001310362, -80.7328142915463, -80.7400786040443, -80.6542790522365, -80.6860730075632, -80.7883429996297, -80.8376471032312, -80.7419590405772, -80.7885390131649, -80.7175280120081, -80.7182540643735, -80.6650701469697, -80.6363000442116, -80.5850781570313, -80.6201361531609, -80.5858241059976, -80.5235811557457, -80.510901248194, -80.4789381492761, -80.4697362105576, -80.4726721543964, -80.4741431340983, 27.8771537523439, 
27.8712557924209, 27.9099777785517, 28.059941682163, 28.1869517116522, 28.3130476639186, 28.4080907480896, 28.4589616469625, 28.5851756001738, 28.7912434209472, 28.7912399774431, 28.6786505994456, 28.6708835380449, 28.7911369996729, 28.7911666089519, 28.7162746599477, 28.6272116006349, 28.5763086076562, 28.3865087465815, 28.3737196937089, 28.5003566709237, 28.5162285781864, 28.3181246426382, 28.0990078055658, 27.9938757813423, 27.9360877145764, 27.9130457608532, 27.8939878721426, 27.8801057400879, 
27.8771537523439)))"
FL,Florida,3.4270470041498298,FL-514,Ocala/Marion County CoC,0.3995395578548328,Ocala/Marion County CoC,Largely Suburban CoC,Sheltered and Unsheltered Count,12,378,66,19,61,76,71,59,26,147,231,0,0,0,0,0,0,329,49,2,148,1,194,0,14,72,96,282,18,4,179,104,75,0,199,265,161,104,0,186,203,146,360210,192281277,4113994500,1,0,0.8782153689999999,0.706547879,0.303356375,0.155329993,8.755723907749512e-5,46587,6443,0.493223845,8.501130000000001e-4,0.146630706,0.020997391,0.019803892,0.474517642,0.004165257,0.001052164,0.186571722,0.288503928,950308,5240016,1524871,0,0,0,18585943,2089433,3.77558e-4,0,354265,0.003081536,0,0.002021043,5.16365e-4,1942981,1128500,4056964,17287338,"list(c(-81.6809030000733, -81.741422000325, -81.7762049999607, -81.8430089995657, -82.0266530003357, -82.0556429999245, -82.2101650004144, -82.2151429997496, -82.4066200002128, -82.4032369997877, -82.5348600000889, -82.5355909996249, -82.4776389999399, -82.3116969998167, -81.6586980004124, -81.6386959998205, -81.6419159999234, -81.6809030000733, 29.3244299997447, 29.3710490002113, 29.4874479999253, 29.5210039996349, 29.4945910001746, 29.4418469996394, 29.4284959999904, 29.48421300003, 29.4850479998653, 
29.2156230003013, 29.2146799999821, 29.0448549997585, 29.0524839999367, 28.960390999645, 28.9603450002217, 29.0477599997242, 29.2767659996512, 29.3244299997447))"
FL,Florida,12.985934678021072,FL-515,"Panama City/Bay, Jackson Counties CoC",0.967276265644048,"Panama City/Bay, Jackson Counties CoC",Largely Rural CoC,Sheltered and Unsheltered Count,12,2994,270,96,510,750,720,426,222,954,1998,18,12,6,6,0,0,2850,144,42,762,0,1926,6,306,354,396,2598,114,0,756,402,354,0,2238,1212,690,522,0,30,420,228,301506,2678020887,10000356489,0.6666666666666666,0,0.92193227393295,0.5308650644399846,0.24882091870116352,0.15364921810694646,3.0149525202591004e-5,43731.5,2240.5,0.5057598768333333,5.269739190253735e-4,0.26715626762143,0.03248862130949301,0.02590672630854444,0.5324570656369194,0.004391621843555352,0.0013930070346891935,0.20121324286450354,0.1829250496206742,119865,817676,0,0,0,0,35144234,0,0,172804,0,0.018395592,0,0.013725823,0.016549521,8577920,6296721,47764027,63749013,"list(c(-85.9959226571049, -85.6869866620048, -85.363728617082, -85.3026517871502, -85.3116997961087, -85.2182038633176, -85.1094009998562, -85.0205339999441, -85.0543590003675, -85.0295249999787, -85.1352539995724, -85.1386689996746, -85.0527770002583, -85.0329309996658, -84.9874410000021, -84.9658180002005, -84.8646929997821, -84.9111219995806, -84.9425249998288, -85.0024990001287, -86.0350390004495, -86.0375910003244, -85.8444210000291, -85.9152970003562, -85.866817999551, -85.9935960003551, -85.9959226571049, 
30.2692492580469, 30.1208693978045, 29.8989133776503, 29.8081174299755, 29.687979437701, 29.6937156896274, 29.7767929998971, 29.807372999964, 29.901860000039, 29.9868229997817, 30.0432700002104, 30.1725460001978, 30.287405999987, 30.4202990003986, 30.4649009995815, 30.5789939999732, 30.7115419997635, 30.7511909998648, 30.8884880001212, 31.0006850003126, 30.9933199997183, 30.7045720002976, 30.7031300003493, 30.6364270000061, 30.4876370003473, 30.4050820001343, 30.2692492580469))"
FL,Florida,5.438757942477301,FL-517,"Hendry, Hardee, Highlands Counties CoC",1.285334597876189,"Hendry, Hardee, Highlands Counties CoC",Largely Rural CoC,Sheltered and Unsheltered Count,12,3846,846,384,414,498,540,618,546,1896,1950,0,0,0,0,0,0,2364,1482,0,1056,0,1956,0,180,624,1698,2148,0,0,0,0,0,0,3846,30,0,30,0,108,360,108,265832,1110180949,13012053768,1,0.16666666666666666,0.9636587927923763,0.6345440340764279,0.4377539199932401,0.20330216125503703,2.0429672728047707e-5,40502.833333333336,2740.5,0.5061600671666666,0.0028936707850420545,0.21601780285083047,0.014683097331607933,0.023465321870918477,0.4580975953429196,0.0017553810394045862,0.0010796291169573266,0.20318095639162703,0.25470974133128815,572070,0,0,0,0,0,797183,0,6.99267e-4,525254,0,0.002109051,0,0.00889105,0.003478633,738954,0,6159071,7995349,"list(c(-81.5657480001701, -81.5637630003621, -81.2717679995935, -81.2682360003911, -80.8797099997167, -80.8812850004024, -80.88563899974, -80.677427000056, -80.6796589995631, -80.7771660004105, -80.7780469996692, -80.8731500002722, -81.1421639997687, -82.0543489996066, -82.0575060004015, -81.5626239999976, -81.5657480001701, 26.7696009997863, 26.5133309998258, 26.517069000434, 26.2530690001343, 26.2593080000642, 26.3338060001469, 26.9589189996122, 27.1216190004166, 27.5587359998665, 27.5587329997282, 
27.6431949997495, 27.6422880001911, 27.6432379999338, 27.6463820001293, 27.0321190000918, 27.0338350000852, 26.7696009997863))"
FL,Florida,3.98196048379798,FL-518,"Columbia, Hamilton, Lafayette, Suwannee Counties CoC",0.6214020703605142,"Columbia, Hamilton, Lafayette, Suwannee Counties CoC",Largely Rural CoC,Sheltered and Unsheltered Count,12,2108,508,104,852,164,196,192,92,824,1276,0,0,8,0,0,0,2040,68,16,680,0,1276,0,96,84,744,1364,72,4,288,236,52,0,1820,444,336,108,0,0,372,256,138161,43861403,6587902028,0.75,0.25,0.9791586913604707,0.23569123150370944,0.2938166341294577,0.1550602846260884,2.0971926937101683e-5,45283,1800,0.42524524275,5.802882446907429e-4,0.18601553459695183,0.03831453860117544,0.049169508162701485,0.4184031673416304,0.0013134842802961762,0.00037637257464841743,0.21204247204939888,0.1893949809719096,628226,0,0,0,0,0,0,0,0,0,0,0.004911454,0,0.00919356,0.009878999999999999,1000009,1120713,2370343,5119291,"list(c(-83.3092490000413, -83.2726120003435, -83.2127550000432, -83.2404120002136, -83.3672599997491, -83.3708899998736, -83.3188589998429, -82.9206080003589, -82.9187079999742, -82.9039559995697, -82.8642460002526, -82.7905809999132, -82.7362370002373, -82.6413770000485, -82.5297049997858, -82.5692800000719, -82.5190189998269, -82.455984999608, -82.459792999847, -83.3092490000413, 30.6344060003367, 30.6276869998552, 30.3443410004369, 30.2602899995838, 30.2604400002059, 29.8879339999542, 29.8226229999515, 
29.8241429998995, 29.8240829998306, 29.8242939996684, 29.9098360000314, 29.9350069997733, 29.8601330003377, 29.8274230000715, 29.9408809999582, 29.9749800004267, 30.0760110001076, 30.1055839996019, 30.5842670003219, 30.6344060003367))"
FL,Florida,3.120859004931758,FL-519,Pasco County CoC,0.182286660724309,Pasco County CoC,Largely Suburban CoC,Sheltered and Unsheltered Count,12,731,90,27,104,167,141,146,56,264,466,0,0,1,0,0,0,650,81,1,96,0,581,3,66,112,138,593,10,11,304,120,184,0,427,423,216,207,0,511,426,250,539885,694082240,1933694374,0,0,0.602204207,0.927551785,0.266966113,0.122539727,2.7919872305529086e-4,53431,9255,0.519948275,9.54731e-4,0.151973088,0.009626595,0.008962692,0.457549293,0.00586126,0.001081712,0.202837641,0.226005538,2796964,5936668,2413965,0,0,0,27103379,2767162,3.51927e-4,968444,511113,0.002239366,0,4.44539e-4,3.01916e-4,2269181,1129078,1265113,20057688,"list(c(-82.6511649999647, -82.1058529996162, -82.1062059997071, -82.0558189999468, -82.0546940002279, -82.253292999972, -82.2534390004095, -82.6677926381197, -82.66848622406, -82.6700922081888, -82.6758104727751, -82.6764501992173, -82.7906612751976, -82.6511649999647, 28.1732659996262, 28.1716499997477, 28.2592400001259, 28.3127940002429, 28.4783970000216, 28.4784909998598, 28.4348239997279, 28.4335840918324, 28.4335811879216, 28.433574724494, 28.4334998235581, 28.4334863768948, 28.172927500204, 
28.1732659996262))"
FL,Florida,15.384748243165363,FL-520,"Citrus, Hernando, Lake, Sumter Counties CoC",0.6835275418172605,"Citrus, Hernando, Lake, Sumter Counties CoC",Largely Suburban CoC,Sheltered and Unsheltered Count,12,3144,560,212,432,572,600,596,172,1260,1872,8,4,0,0,0,0,2960,184,8,520,4,2364,4,196,396,884,2260,184,20,1364,460,904,0,1780,1452,432,1020,0,468,644,808,824691,2198659357,6640292645,0.25,0,0.8143742205307807,0.7973885770292921,0.23396763148866057,0.12178051762899195,1.2419497815671946e-4,52844.75,5634.25,0.5736996495,3.6795055213546303e-4,0.15721608973016424,0.005772522697503671,0.014085829504073649,0.4860911544179881,0.007990312994465806,8.500151979165529e-4,0.16317384318833597,0.3353898610494294,815112,2977906,0,0,0,0,22145377,1315673,0,423544,0,0.004475725,0,0.0011746026999999999,1.68485e-4,489210,1054981,4943256,12019682,"list(c(-81.6419159999234, -81.6386959998205, -81.6586980004124, -82.3116969998167, -82.4776389999399, -82.5355909996249, -82.6126530001358, -82.6898139998162, -82.7555605459823, -82.6658234681785, -82.7029614891813, -82.636632522273, -82.6677926381197, -82.2534390004095, -82.253292999972, -82.0546940002279, -82.0558189999468, -81.9576409996324, -81.6572680001181, -81.6585970002513, -81.6465129996752, -81.4146819998743, -81.3669399997812, -81.3545539996673, -81.5020550001381, -81.5325760001822, -81.6123400002907, 
-81.6419159999234, 29.2767659996512, 29.0477599997242, 28.9603450002217, 28.960390999645, 29.0524839999367, 29.0448549997585, 29.0092710000567, 29.0339620001462, 29.0011963426372, 28.8625396852583, 28.8309046770093, 28.6980735688402, 28.4335840918324, 28.4348239997279, 28.4784909998598, 28.4783970000216, 28.3127940002429, 28.3451799999571, 28.3470980002725, 28.7664420002981, 28.7858719996931, 28.7855639998787, 28.8792269997263, 28.984375000406, 29.0978019997625, 29.177615000332, 29.2029430001194, 
29.2767659996512))"
FL,Florida,9.787274416239564,FL-600,Miami-Dade County CoC,0.4607749107469116,Miami-Dade County CoC,Major City CoC,Sheltered and Unsheltered Count,12,3800,801,196,526,568,585,649,475,1452,2321,14,2,3,6,2,0,2266,1534,6,2105,1,1422,2,134,1110,1254,2546,129,67,2767,2410,343,14,1033,2940,2488,432,20,367,4975,738,2705528,1267531174,4920781681,1,0,0.791166586,0.99136454,0.8647561590000001,0.160098084,5.49816711122649e-4,53975,52533,0.635773132,0.005584128,0.126037721,0.008008253,0.012143639,0.381555837,0.003174768,0.001166131,0.20404778700000004,0.162705025,72548323,48131312,20327534,0,0,0,838000000,24042266,7.66579e-4,2144956,3555835,0.009798457,26782691,0.003391205,0.002964671,128000000,50773833,197000000,573306750,"list(list(c(-80.7780422953156, -80.7544703144534, -80.7533196300968, -80.7519064462255, -80.7518742217179, -80.7505580117428, -80.7503247977512, -80.7377005006775, -80.7375926719642, -80.7316978335881, -80.7306811868872, -80.7301825883557, -80.7274139103237, -80.7257809861036, -80.7235995563744, -80.7233048728216, -80.7222064067003, -80.7224922634072, -80.7225685843727, -80.7236036033236, -80.7255534117605, -80.7284128295884, -80.7298505820387, -80.736932755742, -80.7374341988292, -80.7392922863099, 
-80.7397728507364, -80.7410908215841, -80.7415177405513, -80.7432729329994, -80.7437085349209, -80.7437602216569, -80.7440536407629, -80.7441099176385, -80.7451758885564, -80.7459751268506, -80.7461196973661, -80.7463722872512, -80.7474424589023, -80.7474497002434, -80.7473010764834, -80.7472539654981, -80.7433775160595, -80.7433600925942, -80.7432824604172, -80.7430038369575, -80.7412686310424, -80.7405648845618, -80.7380160053343, -80.7379685301235, -80.737869639772, -80.7377785006772, -80.7316367660239, 
-80.7309391034568, -80.7248962429672, -80.7237766976364, -80.7236878203366, -80.706883857504, -80.7064912521695, -80.7035202482608, -80.7035021862769, -80.6931735148458, -80.6931273490479, -80.6869412472407, -80.686737153297, -80.6866788295643, -80.6864812287257, -80.6864299691677, -80.6854922631574, -80.6846286370019, -80.6846084283363, -80.6843484631111, -80.6842490907229, -80.6774798568099, -80.6773079424076, -80.6764184652399, -80.6725210993692, -80.6734829647669, -80.6724758679669, -80.6724466678794, 
-80.6723227152211, -80.6653343345119, -80.6645040696071, -80.6639307077359, -80.6637471758914, -80.6552769354822, -80.6545396469871, -80.6665603694655, -80.6665724212802, -80.6733972728658, -80.6731051433876, -80.6421227542617, -80.6420195354731, -80.6411459214471, -80.6400331821856, -80.6365362871199, -80.6365237101011, -80.64210817805, -80.6537143625278, -80.6547140749945, -80.6549377255955, -80.6549663393251, -80.6551853287399, -80.6570283975425, -80.6555929995173, -80.6551962303217, -80.6551695995973, 
-80.6546530263161, -80.6512963886174, -80.6512147994234, -80.6508700694981, -80.6508614476976, -80.6482841274105, -80.6481302120396, -80.6479331507942, -80.6477029971956, -80.6476336315868, -80.6474765820786, -80.6473852352404, -80.6473277703603, -80.6471836018417, -80.6454976293121, -80.6454323924909, -80.6451146683073, -80.6450968518382, -80.6447157893022, -80.6425833195645, -80.6362835128738, -80.635301222973, -80.6352660504878, -80.6350887527437, -80.6311146252397, -80.6310917060174, -80.63108029452, 
-80.62522671614, -80.624806080736, -80.6245315689767, -80.6212519833923, -80.6197551679666, -80.6192905161444, -80.6189662062254, -80.61793159107, -80.6177679432359, -80.6167967104997, -80.611099628545, -80.6110889230154, -80.6109195869693, -80.610801451126, -80.6105306310837, -80.6099776262664, -80.609914762756, -80.6097152121873, -80.6095605944458, -80.6067274305265, -80.6061454846264, -80.6049120194741, -80.6041334134263, -80.60410693109, -80.6240025751587, -80.6234780087031, -80.6231749569587, 
-80.6230908784412, -80.6226173395186, -80.6224517023841, -80.6222525412218, -80.6218538186988, -80.6218281241685, -80.6216667848942, -80.6215324423683, -80.6195924059647, -80.6191087568636, -80.6178913374152, -80.6152067253101, -80.6150199361211, -80.6149101046176, -80.6135678493767, -80.613532077943, -80.6135019515538, -80.5986628554064, -80.5986175475617, -80.5981064358633, -80.5979322497735, -80.597753228029, -80.5973089710321, -80.5963568416948, -80.5960962208638, -80.5960064334501, -80.5958702086432, 
-80.594180350143, -80.5941634896533, -80.5906005249942, -80.5901221666047, -80.5837073402215, -80.583648156737, -80.5780489156249, -80.5779788251626, -80.5764646690092, -80.5755300476735, -80.5753660239228, -80.5751743406233, -80.5685790275001, -80.5659803968778, -80.5757041600189, -80.57510799224, -80.5747994312487, -80.573206421639, -80.5729883027679, -80.5726771013671, -80.5686989979603, -80.5654073030046, -80.5653687148942, -80.5652788402463, -80.5605233754534, -80.5589600030017, -80.5623080575708, 
-80.5623530002907, -80.5623530002907, -80.5623530002907, -80.5623530002907, -80.5620496157971, -80.5619631351905, -80.5619310033131, -80.5615901638549, -80.5581226631303, -80.5572579110237, -80.5551177790622, -80.5548641477621, -80.5548630002272, -80.5547822456041, -80.5544882662205, -80.5544623540544, -80.5491508995943, -80.5491230439932, -80.5484787471964, -80.5494709107539, -80.5480813475761, -80.547922611839, -80.5422083339474, -80.5418015669887, -80.5416971044378, -80.5411766388908, -80.5411580004413, 
-80.5360161734076, -80.5359199945121, -80.5381627930784, -80.538099030246, -80.5401220605846, -80.5400525079169, -80.5398587534787, -80.5397181031079, -80.5396431365215, -80.5382470604534, -80.5338912588745, -80.5334281682753, -80.533300632718, -80.5322239149017, -80.5322052099025, -80.5319259551187, -80.5317902654084, -80.5316554687249, -80.5315760891651, -80.5315612467541, -80.5311388594707, -80.5308340927191, -80.5307454132702, -80.5290693683566, -80.5290660273752, -80.5290054310557, -80.5290047062022, 
-80.5289801349252, -80.5287936380159, -80.5287381039803, -80.5285934039624, -80.5278406192492, -80.5270190849628, -80.5260528956246, -80.5253260293727, -80.5250604676664, -80.5245773896348, -80.5244350278542, -80.5219804434427, -80.5218726596955, -80.5210389620784, -80.5208594870757, -80.5206599185204, -80.5205734837792, -80.5202082259289, -80.5186401473249, -80.5180793867543, -80.517884917355, -80.5177799215061, -80.5171413533907, -80.5171308672956, -80.5163412112778, -80.5160897275588, -80.514620594165, 
-80.5145940227959, -80.5145409996674, -80.5154623802846, -80.5154534545132, -80.5153916162301, -80.5148789576977, -80.5146836852039, -80.5118691165665, -80.511788788222, -80.5103326086629, -80.5103043798432, -80.5096501122628, -80.5095242764242, -80.5071785144768, -80.5071750853618, -80.5069050953938, -80.5081271004852, -80.507527326425, -80.5066955254781, -80.504838847235, -80.5041017943623, -80.5037842626336, -80.5030726569775, -80.5028951308056, -80.5027378285879, -80.5023648176822, -80.5022848427712, 
-80.5015922604744, -80.5013207254711, -80.5011086059773, -80.5008278987885, -80.5007168460056, -80.500337133352, -80.5003477093792, -80.5002918650775, -80.4953143136046, -80.4957109910694, -80.4956186037156, -80.4959160194088, -80.4954958003908, -80.4968772948512, -80.4968568514625, -80.5013249990494, -80.4979448063077, -80.4978936186955, -80.497138096446, -80.4969531472699, -80.4956951791891, -80.4956082318344, -80.4955223151027, -80.4957924525596, -80.4935520003245, -80.4938499789933, -80.4921392697115, 
-80.4921392697115, -80.4921398929417, -80.4923335034883, -80.4916101023243, -80.4872359150054, -80.4871724885195, -80.4889494643463, -80.4890206816591, -80.4935387263311, -80.4937159458342, -80.4949917663569, -80.4946742490174, -80.4947925872081, -80.4944480002749, -80.4960292620408, -80.4914143450959, -80.4904223416177, -80.4866200934425, -80.4865749600663, -80.4853925359367, -80.4827801016203, -80.4814222548331, -80.4814149361504, -80.4813356393283, -80.4808170443711, -80.480645270263, -80.4805303782743, 
-80.4795218938203, -80.4714551531328, -80.4713481670842, -80.4710538684412, -80.4702803147846, -80.4685593055675, -80.4684215797921, -80.4684173493811, -80.4683820779705, -80.468372188126, -80.4680839482156, -80.4565193474899, -80.45635196657, -80.457329777847, -80.4573661293434, -80.4573676294125, -80.4445184514653, -80.4354241103344, -80.4352868234281, -80.4364525066778, -80.4364659542404, -80.4364636169024, -80.436343174298, -80.4350412599462, -80.4292188196927, -80.4257409533823, -80.424438750348, 
-80.379072271668, -80.3791041481379, -80.335745247645, -80.3407732510846, -80.2383742638611, -80.1888912770108, -80.1708572727449, -80.1177527025251, -80.294971999658, -80.6800159998385, -80.8729320001117, -80.8730959995807, -80.8731900003182, -80.858167025188, -80.83335288183, -80.833349902376, -80.8305620337109, -80.8269989701263, -80.8135210914252, -80.8111980490507, -80.8114441026632, -80.8126360793915, -80.8085687632378, -80.8081303266532, -80.8068272404847, -80.8065314894366, -80.8029084491656, 
-80.797844268698, -80.7993201703895, -80.7994232201055, -80.7780670284706, -80.7780422953156, 25.1625154838026, 25.1513834533837, 25.1517706510948, 25.151618207914, 25.1516021316331, 25.1503731262188, 25.1501076301631, 25.1433016427567, 25.1433246698977, 25.1430395263531, 25.1430584570822, 25.1432306907438, 25.1449616995229, 25.1451883574568, 25.1452473430905, 25.1452553110838, 25.1473777434881, 25.1476055660441, 25.1476586278434, 25.148306635243, 25.1493736026097, 25.1502080376708, 25.1520146344678, 
25.1517757142778, 25.1513850550763, 25.1510230644629, 25.151360563839, 25.1524241902242, 25.152750856367, 25.1535661502577, 25.1538781772362, 25.1539332831945, 25.1544821286474, 25.1547065670545, 25.1566180239028, 25.1574475405716, 25.1575975043214, 25.1578595191016, 25.1597472419417, 25.1604696052881, 25.1622884148785, 25.163029837557, 25.1643762503637, 25.1643682571894, 25.1643326413384, 25.1642048170987, 25.1626365532344, 25.1621540156953, 25.1606667618616, 25.1605520308516, 25.1599205457966, 
25.1594156646013, 25.1600595495087, 25.1597540713933, 25.1651642615215, 25.1539571422084, 25.1540137770143, 25.1399959903227, 25.1397955116536, 25.1527284596507, 25.1527422174794, 25.167276108006, 25.167297652165, 25.1699709364096, 25.1702052295877, 25.1702385917376, 25.1703516248277, 25.1703809463237, 25.1706289919345, 25.1710680472526, 25.1711140178977, 25.1717053850955, 25.1719384075315, 25.1642612900266, 25.1643877077266, 25.1654143566873, 25.167336504676, 25.1733764495635, 25.1744510503758, 
25.174462788327, 25.1744988628323, 25.1669424604262, 25.1673605246685, 25.1674370470821, 25.1674614124143, 25.1662054210434, 25.1656221648311, 25.1489801833888, 25.1489685731412, 25.1385348662911, 25.1385914543322, 25.175731977249, 25.1757724683248, 25.1761894317969, 25.1766417745983, 25.1763323556538, 25.1763314374459, 25.1780094788544, 25.1756375007701, 25.175604917433, 25.1755976284279, 25.1755998344648, 25.1756663042566, 25.17679291646, 25.1846742691023, 25.1845018798579, 25.1844980820209, 25.184534359773, 
25.1925902537373, 25.1925899407732, 25.1925574006036, 25.1925565867172, 25.1921604614362, 25.1920537991436, 25.1919144671789, 25.1916842830033, 25.1915968868869, 25.1913696722726, 25.1911294345758, 25.190978303506, 25.1895734896249, 25.190375793708, 25.1904044191287, 25.1904821565263, 25.1904862025763, 25.1905727362428, 25.1907469304265, 25.1925355623663, 25.1923702831621, 25.192364365623, 25.1923454241021, 25.1953243483401, 25.1953543290391, 25.1953710843081, 25.1950489327621, 25.1952679806329, 
25.1953599021379, 25.1992001664545, 25.1976465003858, 25.1976791565679, 25.1984616998476, 25.1990546804292, 25.1991035199115, 25.199393374105, 25.2007150690453, 25.2007140132412, 25.2006314941482, 25.2005739249468, 25.200442140992, 25.2002661625534, 25.2002732366206, 25.2004564420112, 25.2009865401967, 25.2030864733621, 25.2029729159673, 25.2027293912485, 25.1931657784779, 25.1931328066337, 25.1813444788647, 25.1812562292916, 25.1812052458255, 25.1811733603623, 25.1808052165875, 25.1806764453617, 
25.180521611783, 25.1803175735972, 25.1803195107369, 25.1804136256883, 25.1807383492954, 25.1819797752465, 25.1774842433032, 25.176655929028, 25.1758968202821, 25.1758200460583, 25.1757931230542, 25.1765297604401, 25.1766492776421, 25.1767146133888, 25.1892072308291, 25.1892217980476, 25.1893191127869, 25.1893341890217, 25.1893392971709, 25.1893519749137, 25.1894969735066, 25.1895392605285, 25.1895538295457, 25.1895759330829, 25.1950401679694, 25.1951814523622, 25.1996490072959, 25.1996877815659, 
25.2028746020813, 25.203564751712, 25.2120334102137, 25.2120415598702, 25.2118154667104, 25.2109308917473, 25.2107183603641, 25.2105225581696, 25.2115211563763, 25.2101002797042, 25.1986910809287, 25.1981140579175, 25.1979017756465, 25.1973857437571, 25.1972740515563, 25.1970877093304, 25.1931263629913, 25.1926534239165, 25.1926603693806, 25.1927064209646, 25.1984629247243, 25.199037274051, 25.2107379952623, 25.2110277208527, 25.2114280675513, 25.2115040179961, 25.2116814011758, 25.212116706321, 
25.2121831410392, 25.2121972855763, 25.2122595024741, 25.2116610863901, 25.2119356700952, 25.2127807765117, 25.2134020065974, 25.2134050004404, 25.2134789067262, 25.2137475656976, 25.2137711702034, 25.2140050586866, 25.2139766050364, 25.2132327901612, 25.2083639559319, 25.206803495485, 25.2061725392314, 25.2061990467487, 25.2060577965302, 25.2060184314055, 25.2057129406997, 25.205702000447, 25.1990452789165, 25.1989796409977, 25.2054067404288, 25.2054893683397, 25.2124936553579, 25.2126080886924, 
25.2129946577773, 25.2133184101166, 25.2134909693328, 25.2142829599907, 25.2142079925049, 25.2142228196275, 25.2142160612223, 25.2142011423689, 25.2142155369175, 25.2144255232193, 25.2145276691167, 25.2146291423211, 25.2146888986738, 25.2146985798756, 25.2147875713894, 25.2147961976864, 25.2147490768085, 25.213505192111, 25.2135103551188, 25.2136195499024, 25.2151530136007, 25.2151999240373, 25.2164908342846, 25.2165472766355, 25.2169211994539, 25.2174406271832, 25.2176708122582, 25.2183864765547, 
25.2190941485761, 25.2193526973691, 25.2208644981981, 25.221025473247, 25.2215924993944, 25.2216089255115, 25.2220559083535, 25.2221587089573, 25.2222730181853, 25.2222890306143, 25.222311526256, 25.2220388491136, 25.2215519876342, 25.2213516465613, 25.221194756233, 25.2206566684705, 25.2206510647949, 25.2204531267105, 25.2204334621346, 25.2194733153413, 25.2193760653532, 25.2191525460532, 25.2176418594843, 25.2176063929207, 25.2173887309053, 25.2173211216725, 25.2177459784942, 25.2167931108135, 
25.2167769580902, 25.2155300813482, 25.2140742660146, 25.2129573808785, 25.2122713897129, 25.2100771635303, 25.2100593749403, 25.208515068116, 25.2065020022657, 25.2067637508464, 25.206975542987, 25.2065568744003, 25.2059151002018, 25.2056335116773, 25.2031472954114, 25.2031731599134, 25.2032488000921, 25.2034827344407, 25.2035162404821, 25.2036627229563, 25.2039527543162, 25.2041949444412, 25.2045154457313, 25.2045949664846, 25.2047762248429, 25.2030850677218, 25.2019509290922, 25.1996884821378, 
25.2003351216686, 25.200870723705, 25.2025361746048, 25.2048747302846, 25.2063084088061, 25.2067548835311, 25.2095896716261, 25.2095346897742, 25.2090659307482, 25.2086800775236, 25.2083529851022, 25.2083040098223, 25.2079872739935, 25.2073863559956, 25.2068085703593, 25.207006908642, 25.20605807532, 25.2059696458825, 25.2061309635732, 25.2065023098338, 25.2073551890908, 25.2075404161573, 25.2071257819293, 25.2123517971978, 25.2127494324404, 25.2131533359577, 25.2146435188833, 25.21505235788, 25.216276346876, 
25.2183144561473, 25.2186527172491, 25.2212812188532, 25.2227270400209, 25.2274137948108, 25.2277151477359, 25.2280610153036, 25.2278663822278, 25.2266896211291, 25.2247979619564, 25.226106563667, 25.226116529954, 25.2267446974099, 25.2277789447426, 25.2279707116791, 25.2280952974601, 25.2285220905221, 25.2298246370974, 25.2299417791898, 25.2302218451621, 25.2305042925391, 25.2300986587261, 25.2304773767296, 25.2305913172356, 25.2315695008318, 25.2318437940559, 25.2337533731197, 25.2351589559211, 
25.2351874329537, 25.2363464594216, 25.2364852140215, 25.2376034823149, 25.2402749031643, 25.2406827942756, 25.2405752344595, 25.2361645706385, 25.2358951508406, 25.2358923782307, 25.2358104275093, 25.2358950995792, 25.235691116252, 25.2363863947164, 25.2363575624516, 25.2913436816656, 25.2918845276489, 25.3397834963114, 25.4983824033253, 25.7269662542893, 25.7583552350061, 25.8676603536425, 25.9752525137926, 25.9567699996358, 25.9568570000505, 25.9794339997793, 25.8053770004483, 25.3639930002768, 
25.1766144397047, 25.1719018042249, 25.1718985477798, 25.1686387274953, 25.160725129661, 25.1658092696821, 25.1752503678103, 25.1754422588532, 25.175896984858, 25.1840432777751, 25.1841906191019, 25.1840062212102, 25.1839353249553, 25.1820007411413, 25.1812172490768, 25.1647124987828, 25.1643846023675, 25.1625490932661, 25.1625154838026)), list(c(-80.2470351857252, -80.2464412473656, -80.2428583456361, -80.241602635753, -80.2594685549298, -80.2549783865433, -80.2470351857252, 25.3397882366378, 25.3398664794545, 
25.3403409545714, 25.3405061024747, 25.3524866693244, 25.3479004596385, 25.3397882366378)))"
FL,Florida,2.352925443137911,FL-601,Ft Lauderdale/Broward County CoC,0.28636293062408363,Ft Lauderdale/Broward County CoC,Largely Suburban CoC,Sheltered-Only Count,12,2469,281,91,416,398,446,588,249,859,1595,3,9,3,0,0,0,2266,203,7,650,0,153,2,107,713,415,2054,80,7,845,664,181,0,1624,1139,960,179,0,0,1301,266,1942273,273292462,3115520740,0,0,0.67904784,0.999921826,0.644863003,0.127133812,6.234184144766759e-4,60922,39722,0.618870098,0.002411546,0.14695383,0.004862158,0.010086134000000002,0.4254716,0.001999939,0.0012351509999999999,0.211601047,0.16668872,25204662,28296418,8745042,0,0,0,355000000,12782988,3.20758e-4,275338,490944,0.005251064,11582329,0.001692862,7.98034e-5,964959,690669,56090246,145123595,"list(c(-80.8729320001117, -80.6800159998385, -80.294971999658, -80.1177527025251, -80.0748042085473, -80.2969859999039, -80.8812850004024, -80.8797099997167, -80.8729320001117, 25.9794339997793, 25.9568570000505, 25.9567699996358, 25.9752525137926, 26.3210376559631, 26.3343560003292, 26.3338060001469, 26.2593080000642, 25.9794339997793))"
FL,Florida,7.457148912054573,FL-602,Charlotte County CoC,0.16748080167774937,Charlotte County CoC,Largely Suburban CoC,Sheltered and Unsheltered Count,12,343,42,21,47,60,56,68,49,115,224,0,4,0,0,0,0,324,19,0,52,0,265,0,54,0,76,267,18,3,134,111,23,0,209,138,115,23,0,0,68,127,185926,689242502,1764086777,0,0,0.797442704,0.935000294,0.164624636,0.105988557,1.0539504202632544e-4,52724,5683,0.588104913,3.00793e-4,0.246256743,0.002928479,0.012233485,0.569350172,0.006368993,0.001538246,0.120279036,0.400955219,1249228,0,928667,0,0,0,5884322,0,2.95817e-4,200833,0,0.001635059,0,0.001328486,9.68127e-4,1055844,629596,3749628,7813796,"list(c(-82.0575060004015, -82.2551690001492, -82.255521000194, -82.3546444227019, -82.2986047279258, -82.1479457104261, -82.1809027742436, -82.117824798076, -82.0545967367499, -82.0609432002684, -81.5657480001701, -81.5626239999976, -82.0575060004015, 27.0321190000918, 27.0330200002729, 26.9452640003334, 26.9459741472891, 26.8517611481585, 26.7962911127447, 26.9172581081752, 26.9608560053005, 26.8654620973979, 26.7704211464188, 26.7696009997863, 27.0338350000852, 27.0321190000918))"
FL,Florida,13.990284196029222,FL-603,"Ft Myers, Cape Coral/Lee County CoC",0.19211771360579205,"Ft Myers, Cape Coral/Lee County CoC",Largely Suburban CoC,Sheltered and Unsheltered Count,12,941,116,43,127,203,186,189,77,387,553,0,0,1,0,0,0,818,123,5,360,1,420,1,60,276,172,769,46,1,197,197,0,0,744,336,336,0,0,71,340,480,756570,1900537643,2022848995,0,0,0.480849851,0.9607201160000001,0.337099013,0.118142613,3.740120997019849e-4,59608,11355,0.533361095,6.95704e-4,0.279963714,0.004854804,0.008483447,0.530356742,0.007626607,8.88219e-4,0.1760921,0.285422367,3570513,9585165,2735127,0,0,0,55713194,2226848,4.37501e-4,1737205,555501,0.002894643,0,9.41089e-4,0.001342903,10538598,7331035,7658043,45938035,"list(c(-81.5657480001701, -82.0609432002684, -82.0848486848189, -82.0388727562727, -81.8421788066066, -81.8459334302835, -81.6578999995853, -81.6595059999019, -81.5621800002068, -81.5637630003621, -81.5657480001701, 26.7696009997863, 26.7704211464188, 26.6795660746147, 26.525913108803, 26.4028552156957, 26.33037400016, 26.3175630002323, 26.4210770002035, 26.4226249996441, 26.5133309998258, 26.7696009997863))"
FL,Florida,33.6413107310099,FL-604,Monroe County CoC,0.2437861564209052,Monroe County CoC,Largely Rural CoC,Sheltered and Unsheltered Count,12,450,17,9,54,73,97,130,70,102,341,2,0,3,0,2,0,367,83,0,51,0,356,1,40,42,25,425,10,0,267,157,110,0,183,361,229,132,0,16,167,13,75137,11153864839,2546044689,0,0,0.963610102,0.868873229,0.346407229,0.105577959,2.9511265188951286e-5,72012,3816,0.597578461,0.003628713,0.389981212,0.007645230999999999,0.008928738,0.715479724,0.003989826,0.003274019,0.153333245,0.224163861,756006,0,0,0,0,0,13975051,0,0,473344,0,0.005935824,1519564,0.003340565,0.008491156,752322,3396052,5690491,12587779,"list(list(c(-81.2950291909444, -81.2101679440953, -81.2783120333736, -81.2096780680884, -81.1415821186199, -80.9569431493069, -80.9017530782419, -80.962564163905, -81.0290241710287, -81.127326100619, -81.1696631122628, -81.0877731121394, -80.9233641656237, -80.858167025188, -80.8731900003182, -80.8730959995807, -81.2950291909444, 25.8038699759187, 25.7280153988916, 25.6906293457677, 25.5067354665686, 25.3815393849347, 25.3242784683767, 25.2459113923969, 25.2024634176527, 25.2264694230255, 25.3314934773422, 
25.2197944425595, 25.1164964219723, 25.1423815526666, 25.1766144397047, 25.3639930002768, 25.8053770004483, 25.8038699759187)), list(c(-81.3438875878419, -81.3120840619299, -81.3064606722222, -81.3211793554428, -81.3246652769809, -81.3438875878419, 25.8033300085731, 25.7873603548965, 25.8039300344436, 25.8037200499404, 25.8034832152782, 25.8033300085731)), list(c(-81.4009999408945, -81.3976988983854, -81.3921988938638, -81.3941712959685, -81.3964862885114, -81.397241590427, -81.3988992028359, -81.3993131185056, 
-81.4009999408945, 25.8033805675592, 25.7953122719438, 25.7990583322763, 25.8032481738642, 25.8032648104227, 25.8032788614304, 25.8034041306962, 25.8033939998333, 25.8033805675592)))"
FL,Florida,4.096443159303014,FL-605,West Palm Beach/Palm Beach County CoC,0.5202801159796229,West Palm Beach/Palm Beach County CoC,Largely Suburban CoC,Sheltered and Unsheltered Count,12,2126,189,151,337,407,387,469,186,694,1416,4,1,9,1,1,0,1906,220,12,1232,3,661,5,119,532,301,1825,140,7,546,411,135,0,1580,667,511,156,0,119,1053,582,1482057,1084969380,5087491660,0,0,0.760726069,0.99151181,0.4607744509999999,0.11623668600000002,2.913138927877869e-4,65015,23576,0.59807911,0.001432113,0.180381843,0.004834257,0.009732275,0.465619743,0.003252913,0.001110619,0.19074435100000003,0.23995703299999996,17148153,19545562,7268905,0,0,0,226000000,6418482,3.31296e-4,228356,1148348,0.004694826,6796223,9.03474e-4,7.96191e-4,9510498,13346309,40799291,122210127,"list(c(-80.8812850004024, -80.2969859999039, -80.0748042085473, -80.0457532708967, -80.047942265723, -80.0803879849175, -80.1420069999231, -80.88563899974, -80.8812850004024, 26.3338060001469, 26.3343560003292, 26.3210376559631, 26.5352801351701, 26.8659139914376, 26.970534000144, 26.9566399997362, 26.9589189996122, 26.3338060001469))"
FL,Florida,13.550274923743729,FL-606,Naples/Collier County CoC,0.4763556700079431,Naples/Collier County CoC,Largely Suburban CoC,Sheltered and Unsheltered Count,12,660,128,63,126,99,152,38,54,230,402,9,1,15,1,1,1,482,178,12,149,7,315,7,96,5,195,465,107,1,254,131,123,0,406,263,192,71,0,33,59,163,379345,1575210651,5171811319,0,0,0.90302796,0.8837717430000002,0.373976196,0.10961053199999998,7.334857685282853e-5,70217,10622,0.567540209,0.001412382,0.322288274,0.004589005,0.013409786,0.575592139,0.008904147,0.001481501,0.171390159,0.321670247,1319235,5207995,520000,0,0,0,11026353,1687267,1.00173e-4,288671,433016,0.001001727,0,0.001086083,0,0,0,5966021,15422205,"list(list(c(-81.2950291909444, -80.8730959995807, -80.8729320001117, -80.8797099997167, -81.2682360003911, -81.2717679995935, -81.5637630003621, -81.5621800002068, -81.6595059999019, -81.6578999995853, -81.8459334302835, -81.8020649073695, -81.7263078618183, -81.6083998311872, -81.476744881571, -81.3438875878419, -81.3246652769809, -81.3133250598036, -81.2950291909444, 25.8038699759187, 25.8053770004483, 25.9794339997793, 26.2593080000642, 26.2530690001343, 26.517069000434, 26.5133309998258, 26.4226249996441, 
26.4210770002035, 26.3175630002323, 26.33037400016, 26.0956062786069, 25.9842562257443, 25.9047613018926, 25.8924622958983, 25.8033300085731, 25.8034832152782, 25.8162914084218, 25.8038699759187)), list(c(-81.3878146449299, -81.3940559624127, -81.3910778997252, -81.3974109192785, -81.4003530459563, -81.3973890243839, -81.3964862885114, -81.3941712959685, -81.3893321357694, -81.3878146449299, 25.8032299976663, 25.8093322925513, 25.8194882545793, 25.8258892988521, 25.8181143818733, 25.8140993981688, 
25.8032648104227, 25.8032481738642, 25.8032233318913, 25.8032299976663)))"
GA,Georgia,34.51184307623625,GA-501,Georgia Balance of State CoC,14.065085373836368,Georgia Balance of State CoC,Largely Suburban CoC,Sheltered and Unsheltered Count,13,1008216,170088,49248,175104,226480,185592,150936,50768,421040,577752,3192,1216,4104,456,0,456,947264,60952,6080,472568,1064,462080,4712,31312,78432,276184,732032,36936,8360,338352,214928,123424,0,669864,514368,314944,199424,0,4712,502664,199272,7138892,3840618900,143717220802,0.6118421052631579,0.2894736842105263,0.687679600116424,0.6202250553861726,0.42501931677541166,0.14504496101977155,4.9673184327960885e-5,48812.67763157895,3514.342105263158,0.4638933879868421,0.0014763697695939016,0.12150973563988517,0.023792476334995403,0.02924163226094918,0.40332015116407294,NA,9.683575480129129e-4,0.24441131749573353,0.14522982001178544,1632786,31324865,9245800,0,0,0,124205614,12395733,0.022072288,2949206,1666290,0.200768016,0,0.487296117,0.829765766,150475620,115555903,218493663,543739866,"list(list(c(-82.459792999847, -82.2146769998436, -82.2107329996282, -82.1701969999915, -82.0499580003614, -82.0058099996318, -82.0502169997147, -82.0397950002391, -81.9639279999772, -81.7939679998233, -81.7181089999303, -81.4998322798358, -81.537301752274, -81.5098617306343, -81.4269227675716, -81.4597498011124, -81.4360548361617, -81.3698278137026, -81.3439237900508, -81.261896731449, -81.1644518791509, -81.1373468028127, -81.1750408881264, -81.2041596175723, -81.2870310001805, -81.3916980002625, 
-81.1956339996094, -81.1445720001976, -81.1285349998903, -81.2004080003289, -81.2997959997855, -81.3892050004104, -81.4050540001419, -81.4264749996215, -81.5027160000433, -81.4918990003385, -81.6149940003728, -81.7046339999591, -81.7569349998503, -81.8520760004071, -82.092591999621, -82.1742400002757, -82.2675799996172, -82.3502990001987, -82.0282379996839, -82.1965840000515, -82.2474720004324, -82.3469329996582, -82.5567650003045, -82.5938869998851, -82.7174590003326, -82.7431719998879, -82.9015510001785, 
-83.0345649998748, -83.1682780003294, -83.3425910078687, -83.3387525520886, -83.3382039125805, -83.3241500001224, -83.1273570000255, -83.10861299989, -83.6199500000924, -84.3218210004388, -85.605164999565, -85.5831450003415, -85.3988370004272, -85.1847369999126, -85.1223259996451, -85.0807840003813, -84.9078830004001, -84.6946029999285, -84.6674630002173, -84.7929509999886, -84.9825219997904, -85.0027910001045, -84.9011910002644, -85.0620600002688, -85.0560290000383, -85.0821300003992, -85.1407310003353, 
-85.1273290001332, -85.1259300003692, -85.0574730000789, -85.0414280003019, -85.1132609997953, -85.0996469997093, -85.037062000411, -85.0024990001287, -84.9425249998288, -84.9111219995806, -84.8646929997821, -83.9756549998783, -83.3092490000413, -82.459792999847, 30.5842670003219, 30.5685559997596, 30.4256400002859, 30.358971999758, 30.3624720001827, 30.5653579997719, 30.6745380002286, 30.7472970001565, 30.8180999998152, 30.7872390002797, 30.7448060003966, 30.7245353570212, 30.834008050831, 30.9631880311028, 
31.043161131681, 31.0857881288192, 31.2271280529174, 31.3378770771654, 31.4407689531247, 31.5195538721135, 31.5662618685904, 31.6736699761885, 31.7277878638189, 31.891254819954, 31.9506559997746, 32.0958859998391, 32.2374990003786, 32.226128000307, 32.3383810003829, 32.4683140000911, 32.5630489999115, 32.5954159996487, 32.7449569997658, 32.840772999974, 32.9386879998514, 33.0066940000281, 33.0955510003784, 33.1164500000675, 33.1978479999852, 33.2472880001412, 33.2300839999767, 33.296770999582, 33.2673970002714, 
33.3148010000662, 33.5449339998043, 33.6305829997057, 33.7525909999747, 33.8342979997529, 33.9453239999027, 34.0281089999305, 34.1505460001978, 34.2515979999478, 34.4867639997588, 34.4835710000017, 34.590997999658, 34.6829393014077, 34.686630340318, 34.6873773199075, 34.7874789997561, 34.950195000399, 35.0006590001128, 34.9866689997746, 34.9884079999293, 34.98467799969, 34.8603710004214, 33.9641290001533, 32.8705140000212, 32.7743829996758, 32.6080719996231, 32.5834330001329, 32.5839450003616, 32.5639480000003, 
32.4138399998162, 32.3742260004296, 32.322428000352, 32.2583739998603, 32.1324859996292, 32.0630550002881, 31.9446580001666, 31.8574609999253, 31.7625629997827, 31.6962650001297, 31.6186239998977, 31.539292999972, 31.2643430001294, 31.1649420000733, 31.1097530001009, 31.0006850003126, 30.8884880001212, 30.7511909998648, 30.7115419997635, 30.6703699995759, 30.6344060003367, 30.5842670003219), c(-83.2759329997081, -83.5373850003175, -83.3594949995945, -83.268991999781, -83.2408600001888, -83.2759329997081, 
33.8479770001385, 33.9659119996391, 34.0402880003909, 34.000603999575, 33.9044299999446, 33.8479770001385), c(-84.4284140003058, -84.45866499959, -84.6210310002804, -84.8151609998802, -84.805655000378, -84.6564329996831, -84.5779330003077, -84.6384339997293, -84.7241419996535, -84.7378389999698, -84.418925999835, -84.3282629998375, -84.2589460003576, -84.1430990000188, -84.2770929999419, -84.2598220002851, -84.0759139999311, -84.0566140002359, -84.1101240001225, -84.3501480000301, -84.3992909999797, 
-84.4189770003882, -84.4284140003058, 33.6487090001203, 33.5509330003578, 33.510713000005, 33.5246499996978, 33.586420000083, 33.6594089998255, 33.7436600000091, 33.80367799964, 33.8063869995605, 34.0793500004023, 34.0735390004246, 34.1861439996459, 34.1095229996868, 34.0552099996418, 33.9576140000861, 33.9189009999812, 33.7775069996484, 33.7266079996595, 33.6251100000266, 33.6479460000079, 33.6483089996607, 33.6486059998671, 33.6487090001203)), list(c(-81.3643838018709, -81.4178807741783, -81.3928637572566, 
-81.2709447467026, -81.3643838018709, 31.3124300098372, 31.1852040387354, 31.1334519868198, 31.2569970795516, 31.3124300098372)))"
GA,Georgia,3.376186716316508,GA-502,Fulton County CoC,0.10358603520805,Fulton County CoC,Largely Suburban CoC,Sheltered and Unsheltered Count,13,339,91,48,57,58,35,44,6,151,182,3,0,3,0,0,0,322,17,0,295,0,39,0,13,24,110,229,66,0,185,77,108,0,154,246,127,119,0,0,590,165,1051550,19520065,1364327945,0,0,0.177324972,0.993676819,0.607023917,0.133679303,7.707457754960813e-4,72741,64011,0.484120576,0.001478781,0.109062823,0.013616957,0.020829859,0.456179925,0.006581398,0.001764063,0.21795635,0.117094765,22248213,19745173,8007251,0,0,0,631000000,6533051,6.33351e-4,310263,1211139,0.017481813,50400707,0.007325377,0.002752128,27798419,19227520,183000000,338481736,"list(list(c(-84.418925999835, -84.3831409998572, -84.4437069995784, -84.348089000407, -84.2770929999419, -84.1430990000188, -84.2589460003576, -84.3282629998375, -84.418925999835, 34.0735390004246, 33.96354800034, 33.8785400003208, 33.8820900003533, 33.9576140000861, 34.0552099996418, 34.1095229996868, 34.1861439996459, 34.0735390004246)), list(c(-84.5779330003077, -84.6564329996831, -84.805655000378, -84.8151609998802, -84.6210310002804, -84.45866499959, -84.4284140003058, -84.4189770003882, -84.3992909999797, 
-84.4153120004484, -84.5455600002937, -84.5175099999865, -84.5779330003077, 33.7436600000091, 33.6594089998255, 33.586420000083, 33.5246499996978, 33.510713000005, 33.5509330003578, 33.6487090001203, 33.6486059998671, 33.6483089996607, 33.6971700000955, 33.6807639998588, 33.7893160001333, 33.7436600000091)))"
GA,Georgia,0.9251994351243252,GA-503,Athens-Clarke County CoC,0.0306010777706514,Athens-Clarke County CoC,Other Largely Urban CoC,Sheltered and Unsheltered Count,13,386,40,29,56,67,77,90,27,156,228,0,0,1,0,0,1,362,24,1,204,0,153,1,15,103,66,320,24,0,205,122,83,0,181,271,179,92,0,0,255,43,126952,4776726,308985572,0,1,0.450382836,0.940755881,0.450894826,0.2652527,4.108670808745724e-4,40363,15515,0.560412981,4.77289e-4,0.059268128,0.005425428,0.010345731,0.421041023,0.003861835,0.001024009,0.172600668,0.109356292,1238095,2523856,638122,0,0,0,0,1711543,3.54465e-4,0,0,0.001945617,0,0.005537526,0.009838364,10643483,7089678,3477920,27322697,"list(c(-83.2759329997081, -83.2408600001888, -83.268991999781, -83.3594949995945, -83.5373850003175, -83.2759329997081, 33.8479770001385, 33.9044299999446, 34.000603999575, 34.0402880003909, 33.9659119996391, 33.8479770001385))"
GA,Georgia,1.7613966142691977,GA-504,Augusta-Richmond County CoC,0.08244263099267474,Augusta-Richmond County CoC,Other Largely Urban CoC,Sheltered and Unsheltered Count,13,474,37,21,80,114,88,100,34,130,340,1,1,2,0,0,0,465,9,0,319,0,135,0,28,57,57,417,16,4,155,148,7,0,319,219,212,7,0,0,13,87,202178,10995252,840036611,1,0,0.6611722540000001,0.916667877,0.661649635,0.231953672,2.4067760541927142e-4,43882,12846,0.56527977,0.001530486,0.185604402,0.024614003,0.041513671,0.440478192,0.002587927,0.001835017,0.228605486,0.139446428,1051582,3505047,1343919,0,750000,0,59378328,2242265,5.39129e-4,1236491,303755,0.016712995,1916052,0.006306324,0.009239383,18487247,11436890,11582291,53855539,"list(c(-82.0282379996839, -82.3502990001987, -82.2675799996172, -82.1742400002757, -82.092591999621, -81.8520760004071, -81.9183370001524, -81.9341360002762, -82.0124700000904, -82.0282379996839, 33.5449339998043, 33.3148010000662, 33.2673970002714, 33.296770999582, 33.2300839999767, 33.2472880001412, 33.3328420001582, 33.4683370000525, 33.5321159995538, 33.5449339998043))"
GA,Georgia,3.0457234294747533,GA-505,Columbus-Muscogee/Russell County CoC,0.21540330218972745,Columbus-Muscogee CoC,Other Largely Urban CoC,Sheltered and Unsheltered Count,13,272,50,19,36,53,48,58,8,127,145,0,0,0,0,0,0,266,6,3,139,0,115,0,14,34,77,195,15,3,220,196,24,0,52,353,319,34,0,0,108,333,195418,11683933,560731675,1,0,0.585051273,0.96243512,0.602027449,0.200432167,3.485053702379128e-4,47418,12276,0.487939061,6.51749e-4,0.133675246,0.007916529,0.044452548,0.435026456,0.002885395,0.001069502,0.247459292,0.132746216,3220774,3293852,995202,0,0,0,63845485,2143343,6.24303e-4,0,0,0.015622921,0,0.002973114,0.002200411,6042288,4602136,6519655,26817250,"list(c(-85.0807840003813, -85.0010200002728, -85.0592940004178, -85.3338429997546, -85.4340449998768, -85.4335430001094, -85.410241000222, -85.2577469997242, -85.1850669998421, -85.0560290000383, -85.0620600002688, -84.9011910002644, -85.0027910001045, -84.9825219997904, -84.7929509999886, -84.6674630002173, -84.6946029999285, -84.9078830004001, -85.0807840003813, 32.6080719996231, 32.5101569997458, 32.4729089997506, 32.4686389997901, 32.4098399997163, 32.2346480002051, 32.1466509999437, 32.1482509999837, 
32.0617080002241, 32.0630550002881, 32.1324859996292, 32.2583739998603, 32.322428000352, 32.3742260004296, 32.4138399998162, 32.5639480000003, 32.5839450003616, 32.5834330001329, 32.6080719996231))"
GA,Georgia,1.378119358744564,GA-506,Marietta/Cobb County CoC,0.0870213094512816,Marietta/Cobb County CoC,Largely Suburban CoC,Sheltered and Unsheltered Count,13,418,76,12,77,90,83,57,23,163,251,1,0,3,0,0,0,387,31,2,230,0,137,0,26,26,114,304,9,1,268,176,92,0,150,374,240,134,0,6,369,92,756653,12407750,880018859,0,0,2.93866e-4,0.999947791,0.489715894,0.086042455,8.598145281338795e-4,80830,33148,0.460433899,7.48168e-4,0.063390594,0.008574158,0.012662914,0.399835856,0.003505303,6.14549e-4,0.235678706,0.123076232,4679617,7726975,1624898,0,0,0,59554271,3277603,2.27317e-4,232581,555707,0.003477155,0,6.22478e-4,0,0,0,12762995,30860376,"list(c(-84.6384339997293, -84.5779330003077, -84.5175099999865, -84.4437069995784, -84.3831409998572, -84.418925999835, -84.7378389999698, -84.7241419996535, -84.6384339997293, 33.80367799964, 33.7436600000091, 33.7893160001333, 33.8785400003208, 33.96354800034, 34.0735390004246, 34.0793500004023, 33.8063869995605, 33.80367799964))"
GA,Georgia,3.340396548065539,GA-507,Savannah/Chatham County CoC,0.11854037635566232,Savannah/Chatham County CoC,Other Largely Urban CoC,Sheltered and Unsheltered Count,13,579,42,22,112,133,100,129,41,183,390,2,0,0,0,0,4,559,20,6,292,0,255,0,42,52,63,516,15,1,386,227,159,0,193,674,358,316,0,42,911,0,289649,509854701,1121770892,0,0,0.557062136,0.969833148,0.521355157,0.144162744,2.5820691378752587e-4,57739,12883,0.488853857,7.19045e-4,0.129648114,0.014853367999999999,0.02245037,0.435817144,0.00426638,0.001760752,0.212484766,0.154231501,7156763,4433728,0,0,0,0,55961025,1803510,1.34646e-4,223030,391645,0.009870567,954752,0.006069415,0.003165901,7474959,8924018,19098191,50460596,"list(list(c(-81.2041596175723, -81.146891867066, -80.9922728522103, -80.8640908550089, -80.8898330546517, -81.004304999676, -81.1172249999337, -81.1445720001976, -81.1956339996094, -81.3916980002625, -81.2870310001805, -81.2041596175723, 31.891254819954, 31.862146944426, 31.8581927926633, 31.9706168698727, 32.037314944629, 32.102367000137, 32.1176040004243, 32.226128000307, 32.2374990003786, 32.0958859998391, 31.9506559997746, 31.891254819954)), list(c(-81.1125188089958, -81.1721878419953, -81.1396268953649, 
-81.0383148071826, -81.1125188089958, 31.8508198456594, 31.8174288886324, 31.7211979538226, 31.8077268684003, 31.8508198456594)))"
GA,Georgia,1.7304817981360276,GA-508,DeKalb County CoC,0.06609956954023206,DeKalb County CoC,Largely Suburban CoC,Sheltered and Unsheltered Count,13,322,55,5,38,76,51,68,29,130,189,1,0,1,1,0,0,306,16,0,266,0,35,0,15,59,84,238,3,2,145,124,21,0,177,223,185,38,0,73,1091,261,755287,8858826,693176061,0,0,0.041725502,0.998420947,0.709123817,0.143938597,0.0010896034102943436,65116,41610,0.529912457,8.809050000000001e-4,0.097417549,0.010285278,0.014419743999999998,0.416305325,0.002433338,9.81084e-4,0.231612619,0.12397141700000001,31067316,9691219,2936704,0,0,0,386000000,4705962,4.67372e-4,767,802254,0.007934732,12268348,0.003165684,2.96576e-4,614001,458866,78503093,141048530,"list(c(-84.3501480000301, -84.1101240001225, -84.0566140002359, -84.0759139999311, -84.2598220002851, -84.2770929999419, -84.348089000407, -84.348059999969, -84.3484269998062, -84.34842599976, -84.3484249997139, -84.3485170003593, -84.3485500000824, -84.3485639998287, -84.3485799996672, -84.3486559995747, -84.3501480000301, 33.6479460000079, 33.6251100000266, 33.7266079996595, 33.7775069996484, 33.9189009999812, 33.9576140000861, 33.8820900003533, 33.8050499999576, 33.7898410000622, 33.7893909999947, 
33.7889460001578, 33.7848599996893, 33.7845299997597, 33.7843820001293, 33.784218999807, 33.7829659995813, 33.6479460000079))"
HI,Hawaii,14.951674245243472,HI-500,Hawaii Balance of State CoC,1.3036828049523366,Hawaii Balance of State CoC,Largely Rural CoC,Sheltered and Unsheltered Count,15,28560,6292,1440,4532,5236,4320,4048,2692,13316,15084,24,8,4,0,0,124,25024,3536,6560,304,20,5540,8172,296,2852,13476,15084,868,468,23456,23296,160,0,5104,2800,2580,220,0,216,2296,1684,440392,7722938967,15078370676,0,0.25,0.9741198566794355,0.5770244525524691,0.7034369379457597,0.11095623937513624,2.920686919449227e-5,77261.75,2509.25,0.36972651375,0.008600339431058167,0.22075723882383433,0.023435301030613632,0.034835979713804976,0.4400238877851505,NA,NA,0.21616877686616923,0.19747633956797125,2301715,10504715,3064458,0,0,0,132371282,0,0.001513808,343136,0,0.030769554,1520103,0.006433034000000001,0.008806174,0,0,21823765,39557892,"list(list(c(-155.849907513321, -155.904798592181, -155.891478539103, -155.824835492064, -155.831551592232, -155.937485568005, -156.045543533807, -156.032151444134, -155.974438573282, -155.950578471219, -155.885526574891, -155.918043574351, -155.860842478897, -155.798797562957, -155.655889511692, -155.599152561741, -155.505020524977, -155.450583558784, -155.299897417732, -155.130398405562, -154.974194543343, -154.819624454305, -154.806157488877, -154.981273505568, -155.003244447673, -155.078705519144, 
-155.081748432844, -155.279590519986, -155.437713464405, -155.578625553127, -155.849907513321, 20.2681714972169, 20.1960354630662, 20.1240236153976, 20.0319784563407, 19.9740996183028, 19.8492125347307, 19.7790325152384, 19.6566575160316, 19.6029725017796, 19.4874635269203, 19.344213512044, 19.1146314423872, 19.0247325010042, 19.0107664622025, 18.9208625088977, 18.9704015037265, 19.1343804609895, 19.1489164424399, 19.2593504467658, 19.2724874860087, 19.3484925960565, 19.4781594881699, 19.5175695932622, 
19.6389685015951, 19.7361185534285, 19.7231105462148, 19.8473504677499, 20.0186055986695, 20.0917584953583, 20.1203205138806, 20.2681714972169)), list(c(-156.985852619203, -157.00641358352, -156.96491759627, -156.835357510341, -156.806569519168, -156.894534510759, -156.985852619203, 20.928763486146, 20.8492065315563, 20.7322356007924, 20.7616786077816, 20.8057125825697, 20.9123525540272, 20.928763486146)), list(c(-156.601337604747, -156.692031619663, -156.626895487437, -156.463022499089, -156.441022474707, 
-156.367584606245, -156.045613582001, -155.98777352273, -156.001128507275, -156.112538591683, -156.238923560874, -156.320952481971, -156.478035492644, -156.545938591493, -156.601337604747, 21.0316445333686, 20.9472205243078, 20.8124975474239, 20.7815845661748, 20.6047385020802, 20.575893517272, 20.6529365546783, 20.709386531863, 20.7916235407938, 20.8244545970021, 20.9345406158568, 20.9461785913689, 20.8950925665687, 21.0016065169273, 21.0316445333686)), list(c(-157.253741517357, -157.242758552265, 
-157.097757602331, -156.877810530931, -156.802663512611, -156.739561618074, -156.883209587452, -157.187642505297, -157.253741517357, 21.2238146242456, 21.088384653429, 21.1031975820028, 21.0466926202683, 21.0666065961176, 21.173119543732, 21.1613615608874, 21.2035035311631, 21.2238146242456)), list(c(-160.091620706331, -160.230437723622, -160.246557669301, -160.074023762686, -160.091620706331, 22.0050126243332, 21.8833975972214, 21.8145376323059, 21.9018125138365, 22.0050126243332)), list(c(-159.401907606551, 
-159.580565612113, -159.722756642005, -159.78770474218, -159.758000665598, -159.634658607409, -159.444387696735, -159.330759691706, -159.297385605062, -159.315201665824, -159.401907606551, 22.2321725427287, 22.2235376976067, 22.1500536957215, 22.028315655743, 21.9796566430397, 21.9137135698255, 21.8683145815527, 21.9596066213485, 22.1037835881421, 22.1859636043369, 22.2321725427287)))"
HI,Hawaii,4.243775206797,HI-501,Honolulu City and County CoC,0.13618360733929527,Honolulu City and County CoC,Largely Suburban CoC,Sheltered and Unsheltered Count,15,4497,680,345,609,852,747,871,393,1729,2722,27,12,6,0,1,0,4138,359,412,225,2,746,1826,209,1049,1123,3374,134,16,1731,1151,545,35,2766,2464,1528,888,48,946,2303,446,979682,4054602618,1555887020,0,0,0.691199424,0.983111791,0.820598929,0.084241296,6.296614004788085e-4,87722,38815,0.565373314,0.00970883,0.101647448,0.008228738,0.020680976,0.360104605,0.002156648,0.001000325,0.211342048,0.17785363,26938217,15761808,3640787,0,0,0,263000000,6558132,3.19491e-4,1921136,1394681,0.007533057,4223041,0.002210922,0.003637915,60510409,29928216,48374590,199251017,"list(c(-157.982926561412, -158.120324577118, -158.270056699357, -158.231395538873, -158.101142662904, -157.894869641121, -157.806880582773, -157.651026536146, -157.711639583, -157.84016057515, -157.834627643751, -157.982926561412, 21.711814554598, 21.5816435753907, 21.5758275104313, 21.4828945127716, 21.2949336132957, 21.3250226096058, 21.2548355718042, 21.2987786251335, 21.3888585775613, 21.4602456653053, 21.5280115446971, 21.711814554598))"
IA,Iowa,3.0629727164491674,IA-500,"Sioux City/Dakota, Woodbury Counties CoC",0.3243029055628849,"Sioux City/Dakota, Woodbury Counties CoC",Other Largely Urban CoC,Sheltered and Unsheltered Count,19,295,47,7,72,86,52,24,7,89,205,1,0,0,0,0,0,261,34,3,65,0,127,3,9,96,68,227,5,1,275,253,22,0,20,190,134,56,0,0,71,64,102687,12793700,2260790944,0,0,0.952740537,0.838721553,0.281837039,0.12396785200000002,4.5420829498864096e-5,60768,10270,0.397707305,0.002859095,0.069061359,0.010010599,0.020256742,0.413440845,0.002178641,7.69328e-4,0.260665907,0.150476691,611435,3222592,167790,0,0,0,12226646,1054826,0.001548395,0,0,0.009864929,0,0.008004908,0,0,0,12116929,17173572,"list(c(-96.3565600001439, -95.6708220000352, -95.6692650001796, -95.7416109999476, -96.4987759997126, -96.6314920000557, -96.7222309999606, -96.726661000105, -96.3565460003975, -96.3565600001439, 42.2150019996426, 42.2114080002791, 42.4746449995671, 42.5612850002026, 42.5610429998346, 42.524317999676, 42.52465199979, 42.2780050002306, 42.276480000052, 42.2150019996426))"
IA,Iowa,26.075669665748073,IA-501,Iowa Balance of State CoC,15.164742916216534,Iowa Balance of State CoC,Largely Rural CoC,Sheltered and Unsheltered Count,19,155616,33312,12480,27552,31008,26592,18240,6432,67488,86688,480,576,384,0,0,0,144864,10752,960,42336,96,96672,768,6912,28896,52608,103008,9504,2400,127104,92448,34080,576,28512,154464,103296,49920,1248,36960,60960,112128,2468428,1002433007,138452522790,0.11458333333333333,0,0.9542704644590724,0.5539023517268868,0.12934952930530727,0.11284329539666338,1.7828696438735365e-5,58464.59375,2989.6354166666665,0.37320914095833335,7.064151568950837e-4,0.1023918545994907,0.020175774992828636,0.026035481835801167,0.4542251182366879,0.002855840775706239,0.0011760520921274592,0.2265182536453731,0.17912736362702578,3913242,13064261,1266827,0,0,7500000,173724307,4762537,0.016047794,731846,0,0.479629549,0,0.25167783,0.194775443,15308523,15322535,70153434,132023205,"list(c(-95.7656450003164, -94.5941960000453, -94.0721400001609, -93.260429000398, -92.659409000425, -91.7291150000572, -91.4831529997111, -91.4194219997254, -91.3757120003085, -91.3598730001388, -91.120820000043, -91.096945999858, -90.9629160000733, -90.9489889999423, -90.9896619996015, -91.1141859998839, -91.0482590002526, -90.8474579996869, -90.6558389998699, -90.5952370002873, -90.4614320000867, -90.3432279998723, -90.3155489995866, -90.1879689995696, -90.1400609999152, -90.1628949998043, -90.3911080000341, 
-90.4159370001923, -90.4779409996773, -90.6511199998881, -90.6428430004041, -90.7202089996456, -90.9524149996525, -91.0512749999413, -91.1005650003744, -91.1434909996099, -91.1752530002257, -91.0579100001464, -91.201846999939, -91.2177060001318, -92.4644729996292, -93.2988739998352, -93.9197330000778, -94.8545549997135, -95.4338390000698, -96.4532599997492, -96.5991909997648, -96.5217200001778, -96.5245219998903, -96.4365669997672, -96.5136809999781, -96.4989089995507, -96.5448310002504, -96.6355609997403, 
-96.5151399998111, -96.4987759997126, -95.7416109999476, -95.6692650001796, -95.6708220000352, -96.3565600001439, -96.2343559998295, -96.1291859999339, -96.162066999992, -96.0648970002963, -96.1198609997853, -96.1136399997861, -96.0573310003254, -95.9961940003528, -95.1547219996206, -95.1558510004233, -95.8805209999442, -95.8794869999251, -95.8320549997384, -95.8369030002732, -95.8831780001646, -95.7894849998328, -95.7656450003164, 40.585208000349, 40.5709599998042, 40.5730259997501, 40.5808140000661, 
40.5903409996375, 40.6136400002858, 40.3824919996061, 40.3782639997838, 40.3919250002386, 40.6018050004005, 40.6727769997588, 40.8114030001484, 40.9249569999656, 41.0702500002374, 41.1557070002779, 41.2500289999384, 41.4097479999703, 41.4550190003267, 41.4621320000918, 41.5110319996271, 41.5235329996483, 41.5878329997931, 41.7344259997601, 41.8031630003722, 42.0032519995802, 42.1167179998359, 42.2254729995793, 42.3226990000588, 42.3841510001686, 42.4751890003721, 42.5084809995985, 42.6407580003815, 
42.6867780002046, 42.7370009995965, 42.8830780000497, 42.904697999713, 43.1346649998899, 43.253968000423, 43.3491029998037, 43.5005499996828, 43.5002900002833, 43.4994589997331, 43.4997660004007, 43.5009249998889, 43.5001130002149, 43.5003900003982, 43.5004559998446, 43.386755000443, 43.3120669996923, 43.119817999601, 43.0470300001344, 42.9583299998297, 42.8501929998071, 42.7408469997893, 42.6282279999223, 42.5610429998346, 42.5612850002026, 42.4746449995671, 42.2114080002791, 42.2150019996426, 42.0407120003586, 
41.9651360000264, 41.9030470002189, 41.7916730002088, 41.6926489995517, 41.6019549999234, 41.511050999604, 41.5069599998042, 41.5052110000876, 41.1592360002413, 41.1598739999852, 41.0532990000489, 40.9811399999111, 40.7764770002134, 40.7175790000708, 40.6593880001561, 40.585208000349), c(-93.5581509999686, -93.7319590004075, -93.8330880001111, -93.8723520004444, -93.8144100003212, -93.8157209996244, -93.3479330004076, -93.3486809998282, -93.3284070001829, -93.5482419998684, -93.5581509999686, 41.4796120003936, 
41.5120869997153, 41.5662000004297, 41.6690900004032, 41.6884320002367, 41.8634190001868, 41.8631040000496, 41.600998999904, 41.4907939998433, 41.5113089998105, 41.4796120003936))"
IA,Iowa,2.8400688185251277,IA-502,Des Moines/Polk County CoC,0.17706713887435893,Des Moines/Polk County CoC,Other Largely Urban CoC,Sheltered and Unsheltered Count,19,715,70,42,145,156,147,130,25,248,462,1,3,1,0,0,0,668,47,17,162,1,470,4,54,175,112,603,33,8,568,400,154,14,147,593,387,192,14,468,521,431,485418,50475974,1482507931,0,0,0.65655691,0.955266135,0.23022014,0.10356008100000001,0.00032743028880295413,69747,24649,0.428295342,0.0014702419999999999,0.063617657,0.005237372,0.014369703,0.420482965,0.008114388,6.34505e-4,0.248672278,0.130683246,11951673,8197956,1289323,0,0,0,50353450,2227674,4.44977e-4,343707,663068,0.005584877,1852511,0.003285828,8.73474e-4,3182560,6856022,25750036,62314530,"list(c(-93.5581509999686, -93.5482419998684, -93.3284070001829, -93.3486809998282, -93.3479330004076, -93.8157209996244, -93.8144100003212, -93.8723520004444, -93.8330880001111, -93.7319590004075, -93.5581509999686, 41.4796120003936, 41.5113089998105, 41.4907939998433, 41.600998999904, 41.8631040000496, 41.8634190001868, 41.6884320002367, 41.6690900004032, 41.5662000004297, 41.5120869997153, 41.4796120003936))"
ID,Idaho,2.365675113708486,ID-500,Boise/Ada County CoC,0.30545412066997607,Boise/Ada County CoC,Other Largely Urban CoC,Sheltered and Unsheltered Count,16,789,82,52,118,162,137,158,80,203,579,1,3,2,0,0,1,680,109,2,67,0,594,16,119,208,131,658,39,6,672,568,104,0,117,819,667,152,0,0,338,117,469473,22159040,2724705387,0,0,0.857954887,0.9443417439999999,0.15814115,0.092793413,1.723022981640253e-4,69952,23814,0.441769061,0.001307677,0.039590415,0.003810471,0.014189059,0.39856605199999995,0.009482966,6.07064e-4,0.235766487,0.144613215,3413283,3873447,800550,0,0,0,83283301,1682617,2.40695e-4,247489,0,0.003900118,0,0.001695518,3.62108e-4,650238,803265,37263061,48733950,"list(c(-116.512771999928, -116.473491999756, -116.473597000101, -116.511897000046, -116.433041999589, -116.385955000023, -116.266206999653, -115.978651000343, -115.980177999715, -116.282019000377, -116.512502000067, -116.512771999928, 43.6875539998173, 43.6341029999535, 43.4592180002106, 43.2905199997982, 43.2962470003988, 43.1935769997788, 43.1122690004141, 43.1134320000868, 43.5858739998852, 43.8073650003945, 43.8071609999802, 43.6875539998173))"
ID,Idaho,33.608302772164734,ID-501,Idaho Balance of State CoC,24.15117137355693,Idaho Balance of State CoC,Largely Rural CoC,Sheltered and Unsheltered Count,16,84323,22231,6923,13072,14491,11137,9804,6665,42097,41667,215,172,43,43,86,0,62221,22102,129,1376,172,56330,602,3870,13416,42484,41839,2107,258,30272,19909,10363,0,54051,51299,36077,15222,0,12857,25843,6579,1284894,2369433747,211325203010,0.5581395348837209,0.023255813953488372,0.9666235451793532,0.5959093247624319,0.19658820109965103,0.12925622409452686,6.080173976878651e-6,51466.51162790698,2355.1162790697676,0.44086230995348835,0.0019370178787607721,0.14665588449250652,0.014303091370570646,0.02068849534465333,0.42828046519342683,0.005290398583722082,0.0013004963504413595,0.25987513366894077,0.16332242194998575,0,5886856,983204,0,0,0,25898348,0,0.003089704,824790,0,0.073979753,0,0.11356920399999999,0.0120143212,1693079,2626655,24867347,36881931,"list(c(-114.041477000363, -113.814884000196, -113.341108000034, -112.17314799968, -112.153847999985, -111.046713999651, -111.043547000194, -111.044014000146, -111.049076999804, -111.052433999929, -111.130659000113, -111.219319000372, -111.375805999747, -111.584980999773, -111.801118999842, -111.863656999671, -112.096484000436, -112.288672999559, -112.473418999887, -112.785604000025, -112.885484999733, -113.001978000185, -113.006787999866, -113.101617999571, -113.247192000211, -113.357242000318, -113.455070999827, 
-113.452043999631, -113.576724999959, -113.692937000042, -113.773753000101, -113.806430999791, -113.988214000176, -114.013704000239, -114.269892000016, -114.344183999592, -114.439941999823, -114.558498000083, -114.499667000332, -114.56634799966, -114.500349000306, -114.405917000069, -114.411755000393, -114.480537000382, -114.445234000149, -114.470794999889, -114.371952000384, -114.320704999636, -114.613110000426, -114.62078700012, -114.922311999699, -114.936740999597, -115.0478570003, -115.19823100016, 
-115.30122599958, -115.340849000281, -115.52850900009, -115.548840999712, -115.746619000267, -115.69162600034, -115.722713999551, -115.82377399967, -116.049108000234, -116.049086000119, -117.032344959952, -117.041877000223, -117.03987799977, -117.039766000001, -117.056646999659, -116.984803999705, -116.921349999903, -116.959694000078, -116.916071000176, -116.763401999702, -116.594209999892, -116.463635000255, -116.557620999709, -116.674647999605, -116.728757000135, -116.848036999608, -116.831989999739, 
-116.934700000405, -117.044217000214, -117.14416100013, -117.224104000399, -117.242674999751, -117.056509999637, -116.895931000415, -116.977084999873, -116.934499000129, -117.026633999659, -117.026230999961, -117.02620000033, -116.045372999764, -115.033001999643, -114.041477000363, 41.9938729996393, 41.9886539999821, 41.9948590001428, 42.001515000417, 41.9972259995803, 42.0017020000473, 42.7195020002172, 43.2333690001793, 44.0201299995999, 44.4784110001676, 44.5001309999457, 44.6225209998443, 44.7510379999038, 
44.5623640000986, 44.5259849997081, 44.5512439999107, 44.5229920001807, 44.5679100004462, 44.479358999818, 44.4789849996581, 44.3955450000018, 44.4498570000006, 44.5262080000992, 44.72946499971, 44.8229539996274, 44.8206510004434, 44.8654240003174, 45.0591740003799, 45.1312369996878, 45.2641969995919, 45.4063590002677, 45.6016300003243, 45.7059279995776, 45.6582919998759, 45.484551999875, 45.4596829996707, 45.5369830003652, 45.5844630000674, 45.668512999975, 45.7727390004046, 45.8499869996004, 45.8704000002598, 
45.9778700001005, 46.0304389997601, 46.1679459998081, 46.2653769998487, 46.4425400003208, 46.6469500000425, 46.6384700001904, 46.7072619997415, 46.8286019997825, 46.8972790003257, 46.9695320003016, 47.1371230000265, 47.1934520004095, 47.2628500000275, 47.2992440002105, 47.3469579999118, 47.4423110003524, 47.5934470002789, 47.6948550002581, 47.7526109998978, 47.9768419999584, 49.0008459996432, 48.9991817322512, 48.045465999856, 47.2592719996031, 46.4258870003848, 46.3458110002775, 46.2930879998114, 
46.1645139998213, 46.09901300005, 45.9953569998257, 45.8165799995674, 45.7790799996423, 45.6027849996281, 45.5034950001942, 45.3150819998345, 45.1443809996834, 45.0217280002471, 44.9330069998732, 44.7838810000082, 44.7451400004107, 44.5456469999092, 44.4837340001241, 44.3965480003899, 44.2308740000351, 44.1542950002141, 44.0858199999931, 44.0212180003105, 43.8081099996768, 42.8311939996034, 42.0001949997995, 41.9963309996759, 41.9962450002067, 41.9938729996393), c(-116.512771999928, -116.512502000067, 
-116.282019000377, -115.980177999715, -115.978651000343, -116.266206999653, -116.385955000023, -116.433041999589, -116.511897000046, -116.473597000101, -116.473491999756, -116.512771999928, 43.6875539998173, 43.8071609999802, 43.8073650003945, 43.5858739998852, 43.1134320000868, 43.1122690004141, 43.1935769997788, 43.2962470003988, 43.2905199997982, 43.4592180002106, 43.6341029999535, 43.6875539998173))"
IL,Illinois,2.1239596641215353,IL-500,McHenry County CoC,0.17402618601296244,McHenry County CoC,Largely Suburban CoC,Sheltered and Unsheltered Count,17,160,26,12,21,28,22,33,18,65,94,1,0,0,0,0,0,133,27,1,22,0,121,0,19,32,41,119,9,1,140,99,41,0,20,151,75,76,0,124,40,113,307291,19871804,1562790267,0,0,0.795870909,0.859104081,0.196891546,0.065473748,1.9662971192538147e-4,90014,11784,0.474001966,3.26656e-4,0.047359125,0.004852817,0.010933558,0.386929653,0.001652524,6.47595e-4,0.23504430699999998,0.145956113,1178568,2767866,995548,0,0,0,18426515,1417953,1.92e-4,328278,0,0.002753091,0,0.001757292,8.78646e-5,255716,133749,17754535,24832213,"list(c(-88.5886570003203, -88.238449000421, -88.1995839996019, -88.1987550000432, -88.2140440000305, -88.7074210002789, -88.7055850001476, -88.5886570003203, 42.1535899995789, 42.1542490002912, 42.1542599998991, 42.4357869999701, 42.4951150001572, 42.4935960002553, 42.1535369998327, 42.1535899995789))"
IL,Illinois,3.5437646400404437,IL-501,"Rockford/DeKalb, Winnebago, Boone Counties CoC",0.4046432733997072,"Rockford/DeKalb, Winnebago, Boone Counties CoC",Largely Suburban CoC,Sheltered and Unsheltered Count,17,1458,330,111,297,243,228,156,93,714,741,0,0,0,3,0,0,1347,111,6,786,9,546,3,57,78,516,942,93,21,1431,975,456,0,27,1728,1158,570,0,417,1470,483,441516,27795048,3691062689,0,0,0.8209481598534686,0.8507030372719947,0.2947277106608594,0.1492290059563821,1.1961758366114816e-4,62686.333333333336,10759,0.47561951933333335,0.0012587890730861352,0.07402139791311975,0.013241120063447303,0.02087396561152257,0.4236018628680773,6.333474444663388e-4,7.134507534064451e-4,0.2313234397845446,0.16084128315779947,4496806,5163339,3623152,0,0,0,48884414,2216353,6.24041e-4,819104,379070,0.012678267,0,0.021159158,0.00794301,17919982,20344912,44845997,99808715,"list(c(-89.4014230001713, -89.3961919999608, -89.1730000001498, -89.1728030000584, -88.939731999732, -88.938678999736, -88.6022399998761, -88.6019330001078, -88.6019580003614, -88.5886570003203, -88.7055850001476, -88.7074210002789, -89.4014230001713, 42.5005540000671, 42.2019159996237, 42.2042409998223, 42.1504169998447, 42.1523200003678, 41.6283159996837, 41.6313890002023, 41.7195629996328, 42.0664690001443, 42.1535899995789, 42.1535369998327, 42.4935960002553, 42.5005540000671))"
IL,Illinois,1.858499412046422,IL-502,"Waukegan, North Chicago/Lake County CoC",0.13387475523576284,"Waukegan, North Chicago/Lake County CoC",Largely Suburban CoC,Sheltered and Unsheltered Count,17,705,277,62,115,110,67,57,17,369,329,3,4,0,0,0,0,522,183,3,397,0,147,2,8,73,428,277,33,16,630,558,72,0,75,649,566,83,0,361,422,159,699682,2395026214,1148932536,0,0,0.262389713,0.985847115,0.39161218999999997,0.075683712,6.089844077668281e-4,92654,22314,0.46352453,0.001121906,0.060438792,0.005663421,0.012369607000000001,0.378287565,0.001194061,6.47437e-4,0.241838435,0.142589062,4688790,7064284,554992,0,0,0,89236499,3613107,8.71825e-5,467593,442649,0.005182354,0,0.004459169,0.001286299,7577927,5802034,78469756,108681132,"list(c(-88.1995839996019, -87.7589617171095, -87.8343691692018, -87.8007613262741, -88.2140440000305, -88.1987550000432, -88.1995839996019, 42.1542599998991, 42.1522529568086, 42.3028000626728, 42.4919682930024, 42.4951150001572, 42.4357869999701, 42.1542599998991))"
IL,Illinois,2.1084755568949074,IL-503,"Champaign, Urbana, Rantoul/Champaign County CoC",0.27329115456248043,"Champaign, Urbana, Rantoul/Champaign County CoC",Other Largely Urban CoC,Sheltered and Unsheltered Count,17,279,64,33,45,49,44,30,14,120,156,0,2,0,0,1,0,253,26,4,160,1,84,3,10,22,111,168,16,10,237,152,85,0,42,212,113,99,0,19,125,16,210006,6110542,2579898018,0,0,0.937358906,0.840492556,0.33495233500000005,0.191451726,8.140089202549245e-5,53936,16575,0.531674406,0.009992897,0.11336585600000001,0.005817739,0.011688852,0.446077731,0.004702259,9.285449999999999e-4,0.188727941,0.127891584,925972,3573971,0,0,750000,0,44009416,1571427,0,165635,0,0.008914031,0,0.003171338,0,0,0,6014553,13001558,"list(c(-88.4622070002528, -87.9376449999168, -87.9421029995538, -87.9323870002598, -88.4599569999156, -88.4622070002528, 39.8790920002957, 39.8798029998086, 40.225482000394, 40.3993999996104, 40.3988500003273, 39.8790920002957))"
IL,Illinois,2.536346188007032,IL-504,Madison County CoC,0.1997457345889958,Madison County CoC,Largely Suburban CoC,Sheltered and Unsheltered Count,17,121,17,9,26,24,21,19,5,50,69,1,0,0,0,0,1,115,6,0,46,1,66,0,4,16,28,93,6,2,61,57,4,0,60,76,64,12,0,0,149,107,264403,63522162,1853175882,0,0,0.792662609,0.835608349,0.155009588,0.12428247300000002,1.426756103228846e-4,64045,9870,0.493704747,7.101420000000001e-4,0.093857597,0.022856427,0.041392278,0.452566726,0.001836568,0.0010779,0.218367416,0.172569903,2247053,5714459,0,0,0,0,15684306,2059558,0,1223469,0,0.003963646,0,0.005151227,0.003033248,5248197,4945547,8938466,30376749,"list(c(-90.1812279998722, -89.7069489998964, -89.5951029997036, -89.599592999917, -89.6392650001796, -90.2739589999079, -90.2757020002471, -90.113327000041, -90.1177059888403, -90.1177069996783, -90.1667169997897, -90.1812279998722, 38.6600660003457, 38.6550189996272, 38.6559480002001, 38.8745299996598, 38.9991289998035, 38.9990360000115, 38.9235290001633, 38.8493060001719, 38.8057511320092, 38.8057479996705, 38.7722720000528, 38.6600660003457))"
IL,Illinois,4.851086197905695,IL-506,"Joliet, Bolingbrook/Will County CoC",0.44014041987029945,"Joliet, Bolingbrook/Will County CoC",Largely Suburban CoC,Sheltered and Unsheltered Count,17,1071,210,90,207,210,120,177,57,417,636,15,3,0,0,0,0,906,165,0,450,3,480,3,36,123,333,738,54,24,957,768,189,0,114,975,750,225,0,0,855,549,868085,71833334,4077266184,0,0,0.667247986289891,0.9299121576362027,0.34963396469945224,0.06473639722154166,2.1290859140041862e-4,87807,12587,0.43487708199999997,7.028375146254088e-4,0.04817368830668522,0.00846566091259151,0.01315945616549301,0.3556529603922485,0.002016101245042824,5.13774485526187e-4,0.2545499573969081,0.12719376575485927,10716953,5858097,0,0,0,0,64715433,2794488,0,1038901,0,0.006690746,887238,0.004728042,0.0026429469999999997,5465978,6591729,31105084,64458468,"list(c(-88.5862400003757, -88.2408889996276, -88.2441440004452, -88.0118099999315, -88.0139190000618, -87.5267310001355, -87.525704999586, -87.7903029995837, -87.7903930001368, -87.9093770003482, -87.9119300002693, -88.0387139995514, -88.0979429996697, -88.2256750004009, -88.2355380001785, -88.2364279998523, -88.6019330001078, -88.6022399998761, -88.5862400003757, 41.108293000022, 41.1143830002753, 41.201565999871, 41.2055079999943, 41.2924470000291, 41.2980520003995, 41.4702830000605, 41.4698459996932, 
41.5362289996687, 41.5568190003966, 41.6439330004077, 41.68350399961, 41.7272659996262, 41.7250099999116, 41.7249240004423, 41.7249160000734, 41.7195629996328, 41.6313890002023, 41.108293000022))"
IL,Illinois,4.764260215118508,IL-507,"Peoria, Pekin/Fulton, Tazewell, Peoria, Woodford Counties CoC",0.7479982569504157,"Peoria, Pekin/Fulton, Tazewell, Peoria, Woodford Counties CoC",Largely Suburban CoC,Sheltered and Unsheltered Count,17,1968,256,104,308,460,388,332,120,892,1072,4,0,0,0,0,0,1908,60,20,732,4,1104,8,32,564,368,1600,100,4,1744,1736,8,0,224,1960,1808,152,0,152,1480,196,386792,143417717,6885236218,0,0,0.9058855897455634,0.7215908035261226,0.1778837202369258,0.12155928338548108,5.617701234255606e-5,62242.25,7020.5,0.431279419,0.0010287945243926207,0.10508288181840028,0.020679698754720883,0.03482793819174906,0.45136921116324796,0.00134263201100333,6.980494782467063e-4,0.23065368423577012,0.18037860172447984,4028487,4678871,2978361,0,0,0,33105639,1466348,9.7178e-4,842176,325766,0.022154900999999998,0,0.034005062,0.014942011,9394227,8524464,43442890,75681590,"list(c(-90.4443389996451, -90.4519160001233, -90.1996349997554, -90.1189660001807, -90.0330260003496, -89.9246799996822, -89.7171039996499, -89.714926999981, -89.2637400001009, -89.2693970001714, -89.133751999655, -88.9847219997205, -88.9293310003254, -88.9313899999485, -89.4725219999902, -89.447692999832, -89.9854790002556, -89.9860640002534, -90.4443389996451, 40.7148680000582, 40.1888029996588, 40.1838119997241, 40.2352629999875, 40.3778060002468, 40.435921000254, 40.4356549996785, 40.3192180000107, 
40.3253440001255, 40.594317999576, 40.5967340003739, 40.6649529995813, 40.7533369997028, 40.9277399997013, 40.9212049996111, 40.9732460001028, 40.9744950001442, 40.7123609995605, 40.7148680000582))"
IL,Illinois,2.2019986882817832,IL-508,"East St. Louis, Belleville/St. Clair County CoC",0.1796995208336845,"East St. Louis, Belleville/St. Clair County CoC",Largely Suburban CoC,Sheltered and Unsheltered Count,17,237,49,16,33,45,28,46,20,91,145,1,0,0,0,0,0,225,12,0,174,0,58,0,25,9,50,187,19,6,218,143,75,0,19,208,66,142,0,96,322,116,261186,41843531,1703526437,0,0,0.763924008,0.858442113,0.389833299,0.144152813,1.53320778784016e-4,57473,12176,0.495868021,0.002026168,0.132542407,0.038410519,0.046527052,0.461808826,0.002366128,0.00111032,0.234790532,0.157347637,6930716,7106278,2178049,0,0,0,33405017,2116505,0.001064376,0,0,0.008664324,0,0.003304159,0.009303715,23583433,26655244,6662618,75232843,"list(c(-89.7069489998964, -90.1812279998722, -90.257782000339, -90.2641229995767, -90.0361129997151, -89.9132270003258, -89.8990430000344, -89.7032559995647, -89.7069489998964, 38.6550189996272, 38.6600660003457, 38.5320120000538, 38.520728000397, 38.3233769997488, 38.3082690000144, 38.220755000443, 38.2194040001945, 38.6550189996272))"
IL,Illinois,5.70491465654678,IL-511,Cook County CoC,0.20445290517831105,Cook County CoC,Largely Suburban CoC,Sheltered and Unsheltered Count,17,1188,391,136,197,149,130,147,38,591,590,3,2,0,1,1,0,946,242,10,692,1,282,7,36,210,627,561,81,35,1074,788,270,16,114,1202,801,372,29,536,1651,499,5169517,1786339408,2447342616,0,0,0.064398867,0.999452189,0.580431982,0.136770522,0.0021122980355113468,67886,98187,0.476837418,0.002635736,0.0941624,0.01856002,0.029208697,0.425279383,0.001318863,6.3178e-4,0.218323104,0.146568432,198000000,190000000,86662335,0,1500000,5580000,1960000000,57227249,7.06642e-4,15253061,15745357,0.012397096,31880723,0.0063445,0.002998539,342000000,120000000,907000000,1970848725,"list(list(c(-88.0387139995514, -87.9119300002693, -87.9093770003482, -87.7903930001368, -87.7903029995837, -87.525704999586, -87.5249970002113, -87.6172269996263, -87.7410669998421, -87.739931999662, -87.8066240003973, -87.9201970001914, -87.9142639999836, -88.0387139995514, 41.68350399961, 41.6439330004077, 41.5568190003966, 41.5362289996687, 41.4698459996932, 41.4702830000605, 41.6446359995518, 41.6445819997595, 41.7345239997828, 41.8659599995544, 41.9345109996829, 41.9532590000029, 41.716597999598, 
41.68350399961)), list(c(-87.9399459999079, -87.8737990000238, -87.6650104989353, -87.7589617171095, -88.1995839996019, -88.238449000421, -88.2344789999059, -88.0778809999082, -87.9399459999079, 41.9934810004478, 41.9767299995898, 42.0226135344871, 42.1522529568086, 42.1542599998991, 42.1542490002912, 41.9869020001273, 41.9976779997399, 41.9934810004478)))"
IL,Illinois,10.566749213186686,IL-512,Bloomington/Central Illinois CoC,2.1359386445207673,Bloomington/Central Illinois CoC,Largely Rural CoC,Sheltered and Unsheltered Count,17,4356,979,506,847,594,671,506,253,2310,1958,44,0,11,22,0,11,4081,275,11,2090,0,1870,0,253,869,1496,2860,374,44,3674,3058,616,0,682,4191,3146,1045,0,0,1749,385,521882,127550291,19977150137,0.18181818181818182,0,0.9674335099083796,0.5933486182829911,0.18924009661752658,0.14001812936355154,2.6123946429847067e-5,59627.454545454544,4666.545454545455,0.42227493363636365,3.3880863421841857e-4,0.10725880152171836,0.026679227562765147,0.03354313022847502,0.44031026183113425,0.0012708054072740583,8.718444440390739e-4,0.22055560458927115,0.16876420342075601,2532571,5325032,899555,0,552313,0,32179885,0,0.001524492,348087,0,0.027897175,0,0.049684381,0.049689406,19224397,13940617,18841624,61664196,"list(c(-88.4622070002528, -88.4599569999156, -87.9323870002598, -87.9421029995538, -87.9376449999168, -87.5332280002719, -87.526168000253, -87.5267310001355, -88.0139190000618, -88.0118099999315, -88.2441440004452, -88.2408889996276, -88.5862400003757, -88.9308809998582, -88.9313899999485, -88.9293310003254, -88.9847219997205, -89.133751999655, -89.2693970001714, -89.2637400001009, -89.714926999981, -89.7171039996499, -89.9246799996822, -90.0330260003496, -90.1189660001807, -90.1996349997554, -90.310385999814, 
-90.2163400002908, -89.9950799996423, -89.9945060001518, -89.769168000303, -89.6982590002526, -89.4838259996701, -89.4049839998117, -89.217845999793, -89.1434509999636, -89.1447640002584, -88.7453829999255, -88.7456709997168, -88.4623280004369, -88.4622070002528, 39.8790920002957, 40.3988500003273, 40.3993999996104, 40.225482000394, 39.8798029998086, 39.8829999997503, 40.5057609995705, 41.2980520003995, 41.2924470000291, 41.2055079999943, 41.201565999871, 41.1143830002753, 41.108293000022, 41.1059000002849, 
40.9277399997013, 40.7533369997028, 40.6649529995813, 40.5967340003739, 40.594317999576, 40.3253440001255, 40.3192180000107, 40.4356549996785, 40.435921000254, 40.3778060002468, 40.2352629999875, 40.1838119997241, 40.1392960000105, 40.0514860002787, 40.1108460001428, 39.9019250001387, 39.9023499999526, 39.9753090001103, 39.9767330001279, 39.9181870000301, 39.9169899996888, 39.9176470003089, 40.0488530002658, 40.0550960003802, 39.792145999938, 39.7918200001929, 39.8790920002957))"
IL,Illinois,2.486167354684224,IL-513,Springfield/Sangamon County CoC,0.23873284992784943,Springfield/Sangamon County CoC,Other Largely Urban CoC,Sheltered and Unsheltered Count,17,388,82,31,49,75,77,62,12,159,227,1,1,0,0,0,0,370,18,2,173,0,180,0,28,78,117,271,26,3,362,257,105,0,26,440,307,133,0,55,208,68,195963,22731649,2248720954,0,0,0.905858747,0.8111570060000001,0.20148191199999999,0.139908114,8.714420508752906e-5,61743,19393,0.471868478,0.001272401,0.085468505,0.01228902,0.015301462000000002,0.4692314369999999,0.001847014,0.001260442,0.22263386499999996,0.17857963,712852,2675683,1497675,0,0,0,30183680,1376889,3.0618e-4,186892,0,0.009782459,4825794,0.004873369,0.00392421,7195678,4796195,14419068,37686726,"list(c(-89.9260370002074, -89.5335260001248, -89.5350280001421, -89.4250509998038, -89.4094750000712, -89.2174729996792, -89.217845999793, -89.4049839998117, -89.4838259996701, -89.6982590002526, -89.769168000303, -89.9945060001518, -89.9847449996819, -89.9260370002074, 39.5221039997998, 39.5245920003206, 39.641137999619, 39.6836959998706, 39.7435300000096, 39.8136660003856, 39.9169899996888, 39.9181870000301, 39.9767330001279, 39.9753090001103, 39.9023499999526, 39.9019250001387, 39.7180789999459, 
39.5221039997998))"
IL,Illinois,2.8897755366584064,IL-514,DuPage County CoC,0.0935262197009357,DuPage County CoC,Largely Suburban CoC,Sheltered and Unsheltered Count,17,480,142,94,57,61,57,42,27,245,225,4,1,3,2,0,0,373,107,9,246,1,180,4,10,100,251,229,63,11,454,356,98,0,26,534,407,127,0,273,339,150,926005,22153880,849088844,0,0,0.098440354,0.998121939,0.338301629,0.061600724999999995,0.001090586699546838,94930,46916,0.440247245,0.001123974,0.046805141,0.004581683,0.008706581,0.390085367,0.001361221,6.86821e-4,0.227036571,0.155532638,9963721,8399276,4910600,0,0,0,79345653,3823187,2.311e-4,394422,584207,0.003462184,0,0.002796961,0,0,0,49673081,77748494,"list(c(-88.2256750004009, -88.0979429996697, -88.0387139995514, -87.9142639999836, -87.9201970001914, -87.9399459999079, -88.0778809999082, -88.2344789999059, -88.2369030001733, -88.2628749999812, -88.2627870004197, -88.2256750004009, 41.7250099999116, 41.7272659996262, 41.68350399961, 41.716597999598, 41.9532590000029, 41.9934810004478, 41.9976779997399, 41.9869020001273, 41.9868369998277, 41.9863780002445, 41.815631999817, 41.7250099999116))"
IL,Illinois,10.91407861912403,IL-515,South Central Illinois CoC,2.605361733349666,South Central Illinois CoC,Largely Rural CoC,Sheltered and Unsheltered Count,17,4788,1494,378,954,900,648,360,54,2412,2322,18,18,0,0,18,0,4572,216,0,414,0,4158,18,72,234,2286,2502,288,54,3348,2394,954,0,1440,3348,2430,918,0,270,1044,2880,393715,259828175,24694497085,0.1111111111111111,0,0.9871582618789988,0.37409398000285227,0.05678473016421776,0.13043033287239247,1.594343058070016e-5,56142.666666666664,2582.0555555555557,0.4031036361111111,0.0018939152555724798,0.12955417262326177,0.03058786373353314,0.04209156754219931,0.4681279605092135,0.0010035963295518331,0.0012140761599380263,0.21086318781532581,0.19371880692073198,2410222,0,538041,0,0,0,6556117,0,7.03256e-4,0,0,0.025899175,0,0.058590472,0.08769824600000001,9875862,10508066,13616619,36948810,"list(c(-89.6392650001796, -89.5863439995759, -89.2502379997838, -89.2541850001376, -89.1383929996372, -89.138137999569, -88.6951649998648, -88.698458999783, -88.25746499961, -88.2960049998308, -88.2577829998855, -88.2583380002985, -87.5311450004414, -87.513345999818, -87.658744999582, -87.5857250002086, -87.5890840004262, -87.5316460001628, -87.5332280002719, -87.9376449999168, -88.4622070002528, -88.4623280004369, -88.7456709997168, -88.8127090002201, -88.8105749998363, -89.1391250001186, -89.1419669998771, 
-89.2174729996792, -89.4094750000712, -89.4250509998038, -89.5350280001421, -89.5335260001248, -89.9260370002074, -90.5810550000882, -90.6137749999163, -90.936728000197, -90.7934609998252, -90.7218349999852, -90.681994000023, -90.7125410003668, -90.6630179999807, -90.5468310001505, -90.4508129996202, -90.2757020002471, -90.2739589999079, -89.6392650001796, 38.9991289998035, 39.0283290000833, 39.0281839996919, 38.7420179997309, 38.7363310000757, 38.8242090002452, 38.8262990003986, 38.6060620001612, 
38.5991370000726, 38.6384669998522, 38.731138999865, 38.8474970003863, 38.8525070002979, 38.9560000001999, 39.1359970000615, 39.2003960002752, 39.333830999601, 39.347888000331, 39.8829999997503, 39.8798029998086, 39.8790920002957, 39.7918200001929, 39.792145999938, 39.740485999929, 39.6532220001952, 39.6551310000957, 39.801272999949, 39.8136660003856, 39.7435300000096, 39.6836959998706, 39.641137999619, 39.5245920003206, 39.5221039997998, 39.5217280004469, 39.3954160004481, 39.3995110004324, 39.3094979998329, 
39.2241080001841, 39.090065999846, 39.0570639996039, 38.9262830003602, 38.8740089999155, 38.9677689997396, 38.9235290001633, 38.9990360000115, 38.9991289998035))"
IL,Illinois,1.745623034514095,IL-516,Decatur/Macon County CoC,0.1596809507934182,Decatur/Macon County CoC,Other Largely Urban CoC,Sheltered and Unsheltered Count,17,140,21,10,29,27,28,25,0,48,92,0,0,0,0,0,0,121,19,0,51,0,69,0,7,26,30,110,6,4,113,94,19,0,27,96,73,23,0,62,73,47,104688,13406665,1503684113,0,0,0.905082381,0.829698648,0.242797646,0.151778468,6.96210055655486e-5,53725,8822,0.457419933,9.13034e-5,0.130132634,0.036871575,0.041339052,0.481086657,5.38139e-4,8.21489e-4,0.222747593,0.198752484,1507563,2694504,820250,0,0,0,13265444,963417,5.63579e-4,362508,0,0.008587422,0,0.009361149,0.006485939,5752247,3836218,8256308,24193015,"list(c(-88.7456709997168, -88.7453829999255, -89.1447640002584, -89.1434509999636, -89.217845999793, -89.2174729996792, -89.1419669998771, -89.1391250001186, -88.8105749998363, -88.8127090002201, -88.7456709997168, 39.792145999938, 40.0550960003802, 40.0488530002658, 39.9176470003089, 39.9169899996888, 39.8136660003856, 39.801272999949, 39.6551310000957, 39.6532220001952, 39.740485999929, 39.792145999938))"
IL,Illinois,3.185671040146683,IL-517,"Aurora, Elgin/Kane County CoC",0.153186553184899,"Aurora, Elgin/Kane County CoC",Largely Suburban CoC,Sheltered and Unsheltered Count,17,563,102,37,97,106,103,82,36,274,283,5,1,0,0,0,0,358,205,11,158,2,274,0,15,113,174,389,19,4,441,422,19,0,122,454,436,18,0,0,124,193,531756,12474714,1345145387,0,0,0.605109748,0.959775189,0.432999346,0.084692371,3.953148894826489e-4,83374,22906,0.494445324,8.41376e-4,0.039387008,0.006333828,0.015927016,0.355992222,0.002414434,8.19925e-4,0.255103845,0.137066625,3721708,6779037,4084657,0,0,0,50590303,3493721,3.51665e-4,399183,0,0.00311233,0,0.00398491,9.15834e-4,4659252,3731711,28940685,55809954,"list(c(-88.6019330001078, -88.2364279998523, -88.2355380001785, -88.2256750004009, -88.2627870004197, -88.2628749999812, -88.2369030001733, -88.2344789999059, -88.238449000421, -88.5886570003203, -88.6019580003614, -88.6019330001078, 41.7195629996328, 41.7249160000734, 41.7249240004423, 41.7250099999116, 41.815631999817, 41.9863780002445, 41.9868369998277, 41.9869020001273, 42.1542490002912, 42.1535899995789, 42.0664690001443, 41.7195629996328))"
IL,Illinois,9.295261806075573,IL-518,"Rock Island, Moline/Northwestern Illinois CoC",2.596343186986924,"Rock Island, Moline/Northwestern Illinois CoC",Largely Rural CoC,Sheltered and Unsheltered Count,17,5010,570,645,945,1305,840,480,225,1890,3105,0,15,0,0,0,0,4815,195,15,1455,0,3375,15,105,225,930,4080,630,0,2130,1770,360,0,2880,2370,1830,540,0,105,210,1440,643029,361208690,23686840877,0.06666666666666667,0,0.94995661340375,0.566926483017063,0.1692396453581518,0.12737337024618797,2.7147098396915534e-5,56824.8,4020.9333333333334,0.4131061642,0.0012005266040055133,0.1137474334911441,0.03309383965212145,0.03717689979667791,0.47414035753482814,8.785703163356552e-4,0.001045053837150424,0.21445533577467737,0.2053282199295724,1339960,3824446,1830429,0,660807,0,31673137,0,0.006749542,2404421,0,0.03239806,0,0.052085982,0.076682312,28947026,27811673,16206260,83025022,"list(c(-90.4443389996451, -89.9860640002534, -89.9854790002556, -89.447692999832, -89.4725219999902, -88.9313899999485, -88.9308809998582, -88.5862400003757, -88.6022399998761, -88.938678999736, -88.939731999732, -89.1728030000584, -89.1730000001498, -89.3961919999608, -89.4014230001713, -90.6428430004041, -90.6511199998881, -90.4779409996773, -90.4159370001923, -90.3911080000341, -90.1628949998043, -90.1400609999152, -90.1879689995696, -90.3155489995866, -90.3432279998723, -90.4614320000867, -90.5952370002873, 
-90.6558389998699, -90.8474579996869, -91.0482590002526, -91.1141859998839, -90.9896619996015, -90.9489889999423, -90.4394229995717, -90.4443389996451, 40.7148680000582, 40.7123609995605, 40.9744950001442, 40.9732460001028, 40.9212049996111, 40.9277399997013, 41.1059000002849, 41.108293000022, 41.6313890002023, 41.6283159996837, 42.1523200003678, 42.1504169998447, 42.2042409998223, 42.2019159996237, 42.5005540000671, 42.5084809995985, 42.4751890003721, 42.3841510001686, 42.3226990000588, 42.2254729995793, 
42.1167179998359, 42.0032519995802, 41.8031630003722, 41.7344259997601, 41.5878329997931, 41.5235329996483, 41.5110319996271, 41.4621320000918, 41.4550190003267, 41.4097479999703, 41.2500289999384, 41.1557070002779, 41.0702500002374, 41.0639949995696, 40.7148680000582))"
IL,Illinois,6.606239627521145,IL-519,West Central Illinois CoC,1.6479543392137277,West Central Illinois CoC,Largely Rural CoC,Sheltered and Unsheltered Count,17,1573,352,154,451,330,220,55,11,836,704,22,0,0,0,0,11,1518,55,0,484,0,1056,0,77,132,528,1045,176,0,1496,1023,473,0,77,2222,1518,704,0,0,1144,231,217700,235913316,15356759729,0,0,0.9853671641842214,0.46145404098967385,0.10909049153341295,0.1388573646845246,1.4176167618803799e-5,53585.36363636364,3030.3636363636365,0.3742303068181818,7.2296591796209e-4,0.14794725258893038,0.031177888538929718,0.03894064854569132,0.47338998605061555,NA,0.00136885635319706,0.20717960505953606,0.20075792376896648,1126900,0,1629436,0,0,0,6935214,0,0.007127649,1252148,0,0.017158271,0,0.029067965,0.095350231,11208874,14116876,5535480,34869714,"list(c(-90.936728000197, -90.6137749999163, -90.5810550000882, -89.9260370002074, -89.9847449996819, -89.9945060001518, -89.9950799996423, -90.2163400002908, -90.310385999814, -90.1996349997554, -90.4519160001233, -90.4443389996451, -90.4394229995717, -90.9489889999423, -90.9629160000733, -91.096945999858, -91.120820000043, -91.3598730001388, -91.3757120003085, -91.4194219997254, -91.5065009999212, -91.4948779999197, -91.4208780003194, -91.4337979998778, -91.3677530002008, -91.0382700000604, -90.936728000197, 
39.3995110004324, 39.3954160004481, 39.5217280004469, 39.5221039997998, 39.7180789999459, 39.9019250001387, 40.1108460001428, 40.0514860002787, 40.1392960000105, 40.1838119997241, 40.1888029996588, 40.7148680000582, 41.0639949995696, 41.0702500002374, 40.9249569999656, 40.8114030001484, 40.6727769997588, 40.6018050004005, 40.3919250002386, 40.3782639997838, 40.2363040003294, 40.0364530004057, 39.91486499972, 39.8418650003695, 39.7290290003881, 39.4484350001752, 39.3995110004324))"
IL,Illinois,12.879263504644689,IL-520,Southern Illinois CoC,2.9546312120429707,Southern Illinois CoC,Largely Rural CoC,Sheltered and Unsheltered Count,17,7047,648,702,1350,1620,1134,1134,459,3132,3807,54,27,0,27,0,0,6885,162,0,1269,0,5211,27,324,756,972,6075,783,27,5562,4860,702,0,1485,8316,6993,1323,0,0,2592,1431,572948,605512525,28167397753,0.4074074074074074,0.1111111111111111,0.9764950576819449,0.38845855023946324,0.11509421447986029,0.14975644236940525,2.0340821151608778e-5,51676.40740740741,2496.1481481481483,0.42503453766666666,0.0011284329623071708,0.1416686265952484,0.05130267629543693,0.04482823910447021,0.4749610785270775,NA,0.0012985472275023214,0.21012727150851038,0.1929407207460677,2390805,0,0,0,0,0,15468196,0,0,97272,0,0.036956736,0,0.067137263,0.3670883,42680515,65024405,13986585,124179582,"list(c(-90.3414460004325, -90.3586279995825, -90.2425739995904, -90.1307880003659, -89.9881080000841, -89.9533590002176, -89.844785999874, -89.7398750002311, -89.5833160002332, -89.5120089998155, -89.5164470003288, -89.4209389999349, -89.5184690000443, -89.2921299998995, -89.2034080003789, -89.1329149997274, -89.1824669996523, -89.0298659996162, -88.9315130002248, -88.5668389996201, -88.4585170000595, -88.4247559998894, -88.5159029997236, -88.4746450000667, -88.3643900003981, -88.2816309997708, -88.0808920002656, 
-88.1599860000538, -88.0280200001229, -88.0133550001331, -88.0341319995921, -88.0131179999956, -87.9109239997427, -87.9848379998738, -87.9373289997335, -87.8511299996497, -87.6214009996564, -87.597247000049, -87.5196100000015, -87.4959050004154, -87.5311450004414, -88.2583380002985, -88.2577829998855, -88.2960049998308, -88.25746499961, -88.698458999783, -88.6951649998648, -89.138137999569, -89.1383929996372, -89.2541850001376, -89.2502379997838, -89.5863439995759, -89.6392650001796, -89.599592999917, 
-89.5951029997036, -89.7069489998964, -89.7032559995647, -89.8990430000344, -89.9132270003258, -90.0361129997151, -90.2641229995767, -90.3414460004325, 38.3882979997529, 38.221981000323, 38.1121250001687, 38.062341000337, 37.9617490002162, 37.8846139999362, 37.9055719996481, 37.8469210001041, 37.713261000295, 37.6855250000788, 37.5355580001017, 37.393951999885, 37.2862560004141, 36.9921890003222, 37.0188559998046, 36.9820569998307, 37.0391640001185, 37.2110649998499, 37.2274269998562, 37.0755000003248, 
37.0760980000227, 37.1507320000818, 37.2840910003994, 37.3907830003353, 37.4017539999472, 37.4527289998435, 37.4739109999927, 37.6597149996476, 37.7991969999417, 37.8948540000121, 38.0320449998769, 38.1035270002709, 38.1625570002054, 38.2286739996055, 38.2924309998908, 38.2751200001879, 38.5861180004454, 38.6653140004409, 38.6971980003875, 38.7854339999791, 38.8525070002979, 38.8474970003863, 38.731138999865, 38.6384669998522, 38.5991370000726, 38.6060620001612, 38.8262990003986, 38.8242090002452, 
38.7363310000757, 38.7420179997309, 39.0281839996919, 39.0283290000833, 38.9991289998035, 38.8745299996598, 38.6559480002001, 38.6550189996272, 38.2194040001945, 38.220755000443, 38.3082690000144, 38.3233769997488, 38.520728000397, 38.3882979997529))"
IN,Indiana,18.788959246821896,IN-502,Indiana Balance of State CoC,9.76386481353599,Indiana Balance of State CoC,Largely Rural CoC,Sheltered and Unsheltered Count,18,417144,75621,23842,70980,84721,78078,65247,18655,177632,237419,637,91,728,91,546,0,391573,25571,2002,91546,91,290563,3276,22932,33215,116662,300482,17654,4004,313586,248703,63700,1183,103558,440440,336882,101283,2275,637,257348,64883,5739556,1525298420,91761525844,0.17582417582417584,0,0.8364890757080575,0.6627662833459947,0.17521895413717664,0.1239682994454266,6.254861116583418e-5,57852.79120879121,5834.659340659341,0.41386222520879123,0.0010497523824494885,0.10243367417167586,0.02329368846311213,0.03063107823461902,0.43191651056279734,NA,9.218483310879797e-4,0.2325524831130964,0.16219582140421995,8207435,53467932,15338340,0,353873,0,364875328,16708801,0.0166171891,5950505,2191161,0.352386791,0,0.335540967,0.139423544,84726768,80070991,236729371,503745177,"list(c(-88.0280200001229, -87.9069390003345, -87.9400599997691, -87.8751300002493, -87.7941770001684, -87.6844879996215, -87.6703440002753, -87.509719999878, -87.3861789999609, -87.2204659996062, -87.069675000301, -87.0123730000139, -86.7950449999267, -86.7334030000484, -86.5102460000528, -86.5251379997189, -86.2950850000727, -86.2678050002006, -86.1789299999195, -85.9471040003493, -85.9035839998017, -85.7869039997198, -85.6737620000163, -85.6378169998546, -85.5855180000556, -85.4980940001379, -85.4155549997634, 
-85.4503289998834, -85.2464549996984, -85.1733900000484, -84.9919239998927, -84.8877419996935, -84.7904360000214, -84.8779339997542, -84.8385789997211, -84.8973140004408, -84.8201549999533, -84.8194499998176, -84.804158999738, -84.8034339995794, -84.805971999708, -84.8058850001926, -84.9994242297444, -85.016277273977, -85.7502910002294, -86.8246402063804, -87.0245173792736, -87.2991483617075, -87.4115293119282, -87.5241684934812, -87.5249970002113, -87.525704999586, -87.5267310001355, -87.526168000253, 
-87.5332280002719, -87.5316460001628, -87.5890840004262, -87.5857250002086, -87.658744999582, -87.513345999818, -87.5311450004414, -87.4959050004154, -87.5196100000015, -87.597247000049, -87.6214009996564, -87.8511299996497, -87.9373289997335, -87.9848379998738, -87.9109239997427, -88.0131179999956, -88.0341319995921, -88.0133550001331, -88.0280200001229, 37.7991969999417, 37.8075930004167, 37.8875989999939, 37.9228650003196, 37.8753560001793, 37.9036490000014, 37.8279619999464, 37.9060279999923, 
37.9378040003544, 37.8490650000498, 37.8015129997252, 37.9187080001741, 37.9892789999259, 37.8953729996642, 37.9266599999591, 38.0287340000741, 38.1637539996474, 38.0571480000802, 38.0108099999816, 38.005071999773, 38.173928000277, 38.288532999998, 38.302247000199, 38.3802390004296, 38.4502460002528, 38.4688019998125, 38.5449690004191, 38.7116670003318, 38.731745999978, 38.6879959996157, 38.7782840003064, 38.7947929998971, 38.8612460004027, 38.9201489998765, 38.9899019996776, 39.0574819999944, 39.1054190000868, 
39.305153000011, 40.275045999973, 41.1129319999119, 41.6961180003455, 41.7601709998918, 41.7596488714983, 41.7597780708014, 41.7589690002192, 41.7602948716111, 41.6757690988649, 41.61925613856, 41.6436711367136, 41.7082623688133, 41.6446359995518, 41.4702830000605, 41.2980520003995, 40.5057609995705, 39.8829999997503, 39.347888000331, 39.333830999601, 39.2003960002752, 39.1359970000615, 38.9560000001999, 38.8525070002979, 38.7854339999791, 38.6971980003875, 38.6653140004409, 38.5861180004454, 38.2751200001879, 
38.2924309998908, 38.2286739996055, 38.1625570002054, 38.1035270002709, 38.0320449998769, 37.8948540000121, 37.7991969999417), c(-86.3263409998372, -86.3262890001372, -85.9411789996111, -85.9520799995923, -86.3263409998372, 39.6321770000686, 39.9240420002382, 39.9271020001572, 39.6383450003216, 39.6321770000686))"
IN,Indiana,1.3643135195192857,IN-503,Indianapolis CoC,0.10974037560365,Indianapolis CoC,Major City CoC,Sheltered and Unsheltered Count,18,1701,278,96,287,309,310,318,103,634,1056,2,1,7,0,1,0,1579,122,12,899,1,660,9,170,324,419,1282,79,6,1362,1167,195,0,339,1343,1143,200,0,1161,1195,788,957337,16703563,1027084080,1,0,0.106465777,0.991205512,0.457269488,0.164196686,9.320921418624267e-4,51219,36564,0.506289621,0.001286753,0.11070115900000001,0.027018372,0.039721128,0.443637925,0.001771135,2.37116e-4,0.246793971,0.125236986,29329781,18111627,6271005,0,0,0,209000000,9163024,6.98813e-4,1038686,1596014,0.007528175,10643750,0.006646562,5.86001e-4,3573252,3268706,151000000,233995845,"list(c(-86.3263409998372, -85.9520799995923, -85.9411789996111, -86.3262890001372, -86.3263409998372, 39.6321770000686, 39.6383450003216, 39.9271020001572, 39.9240420002382, 39.6321770000686))"
KS,Kansas,2.191441307942925,KS-502,Wichita/Sedgwick County CoC,0.26696386255153887,Wichita/Sedgwick County CoC,Other Largely Urban CoC,Sheltered and Unsheltered Count,20,691,127,49,123,135,126,101,30,215,462,1,2,8,0,1,2,609,82,11,196,3,348,4,43,111,191,500,38,8,503,452,51,0,188,390,305,85,0,724,615,228,515416,31558986,2582051703,0,0,0.780893607,0.925801414,0.324559191,0.133521436,1.9961490290885936e-4,57540,17821,0.445413924,0.001700783,0.096619803,0.023422982,0.034790018,0.428077514,0.002951993,6.51901e-4,0.257120462,0.144830583,5635092,5881242,1835041,0,0,0,42164656,3441716,7.99354e-4,512693,504588,0.005178341,0,0.002871467,0,3204985,2648340,10389073,34052770,"list(c(-97.3690130004496, -97.1533309998258, -97.1524759999674, -97.7019050004154, -97.698691999736, -97.8078229997316, -97.8076000002398, -97.3690130004496, 37.4772740003949, 37.4755439997558, 37.9127329998281, 37.9124559996447, 37.7350559999345, 37.7338550003081, 37.4741839999917, 37.4772740003949))"
KS,Kansas,1.8215752012059256,KS-503,Topeka/Shawnee County CoC,0.149754270663628,Topeka/Shawnee County CoC,Other Largely Urban CoC,Sheltered and Unsheltered Count,20,537,73,25,97,124,109,89,20,198,338,0,1,0,0,0,0,487,50,2,133,0,337,3,47,250,117,420,17,3,334,276,58,0,203,317,242,75,0,0,326,21,177293,30313507,1409020132,0,0,0.845903039,0.831685382,0.269542509,0.110957253,1.2582715886986346e-4,58652,15325,0.447962248,0.003193443,0.089409181,0.0130794,0.036667249,0.451941137,0.001352132,0.002132064,0.236523721,0.180447057,3716385,3677118,0,0,0,0,9227586,1163640,2.31256e-4,185636,320963,0.004760481,1485054,0.0059224,0.004140039,7044363,3932770,10553533,32079462,"list(c(-95.50025199963, -95.5002539997222, -95.5967590002276, -95.589471999633, -96.0355729996941, -96.0358990003385, -95.9467540001969, -95.9465869996902, -95.5007239998127, -95.50025199963, 38.9858950001542, 39.0566559996747, 39.0646719997131, 39.2160809996385, 39.216520000098, 39.1297840004313, 39.0986849998129, 38.869972999954, 38.8698149998624, 38.9858950001542))"
KS,Kansas,1.693972079462677,KS-505,"Overland Park, Shawnee/Johnson County CoC",0.12965866965637973,"Overland Park, Shawnee/Johnson County CoC",Largely Suburban CoC,Sheltered and Unsheltered Count,20,250,52,26,51,51,29,33,8,107,140,1,1,0,1,0,0,217,33,1,60,1,134,1,9,54,84,166,16,7,192,166,26,0,58,201,156,45,0,0,127,64,597574,16319024,1226679687,0,0,0.531254425,0.959626998,0.206702434,0.048752013,4.8714754661132657e-4,91650,31070,0.399957042,5.779130000000001e-4,0.04574012599999999,0.00301067,0.014273109000000003,0.409649684,0.004778386,9.538570000000001e-4,0.243256902,0.145396219,1784239,4697814,771464,0,0,0,34645950,2419627,1.79057e-4,18718,0,0.002918467,0,0.001947876,2.17546e-4,593251,603609,17824201,28712923,"list(c(-94.9087650004044, -95.0562579996069, -95.0564120004134, -94.6090800002418, -94.6080329996232, -94.6073820001791, -94.8724419998983, -94.9087650004044, 38.9914009995566, 38.9821199996383, 38.7385869997902, 38.7380989997691, 38.8472069996034, 39.0440860000689, 39.059088000311, 38.9914009995566))"
KS,Kansas,26.152316943570508,KS-507,Kansas Balance of State CoC,21.41632375880413,Kansas Balance of State CoC,Largely Rural CoC,Sheltered and Unsheltered Count,20,109989,16160,8383,21008,28886,17978,14140,3434,44238,63933,505,202,707,202,101,101,99990,9999,404,16463,0,76154,606,7979,31108,27270,82719,6868,606,79487,59590,19190,707,30502,109989,85345,23533,1111,6060,32724,20301,1456889,1255850854,206143150481,0.297029702970297,0.009900990099009901,0.9804405228072413,0.5109564805544032,0.19283075096105742,0.12804278091251564,7.0673655496221785e-6,52840.09900990099,1909.1782178217823,0.3628314270792079,0.001206209772229318,0.13632783617866562,0.03397707660106775,0.04186028556253222,0.4575345135476588,NA,0.0017557960661368163,0.2335044056667632,0.1693958839349717,1427726,3252150,382114,0,750000,0,53341955,1038789,0.0025166760000000002,520418,0,0.122771562,0,0.357658613,0.464481636,26865532,41616940,59568416,135422085,"list(c(-102.042089000407, -100.734512999875, -99.6309970000115, -99.1057010000011, -98.1119850004074, -97.5950280000421, -96.5002890002372, -96.0008100000814, -95.4579300003692, -94.6179639998387, -94.6175699996557, -94.6176689997245, -94.6090800002418, -95.0564120004134, -95.0562579996069, -94.9087650004044, -94.9001909998148, -94.775531999602, -94.8985159999135, -94.9192249998338, -95.1028879996814, -95.0245949999592, -94.9693330002178, -94.891481000148, -94.993382000379, -95.0850029995887, -95.1895610000401, 
-95.3082900001833, -96.3010299997347, -97.0496629999474, -97.8307460001278, -98.7199270003308, -99.7721019996076, -101.048305000375, -102.051743999586, -102.049052000449, -102.044887999981, -102.04162599974, -102.042089000407, 36.9930159997886, 36.9990589996731, 36.9999700003153, 36.9994509997639, 36.9980930000919, 36.9985460002977, 36.9986430002743, 36.9988600003887, 36.9992339996494, 36.998904999766, 37.3641699997457, 37.7761930003068, 38.7380989997691, 38.7385869997902, 38.9821199996383, 38.9914009995566, 
39.2029110002425, 39.2006060000669, 39.2984500002673, 39.38517400028, 39.5333470002639, 39.6684849998829, 39.6907299995898, 39.8346440001205, 39.8979060000619, 39.8618829999006, 39.9001449998919, 39.9999980001077, 40.0008370001275, 40.0013230000565, 40.0020229999615, 40.0022050002606, 40.0017510000087, 40.0022830002603, 40.0030780000497, 39.3739909998848, 38.5663940000831, 37.6966990000589, 36.9930159997886), c(-95.50025199963, -95.5007239998127, -95.9465869996902, -95.9467540001969, -96.0358990003385, 
-96.0355729996941, -95.589471999633, -95.5967590002276, -95.5002539997222, -95.50025199963, 38.9858950001542, 38.8698149998624, 38.869972999954, 39.0986849998129, 39.1297840004313, 39.216520000098, 39.2160809996385, 39.0646719997131, 39.0566559996747, 38.9858950001542), c(-97.3690130004496, -97.8076000002398, -97.8078229997316, -97.698691999736, -97.7019050004154, -97.1524759999674, -97.1533309998258, -97.3690130004496, 37.4772740003949, 37.4741839999917, 37.7338550003081, 37.7350559999345, 37.9124559996447, 
37.9127329998281, 37.4755439997558, 37.4772740003949))"
KS,Kansas,26.152316943570508,KS-507,Kansas Balance of State CoC,21.41632375880413,Kansas Balance of State CoC,Largely Rural CoC,Sheltered and Unsheltered Count,40,1089,160,83,208,286,178,140,34,438,633,5,2,7,2,1,1,990,99,4,163,0,754,6,79,308,270,819,68,6,787,590,190,7,302,1089,845,233,11,60,324,201,72511,14845673,2040375640,1,0,0.9760118720000001,0.47264471300000005,0.282715726,0.157848477,3.5538063961594834e-5,51150,4168,0.406684815,6.52191e-4,0.127439494,0.044454859,0.038864526,0.411978872,0.00170059,0.001158445,0.23686061400000002,0.163244197,0,679794,138103,0,0,0,7424288,0,2.62029e-4,106695,0,0.008081532,0,3.99939e-4,0.007198908,3902739,2558788,760647,8146766,"list(c(-102.042089000407, -100.734512999875, -99.6309970000115, -99.1057010000011, -98.1119850004074, -97.5950280000421, -96.5002890002372, -96.0008100000814, -95.4579300003692, -94.6179639998387, -94.6175699996557, -94.6176689997245, -94.6090800002418, -95.0564120004134, -95.0562579996069, -94.9087650004044, -94.9001909998148, -94.775531999602, -94.8985159999135, -94.9192249998338, -95.1028879996814, -95.0245949999592, -94.9693330002178, -94.891481000148, -94.993382000379, -95.0850029995887, -95.1895610000401, 
-95.3082900001833, -96.3010299997347, -97.0496629999474, -97.8307460001278, -98.7199270003308, -99.7721019996076, -101.048305000375, -102.051743999586, -102.049052000449, -102.044887999981, -102.04162599974, -102.042089000407, 36.9930159997886, 36.9990589996731, 36.9999700003153, 36.9994509997639, 36.9980930000919, 36.9985460002977, 36.9986430002743, 36.9988600003887, 36.9992339996494, 36.998904999766, 37.3641699997457, 37.7761930003068, 38.7380989997691, 38.7385869997902, 38.9821199996383, 38.9914009995566, 
39.2029110002425, 39.2006060000669, 39.2984500002673, 39.38517400028, 39.5333470002639, 39.6684849998829, 39.6907299995898, 39.8346440001205, 39.8979060000619, 39.8618829999006, 39.9001449998919, 39.9999980001077, 40.0008370001275, 40.0013230000565, 40.0020229999615, 40.0022050002606, 40.0017510000087, 40.0022830002603, 40.0030780000497, 39.3739909998848, 38.5663940000831, 37.6966990000589, 36.9930159997886), c(-95.50025199963, -95.5007239998127, -95.9465869996902, -95.9467540001969, -96.0358990003385, 
-96.0355729996941, -95.589471999633, -95.5967590002276, -95.5002539997222, -95.50025199963, 38.9858950001542, 38.8698149998624, 38.869972999954, 39.0986849998129, 39.1297840004313, 39.216520000098, 39.2160809996385, 39.0646719997131, 39.0566559996747, 38.9858950001542), c(-97.3690130004496, -97.8076000002398, -97.8078229997316, -97.698691999736, -97.7019050004154, -97.1524759999674, -97.1533309998258, -97.3690130004496, 37.4772740003949, 37.4741839999917, 37.7338550003081, 37.7350559999345, 37.9124559996447, 
37.9127329998281, 37.4755439997558, 37.4772740003949))"
KY,Kentucky,24.81816964166187,KY-500,Kentucky Balance of State CoC,10.485847629341322,Kentucky Balance of State CoC,Largely Rural CoC,Sheltered and Unsheltered Count,21,316004,49088,21712,58528,69266,63484,42598,11328,129800,183490,1180,472,1062,0,0,0,306918,9086,944,43306,708,254880,236,17464,45902,77644,238360,18526,2242,193402,157648,35754,0,122602,244496,198240,46256,0,66080,171808,163194,3371333,2336369370,100545055009,0.711864406779661,0.3474576271186441,0.9192610391126199,0.45715890055762154,0.10620813783298565,0.1737722316220062,3.353056994894702e-5,46514.53389830508,3497.2457627118642,0.4232405750677966,0.0010249892330081503,0.13548929956494093,0.03785089537895011,0.04166133498711519,0.44628311708117024,NA,5.772197177503379e-4,0.22846749345021095,0.1669259607689534,7609624,7943975,5921056,7360000,0,0,247595574,1970017,0.027466704,1362336,0,0.458197618,4093822,0.632267838,0.604885289,98426228,96156997,173227499,404071554,"list(c(-89.4172750000412, -88.9597459999779, -88.0532930000718, -88.0326749998513, -88.0705409995674, -87.6411569996957, -87.0704910001595, -86.5077809996934, -86.2053879996564, -85.5015070001479, -85.2768670001119, -84.8300349996155, -84.2613370000025, -83.6907889996126, -83.6753950001791, -83.5324039999446, -83.4186819995746, -83.1942520002296, -83.0728360002811, -82.879079999942, -82.8670819997345, -82.742758999728, -82.7151489999264, -82.5508429997046, -82.3491460000878, -81.9680120003535, -82.1173039997797, 
-82.2580679998383, -82.4147570004352, -82.5021980002375, -82.5492400004256, -82.6347019997974, -82.5745179997059, -82.593480000002, -82.6119419997235, -82.7279050000157, -82.8473930000869, -82.8964820002441, -83.0307749995665, -83.1536439999706, -83.3059119999388, -83.3627749997664, -83.5336770001934, -83.668892999812, -83.7701780004144, -83.8586419997285, -83.9780949999843, -84.0916230004011, -84.213115000257, -84.2365669998671, -84.3199850003075, -84.4262559997146, -84.440684999613, -84.6323260004446, 
-84.7534009999562, -84.8201549999533, -84.8973140004408, -84.8385789997211, -84.8779339997542, -84.7904360000214, -84.8877419996935, -84.9919239998927, -85.1733900000484, -85.2464549996984, -85.4503289998834, -85.4155549997634, -85.4980940001379, -85.5855180000556, -85.6378169998546, -85.4048990002886, -85.4288460002427, -85.5572699996108, -85.7125780003744, -85.9471040003493, -86.1789299999195, -86.2678050002006, -86.2950850000727, -86.5251379997189, -86.5102460000528, -86.7334030000484, -86.7950449999267, 
-87.0123730000139, -87.069675000301, -87.2204659996062, -87.3861789999609, -87.509719999878, -87.6703440002753, -87.6844879996215, -87.7941770001684, -87.8751300002493, -87.9400599997691, -87.9069390003345, -88.0280200001229, -88.1599860000538, -88.0808920002656, -88.2816309997708, -88.3643900003981, -88.4746450000667, -88.5159029997236, -88.4247559998894, -88.4585170000595, -88.5668389996201, -88.9315130002248, -89.0298659996162, -89.1824669996523, -89.1329149997274, -89.0989679999732, -89.2006469998591, 
-89.1591180002955, -89.2270459995732, -89.3657970003313, -89.4172750000412, 36.4990110002575, 36.5020760004072, 36.4970580001266, 36.5369849995581, 36.6782549995687, 36.6381089999305, 36.6427299998896, 36.6523789996911, 36.6401840002914, 36.6148549995586, 36.6268270003658, 36.6045360003362, 36.5917840004313, 36.5825960003052, 36.6007839999817, 36.6646889998975, 36.6687290000434, 36.7395190000019, 36.8544569997908, 36.8892550001182, 36.9782470003988, 37.0427960003352, 37.1218479999853, 37.204481000198, 
37.2679050004155, 37.5380350001152, 37.5592259997801, 37.6568830003503, 37.8555090004401, 37.93305199975, 38.0679520000848, 38.1369409997274, 38.2645049999059, 38.4218209997394, 38.4730670004417, 38.5588710002965, 38.5953279997874, 38.7563949999293, 38.7256640000936, 38.6188390003197, 38.5997460002777, 38.6572200004027, 38.7021809999532, 38.6265620003361, 38.6558569996009, 38.7565230004362, 38.7873629999026, 38.7742359997916, 38.8058350000852, 38.8961249999688, 39.0215339996944, 39.0530420002881, 
39.1092650002796, 39.0765899998287, 39.1471140001111, 39.1054190000868, 39.0574819999944, 38.9899019996776, 38.9201489998765, 38.8612460004027, 38.7947929998971, 38.7782840003064, 38.6879959996157, 38.731745999978, 38.7116670003318, 38.5449690004191, 38.4688019998125, 38.4502460002528, 38.3802390004296, 38.2637300001394, 38.1183769997987, 38.0738410000621, 38.0873109998029, 38.005071999773, 38.0108099999816, 38.0571480000802, 38.1637539996474, 38.0287340000741, 37.9266599999591, 37.8953729996642, 
37.9892789999259, 37.9187080001741, 37.8015129997252, 37.8490650000498, 37.9378040003544, 37.9060279999923, 37.8279619999464, 37.9036490000014, 37.8753560001793, 37.9228650003196, 37.8875989999939, 37.8075930004167, 37.7991969999417, 37.6597149996476, 37.4739109999927, 37.4527289998435, 37.4017539999472, 37.3907830003353, 37.2840910003994, 37.1507320000818, 37.0760980000227, 37.0755000003248, 37.2274269998562, 37.2110649998499, 37.0391640001185, 36.9820569998307, 36.956067000092, 36.7187510000587, 
36.666354000237, 36.5695369997328, 36.6251260001648, 36.4990110002575), c(-84.3870140003958, -84.4796289995786, -84.6601350004299, -84.6206010002359, -84.401847000039, -84.380788000166, -84.2843730002137, -84.3318299997546, -84.3870140003958, 37.8452609999952, 37.9402190002068, 38.003744999732, 38.1295450004015, 38.2078889997776, 38.1139600002539, 38.0691690004491, 37.9200279998923, 37.8452609999952))"
KY,Kentucky,1.6078461359583736,KY-501,Louisville-Jefferson County CoC,0.1058948848060795,Louisville-Jefferson County CoC,Major City CoC,Sheltered and Unsheltered Count,21,1728,203,95,279,378,365,314,94,629,1082,8,3,5,1,0,0,1640,88,6,633,1,931,5,186,549,304,1424,84,6,1133,881,252,0,595,1038,678,360,0,913,1907,285,768419,43437019,986344428,0,0,0.257936024,0.983672406,0.333830892,0.137164915,7.7905747544812e-4,58196,31135,0.432520353,7.42705e-4,0.088604496,0.017463966,0.031546323,0.451800385,0.002972679,9.304820000000002e-4,0.221318057,0.161354678,25853199,22304353,3414500,0,750000,0,222000000,7058527,6.33769e-4,3193613,1971663,0.014472573,4051729,0.006227071,0.004865835,35836875,27356004,62984383,194774846,"list(c(-85.6378169998546, -85.6737620000163, -85.7869039997198, -85.9035839998017, -85.9471040003493, -85.7125780003744, -85.5572699996108, -85.4288460002427, -85.4048990002886, -85.6378169998546, 38.3802390004296, 38.302247000199, 38.288532999998, 38.173928000277, 38.005071999773, 38.0873109998029, 38.0738410000621, 38.1183769997987, 38.2637300001394, 38.3802390004296))"
KY,Kentucky,1.5743616801725957,KY-502,Lexington-Fayette County CoC,0.07590826675190648,Lexington-Fayette County CoC,Other Largely Urban CoC,Sheltered and Unsheltered Count,21,825,108,55,107,180,151,153,71,315,504,3,2,0,1,0,0,775,50,1,253,0,523,2,57,127,164,661,49,4,743,706,37,0,82,546,484,62,0,136,359,97,322200,4434380,735181664,0,0,0.71120701099999994,0.970725734,0.296800124,0.158020471,4.382590260031295e-4,58954,30278,0.470524387,3.74257e-4,0.08323472,0.007835421,0.016160994,0.443243327,0.004088603,6.9522e-4,0.208919926,0.134006828,3665145,4669456,1143307,0,750000,0,58957361,2926460,3.35196e-4,233047,409772,0.00983861,1506791,0.006247672,0.002836747,7161895,4739775,36398831,63604479,"list(c(-84.3870140003958, -84.3318299997546, -84.2843730002137, -84.380788000166, -84.401847000039, -84.6206010002359, -84.6601350004299, -84.4796289995786, -84.3870140003958, 37.8452609999952, 37.9200279998923, 38.0691690004491, 38.1139600002539, 38.2078889997776, 38.1295450004015, 38.003744999732, 37.9402190002068, 37.8452609999952))"
LA,Louisiana,12.401428675658249,LA-500,Lafayette/Acadiana Regional CoC,1.4499020971955787,Lafayette/Acadiana Regional CoC,Largely Rural CoC,Sheltered and Unsheltered Count,22,3528,712,168,544,784,704,512,104,1456,2056,8,0,0,0,0,8,3344,184,24,1984,8,1256,8,224,816,1088,2440,128,24,2072,1680,328,64,1456,2120,1712,344,64,896,2872,440,656517,3887671847,14383044745,0.75,0.75,0.7791885952490705,0.651401143736086,0.3537273216836289,0.19892321656702874,4.564520319859437e-5,45922.75,4532.125,0.50395519175,0.0013273999479006097,0.14262283092568745,0.02570465742786554,0.037456264195707044,0.43740375321808267,0.0032685338252246322,8.712645799865045e-4,0.2478229808332823,0.1469832464328814,5222308,3145522,5452182,0,0,0,49099679,1419491,0.006885182,5427837,0,0.044790913,0,0.029354557,0.058412085,29918488,23072109,23562581,97220518,"list(list(c(-91.9005158292421, -92.0268038227382, -91.8211778577719, -91.7104159642253, -91.9005158292421, 29.6393756316801, 29.5668007193777, 29.4740347114329, 29.5557326748232, 29.6393756316801)), list(c(-92.6160806687878, -92.3093507907064, -92.1060059156405, -92.166381770802, -92.0370789449373, -91.8827499065829, -91.8592919552595, -91.783668947364, -91.6329810085667, -91.5257290205778, -91.4076469954124, -91.2954191412803, -91.2719150511386, -91.2881240737669, -91.2521381337678, -91.2161225161412, 
-91.1049120002886, -91.111055000288, -91.1828170001044, -91.2320159999384, -91.2690849997729, -91.3667350000202, -91.4638980002924, -91.5082679995685, -91.6210549999882, -91.6400780003993, -91.756979999927, -91.7336729998091, -91.8152580002564, -92.2377939999931, -92.2382809999681, -92.3808430002043, -92.5246460001128, -92.5977980001775, -92.5975369998326, -92.6232900003332, -92.6160806687878, 29.5844730675781, 29.5330216743109, 29.6128278022613, 29.702161630355, 29.7810846042711, 29.8351205897435, 
29.7032757608677, 29.7406847116302, 29.7425287382108, 29.5463767955527, 29.5471576597982, 29.4769816683694, 29.5110167774024, 29.5420266920783, 29.5491176800369, 29.5865464464614, 29.6424960003902, 29.8265500002823, 29.8461720004375, 29.9181710003914, 30.0593079996645, 30.0546990002587, 30.1026819997745, 30.2402970003064, 30.3099380003385, 30.4426729997592, 30.5625509998288, 30.7017299996398, 30.8481070004378, 30.8482800003218, 30.8921580002915, 31.0009289998735, 30.8933280002871, 30.896001000346, 
30.581747000124, 30.517982000369, 29.5844730675781)))"
LA,Louisiana,5.748411078063215,LA-502,"Shreveport, Bossier/Northwest Louisiana CoC",1.3182622107175588,"Shreveport, Bossier/Northwest Louisiana CoC",Other Largely Urban CoC,Sheltered and Unsheltered Count,22,2044,329,105,231,392,329,462,196,707,1330,7,0,0,0,0,0,1911,133,0,1204,0,805,0,385,525,462,1582,84,21,1435,1120,217,98,609,2219,1666,378,175,532,2947,623,474110,417547935,13322716977,0.8571428571428571,0.7142857142857143,0.9039621883518909,0.6794038616639135,0.4701735886805109,0.22247604400426907,3.558658499002054e-5,37241.71428571428,3907.5714285714284,0.5589564845714285,8.37373875818492e-4,0.16128009719934008,0.04783904910049988,0.04517058328757883,0.4724283392032313,0.002827741718786357,0.0012444372238046022,0.2371981187371707,0.16706882336813608,7478021,4990534,1435957,0,0,0,56361261,2161495,0.001599802,1497781,335719,0.043172033,0,0.036438467,0.041874664,13915364,10835890,28762395,71413156,"list(c(-93.8790609995655, -93.4411710004413, -93.4405129997751, -93.2816759999474, -93.2384700003902, -93.1361269995613, -93.1871380002185, -92.9390919999958, -92.8153440004252, -92.7739089998005, -92.776982000319, -92.8794610002249, -92.8807399998511, -92.8279760001922, -92.7254069997332, -92.7247399995513, -93.4905579999517, -94.0430149997424, -94.0427199996282, -93.8790609995655, 31.8442870003448, 31.8452329999031, 31.9126469997593, 31.8871439999957, 31.972781000243, 32.0562240000376, 32.1485090001902, 
32.1479200000081, 32.14741300001, 32.2343609995605, 32.4536110001476, 32.4540169999846, 32.6008080000892, 32.7594319999869, 32.7594429995948, 33.0143899996988, 33.0186690000743, 33.019262000441, 31.999270999657, 31.8442870003448))"
LA,Louisiana,6.857320074650533,LA-503,New Orleans/Jefferson Parish CoC,0.2029798865534572,New Orleans/Jefferson Parish CoC,Other Largely Urban CoC,Sheltered and Unsheltered Count,22,2908,218,210,396,684,590,582,228,888,1986,12,10,4,2,0,6,2798,110,14,1920,6,818,8,158,166,344,2564,176,34,1940,1624,266,50,968,2332,1912,352,68,40,6664,2124,826152,1350729980,1218235145,0.5,0.5,0.6013382112945911,0.9896897224072774,0.5811606097823402,0.1888819203906969,6.781547908798839e-4,49041.5,36716,0.5623487725,0.001204730521005402,0.1454696416019448,0.033220331714251136,0.041179709899122674,0.46067551762442627,0.0017209759775440837,7.770968656215806e-4,0.21076872045788303,0.1602380671554,47581354,32033353,1709219,0,0,0,500000000,9079928,6.45723e-4,315247,2687588,0.056404485000000004,17375684,0.009333923,0.0070741630000000005,24884886,18625506,61466450,215759215,"list(c(-90.1709345674762, -90.1025044614117, -89.9774209308313, -89.9808119999738, -90.0673310004253, -90.0684269997062, -89.9872659999259, -90.012102000407, -89.8594889350663, -89.8594253341118, -89.8576909753582, -89.8121893780373, -89.8114745231307, -89.8113070693657, -89.8112997947497, -89.8112636851709, -89.8108799237694, -89.8107118476736, -89.81038105724, -89.8103333536013, -89.8103190004215, -89.8100696615856, -89.8095822101508, -89.8091697621747, -89.808656820356, -89.8084729521649, -89.8080789996461, 
-89.8077798635499, -89.80736500629, -89.807033365997, -89.8062567222699, -89.8062047945156, -89.8058370176642, -89.8046762833837, -89.8041480000301, -89.8036139250426, -89.8031689989501, -89.8025479990908, -89.801712875149, -89.8011105308263, -89.7976431227319, -89.7973949745984, -89.796764239578, -89.7963346442284, -89.7951365431169, -89.7947075934806, -89.7939812767145, -89.7933324131603, -89.7930135954011, -89.7914543859112, -89.7905769452698, -89.7902264605826, -89.790201465725, -89.7894832257702, 
-89.7893354806479, -89.7885705128189, -89.7880353253699, -89.7875059556353, -89.7873039975814, -89.787211628214, -89.7868289999583, -89.7864793957075, -89.7857805397401, -89.7852369301402, -89.7850013230526, -89.7841752022238, -89.7835079547283, -89.7829475862621, -89.7825290040103, -89.782071841742, -89.7809395098504, -89.7802251082022, -89.7797099999165, -89.7791437507834, -89.7787776044029, -89.7785148980441, -89.7780985173327, -89.7772377384309, -89.7766857615386, -89.7761556507626, -89.7761505138351, 
-89.7757203914828, -89.7749208519157, -89.7747499996128, -89.774508510959, -89.7743319713434, -89.7736493274545, -89.7733920727859, -89.7730675659154, -89.7714228075165, -89.7621651261196, -89.7617019995476, -89.7603391938986, -89.7600226109547, -89.7591846478532, -89.7585469997442, -89.7581123358156, -89.7562201109693, -89.7556379627218, -89.7554089998254, -89.7551157174164, -89.7543783111101, -89.7537608374926, -89.7528139889744, -89.7526015349329, -89.7525860000438, -89.7521526904943, -89.7501411004314, 
-89.7457347218799, -89.7455533070395, -89.7333195450609, -89.7169194974368, -89.7172033675413, -89.7194302930735, -89.7202829996607, -89.7307598317008, -89.7307778640072, -89.7299079533893, -89.729901898254, -89.7297663884081, -89.7295855869053, -89.7243774276761, -89.7240454942042, -89.7172826562696, -89.7168830775919, -89.7164516809003, -89.7163326871038, -89.7163033359301, -89.7161855706075, -89.7148376721208, -89.714621042527, -89.7129391421277, -89.7127597939293, -89.7021678513652, -89.7020812745312, 
-89.7009384817255, -89.7007712096236, -89.7004708036846, -89.7004051900474, -89.6762701562427, -89.6759726380268, -89.6736510003933, -89.6734484676726, -89.6729359997965, -89.6728745698055, -89.6722350681938, -89.6720662843315, -89.646775664865, -89.6465102812244, -89.6362677981203, -89.6357455914858, -89.6294588744275, -89.6253513810614, -89.6250540004417, -89.7974139997563, -89.9032339999491, -90.0402770001834, -90.1562560003141, -90.259889000377, -90.2802959998605, -90.2401730003836, -90.1672969995569, 
-90.2281570002454, -90.17038699996, -90.1709345674762, 29.5671095915345, 29.4679787523176, 29.4595010151598, 29.5801549997535, 29.7388789997661, 29.8291770000186, 29.9050040002345, 29.9459800003768, 30.0024836464032, 30.0031325315412, 30.0078830752438, 30.0442619785076, 30.0446514820803, 30.0445783806878, 30.0445534766617, 30.0443941203924, 30.0447829611648, 30.0445699999056, 30.0446421633052, 30.0446320441336, 30.0446289999285, 30.0444517705328, 30.0445917320229, 30.044547049207, 30.0449648652364, 
30.0447377054808, 30.0450990000189, 30.0450857251262, 30.0452601531336, 30.0451197051104, 30.044986218739, 30.0449782498464, 30.0453252694457, 30.0451138235442, 30.0452739999952, 30.0451326715356, 30.0452059941613, 30.0451609129458, 30.0453840365441, 30.045216163695, 30.0455183386005, 30.0454629520536, 30.0456662590906, 30.0454680763906, 30.0455200778893, 30.0454599195397, 30.0457065936844, 30.0455382945567, 30.045596491485, 30.0453353013831, 30.0457508223427, 30.0455511000033, 30.0455447435951, 
30.0452660248072, 30.0453936889676, 30.0452416154083, 30.0454172745876, 30.0452021540562, 30.0452123541668, 30.0452173274178, 30.045393000087, 30.0452507453257, 30.045338976013, 30.0452540395423, 30.0453850734624, 30.045035699438, 30.0452907867405, 30.0452391413733, 30.0453673604154, 30.0451798220911, 30.0450564683813, 30.0448019008871, 30.0447449998819, 30.0445460122887, 30.0445465446874, 30.0444340251102, 30.0445352545984, 30.0442196519155, 30.044172649748, 30.043966661832, 30.0439646095791, 30.043813715031, 
30.0439286375966, 30.0439160003232, 30.0438260222532, 30.0437594148652, 30.0432281907285, 30.0431715154531, 30.0431006587684, 30.0430246093982, 30.0411997752495, 30.0411716813281, 30.0400976731692, 30.0400404016433, 30.0391614789191, 30.038981000273, 30.0386062455818, 30.0386856368327, 30.0383131520304, 30.0381859995842, 30.0379019505147, 30.0376842552242, 30.0371088213151, 30.0368245672001, 30.0367348607253, 30.0367269997513, 30.0361510469333, 30.0366031163408, 30.0319268611358, 30.0318022582676, 
30.0220500306844, 30.0283544931654, 30.0284181849513, 30.0315023424592, 30.0324739996754, 30.0570039194953, 30.0570039824479, 30.0591373883798, 30.0591342551418, 30.059475544261, 30.0596599286628, 30.0639858934343, 30.0636137872465, 30.0677413220045, 30.0673402657407, 30.0675821923643, 30.067423743511, 30.067415190059, 30.0673814735762, 30.0682752899727, 30.0679300771114, 30.0690829342301, 30.0690788225297, 30.0706382784339, 30.0706184312956, 30.0706597290633, 30.0706298715714, 30.0705758205178, 
30.0705573700267, 30.1096387081599, 30.1094240004173, 30.1105500001824, 30.1105320488151, 30.1105104884683, 30.1104872688724, 30.1103984410353, 30.1103662147291, 30.132201467124, 30.1322449304593, 30.1415827612355, 30.141543943798, 30.1437745511546, 30.1494262820973, 30.1534930002019, 30.1607569997358, 30.1986600002589, 30.1551140003109, 30.1896130003398, 30.1634099997717, 29.9726180003205, 29.8621170000995, 29.8174070004328, 29.6920280002921, 29.6835230001864, 29.5671095915345))"
LA,Louisiana,9.053063832983597,LA-505,Monroe/Northeast Louisiana CoC,1.7966918825789604,Monroe/Northeast Louisiana CoC,Largely Rural CoC,Sheltered and Unsheltered Count,22,1704,276,96,240,384,348,264,96,636,1056,12,0,0,0,0,0,1692,12,0,1164,0,516,0,60,240,336,1368,96,36,1152,504,648,0,552,1572,852,720,0,876,768,804,348850,494992574,18235247367,0.9166666666666666,0.75,0.925025673281571,0.5013127489771364,0.42274616603055754,0.25879612324271467,1.913053291677894e-5,37371,2075.0833333333335,0.5362539189166666,0.005227861476014836,0.20372071818374143,0.05535237376847069,0.05205177026433424,0.4648788877454322,0.002527695809557116,0.0013100184873670632,0.2355166976906206,0.16230471544883474,2952923,1478116,771544,0,0,0,41719951,733009,0.003168699,994164,0,0.098225698,0,0.061071249,0.08442192700000001,21014567,17301853,24888698,70134874,"list(c(-91.3802540002219, -91.3452140004258, -91.2010100000115, -91.1644100002213, -91.0302069996533, -91.1628219998354, -91.1648800003117, -91.0343019996375, -90.9833810004328, -90.9123629998525, -90.9866720002126, -91.0274059999868, -91.116708000174, -91.0435519999248, -91.152698999759, -91.0607659996512, -91.1658140002159, -91.1435590000478, -91.2128370004272, -91.1660949996844, -92.0449630000424, -92.7247399995513, -92.7254069997332, -92.8279760001922, -92.8807399998511, -92.8794610002249, -92.776982000319, 
-92.7739089998005, -92.8153440004252, -92.3119369998926, -92.3125179997059, -91.9035650004244, -91.8538429998545, -91.7329869996503, -91.5964369996678, -91.5786600000589, -91.5447429998895, -91.3802540002219, 31.7332549999184, 31.8438609995855, 31.909158999888, 31.9825569996059, 32.1143529997912, 32.132694000228, 32.1957430002393, 32.2415480000402, 32.2117669999471, 32.3394540004019, 32.3517600004237, 32.4339419996236, 32.5001379999688, 32.5762709999068, 32.6407569996359, 32.727494000248, 32.7578410003619, 
32.8447380002585, 32.9221030003532, 33.0042909998298, 33.0077510002085, 33.0143899996988, 32.7594429995948, 32.7594319999869, 32.6008080000892, 32.4540169999846, 32.4536110001476, 32.2343609995605, 32.14741300001, 32.1460360003612, 31.9276560003242, 31.9274570001405, 31.9583910003444, 31.8811569999956, 31.970401000206, 31.8019440001156, 31.7522520000298, 31.7332549999184))"
LA,Louisiana,6.242713752338351,LA-506,Slidell/Southeast Louisiana CoC,0.9027943965226936,Slidell/Southeast Louisiana CoC,Largely Suburban CoC,Sheltered and Unsheltered Count,22,1045,130,110,225,240,170,125,45,500,540,0,0,5,0,0,0,1010,35,20,415,20,565,0,20,85,220,825,85,15,210,70,140,0,835,295,150,145,0,0,1565,360,589276,916219177,8709442472,0.6,0.4,0.8763470792852721,0.6254851508565816,0.24824360736367848,0.1438201080305307,6.765943995777736e-5,54217.6,3663.6,0.4936913578,0.0015117214297716566,0.128495146774014,0.03767260076670355,0.041439105964218806,0.4166451712845101,0.005176539954471249,8.281349432540949e-4,0.2440554174609911,0.156673612940656,3852492,2878747,1639262,0,0,0,30049870,506300,0.001754511,268473,0,0.020791483,0,0.002470986,0.001929299,2219146,1376889,8776309,21517618,"list(c(-89.6250505488437, -89.5244746492856, -89.6316139998862, -89.6306220000052, -89.6836310001705, -89.8187709998817, -89.8441720003375, -89.7281190003915, -90.8258289996086, -90.8610190000268, -90.8441809996534, -90.9774009998562, -90.9775030000634, -90.8595709998018, -90.7195390002246, -90.6492940002179, -90.5541470002838, -90.4858259999699, -90.3009229995967, -90.1606359999514, -90.1562560003141, -90.0402770001834, -89.9032339999491, -89.7974139997563, -89.6250540004417, -89.6250505488437, 
30.1534912150476, 30.1807821830513, 30.2570130004497, 30.3374910002095, 30.4517870000701, 30.592880000012, 30.6915040002095, 31.0023000001449, 30.9993610004099, 30.9353730002638, 30.7080469995694, 30.5934850000328, 30.4208990001887, 30.339015000342, 30.1899939999232, 30.2322960000604, 30.1956279998324, 30.2769919999809, 30.2946799999821, 30.2343369997528, 30.1896130003398, 30.1551140003109, 30.1986600002589, 30.1607569997358, 30.1534930002019, 30.1534912150476))"
LA,Louisiana,9.5816142503111,LA-507,Alexandria/Central Louisiana CoC,1.8028101695702168,Alexandria/Central Louisiana CoC,Largely Rural CoC,Sheltered and Unsheltered Count,22,1184,88,24,240,336,248,160,88,440,728,8,8,0,0,0,0,1160,24,0,680,0,440,8,104,464,144,1040,24,0,248,112,136,0,936,336,96,240,0,0,1768,256,300729,610553012,18395711914,0.75,0.5,0.9741237657485478,0.41167048031011977,0.3486294969479565,0.19520215060210025,1.6347777210575423e-5,43928.875,2024,0.519559820625,6.954933375431838e-4,0.20712994105757349,0.08777442605615023,0.07755254486434299,0.4578906589771256,0.0017154076609538823,0.0012635959286666732,0.23893937706739954,0.15760701469376748,1047640,956275,1290019,0,0,0,30878865,641757,0.003877822,739505,0,0.027939982999999998,0,0.02856915,0.031004134,7100802,5745896,10003253,27525147,"list(c(-92.5977980001775, -92.5246460001128, -92.3808430002043, -92.2382809999681, -92.2377939999931, -91.8152580002564, -91.8059629996927, -91.7266309997208, -91.6369419996735, -91.5643969997217, -91.6251990004335, -91.5890459996731, -91.6412529997261, -91.5185780001746, -91.54821299983, -91.4720670001919, -91.5159189998619, -91.4439159997236, -91.3802540002219, -91.5447429998895, -91.5786600000589, -91.5964369996678, -91.7329869996503, -91.8538429998545, -91.9035650004244, -92.3125179997059, -92.3119369998926, 
-92.8153440004252, -92.9390919999958, -92.8851170002494, -92.9083679995835, -92.9667999998201, -92.9637820000393, -92.9083129997451, -92.8062059999069, -92.7188989999888, -92.947158999688, -93.0326100003512, -93.3904949999443, -93.4425540003668, -93.534918999712, -93.5525240003823, -93.524738999705, -93.5654300001943, -93.5585959998055, -93.4215050000557, -92.8241689999993, -92.5977980001775, 30.896001000346, 30.8933280002871, 31.0009289998735, 30.8921580002915, 30.8482800003218, 30.8481070004378, 
30.9725580000517, 31.0398869995854, 30.9994160002483, 31.0389650002346, 31.1159629995928, 31.1785859997441, 31.2669170001195, 31.2752830001104, 31.3460839996769, 31.3970760003572, 31.5307289998435, 31.5424659997062, 31.7332549999184, 31.7522520000298, 31.8019440001156, 31.970401000206, 31.8811569999956, 31.9583910003444, 31.9274570001405, 31.9276560003242, 32.1460360003612, 32.14741300001, 32.1479200000081, 32.0116199998632, 31.8507509998588, 31.7812990004485, 31.6798939997084, 31.6251690004491, 
31.5985480003899, 31.5174760002173, 31.3467509998588, 31.3637040001395, 31.3641469998842, 31.2767159996437, 31.2765789996212, 31.1854050003406, 31.0390070003728, 30.9905790001208, 30.8688219997355, 30.882814000166, 30.8772340000491, 30.896001000346))"
LA,Louisiana,129.7208967087348,LA-509,Louisiana Balance of State CoC,3.97847080709368,Louisiana Balance of State CoC,Largely Suburban CoC,Sheltered and Unsheltered Count,22,17226,1936,1496,3300,4246,2662,2662,924,6864,10186,44,22,110,0,0,0,16742,484,154,9482,22,6886,88,858,2750,3168,14058,1342,66,6776,5742,1034,0,10450,10736,8844,1892,0,6204,19360,9966,1468982,16053029106,37656498033,0.6363636363636364,0.09090909090909091,0.8021139053556061,0.7392010131005975,0.41532639616004413,0.16812774661284208,3.9010053423254286e-5,53450,5084.363636363636,0.4876442110909091,0.0014240819552018334,0.15239272384085784,0.04099298313967768,0.045015006901299,0.43399919120852126,0.003573549192484319,0.0010476641444728389,0.2385611259957692,0.1464388263852879,17709518,9854012,2306534,0,0,0,169132844,4836158,0.003059529,1227445,556796,0.074380428,4544354,0.032822972,0.074357324,77176749,32696076,38668587,189576229,"list(list(c(-92.6160806687878, -92.6232900003332, -92.5975369998326, -92.5977980001775, -92.8241689999993, -93.4215050000557, -93.5585959998055, -93.6313450001716, -93.7387879996664, -93.6981350000302, -93.7642520003295, -93.7035440003553, -93.6928489999813, -93.720804999551, -93.7900870001149, -93.8303739999601, -93.9227440004352, -93.8379662655307, -93.7282535048953, -93.4877184634363, -93.1760696274113, -92.9339636609941, -92.6160806687878, 29.5844730675781, 30.517982000369, 30.581747000124, 30.896001000346, 
30.8772340000491, 30.882814000166, 30.8688219997355, 30.6778720001927, 30.540975000396, 30.4388800002119, 30.3302289998685, 30.2593209998643, 30.1352129998801, 30.0530430003342, 29.9865640004283, 29.8943580003215, 29.818808000289, 29.6906123270973, 29.7384827350902, 29.7689237053648, 29.770027806638, 29.7029976787999, 29.5844730675781)), list(c(-89.9774209308313, -89.8410944105785, -89.7758105539139, -89.8203974094129, -89.4911546505666, -89.4413325446612, -89.3690666690915, -89.3173575687968, -89.5486585729348, 
-89.6772625868988, -89.6881235319754, -89.7194715638615, -89.6315955152208, -89.5732605761146, -89.4416666320094, -89.4145316370254, -89.355509593393, -89.3799396210167, -89.463401553339, -89.5558895988259, -89.6075625976358, -89.7131495672987, -89.74848751069, -89.8365654580294, -89.8594889350663, -90.012102000407, -89.9872659999259, -90.0684269997062, -90.0673310004253, -89.9808119999738, -89.9774209308313, 29.4595010151598, 29.4755377186908, 29.403345713434, 29.316548707357, 29.2434357630501, 
29.167048765788, 29.1800687987361, 29.3187997032438, 29.4237296668907, 29.5320082327938, 29.6328655428106, 29.6626815930811, 29.7553476431792, 29.7644056750819, 29.6818066638465, 29.8214406135935, 29.8481226596331, 29.9427405488373, 30.0110175192432, 30.0000205220295, 29.8738685770732, 29.8786866625595, 29.9458255903787, 29.9437325262351, 30.0024836464032, 29.9459800003768, 29.9050040002345, 29.8291770000186, 29.7388789997661, 29.5801549997535, 29.4595010151598)), list(c(-91.2133794346132, -91.1276570788111, 
-91.1197192082748, -91.0106811756956, -90.8372651762468, -90.7430123200625, -90.661456252604, -90.583918349752, -90.4261552978287, -90.2957094237508, -90.2221433902052, -90.0897154472101, -90.0637136609566, -90.1269784559909, -90.055147470979, -90.0704833652151, -90.2325714349237, -90.1709345674762, -90.17038699996, -90.2281570002454, -90.1672969995569, -90.2401730003836, -90.2802959998605, -90.259889000377, -90.1562560003141, -90.1606359999514, -90.3009229995967, -90.4858259999699, -90.5541470002838, 
-90.6492940002179, -90.7195390002246, -90.8595709998018, -90.9775030000634, -90.9774009998562, -90.8441809996534, -90.8610190000268, -90.8258289996086, -91.6369419996735, -91.7266309997208, -91.8059629996927, -91.8152580002564, -91.7336729998091, -91.756979999927, -91.6400780003993, -91.6210549999882, -91.5082679995685, -91.4638980002924, -91.3667350000202, -91.2690849997729, -91.2320159999384, -91.1828170001044, -91.111055000288, -91.1049120002886, -91.2161225161412, -91.2243186962508, -91.223116156985, 
-91.2647700759782, -91.2575390294027, -91.2120251419467, -91.2133794346132, 29.4175624418532, 29.3321238185594, 29.2114397858175, 29.2316477473457, 29.1021727606644, 29.1440997812799, 29.2420288330642, 29.2428817348043, 29.3231556828885, 29.2478487282362, 29.0858577511344, 29.1638423913134, 29.2073771290513, 29.3224637229225, 29.3804897916706, 29.4476166847622, 29.5080037508724, 29.5671095915345, 29.6835230001864, 29.6920280002921, 29.8174070004328, 29.8621170000995, 29.9726180003205, 30.1634099997717, 
30.1896130003398, 30.2343369997528, 30.2946799999821, 30.2769919999809, 30.1956279998324, 30.2322960000604, 30.1899939999232, 30.339015000342, 30.4208990001887, 30.5934850000328, 30.7080469995694, 30.9353730002638, 30.9993610004099, 30.9994160002483, 31.0398869995854, 30.9725580000517, 30.8481070004378, 30.7017299996398, 30.5625509998288, 30.4426729997592, 30.3099380003385, 30.2402970003064, 30.1026819997745, 30.0546990002587, 30.0593079996645, 29.9181710003914, 29.8461720004375, 29.8265500002823, 
29.6424960003902, 29.5865464464614, 29.5677151284505, 29.5644487260279, 29.5323967120387, 29.4449577267177, 29.4207050948643, 29.4175624418532)), list(c(-89.6253513810614, -89.6250505488437, -89.6250540004417, -89.6253513810614, 30.1494262820973, 30.1534912150476, 30.1534930002019, 30.1494262820973)), list(c(-91.3302327178656, -91.3403115882092, -91.3423371114685, -91.3471490410954, -91.3488788124072, -91.349083970249, -91.3492977139183, -91.3493977374156, -91.3476731111251, -91.3520920675948, -91.337547067743, 
-91.316607398013, -91.3174182960175, -91.3295506621333, -91.3302327178656, 29.3093170141689, 29.3101760034199, 29.3144926952817, 29.3171516812052, 29.3195820082032, 29.3197624715609, 29.3204038581516, 29.3204511148272, 29.3265054218878, 29.323793843611, 29.3019337222635, 29.3061324752336, 29.3067966029809, 29.3080110303848, 29.3093170141689)), list(c(-91.3442530037731, -91.346006883211, -91.3406427212845, -91.3435680396333, -91.3442530037731, 29.3322319737267, 29.3276716816029, 29.3299623699675, 
29.3304430189302, 29.3322319737267)), list(c(-91.2761161360508, -91.2506221906616, -91.2508317093159, -91.2759129639121, -91.276205170732, -91.2762621481796, -91.2761161360508, 29.3411322348648, 29.3677942709888, 29.3687553674663, 29.3432321734261, 29.342668951411, 29.3415666586744, 29.3411322348648)), list(c(-93.8790609995655, -93.7945479998903, -93.8394159996486, -93.7494759997176, -93.6926309998207, -93.6875110002325, -93.5525240003823, -93.534918999712, -93.4425540003668, -93.3904949999443, -93.0326100003512, 
-92.947158999688, -92.7188989999888, -92.8062059999069, -92.9083129997451, -92.9637820000393, -92.9667999998201, -92.9083679995835, -92.8851170002494, -92.9390919999958, -93.1871380002185, -93.1361269995613, -93.2384700003902, -93.2816759999474, -93.4405129997751, -93.4411710004413, -93.8790609995655, 31.8442870003448, 31.7020760001074, 31.5991999998801, 31.4686899996438, 31.4371920004106, 31.31081300002, 31.1854050003406, 31.2765789996212, 31.2767159996437, 31.3641469998842, 31.3637040001395, 31.3467509998588, 
31.5174760002173, 31.5985480003899, 31.6251690004491, 31.6798939997084, 31.7812990004485, 31.8507509998588, 32.0116199998632, 32.1479200000081, 32.1485090001902, 32.0562240000376, 31.972781000243, 31.8871439999957, 31.9126469997593, 31.8452329999031, 31.8442870003448)))"
MA,Massachusetts,12.871625148002266,MA-503,Cape Cod Islands CoC,0.1603056356373462,Cape Cod Islands CoC,Largely Suburban CoC,Sheltered and Unsheltered Count,25,1710,498,54,264,336,180,237,141,795,861,3,0,0,0,0,51,1617,93,9,798,0,762,9,27,228,915,795,3,27,1482,1191,291,0,228,1080,732,348,0,33,633,87,242147,4031480247,1407903892,0,0,0.3402705766729177,0.9452421367346282,0.1274969334232966,0.06761342023395293,1.719911432704527e-4,88829,4259.333333333333,0.526889428,0.00091316633006321805,0.45293228872713653,0.005682693978921895,0.01342035636133423,0.8036110299613417,0.0035311175924376513,0.001949229144032344,0.1519985791046389,0.2937760950167832,3979961,894212,5783541,0,0,0,31445246,980670,0.007822582,780989,0,0.009626181,0,0.003245826,0.001620571,1423732,2085733,12297591,28226429,"list(list(c(-70.6556716607186, -70.4870376425731, -70.4331296818893, -70.0168447473872, -69.9337907943097, -70.0482816898481, -70.3291276809977, -70.4947176127276, -70.6188135860781, -70.6556716607186, 41.515045493155, 41.5535884719305, 41.6205754700819, 41.6718274350881, 41.7900764373778, 41.778053382058, 41.7100523650247, 41.775344425305, 41.7388654301955, 41.515045493155)), list(c(-70.0110308758742, -70.1026118651454, -69.9677797969001, -70.0110308758742, 41.3548244852618, 41.2398645878805, 41.2497365790799, 
41.3548244852618)), list(c(-70.6008096830204, -70.7006616508145, -70.7384785880164, -70.4526976894468, -70.5593966168603, -70.6008096830204, 41.4820705373255, 41.4340035411306, 41.3352874332685, 41.3475665381653, 41.4139164116132, 41.4820705373255)))"
MA,Massachusetts,2.9917220119620085,MA-504,Springfield/Hampden County CoC,0.17885353744958782,Springfield/Hampden County CoC,Largely Suburban CoC,Sheltered and Unsheltered Count,25,3018,1423,205,535,508,206,99,42,1597,1414,2,3,1,1,0,0,1638,1380,9,1201,9,1299,7,29,382,2469,549,33,61,2841,2706,128,7,177,3436,3241,187,8,567,1099,545,466647,44416923,1598035087,0,0,0.696162259,0.9047260239999999,0.379826721,0.157275365,2.9201298757215586e-4,57623,23533,0.531448935,0.002194003,0.068250453,0.013318672,0.017546577,0.41511678,6.36145e-4,0.001358629,0.2152505,0.169149271,8095034,13083371,3889053,0,0,0,123000000,5620457,7.90748e-4,2327332,664347,0.019693687,1605800,0.012351949,0.006190975,35532655,20133513,117000000,207951562,"list(c(-73.053288000141, -72.1357150000472, -72.1350109999576, -72.2639240002923, -72.2212180004104, -72.7810389998499, -73.0001729995842, -73.053288000141, 42.0398649999698, 42.030222000445, 42.1617839997319, 42.1838310002005, 42.24525199978, 42.1997490004161, 42.3126780001896, 42.0398649999698))"
MA,Massachusetts,3.85491155236422,MA-506,Worcester City & County CoC,0.4468848883405517,Worcester City & County CoC,Largely Suburban CoC,Sheltered and Unsheltered Count,25,1927,718,132,356,344,206,141,30,936,983,6,2,0,0,0,0,1319,608,12,804,1,765,3,52,307,1323,604,32,30,1785,1636,137,12,142,1899,1728,158,13,146,986,983,826655,177372507,3912614264,0,0,0.759347688,0.788241885,0.243271982,0.096659315,2.1127945261715684e-4,77155,18987,0.476708059,0.0015314519999999998,0.066715597,0.012295971,0.018221096,0.40710211600000007,0.001701833,0.001114129,0.211095318,0.156678421,16988878,11049719,4313705,0,0,0,136000000,4750791,2.90327e-4,92335,764005,0.009115048,2226871,0.006694449,0.003688359,33449085,19770494,137000000,230405883,"list(c(-71.928992999827, -72.2830449998268, -72.2277519995551, -72.244868000158, -72.3150879999112, -72.2212180004104, -72.2639240002923, -72.1350109999576, -72.1357150000472, -71.7991879997264, -71.498258999753, -71.4780270002458, -71.5829100003962, -71.5852100003412, -71.5313769999486, -71.6646010003358, -71.8448429998045, -71.8987730001738, -71.928992999827, 42.7121019998075, 42.7216149996326, 42.6158670000621, 42.51343899981, 42.3988560002043, 42.24525199978, 42.1838310002005, 42.1617839997319, 
42.030222000445, 42.0080529997462, 42.0172720004026, 42.1658710002465, 42.1955589996481, 42.310951999735, 42.5203520002447, 42.6115980001476, 42.6379850002077, 42.7113120002487, 42.7121019998075))"
MA,Massachusetts,4.673512561139392,MA-507,"Pittsfield/Berkshire, Franklin, Hampshire Counties CoC",0.627972064822079,"Pittsfield/Berkshire, Franklin, Hampshire Counties CoC",Largely Suburban CoC,Sheltered and Unsheltered Count,25,2883,774,165,561,642,357,243,141,1293,1545,15,27,3,0,0,0,2103,780,6,1104,0,1404,3,327,465,1521,1362,96,24,2625,2193,417,15,258,1863,1329,513,21,654,1734,1425,357817,162933896,5577065934,0,0,0.909386168220364,0.6410694633262003,0.13862672823472053,0.10281538226490078,6.415864618322083e-5,65627.33333333333,7798.333333333333,0.5156658120000001,8.873967886137272e-4,0.13285790222810928,0.01486524218309639,0.01612612493554806,0.4679123685858022,0.0014285542862943906,0.001176579000639992,0.1591819282643027,0.2029948270582365,1845395,3825638,1366578,0,0,0,62762302,0,6.69736e-4,333366,0,0.034306851,0,0.021447833,0.004476961,5732926,3623084,43681859,60408846,"list(c(-72.4584120002136, -73.2648270003658, -73.352429000398, -73.5082099995918, -73.4970179996809, -73.4873190002716, -73.053288000141, -73.0001729995842, -72.7810389998499, -72.2212180004104, -72.3150879999112, -72.244868000158, -72.2277519995551, -72.2830449998268, -72.4584120002136, 42.7269330002578, 42.7458510003235, 42.5100170002844, 42.0861339995845, 42.0496240003474, 42.0495250002786, 42.0398649999698, 42.3126780001896, 42.1997490004161, 42.24525199978, 42.3988560002043, 42.51343899981, 
42.6158670000621, 42.7216149996326, 42.7269330002578))"
MA,Massachusetts,6.699090333840986,MA-511,"Quincy, Brockton, Weymouth, Plymouth City and County CoC",0.20398233422206533,"Quincy, Brockton, Weymouth, Plymouth City and County CoC",Largely Suburban CoC,Sheltered and Unsheltered Count,25,1885,734,100,402,364,139,110,36,1014,867,2,2,0,0,0,0,1568,317,13,1180,0,515,4,20,293,1430,455,38,29,1781,1781,0,0,104,1062,1062,0,0,0,1246,691,518597,1126101572,1705525076,0,0,0.507037581,0.875349225,0.200178559,0.066531726,3.0406882155979513e-4,92906,14434,0.511883089,0.0013396019999999999,0.085078056,0.009579152,0.011660322,0.401190134,0.002288946,9.6414e-4,0.214679221,0.181202359,7042402,3281529,464660,0,0,0,96263376,1331911,7.71312e-5,195125,0,0.008765959,0,0.004658723,0.003625166,22551068,10594624,68791664,114252983,"list(c(-70.8434673970027, -70.6297630055582, -70.5375875743071, -70.5381226223611, -70.7110925221021, -70.6429674867601, -70.7820586434916, -70.825654510847, -70.9603831507617, -70.9604387441527, -70.9640125546356, -70.9640144513058, -70.9640483116802, -70.9656274114758, -70.9657828916671, -70.96621646202, -70.9663651802089, -70.9670441242869, -70.9812699997107, -71.0804830000903, -71.049484999633, -70.8864389999599, -70.8434673970027, 41.6286233501875, 41.760473405923, 41.8106124113338, 41.9211464355596, 
42.0015933844272, 42.0514903732821, 42.2363502331768, 42.2648239274823, 42.2287265183142, 42.2286695516585, 42.2246167028986, 42.2246164178135, 42.2245974088434, 42.2238335786568, 42.2237771560909, 42.2235956459224, 42.2235534991947, 42.2233102271853, 42.1355110004324, 42.095538999825, 41.9630940002879, 41.7602320000069, 41.6286233501875))"
MA,Massachusetts,10.180301206958186,MA-516,Massachusetts Balance of State CoC,0.490687303672077,Massachusetts Balance of State CoC,Largely Suburban CoC,Sheltered and Unsheltered Count,25,46208,19904,2524,9924,8420,2984,1832,620,24828,21308,24,20,28,0,0,0,32760,13448,452,27652,4,12448,164,288,1836,40300,5908,780,456,44132,42940,1192,0,2076,16272,14756,1516,0,4208,8092,1572,3897839,1230946449,4570647907,0.25,0,0.23335930595421897,0.9713563969666875,0.3421062288080675,0.09686753321788559,8.527979138428962e-4,92157,84435.5,0.49305350275000004,0.001975771546803743,0.0549242218499991,0.006325665697396429,0.013027445780146895,0.404492078715097,0.002478564168767104,0.0013297111601690064,0.19635803349105543,0.15261610323683505,123781046,85922739,45905572,20000000,750000,7620000,2639000000,34939552,0.0029022650000000002,12284445,5313209,0.060185171999999995,18557165,0.044346235,0.019705823,251205687,144366792,2005000000,2755646207,"list(c(-71.3812990002486, -71.0804830000903, -70.9812699997107, -70.9670441242869, -70.9720251381495, -71.0427048542456, -71.0651570010947, -71.143667000032, -71.072689000397, -71.0742124168695, -71.0692617326428, -71.07071572595, -71.0395167683841, -71.0391852162247, -71.0118670536216, -70.9941794709058, -70.987115391562, -70.9863494003046, -70.9865884068295, -70.9979424133117, -70.9687628330383, -70.966893950995, -70.98892839423, -70.9220042299112, -70.8243395473322, -70.605827596966, -70.644087607657, 
-70.7543124809362, -70.8158196796344, -70.9295939998632, -71.1328050000507, -71.2454809998482, -71.2946370003972, -71.8987730001738, -71.8448429998045, -71.6646010003358, -71.5313769999486, -71.5852100003412, -71.5829100003962, -71.4780270002458, -71.498258999753, -71.3812990002486, 41.9850839999267, 42.095538999825, 42.1355110004324, 42.2233102271853, 42.2372770627863, 42.2762470036963, 42.2707166929211, 42.365081000288, 42.3732219997955, 42.3906724834484, 42.3939824211519, 42.3895374023293, 42.3868488583881, 
42.3868155241172, 42.3957433701605, 42.3930905329019, 42.3929962398846, 42.3890382498154, 42.3858093140486, 42.3716203162247, 42.3559093084679, 42.3570450442934, 42.4596175988731, 42.4668585802593, 42.5515792738644, 42.6354012236876, 42.6893543168483, 42.6493283218446, 42.8720785422909, 42.8850320002267, 42.8214760002173, 42.742514000221, 42.6970419995886, 42.7113120002487, 42.6379850002077, 42.6115980001476, 42.5203520002447, 42.310951999735, 42.1955589996481, 42.1658710002465, 42.0172720004026, 
41.9850839999267))"
MD,Maryland,1.6321739958281232,MD-501,Baltimore CoC,0.0220042942638216,Baltimore CoC,Major City CoC,Sheltered-Only Count,24,1600,196,85,209,286,292,364,168,519,1063,9,4,5,0,0,0,1473,127,11,1070,0,278,8,127,234,311,1289,58,13,1487,851,615,21,113,2018,1102,886,30,2269,2945,457,602274,28758743,209649330,1,0,0,1,0.727006313,0.200337405,0.002872768541640462,52164,79535,0.503772432,0.001356707,0.174993876,0.06003687900000001,0.074332508,0.488043648,0.001565399,0.001100828,0.204626134,0.140399552,54973960,42796394,9101986,0,1446119,0,660000000,9438492,0.001049356,3093381,3776989,0.022896555,24931016,0.018991356,0.0114599,157000000,42533607,168000000,517091944,"list(list(c(-76.5295839873111, -76.5297929996472, -76.7113129995952, -76.7110540002419, -76.6186471725289, -76.6186139677604, -76.5295839873111, 39.2403251571803, 39.3720579997769, 39.3719330003078, 39.2778889999774, 39.237413986966, 39.237430214333, 39.2403251571803)), list(c(-76.5826995301592, -76.5807788183877, -76.5888457029668, -76.5835188071472, -76.5834384617156, -76.5832967492456, -76.5828173539377, -76.5826995301592, 39.2072393626066, 39.2133381312498, 39.2128175928577, 39.2075551631403, 
39.2075044206925, 39.2074140990815, 39.2072727130653, 39.2072393626066)))"
MD,Maryland,8.521301575953974,MD-503,Annapolis/Anne Arundel County CoC,0.11215412426902312,Annapolis/Anne Arundel County CoC,Largely Suburban CoC,Sheltered and Unsheltered Count,24,254,36,10,49,48,37,54,20,90,161,1,1,1,0,0,0,228,26,3,107,1,124,1,10,50,60,194,6,0,156,145,11,0,98,144,128,16,0,105,189,196,575421,448054686,1074343715,0,0,0.460200956,0.9251760699999999,0.329417939,0.057195869,5.356023328158065e-4,103225,24503,0.466201931,0.001121423,0.05835726599999999,0.002262184,0.005885212,0.393329406,0.0038837549999999996,5.63066e-4,0.223151397,0.147777019,4733889,4825303,238495,0,0,0,65251665,1765837,3.85804e-4,123704,367280,0.005197933,0,0.001908168,0.002050672,9999273,8483673,33452852,63990306,"list(c(-76.5287481493076, -76.5283671317377, -76.5153988781557, -76.3950459470128, -76.4817907960084, -76.4307728139142, -76.5328039226629, -76.577225092464, -76.5703308680751, -76.5698307919574, -76.5757508131495, -76.5779277822413, -76.5835188071472, -76.5888457029668, -76.5891563153116, -76.6178936611635, -76.6216486274822, -76.6970849999727, -76.8403619999063, -76.6982679996684, -76.6695720001476, -76.7143900002982, -76.6863579999217, -76.5287481493076, 38.7130317170402, 38.7127440526959, 38.8518021449531, 
39.0113201474069, 39.0664971908927, 39.1313790883743, 39.2078106515404, 39.2055621818492, 39.1963711348201, 39.1914500967446, 39.1905291666877, 39.1988621579623, 39.2075551631403, 39.2128175928577, 39.213099937712, 39.23706989466, 39.2338169218136, 39.2140919996461, 39.1031420003031, 38.9836469999092, 38.903684999663, 38.7807610003199, 38.7484749998214, 38.7130317170402))"
MD,Maryland,1.478841290540981,MD-504,Howard County CoC,0.06848339984647774,Howard County CoC,Largely Suburban CoC,Sheltered and Unsheltered Count,24,130,28,7,15,28,18,25,9,62,68,0,0,0,0,0,0,124,6,6,77,0,32,0,5,28,49,81,2,1,68,68,0,0,62,61,61,0,0,25,111,40,322407,6336170,649957177,0,0,0.559554477,0.8812248550000001,0.49317787799999996,0.051142056,4.960434493363553e-4,124042,33163,0.440294547,0.001554222,0.036223248,0.002697916,0.012728206,0.374787148,0.004862173,6.26537e-4,0.243645454,0.138188687,2208557,2641325,0,0,0,0,27864877,1113619,0,796666,0,0.005800122,0,0.003002416,0,0,0,20096980,26857147,"list(c(-76.6970849999727, -76.882274000045, -77.1680799995923, -77.1688009995664, -77.13058699999, -77.0655720001477, -76.9485790000208, -76.888504999606, -76.8403619999063, -76.6970849999727, 39.2140919996461, 39.3501850001377, 39.3539569996159, 39.3535020002172, 39.2684120000138, 39.2509559999195, 39.1295969999017, 39.130967000127, 39.1031420003031, 39.2140919996461))"
MD,Maryland,5.88474889266063,MD-505,Baltimore County CoC,0.16489728200701484,Baltimore County CoC,Largely Suburban CoC,Sheltered and Unsheltered Count,24,565,133,29,100,95,84,87,37,235,328,1,1,0,0,0,0,545,20,6,327,3,199,1,15,165,205,360,14,3,450,450,0,0,115,572,572,0,0,0,578,111,828193,215957832,1549740652,0,0,0.592533743,0.9287085959999999,0.43850406799999997,0.092789338,5.344074822656198e-4,78724,33039,0.500201702,9.89386e-4,0.065859944,0.004869957,0.010596007,0.407610303,0.0014803230000000002,0.001133794,0.216237037,0.172031157,5104286,8598079,21617995,0,0,10000000,157000000,4600927,0.001710954,1840207,731273,0.009515898,0,0.002234986,0,0,0,47722730,100215497,"list(c(-76.5694490000712, -76.7870959995807, -76.8832940003178, -76.882274000045, -76.6970849999727, -76.6216486274822, -76.6186471725289, -76.7110540002419, -76.7113129995952, -76.5297929996472, -76.5295839873111, -76.4325478130311, -76.3827818598949, -76.3603496815925, -76.3602174398829, -76.3602150305991, -76.3916879999013, -76.5321739997303, -76.5694490000712, 39.7211779998648, 39.7208000004197, 39.474750999659, 39.3501850001377, 39.2140919996461, 39.2338169218136, 39.237413986966, 39.2778889999774, 
39.3719330003078, 39.3720579997769, 39.2403251571803, 39.2127971009056, 39.2773751408501, 39.3953096754013, 39.3962415268251, 39.3969238532533, 39.4645319996521, 39.5439770003384, 39.7211779998648))"
MD,Maryland,2.1364403072043814,MD-506,Carroll County CoC,0.1228816438833763,Carroll County CoC,Largely Suburban CoC,Sheltered-Only Count,24,134,17,7,41,14,15,24,16,49,81,3,0,1,0,0,0,125,9,1,15,0,85,0,10,25,30,104,5,2,111,111,0,0,23,107,107,0,0,0,65,41,168233,13112464,1159355858,0,0,0.867029829,0.577612484,0.116629912,0.047629461,1.451090265677512e-4,99569,10087,0.443117978,1.30589e-4,0.039299324,0.006570797,0.012184986,0.379039784,0.001961531,6.00358e-4,0.217686185,0.168617334,805146,0,0,0,0,0,18225809,0,0,0,0,0.005094125,0,0.002229051,0,0,0,2918141,3723287,"list(c(-77.2170240002574, -77.2997700002853, -77.2001249997689, -77.1068390002196, -77.1680799995923, -76.882274000045, -76.8832940003178, -76.7870959995807, -76.9993179998258, -77.2170240002574, 39.719861000285, 39.6122840000066, 39.5785880001362, 39.4916609997554, 39.3539569996159, 39.3501850001377, 39.474750999659, 39.7208000004197, 39.720105999892, 39.719861000285))"
MD,Maryland,29.343932558419965,MD-511,Mid-Shore Regional CoC,0.4899612261324404,Mid-Shore Regional CoC,Largely Rural CoC,Sheltered and Unsheltered Count,24,645,225,30,115,60,75,100,40,320,315,0,5,0,5,0,0,625,20,0,290,0,255,0,10,135,400,245,10,20,630,455,175,0,15,880,725,155,0,0,410,445,171960,2414992803,4603499099,0,0,0.9699833132364736,0.3722935748736276,0.23427541308847985,0.10456318643634566,3.7354194342593486e-5,68323.6,5406,0.5340048486,9.729239997330252e-4,0.1574829808313116,0.029617885910979296,0.02789288840724006,0.4809316118340022,0.0027940191195103513,8.781114534426611e-4,0.20457083045048852,0.2201384043856362,1406338,0,0,0,0,0,5802467,0,0,75325,0,0.019666972,0,0.034906202,0.003397417,294956,694864,10526708,12998191,"list(c(-75.8100660374176, -75.8431500558304, -75.8712599599791, -75.8830430078285, -75.8987240429802, -75.9436419928836, -75.9561350410992, -75.9778169932596, -75.9947249869685, -76.0230459862832, -76.1113990380351, -76.215285884336, -76.2782568960389, -76.1366280035795, -76.2036348947346, -76.1608949220629, -76.1995960178419, -76.3015229985875, -76.3285608865756, -76.2387239849239, -76.260782005685, -76.3320260022981, -76.1135160682119, -75.9757030927235, -75.8634110602722, -75.8243791003152, -75.7015690001092, 
-75.7665940004127, -75.8100660374176, 39.3798215367346, 39.3657111360602, 39.3659471352522, 39.3595129977267, 39.3635340005937, 39.3625171362569, 39.3717190758747, 39.3627601546575, 39.3714331049539, 39.3617431230467, 39.3716791360833, 39.266875036154, 39.1480241697797, 39.0986810697756, 38.9283761589326, 38.8783661819538, 38.8017542183825, 38.8261912751073, 38.7168012451814, 38.7128382368952, 38.5478422902895, 38.4748463549753, 38.3052693194236, 38.3672012301527, 38.3594522163468, 38.4797971983821, 
38.5607359999665, 39.3775630000325, 39.3798215367346))"
MD,Maryland,15.348348168781635,MD-513,"Wicomico, Somerset, Worcester Counties CoC",0.31878594081469674,"Wicomico, Somerset, Worcester Counties CoC",Largely Rural CoC,Sheltered and Unsheltered Count,24,825,180,48,99,129,144,180,45,297,528,0,0,0,0,0,0,753,72,0,519,0,306,0,24,120,270,555,39,9,729,648,81,0,96,825,756,69,0,0,879,357,180888,1405948603,3011068930,0.3333333333333333,0,0.9128378073017669,0.6441433772807207,0.342886206045531,0.14536882652499336,6.0074347085770635e-5,56914,5435.333333333333,0.5575288736666666,0.0013091769945745573,0.3722478329204234,0.016579649465392948,0.022680181192760163,0.610394277517989,0.0027749879971584626,0.0011277696629074345,0.1986698950774015,0.19310844278285458,2275322,730880,446378,0,0,10000000,4068618,0,0.001448309,0,0,0.01211719,0,0.01546693,0.014516806,3421166,2968296,11842657,31684699,"list(c(-75.8243791003152, -75.8362301072336, -75.9086360459168, -75.8107320843182, -75.898954104848, -75.8243200589235, -75.7833500698498, -75.7131491851867, -75.6481329271928, -75.648161969899, -75.648169936993, -75.6482237928937, -75.6482271806398, -75.6409139998811, -75.63573500027, -75.632008000169, -75.6288440539099, -75.6339790002306, -75.3775137169844, -75.2237503018349, -75.1518533029875, -75.096282318674, -75.0897999064405, -75.6936700000704, -75.7015690001092, -75.8243791003152, 38.4797971983821, 
38.3832382664329, 38.292393348874, 38.0621274059551, 37.9745064113418, 37.9384572876737, 37.9728624389505, 37.9766153494189, 37.9644585784008, 37.9664993649538, 37.9665321146654, 37.9667534935789, 37.9667674195808, 37.9772350002951, 37.979534000194, 37.9760179999308, 37.9771509082879, 37.9835530002708, 38.0151963677183, 38.2435023371632, 38.2468472638902, 38.3281352416481, 38.4512248358575, 38.4600799995924, 38.5607359999665, 38.4797971983821), c(-75.2415365464744, -75.2711281430493, -75.2707011404452, 
-75.2639542034237, -75.2609190373836, -75.2606340377306, -75.2553286743788, -75.2530723014455, -75.250404633467, -75.2415365464744, 38.0270438537909, 38.0248665555471, 38.0249059881209, 38.0254866641783, 38.0257411606261, 38.0257635600403, 38.0262518973072, 38.0266383449837, 38.0266479515418, 38.0270438537909))"
MD,Maryland,25.68597308124307,MD-514,Maryland Balance of State CoC,1.1011905627550442,Maryland Balance of State CoC,Largely Suburban CoC,Sheltered and Unsheltered Count,24,10692,1971,567,1728,2313,1908,1431,774,4248,6390,18,0,0,0,0,36,10062,630,54,4113,18,5607,0,756,1944,3213,7479,405,108,7731,6093,1638,0,2961,10332,7902,2430,0,45,8442,3042,1230036,2368574781,10366868980,0,0,0.8629115780780229,0.643622880157684,0.27905199536015285,0.0820502170149955,1.1865067479612345e-4,83760.22222222222,8707.888888888889,0.4620337388888889,4.79503412380994e-4,0.08977037585660498,0.012752029083488613,0.014494608294902752,0.40584747109763536,0.0040309076473160135,8.178622767666962e-4,0.22547795356468672,0.15404345886580229,2328210,6295588,1445595,0,750000,0,145103973,1039856,8.738659999999999e-4,2022585,0,0.056039183,0,0.030043507,0.015606205,15349266,11520380,63907644,104659124,"list(list(c(-79.4766619995516, -79.4868750001811, -79.2538779996699, -79.0546939999281, -78.9573009998412, -78.7952680001181, -78.6546969999665, -78.4689229998965, -78.3553229997566, -78.2666479997054, -78.1715490001862, -78.0067190000818, -77.8891349996804, -77.7972520000797, -77.7195190001017, -77.5687530001508, -77.4588080003888, -77.1688009995664, -77.1680799995923, -77.1068390002196, -77.2001249997689, -77.2997700002853, -77.2170240002574, -78.3444350003749, -79.392458999783, -79.4766619995516, 
39.7210779997499, 39.2058960003002, 39.3371000001649, 39.4731010000112, 39.4400949995846, 39.6106999998052, 39.5346049998209, 39.5164829995908, 39.6406630001974, 39.6189509998888, 39.6956430004242, 39.6014830001404, 39.5974529995563, 39.4894650001097, 39.3213139997413, 39.3064470003288, 39.2202700003603, 39.3535020002172, 39.3539569996159, 39.4916609997554, 39.5785880001362, 39.6122840000066, 39.719861000285, 39.7224679999982, 39.7215780003245, 39.7210779997499)), list(c(-76.6863579999217, -76.69282298869, 
-76.6437669163101, -76.4967638758521, -76.5285288981901, -76.5287481493076, -76.6863579999217, 38.7484749998214, 38.6367323542148, 38.4702823342624, 38.3853612744034, 38.7127102202006, 38.7130317170402, 38.7484749998214)), list(c(-76.8138797796281, -76.7520448140169, -76.5915069515845, -76.5273138385627, -76.4497629009371, -76.3611298983261, -76.3203069879771, -76.3993019876966, -76.5007798649987, -76.6630148398629, -76.7054984967582, -76.7475699997556, -76.8629550003729, -77.0770755566916, -77.1702717076731, 
-77.2742046828998, -77.2075827267614, -77.0266366642506, -76.925064859056, -76.8138797796281, 38.2876083926133, 38.2223263642704, 38.214706377997, 38.136575294914, 38.1587063451218, 38.0594674271801, 38.1372282953496, 38.2638813263622, 38.3587753299176, 38.4593383170098, 38.5465220000903, 38.6173350002101, 38.6586489997516, 38.6902899345329, 38.566949352131, 38.4821262437312, 38.3598983547253, 38.4554612353478, 38.2901953563307, 38.2876083926133)), list(c(-76.3588909641467, -76.2887359251228, -76.1615458918294, 
-76.0965078864298, -75.9702180610147, -75.9720870024132, -76.0379189086307, -75.9461900069632, -75.9121789700833, -75.8862940048644, -75.8154863152412, -75.8151247446112, -75.8141146458742, -75.8136996411255, -75.8100660374176, -75.7665940004127, -75.7885959997056, -76.1354840002863, -76.2398049997009, -76.5694490000712, -76.5321739997303, -76.3916879999013, -76.3602150305991, -76.3592733226057, -76.3588909641467, 39.3911483288323, 39.3172401823886, 39.4046591056332, 39.5363449856326, 39.5575950509709, 
39.4567160124341, 39.3867370813513, 39.3835180030534, 39.3676260364125, 39.3631189967443, 39.3804671564342, 39.3803854359392, 39.3801952500108, 39.3801331266425, 39.3798215367346, 39.3775630000325, 39.7221990001838, 39.7211470002339, 39.7213349999104, 39.7211779998648, 39.5439770003384, 39.4645319996521, 39.3969238532533, 39.3940497494964, 39.3911483288323)), list(c(-76.5285288981901, -76.5283671317377, -76.5287481493076, -76.5285288981901, 38.7127102202006, 38.7127440526959, 38.7130317170402, 38.7127102202006
)), list(c(-77.3155809074329, -77.303870963674, -77.3072672264013, -77.307506919109, -77.3155809074329, 38.4795883650111, 38.4986264308652, 38.4971794162971, 38.4970922153335, 38.4795883650111)), list(c(-77.0880507030774, -77.0863642278268, -77.0863909997448, -77.0880507030774, 38.7053629389486, 38.7061843410345, 38.7062270003758, 38.7053629389486)))"
MD,Maryland,2.609716753223007,MD-600,Prince George's County CoC,0.13104212052293068,Prince George's County CoC,Largely Suburban CoC,Sheltered and Unsheltered Count,24,650,224,92,109,82,61,55,27,337,304,4,2,3,0,0,0,568,82,9,534,1,73,2,19,73,365,285,70,7,542,378,164,0,108,572,408,164,0,0,369,97,910551,41926971,1250040419,0,0,0.392615933,0.975654492,0.876684557,0.085942465,7.284172464826515e-4,86994,39435,0.507064991,0.002902095,0.056138179,0.00796036,0.008020167,0.367257847,0.001932271,3.777930000000001e-4,0.222840895,0.133115004,15179353,10735384,5036657,0,0,0,237000000,4755191,5.00796e-4,3583059,883909,0.006024923,4709211,0.002471031,5.95244e-4,5846225,2822658,63635823,117187470,"list(list(c(-77.0024359997216, -76.9093929996872, -77.0164509904208, -77.020577738272, -77.0242009017502, -77.0424157947531, -77.0770755566916, -76.8629550003729, -76.7475699997556, -76.7054984967582, -76.70478445304, -76.7040310118217, -76.7036053015434, -76.7035815441529, -76.7024008692047, -76.7022921132904, -76.69282298869, -76.6863579999217, -76.7143900002982, -76.6695720001476, -76.6982679996684, -76.8403619999063, -76.888504999606, -77.0024359997216, 38.9656730002088, 38.8928520001198, 38.8092722161399, 
38.8060461851833, 38.803219178922, 38.6966922522457, 38.6902899345329, 38.6586489997516, 38.6173350002101, 38.5465220000903, 38.5468925810279, 38.5471118681183, 38.5469567467565, 38.5469426363936, 38.5464098825101, 38.5464090092684, 38.6367323542148, 38.7484749998214, 38.7807610003199, 38.903684999663, 38.9836469999092, 39.1031420003031, 39.130967000127, 38.9656730002088)), list(c(-77.0863642278268, -77.0745073357449, -77.0863909997448, -77.0863642278268, 38.7061843410345, 38.7127968303095, 38.7062270003758, 
38.7061843410345)))"
MD,Maryland,1.882930726902634,MD-601,Montgomery County CoC,0.1367782622407685,Montgomery County CoC,Largely Suburban CoC,Sheltered and Unsheltered Count,24,1144,251,58,203,194,173,162,103,448,687,4,1,2,2,0,0,885,259,42,676,0,254,2,32,104,396,748,39,7,991,938,41,12,153,961,894,49,18,0,2316,303,1047661,35632258,1277247584,0,0,0.464282844,0.97320587,0.568989396,0.065855847,8.202489580908067e-4,111812,51575,0.503515546,0.001998257,0.045201357,0.005109162,0.007081119,0.372711211,0.002512274,3.93257e-4,0.232412011,0.155025337,18429448,10741098,4122765,0,0,0,262000000,4490018,1.51767e-4,1573741,863434,0.007319161,0,0.003723533,7.63606e-5,1456351,1410505,300000000,343087360,"list(c(-76.888504999606, -76.9485790000208, -77.0655720001477, -77.13058699999, -77.1688009995664, -77.4588080003888, -77.5273219997105, -77.460602000382, -77.3283180001756, -77.2449110002424, -77.1197920004005, -77.119758999778, -77.0024359997216, -76.888504999606, 39.130967000127, 39.1295969999017, 39.2509559999195, 39.2684120000138, 39.3535020002172, 39.2202700003603, 39.14696100025, 39.0748430002043, 39.0576780000397, 38.9826139999362, 38.9343740002599, 38.9343429997297, 38.9656730002088, 39.130967000127
))"
ME,Maine,81.32766623983906,ME-500,Maine Statewide CoC,9.666861005300255,Maine Statewide CoC,Largely Rural CoC,Sheltered and Unsheltered Count,23,43232,10496,3360,7440,10080,6400,3712,1744,18208,24448,224,160,176,16,0,0,41312,1920,176,18864,16,21472,64,1840,7904,18464,24768,2896,256,38864,26912,11712,240,4368,45328,32768,12320,240,5776,36640,7776,1340825,11745192141,79888173952,0.3125,0,0.9376891768137915,0.38406361389727595,0.07362034575405665,0.1107855329717987,1.6783773287966516e-5,55329.6875,3675.3125,0.44623599775,0.0011215176225617518,0.23733752196581673,0.0323827423469103,0.0326026268551101,0.5569653013129021,0.0028195386913042347,0.0012305856454511216,0.1871735683307829,0.20626629141558966,13244316,11969162,7395080,0,231623,0,245093383,3169626,0.007080403,3115577,326054,0.109813037,1470555,0.090421091,0.026728349000000002,37563034,24138218,447510475,550133720,"list(list(c(-70.8261720661878, -70.8243244692988, -70.8258124974487, -70.8322693653389, -70.8189394583893, -70.6723855186767, -70.5180115178172, -70.4395306281359, -70.3686135539723, -70.36034858382, -70.1981005678869, -70.243050600205, -70.097924675983, -70.0203687246369, -69.8667167759584, -69.6723437022001, -69.6640817519713, -69.4997398364243, -69.4296088092991, -69.2234460111245, -69.1290378878882, -69.0599349216592, -68.9547880262464, -68.9866269350849, -68.8436860100013, -68.8214180802801, 
-68.6045741753579, -68.5688381020967, -68.4292370900196, -68.2640842198109, -68.1144952246748, -68.1130232458261, -68.0281063840024, -67.8550173061038, -67.8491353882875, -67.701683417056, -67.5652934604248, -67.5458994536968, -67.4568315560314, -67.1941676551132, -66.9831516664162, -67.1134656477214, -67.165080636662, -67.2899034870562, -67.3805087658668, -67.4765109167454, -67.4276410004318, -67.5037694839745, -67.4209360446627, -67.6455660001707, -67.7013899997486, -67.8036300003242, -67.7812479996954, 
-67.7883972304478, -67.7902568368835, -67.8829159999734, -67.95799521121, -68.2237189996321, -68.335595000309, -68.3778580004463, -68.5800712001258, -68.9202518320564, -69.0337730003237, -69.0326757186095, -69.2244197017078, -69.9951463538212, -70.0564325531198, -70.1916563939274, -70.2926919999358, -70.2372640707802, -70.3075634662809, -70.2844579997368, -70.3879664562869, -70.4003074156547, -70.6448773194327, -70.7226283247373, -70.6277423647183, -70.8123363751236, -70.9891200001878, -71.0839177205264, 
-71.0335240001324, -70.9890400000959, -70.9507760000124, -70.9781149999073, -70.8182640000835, -70.8250115810196, -70.826070178396, -70.8261720661878, 43.1720525584789, 43.1630290929184, 43.1545791061409, 43.1450952047799, 43.12508412823, 43.0706351327053, 43.3441411307087, 43.3554491719418, 43.4357291427858, 43.5300710894093, 43.5691141452017, 43.694124044689, 43.8295330873821, 43.8603960861105, 43.8498450051429, 43.9407300342637, 43.8521969616205, 43.8489070158462, 43.988937922747, 43.9362189701294, 
44.0166289739481, 44.2062309526964, 44.3235349590711, 44.4265018870525, 44.4516969067869, 44.3512268511383, 44.2761019039797, 44.3972629524234, 44.4560048716275, 44.4859419256794, 44.4813457991693, 44.4042339231571, 44.3680198341481, 44.4790967853884, 44.5626307641984, 44.5307607532063, 44.5318847510804, 44.6246898651452, 44.6012957486, 44.6464617297251, 44.8114817439874, 45.0916717606433, 45.1586617706243, 45.1873596731105, 45.1519589606376, 45.2752063202155, 45.3910159995888, 45.4885176350808, 
45.5502267612561, 45.6133389997951, 45.6690569998807, 45.677650999594, 45.9434500001175, 46.600311426731, 47.0672515864916, 47.1044030001984, 47.1999676632771, 47.3447040002894, 47.3597309998858, 47.2873749996565, 47.2871001641413, 47.1950383172646, 47.2404029999985, 47.4029163249285, 47.4596773389381, 46.6974992213121, 46.4165805631425, 46.3489425637484, 46.1914639997638, 46.1465122731229, 46.061512643094, 45.8716979998629, 45.8187476309984, 45.7196927314345, 45.6067567088551, 45.5065238242152, 
45.4207187721537, 45.3019967714339, 45.3341369999226, 45.3054206757237, 44.6976369996478, 43.7901380000687, 43.5514909998099, 43.3589139998812, 43.2383840003214, 43.1727400380224, 43.1721422217861, 43.1720525584789)), list(c(-68.3174832451556, -68.4308722067869, -68.4010521527346, -68.1751582297684, -68.2488912314452, -68.3174832451556, 44.4439248163772, 44.3126688132152, 44.2520409041645, 44.3360019143569, 44.4333947966326, 44.4439248163772)))"
MI,Michigan,77.94464262847622,MI-500,Michigan Balance of State CoC,13.122963879912405,Michigan Balance of State CoC,Largely Rural CoC,Sheltered and Unsheltered Count,26,118157,34038,8418,13725,28853,16775,12627,3721,55693,61305,366,488,0,0,0,305,113521,4636,61,12017,0,96441,305,3294,9089,53009,65148,6161,1037,78324,56547,21777,0,39833,113216,87047,26169,0,17019,23485,38613,2443584,89608492265,112558063167,0.45901639344262296,0,0.963233139337208,0.35818552610805726,0.11096283169593721,0.1369226035650397,2.170954200210878e-5,50493.44262295082,2615.1147540983607,0.46091930801639347,8.69178198228299e-4,0.23966244597958325,0.0282929912066878,0.02966515711083597,0.5357634523632496,0.0014874728012108443,8.872214384404219e-4,0.20575106072041066,0.2016853115142025,881174,5753044,1558642,0,0,0,30712208,1052821,0.00606798,1647210,0,0.202343832,0,0.262888849,0.20774926800000001,38057802,42004340,122800475,213755508,"list(list(c(-84.805971999708, -84.3604159995987, -84.3632970002563, -84.7095559997096, -85.2936260004395, -85.7629430000194, -85.7646969999665, -85.2988789998659, -85.0716089999553, -85.0742450001067, -84.6027610004198, -84.1581889998225, -83.9225160000133, -83.9290789995961, -84.3678909998697, -84.3697769996088, -84.1705759999824, -84.0509869997502, -83.8172280000721, -83.6988160001582, -83.6956210003089, -83.4607329998281, -83.4533639999486, -83.1028910004193, -82.7390100004112, -82.7059665486173, 
-82.5387766842965, -82.4704137989576, -82.4747057189937, -82.4252096865777, -82.5230857296227, -82.5389576171003, -82.6011126388372, -82.6146175241794, -82.7399004884168, -82.9287173895958, -83.0647874555765, -83.2625413947695, -83.4966513413863, -83.5510513517385, -83.6780943099045, -83.9028692388243, -83.9260462257527, -83.9085661058411, -83.8316561339234, -83.7637702759774, -83.5644092968515, -83.5379873041707, -83.4260753396052, -83.3326282543904, -83.315926314248, -83.2724572701868, -83.3195662114115, 
-83.4388201952958, -83.4533252391684, -83.3023302691266, -83.4123891581331, -83.381830179719, -83.5383010686394, -83.8112280642238, -83.9098679401533, -84.1124859165918, -84.21624087012, -84.3302248349082, -84.4797197366765, -84.7230546428574, -84.9423275788546, -85.1172406464386, -85.0386386045879, -85.203479598005, -85.3719555153347, -85.388661984463, -85.2227069999281, -85.2236809998782, -84.8574520004095, -84.8509289999733, -85.5568730001888, -86.2344423376437, -86.2676524473026, -86.3618713837573, 
-86.5127973398253, -86.4627984083198, -86.4303643299498, -86.5291743773956, -86.530499454686, -86.4613030632857, -86.0394909998097, -86.0389530001808, -85.7904480003749, -85.3123759999524, -85.3096259999399, -85.7824979997828, -86.2092640426014, -86.2469456075537, -86.3618735969889, -86.4877576240151, -86.5877825979885, -86.68814952568, -86.8246402063804, -85.7502910002294, -85.016277273977, -84.9994242297444, -84.8058850001926, -84.805971999708, 41.6961180003455, 41.7065890002822, 42.0734560003942, 
42.0703659999909, 42.0715529998711, 42.0693269997413, 42.4207150000972, 42.4198489997316, 42.4214279997025, 42.7707839998818, 42.7698799995624, 42.7766390000899, 42.7808209995895, 43.1327820002891, 43.1284520002596, 43.4815729995943, 43.4819689998695, 43.5240640003534, 43.5223450002217, 43.4789570003653, 43.2214219996256, 43.2231310001956, 42.8804320003366, 42.8886469996594, 42.8975409997174, 42.6863100316827, 42.6090537704153, 42.7647307819001, 42.8908297513919, 43.0151196185756, 43.2256056448846, 
43.4367256212905, 43.6048595893986, 43.7778275160271, 43.9901385221751, 44.0681435931523, 44.0037465660512, 43.9752395500652, 43.6962656407468, 43.6980426534457, 43.5900266652984, 43.6681005991634, 43.7872265798429, 43.9164876303999, 43.9974105787353, 43.9851505151842, 44.109748577335, 44.2480624796997, 44.2719855792711, 44.3393504743449, 44.5962884439566, 44.7132334400712, 44.880655402325, 44.9408343859982, 45.0354183509762, 45.0950643172645, 45.2388824095956, 45.2697383909141, 45.35815832075, 45.4208343521237, 
45.4858713628731, 45.5079023131413, 45.6350562638356, 45.6644472900105, 45.6573683430746, 45.7839822796585, 45.7127053642612, 45.5793673289391, 45.3619283669007, 45.3619303822813, 45.270880388719, 45.2077661159136, 45.2055599997942, 45.1178609997854, 45.1167069996284, 44.5110689998345, 44.5121219998305, 44.5182993818111, 44.346494610438, 44.2087127110228, 44.0413676426027, 43.9699056898957, 43.8354937831116, 43.6778818172921, 43.5950757209678, 43.4723260417135, 43.467447000179, 43.2935189996022, 
43.2930030000884, 43.294204999761, 42.7698780003695, 42.7682000003298, 42.7675357835496, 42.4903550207677, 42.2458559565872, 42.1171361063463, 41.9323751080249, 41.837277033908, 41.7602948716111, 41.7589690002192, 41.7597780708014, 41.7596488714983, 41.7601709998918, 41.6961180003455)), list(c(-87.5921808941329, -87.6002729678232, -87.4433579648981, -87.3260549558715, -87.1971529092793, -87.0993960066204, -87.0572510263138, -86.9413389690181, -86.7732160436854, -86.6493891591823, -86.5805340748876, 
-86.716108081123, -86.6169671272311, -86.5376241231547, -86.3695222653402, -86.3225102332606, -86.1967801449877, -86.0554713176472, -85.9285443702265, -85.817534277285, -85.6590114286345, -85.5126414866153, -85.3277145417927, -85.0139116612941, -84.9131436215808, -84.7508167270103, -84.7290936452555, -84.6553487599373, -84.530435825353, -84.4130218525764, -83.9052739342446, -84.0717139195617, -84.0282639366313, -84.2511077522209, -84.1929819000946, -84.2602418074134, -84.3283457734386, -84.5977446728783, 
-84.631442653056, -84.8000506016539, -85.0152095952466, -85.0221825552807, -84.9647585133947, -85.2616614338281, -85.4833224349824, -85.8821521679881, -86.0785191988019, -86.1394001429022, -86.3475321793666, -86.4613090671597, -86.6384571038122, -86.7543069900755, -86.8153569185869, -86.9467118489726, -87.0017688707368, -87.1072149454134, -87.3607267192626, -87.3944607991265, -87.5032857175618, -87.6336205883194, -87.8174786771992, -88.2412975148684, -88.4621104724203, -88.4450304671823, -88.2095294267416, 
-88.0589825466072, -87.813200549166, -87.795163525876, -88.0265913829859, -88.2176783627662, -88.4252204017001, -88.5755633803457, -88.656367322294, -88.8891343068028, -88.948955277564, -89.1425891059025, -89.2279181450064, -89.4311590602424, -89.6412230329166, -89.8319499987934, -90.0283859068841, -90.4183918615951, -90.216171999738, -90.120571999598, -89.0916380000936, -88.7820730002687, -88.6164709996369, -88.5074799998021, -88.4234930001018, -88.1024610002749, -88.094754000097, -87.9945390002746, 
-87.8123380003984, -87.7746819995746, -87.7927689999893, -87.8848549999582, -87.6477679996934, -87.7352820001641, -87.5921808941329, 45.0947594021247, 45.1499215411463, 45.291101516322, 45.4302375663107, 45.6383644325725, 45.6985965535881, 45.8124665499914, 45.7026165429191, 45.8113844821082, 45.835445469333, 45.7773495259599, 45.6832905501188, 45.6218083921436, 45.7456063733355, 45.7896124160802, 45.8976113611754, 45.963104478389, 45.9630513203622, 45.9263573719952, 45.979415435574, 45.9657463933814, 
46.0947102656663, 46.09100631429, 46.0107503877203, 45.9257012958781, 45.8391073459273, 45.9626073232694, 46.0527153318471, 45.9900613707357, 46.0052543600008, 45.9748212057341, 46.0924051836524, 46.1330032940668, 46.2188782207533, 46.2664072011315, 46.4300012080893, 46.4968102133207, 46.4154792911364, 46.4849101852569, 46.4461412392268, 46.479630323081, 46.709231234434, 46.7613391229023, 46.7521392058597, 46.6800822580898, 46.6903381932531, 46.6562832047062, 46.6730023389868, 46.5787852551355, 46.5525432860439, 
46.4113043108453, 46.4796824091159, 46.4379183465545, 46.471593285202, 46.5330483627918, 46.4957323425736, 46.5038413846722, 46.5841343992831, 46.6474883342193, 46.8120723049929, 46.8910083370652, 46.9311854568434, 46.7894903670868, 46.970050364133, 47.2122663230325, 47.2964773708341, 47.3850833020528, 47.4712662501374, 47.4767622589711, 47.4494013066251, 47.3689722578634, 47.2450773414462, 47.2256484104458, 47.1005663187806, 47.015732342074, 46.9848514684206, 46.9129775281904, 46.8401804932352, 
46.8250254517632, 46.8040444860642, 46.6743824817662, 46.56609864044, 46.5012720000029, 46.3370390004496, 46.138447000129, 46.0161849998379, 45.987731999832, 46.0185160003132, 45.9820719996231, 45.921545999948, 45.7857549998934, 45.7956369996479, 45.7113030001334, 45.6020239996079, 45.4999670002769, 45.3627920002506, 45.3405630003822, 45.1765649999748, 45.0947594021247)), list(c(-85.5624825223505, -85.6227353862291, -85.4950604888505, -85.4987714351536, -85.5624825223505, 45.7595233801999, 45.5851733934374, 
45.6053444144133, 45.726283340204, 45.7595233801999)), list(c(-83.6441289621818, -83.6721250508304, -83.8064079129948, -83.7860969988774, -83.6205110718284, -83.5279479887087, -83.4732170368367, -83.6441289621818, 46.1029702760574, 46.0519041559521, 45.9835553216208, 45.9333553080011, 45.942674235028, 45.9181703200043, 45.9844142254362, 46.1029702760574)), list(c(-88.4221832202794, -88.6474891628945, -89.1097580829691, -89.2196430053204, -89.1235431269137, -89.0021820179857, -88.8294631397121, -88.6699301050903, 
-88.4221832202794, 48.1887831428278, 48.1288712658962, 47.9625083192036, 47.9117393746724, 47.8288353277882, 47.9086473112245, 47.980358286206, 48.0121163010265, 48.1887831428278)))"
MI,Michigan,3.5025287997688963,MI-502,"Dearborn, Dearborn Heights, Westland/Wayne County CoC",0.1350441063189673,"Dearborn, Dearborn Heights, Westland/Wayne County CoC",Largely Suburban CoC,Sheltered and Unsheltered Count,26,224,82,12,22,30,29,37,12,90,132,1,0,1,0,0,0,208,16,0,117,5,85,0,18,23,115,109,5,2,181,115,63,3,43,173,98,67,8,59,498,147,1753059,157708871,1584692687,1,0,0.128355654,0.991031808,0.507891064,0.21332800699999996,0.0011062454028981077,49359,31827,0.531039489,9.34004e-4,0.147365373,0.081838975,0.096253285,0.464875398,7.91391e-4,7.10187e-4,0.236792373,0.154268624,69901257,92074318,10857391,0,0,0,190000000,22406342,8.03167e-4,467483,7283302,0.009904401,9870500,0.008681396,0.003398631,64245732,50647532,359000000,686753857,"list(list(c(-83.2225412750598, -83.1031901212271, -83.1569810000731, -83.2640450000766, -83.2878030003082, -83.551907000008, -83.539396000425, -83.2950629996577, -83.2225412750598, 42.0485214198277, 42.287764019494, 42.33696100035, 42.3416909999398, 42.4426829996208, 42.4351660001109, 42.0855980000477, 42.0942370000376, 42.0485214198277)), list(c(-82.9284862692259, -82.8742700677094, -82.9412829996107, -82.9284862692259, 42.3580827180431, 42.4585168026084, 42.4502299996149, 42.3580827180431)))"
MI,Michigan,2.457151401949295,MI-503,"St. Clair Shores, Warren/Macomb County CoC",0.1377390968627533,"St. Clair Shores, Warren/Macomb County CoC",Largely Suburban CoC,Sheltered and Unsheltered Count,26,436,110,21,57,114,41,70,23,197,236,2,1,0,0,0,0,431,5,1,261,3,156,0,25,50,163,273,15,6,417,327,90,0,19,269,176,93,0,94,272,81,870893,237173297,1241505063,0,0,0.460682397,0.967900075,0.218549236,0.099039248,7.014816338288263e-4,64641,27579,0.482087716,0.001050552,0.04989066699999999,0.006815635,0.012298604,0.422191934,0.001993408,3.70884e-4,0.21081694300000003,0.16996577099999996,2056347,10294238,2956292,0,0,0,8395585,4869732,3.62846e-4,0,319985,0.003256428,2608956,0.004821488,0.001306705,7163557,5421991,43736508,79427606,"list(c(-83.1028910004193, -83.0833929996871, -82.9412829996107, -82.8742700677094, -82.8190266623506, -82.7080791811093, -82.7068882107223, -82.7068717720146, -82.7068488590875, -82.7064881599006, -82.7064895367627, -82.7060548512504, -82.7059665486173, -82.7390100004112, -83.1028910004193, 42.8886469996594, 42.4471529998111, 42.4502299996149, 42.4585168026084, 42.6295828213902, 42.6838859297919, 42.6855452823889, 42.6857136192882, 42.685761033345, 42.6862201795177, 42.6862295684399, 42.6863150292153, 
42.6863100316827, 42.8975409997174, 42.8886469996594))"
MI,Michigan,2.061653618077149,MI-504,"Pontiac, Royal Oak/Oakland County CoC",0.25798834465120557,"Pontiac, Royal Oak/Oakland County CoC",Largely Suburban CoC,Sheltered and Unsheltered Count,26,357,131,32,41,54,49,33,17,176,176,1,0,3,1,0,0,331,26,5,222,1,106,0,15,34,179,178,29,9,327,249,78,0,30,327,249,78,0,351,654,139,1255340,103163034,2246569961,0,0,0.39616223,0.944577623,0.288895439,0.077737386,5.587807287520302e-4,81587,33023,0.423034711,5.76936e-4,0.059961925,0.007015387999999999,0.011999764,0.43183041999999994,0.001975424,6.79497e-4,0.209510571,0.168392627,13112372,14956597,4870547,0,0,10000000,29632600,5727718,2.39776e-4,1553855,651288,0.002959358,0,0.004978731,3.99892e-4,4646847,2283198,163000000,220802422,"list(c(-83.6648080002889, -83.551907000008, -83.2878030003082, -83.0833929996871, -83.1028910004193, -83.4533639999486, -83.6893839995719, -83.6864930002517, -83.6648080002889, 42.4311789997111, 42.4351660001109, 42.4426829996208, 42.4471529998111, 42.8886469996594, 42.8804320003366, 42.8712630001874, 42.7832629997877, 42.4311789997111))"
MI,Michigan,1.8524655957027796,MI-505,Flint/Genesee County CoC,0.18595557771930896,Flint/Genesee County CoC,Largely Suburban CoC,Sheltered and Unsheltered Count,26,423,65,32,65,82,77,60,42,168,250,0,2,0,2,1,0,401,22,6,230,2,147,1,21,85,94,329,27,6,398,327,71,0,25,354,257,97,0,0,36,26,406770,32748546,1649674147,1,0,0.640168377,0.8180083750000001,0.282892052,0.18041709,2.4657596819331135e-4,50269,9817,0.512604151,9.96594e-5,0.114246844,0.054573872,0.06011434,0.473444453,8.324970000000001e-4,7.12934e-4,0.22570986100000004,0.174386017,4854580,11605273,938489,0,0,0,9076386,3778273,4.32677e-4,0,1007238,0.004582442,0,0.006502446,0.002431349,10862793,7309936,17715420,58072002,"list(c(-83.9225160000133, -83.6864930002517, -83.6893839995719, -83.4533639999486, -83.4607329998281, -83.6956210003089, -83.9320709999766, -83.9290789995961, -83.9225160000133, 42.7808209995895, 42.7832629997877, 42.8712630001874, 42.8804320003366, 43.2231310001956, 43.2214219996256, 43.2203769999986, 43.1327820002891, 42.7808209995895))"
MI,Michigan,2.02026695741949,MI-506,"Grand Rapids, Wyoming/Kent County CoC",0.24957312096294657,"Grand Rapids, Wyoming/Kent County CoC",Largely Suburban CoC,Sheltered and Unsheltered Count,26,1089,270,101,137,187,146,184,64,420,654,14,1,0,0,0,0,972,117,12,583,0,373,3,51,94,403,686,74,17,979,796,183,0,110,1115,873,242,0,322,1052,307,652617,59599778,2198720086,0,0,0.713220585,0.838113664,0.270821937,0.11106712800000001,2.9681677270127963e-4,65722,28440,0.475844922,7.35309e-4,0.047916302,0.006887968,0.013974292,0.393975333,0.002765495,5.30173e-4,0.24170072199999998,0.136490468,15429873,11802768,1470456,0,0,0,91948505,4842551,4.68881e-4,866853,942984,0.009561504,0,0.004701073,6.89532e-4,2795842,2381466,31537182,72069975,"list(c(-85.7824979997828, -85.3096259999399, -85.3123759999524, -85.7904480003749, -85.790662000351, -85.7824979997828, 42.7682000003298, 42.7698780003695, 43.294204999761, 43.2930030000884, 43.2051670000571, 42.7682000003298))"
MI,Michigan,1.6355136014989065,MI-507,"Portage, Kalamazoo City & County CoC",0.16394613075826844,"Portage, Kalamazoo City & County CoC",Other Largely Urban CoC,Sheltered and Unsheltered Count,26,664,159,45,95,118,94,122,31,278,385,0,0,0,0,1,0,625,39,3,332,4,286,3,24,96,232,432,30,15,542,452,90,0,122,666,544,122,0,140,426,171,264322,47507421,1455457976,0,0,0.804027604,0.783612948,0.232205416,0.14414432,1.8160744202758074e-4,58836,14831,0.477896341,0.001285027,0.07378425200000001,0.008029489,0.017471244,0.425938817,0.0019358,7.75569e-4,0.216039528,0.149851318,3695739,3653919,667354,0,0,3360000,0,1133172,3.4806e-4,453855,0,0.004498301,0,0.01024508,0,0,0,39448425,52412464,"list(c(-85.2988789998659, -85.7646969999665, -85.7629430000194, -85.2936260004395, -85.2988789998659, 42.4198489997316, 42.4207150000972, 42.0693269997413, 42.0715529998711, 42.4198489997316))"
MI,Michigan,2.1525757135600685,MI-508,"Lansing, East Lansing/Ingham County CoC",0.1619533618130015,"Lansing, East Lansing/Ingham County CoC",Other Largely Urban CoC,Sheltered and Unsheltered Count,26,648,135,34,103,141,114,89,32,257,386,2,1,1,1,0,0,582,66,7,223,1,319,8,35,95,218,430,23,8,558,526,12,20,90,592,527,41,24,127,425,126,290923,11990765,1440251655,0,0,0.822535599,0.854324324,0.308603995,0.183784775,2.0199456045756116e-4,55253,24292,0.506357415,0.001020426,0.08333064500000001,0.010910234,0.019667452,0.426270869,0.001844559,7.25278e-4,0.197354626,0.135950062,17840991,5084226,0,0,0,0,521000000,1670260,0,0,357072,0.009786095,4756555,0.009215497,0.001203067,4991299,3639733,67682418,106022554,"list(c(-84.1407129997052, -84.1581889998225, -84.6027610004198, -84.6004029995987, -84.1407129997052, 42.4246109998978, 42.7766390000899, 42.7698799995624, 42.4219840001616, 42.4246109998978))"
MI,Michigan,1.8798535580999076,MI-509,Washtenaw County CoC,0.20412364018177165,Washtenaw County CoC,Largely Suburban CoC,Sheltered and Unsheltered Count,26,330,85,23,39,68,44,48,23,131,192,3,2,2,0,0,0,313,17,1,172,1,122,0,20,88,129,201,16,4,317,294,23,0,13,392,351,41,0,62,640,195,368385,42523115,1828539918,0,0,0.821303903,0.82805205,0.304016179,0.138672811,2.0146401857222128e-4,75730,25029,0.508884246,3.77517e-4,0.05741566900000001,0.004665476,0.010464373,0.411941311,0.0016629229999999997,7.98078e-4,0.186277943,0.139356923,10927680,4343753,213393,0,0,0,40607919,2840165,2.93172e-4,77636,376962,0.009120893,0,0.006360194,0,8151,7236,36922477,55717453,"list(c(-83.539396000425, -83.551907000008, -83.6648080002889, -84.1311359996266, -84.1319629999924, -83.7739220004, -83.539396000425, 42.0855980000477, 42.4351660001109, 42.4311789997111, 42.4245669996674, 42.0715770000785, 42.0824299996448, 42.0855980000477))"
MI,Michigan,2.220454547697875,MI-510,Saginaw City & County CoC,0.23456160099925105,Saginaw City & County CoC,Largely Suburban CoC,Sheltered and Unsheltered Count,26,383,129,37,39,75,43,40,20,171,211,0,0,0,0,1,0,337,46,1,200,6,119,1,18,12,183,200,34,8,372,249,117,6,11,410,277,127,6,0,255,84,191166,39262561,2074078765,0,0,0.904181531,0.673849698,0.310782252,0.175547674,9.21691129700178e-5,49565,9495,0.53675798,1.01291e-4,0.100342868,0.020879609,0.035516978,0.4592291519999999,0.001302482,7.428100000000001e-4,0.21469298899999997,0.191634496,3572957,4344413,191253,0,0,0,14137706,1045634,2.87708e-4,138122,376242,0.00971407,0,0.007150853,0.003300796,4653859,3224463,6632777,24179720,"list(c(-83.6956210003089, -83.6988160001582, -83.8172280000721, -84.0509869997502, -84.1705759999824, -84.3697769996088, -84.3678909998697, -83.9290789995961, -83.9320709999766, -83.6956210003089, 43.2214219996256, 43.4789570003653, 43.5223450002217, 43.5240640003534, 43.4819689998695, 43.4815729995943, 43.1284520002596, 43.1327820002891, 43.2203769999986, 43.2214219996256))"
MI,Michigan,1.9176358194999292,MI-511,Lenawee County CoC,0.21394528391073692,Lenawee County CoC,Largely Rural CoC,Sheltered and Unsheltered Count,26,202,38,13,25,39,41,25,21,96,103,1,2,0,0,0,0,169,33,1,18,0,139,0,7,8,56,146,8,0,194,91,103,0,8,251,127,124,0,0,14,0,98310,30470381,1941553343,0,0,0.968647763,0.431389115,0.13774794,0.112810892,5.063471490723807e-5,57314,5096,0.432309443,2.06756e-4,0.11848999900000001,0.017565043,0.019683784,0.44648560700000006,0.001083329,7.32377e-4,0.210955142,0.18801749599999998,255642,1196214,0,0,0,0,0,0,0,0,0,0.001769912,0,0.003824636,0,0,0,4306351,5758207,"list(c(-83.7739220004, -84.1319629999924, -84.3632970002563, -84.3604159995987, -83.8803909999447, -83.7631500000724, -83.7739220004, 42.0824299996448, 42.0715770000785, 42.0734560003942, 41.7065890002822, 41.7202119998839, 41.7235520001248, 42.0824299996448))"
MI,Michigan,7.060470608548248,MI-512,"Grand Traverse, Antrim, Leelanau Counties CoC",0.6797130074788755,"Grand Traverse, Antrim, Leelanau Counties CoC",Largely Rural CoC,Sheltered and Unsheltered Count,26,1010,180,85,160,200,150,165,70,350,650,10,0,0,0,0,0,880,130,0,50,0,770,10,40,275,270,740,70,15,925,890,35,0,85,660,620,40,0,130,1420,345,173018,7766685004,5611607432,0.2,0,0.9410421775642939,0.334629926643933,0.07356460021748604,0.10358906464971854,3.0832163884695635e-5,60940.4,2482.2,0.4794114034,0.001393468692005787,0.3089531587007367,0.015222219842397898,0.01919398852063369,0.5973309135844364,0.0041433619067380275,7.86045106358876e-4,0.1924539645036528,0.2293691984924921,2186807,0,0,0,0,0,3939556,0,0,0,0,0.009646353,0,0.008412021,0.001828354,659422,611043,1555845,5013117,"list(c(-86.2344423376437, -85.5568730001888, -84.8509289999733, -84.8574520004095, -85.2236809998782, -85.2227069999281, -85.388661984463, -85.3632555098339, -85.3958525831302, -85.5562706216918, -85.6491935496426, -85.5662114487993, -85.6148874838702, -85.7437594292542, -85.8556744119445, -86.0708354218172, -86.0733264584493, -86.2357623472545, -86.2344423376437, 44.5182993818111, 44.5121219998305, 44.5110689998345, 45.1167069996284, 45.1178609997854, 45.2055599997942, 45.2077661159136, 45.1115325227078, 
44.9308904643235, 44.8182715022281, 44.8734505556986, 45.0590594474356, 45.126617561851, 45.0540015316454, 44.9384665142183, 44.8962816076101, 44.7685075806604, 44.7050246325808, 44.5182993818111))"
MI,Michigan,1.8650117374191164,MI-514,Battle Creek/Calhoun County CoC,0.20294647206123576,Battle Creek/Calhoun County CoC,Other Largely Urban CoC,Sheltered and Unsheltered Count,26,252,41,22,31,67,38,43,10,95,155,0,1,0,0,0,1,242,10,1,88,0,144,0,23,13,56,196,19,4,223,179,44,0,29,267,220,47,0,4,182,29,133943,31256789,1829210175,0,0,0.920326321,0.676576577,0.229694721,0.166506567,7.322449974891486e-5,50219,7333,0.485741749,0,0.111103812,0.012974429000000001,0.032551035,0.454588892,4.792330000000001e-4,8.95903e-4,0.228537512,0.177149982,742648,2457499,0,0,0,0,7830860,658353,3.28498e-4,0,0,0.006823798,0,0.004277939,0.004210746,3337434,2684495,4441841,14322270,"list(c(-85.2936260004395, -84.7095559997096, -84.7184929999519, -85.0716089999553, -85.2988789998659, -85.2936260004395, 42.0715529998711, 42.0703659999909, 42.4215200003478, 42.4214279997025, 42.4198489997316, 42.0715529998711))"
MI,Michigan,3.683329702609977,MI-515,Monroe City & County CoC,0.15567593431383955,Monroe City & County CoC,Largely Suburban CoC,Sheltered and Unsheltered Count,26,121,34,16,37,15,9,7,3,69,52,0,0,0,0,0,0,116,5,1,55,2,56,5,3,15,65,56,14,1,121,101,20,0,0,135,116,19,0,0,46,27,150000,338203448,1422818203,0,0,0.875064009,0.622786789,0.090853333,0.112346895,1.0542457194020029e-4,65453,7801,0.493287373,2.96033e-4,0.061087091,0.014561458,0.022297715,0.431733333,0.001954145,5.06667e-4,0.213646667,0.181066667,291932,897967,580906,0,0,0,0,0,2.93333e-4,0,0,0.0037200000000000002,0,0.003273333,0.003766667,3627185,3044523,6682731,15125244,"list(c(-83.2225412750598, -83.2950629996577, -83.539396000425, -83.7739220004, -83.7631500000724, -83.4827056479473, -83.2225412750598, 42.0485214198277, 42.0942370000376, 42.0855980000477, 42.0824299996448, 41.7235520001248, 41.7321811615315, 42.0485214198277))"
MI,Michigan,1.9388668489578451,MI-516,"Norton Shores, Muskegon City & County CoC",0.15139328352576847,"Norton Shores, Muskegon City & County CoC",Largely Suburban CoC,Sheltered and Unsheltered Count,26,203,66,10,29,36,30,21,11,99,102,1,1,0,0,0,0,201,2,1,97,0,87,0,7,14,97,106,5,2,170,131,39,0,33,245,209,36,0,616,93,0,173679,2476314283,1305130153,0,0,0.8310961809999999,0.739864865,0.23921717699999998,0.140912955,1.330740842978593e-4,53478,7729,0.47655869,2.72463e-4,0.111266564,0.006511065,0.023273021,0.428002234,0.001194708,0.00082335800000000005,0.23075904399999997,0.169467811,1261961,2974663,0,0,0,0,3810461,665145,2.64856e-4,0,0,0.005095607,0,0.005648351,0.002913421,5467611,2892725,9842829,23104934,"list(c(-86.2712704891417, -85.9074350002251, -85.9083880001061, -85.790662000351, -85.7904480003749, -86.0389530001808, -86.0394909998097, -86.4613030632857, -86.4266194899974, -86.2712704891417, 43.1183592290952, 43.1189110000427, 43.2059199997083, 43.2051670000571, 43.2930030000884, 43.2935189996022, 43.467447000179, 43.4723260417135, 43.3740267489354, 43.1183592290952))"
MI,Michigan,1.87223568056119,MI-517,Jackson City & County CoC,0.2044112854559081,Jackson City & County CoC,Largely Rural CoC,Sheltered and Unsheltered Count,26,99,16,7,16,26,12,14,8,46,53,0,0,0,0,0,0,75,24,1,19,0,68,3,2,8,32,67,4,0,87,87,0,0,12,90,90,0,0,0,76,74,158174,55933446,1817904856,0,0,0.9256788509999999,0.527156629,0.15849633900000001,0.123884688,8.700895400435633e-5,54511,9355,0.470102389,1.92876e-4,0.107617723,0.02099858,0.023709462,0.440774084,9.11671e-4,4.4255099999999996e-4,0.215534791,0.176546082,1688291,2570181,0,0,0,0,5531490,687422,2.52886e-4,0,0,0.005184164,0,0.006486527,0.003401318,2666055,2738231,13797044,24147224,"list(c(-84.3632970002563, -84.1319629999924, -84.1311359996266, -84.1407129997052, -84.6004029995987, -84.7184929999519, -84.7095559997096, -84.3632970002563, 42.0734560003942, 42.0715770000785, 42.4245669996674, 42.4246109998978, 42.4219840001616, 42.4215200003478, 42.0703659999909, 42.0734560003942))"
MI,Michigan,1.659859205273181,MI-518,Livingston County CoC,0.1662958352395094,Livingston County CoC,Largely Suburban CoC,Sheltered and Unsheltered Count,26,69,25,7,2,14,1,15,5,31,37,0,0,0,1,0,0,69,0,0,0,0,68,0,2,2,39,30,3,0,66,25,41,0,3,66,25,41,0,11,16,24,190832,52118264,1464076021,0,0,0.8042330320000001,0.604871406,0.0595288,0.052557028,1.30342958468548e-4,84274,7887,0.435171386,6.30958e-4,0.053427681000000005,0.007907037,0.009854583,0.403601073,0.0030913590000000006,5.39742e-4,0.212920265,0.171894651,503468,0,1522,0,0,0,0,0,0,0,0,0.001624465,0,4.50658e-4,0,0,0,0,504990,"list(c(-84.1311359996266, -83.6648080002889, -83.6864930002517, -83.9225160000133, -84.1581889998225, -84.1407129997052, -84.1311359996266, 42.4245669996674, 42.4311789997111, 42.7832629997877, 42.7808209995895, 42.7766390000899, 42.4246109998978, 42.4245669996674))"
MI,Michigan,1.9712759427385127,MI-519,Holland/Ottawa County CoC,0.16713053606809392,Holland/Ottawa County CoC,Largely Suburban CoC,Sheltered and Unsheltered Count,26,320,67,28,73,54,50,38,10,151,167,0,0,2,0,0,0,271,49,3,64,0,216,1,5,14,100,220,26,2,225,155,70,0,95,268,150,118,0,45,129,67,289162,2765824533,1459508866,0,0,0.750935815,0.788011479,0.167584261,0.07942432,1.9812281154035825e-4,72418,11282,0.465951339,3.05968e-4,0.053931324,0.008204581,0.010357492,0.382304729,0.004248692,4.668660000000001e-4,0.23911163999999996,0.150735574,2965978,658775,0,0,0,0,0,0,0,0,0,0.00163922,0,0.002064587,0,0,0,6143485,9768238,"list(c(-86.2092640426014, -85.7824979997828, -85.790662000351, -85.9083880001061, -85.9074350002251, -86.2712704891417, -86.2337065690029, -86.2092640426014, 42.7675357835496, 42.7682000003298, 43.2051670000571, 43.2059199997083, 43.1189110000427, 43.1183592290952, 43.0211108759662, 42.7675357835496))"
MI,Michigan,1.845200657551169,MI-523,Eaton County CoC,0.1637577065926048,Eaton County CoC,Largely Suburban CoC,Sheltered and Unsheltered Count,26,55,25,4,9,8,7,0,2,26,27,0,1,0,0,1,0,50,5,0,24,0,28,0,0,2,45,10,1,1,50,30,20,0,5,59,37,22,0,4,42,48,109730,10942073,1489783241,0,0,0.921418267,0.620151134,0.175904493,0.08599092000000001,7.365501032643178e-5,67440,9762,0.373953488,9.99178e-4,0.054777845,0.008479023,0.014670388,0.434220359,0.001084464,4.00984e-4,0.20873052,0.184133783,2178818,0,189167,0,0,0,272453,0,3.37191e-4,357129,0,0.003645311,0,0.00436526,4.92117e-4,103851,94309,4602855,7526129,"list(c(-85.0716089999553, -84.7184929999519, -84.6004029995987, -84.6027610004198, -85.0742450001067, -85.0716089999553, 42.4214279997025, 42.4215200003478, 42.4219840001616, 42.7698799995624, 42.7707839998818, 42.4214279997025))"
MN,Minnesota,2.312727621096577,MN-500,Minneapolis/Hennepin County CoC,0.1812981175730911,Minneapolis/Hennepin County CoC,Major City CoC,Sheltered and Unsheltered Count,27,3866,1296,378,920,590,331,260,91,1772,2063,10,13,7,1,0,0,2489,1377,48,1394,3,1139,54,113,643,2187,1679,205,119,3370,2953,417,0,496,3492,2963,529,0,5609,2436,1074,1255296,136605077,1434868069,0,0,0.342061627,0.9761190420000001,0.321239771,0.101508314,8.748511637553209e-4,81169,66982,0.445872318,0.001377721,0.046976854,0.0039056199999999994,0.008091272,0.42955844700000007,0.00432766,0.0016394539999999998,0.21954025200000002,0.140856021,27448975,29703358,6740543,0,0,0,351000000,9412146,4.4133e-4,3077557,2406505,0.007881806,7169004,0.00710908,0.004418081,48225162,41200210,274000000,449383460,"list(c(-93.7675319996021, -93.7683850002675, -93.520705999882, -93.5201660001608, -93.3045299998596, -93.1785390002746, -93.2270590002726, -93.3115439995559, -93.5121900001684, -93.6962870002448, -93.7581880003759, -93.7675319996021, 44.9776459998631, 44.8908700001504, 44.8915019996176, 44.802181000353, 44.7945009996215, 44.8883380002985, 45.0499369997927, 45.1437779997549, 45.2456830001704, 45.1520770002534, 45.1006189996672, 44.9776459998631))"
MN,Minnesota,1.0040320589957064,MN-501,St. Paul/Ramsey County CoC,0.05007649035863041,Saint Paul/Ramsey County CoC,Other Largely Urban CoC,Sheltered and Unsheltered Count,27,1640,348,200,283,303,237,195,74,646,967,9,14,3,0,0,1,1491,149,95,791,4,445,11,65,573,569,1071,177,22,1230,748,482,0,410,1539,955,584,0,2504,1747,276,546598,46008727,394323905,0,0,0.012697806,0.9997990409999999,0.391545523,0.134144351,0.0013861650107162536,67238,50633,0.484530741,0.003165038,0.048251407,0.004156641,0.008625369,0.404487393,0.002132857,0.001136118,0.232928039,0.144513884,18105858,15820910,5281018,0,0,0,99003522,3880273,8.26933e-4,1201895,1173624,0.010440946,1307800,0.014912239,7.86684e-4,1989333,3689476,125000000,177450187,"list(c(-93.2270590002726, -93.1785390002746, -93.1287100001663, -92.984191999661, -92.9846209996594, -93.2276959999704, -93.2270590002726, 45.0499369997927, 44.8883380002985, 44.9196479998554, 44.8908140002659, 45.1237570000856, 45.1245329998981, 45.0499369997927))"
MN,Minnesota,11.161262336418718,MN-502,Rochester/Southeast Minnesota CoC,3.5232272619209795,Rochester/Southeast Minnesota CoC,Largely Rural CoC,Sheltered and Unsheltered Count,27,12160,3520,740,2000,2600,1480,1300,520,5500,6600,0,40,20,0,0,0,10640,1520,220,3000,60,7000,0,480,2120,5400,6760,560,100,9740,6800,2940,0,2420,10660,6820,3840,0,22560,5080,3040,742188,630295353,30780023314,0,0,0.968340740171206,0.5534056336258751,0.1403620105968299,0.09894391177417178,2.4112652301417293e-5,64052.45,4758.75,0.421358954,5.062345264792327e-4,0.07678276218899376,0.013432440219214001,0.020357920809305728,0.4335882552131064,0.003061794918772602,0.0014174307162430544,0.22682932080807558,0.17479129290301784,4091820,2228166,1569350,0,0,0,45314724,0,0.0048836339999999995,475340,0,0.0725871,0,0.119494131,0.070319954,9750687,12125939,41549912,71791214,"list(c(-94.8545549997135, -93.9197330000778, -93.2988739998352, -92.4644729996292, -91.2177060001318, -91.2687480004199, -91.24413500033, -91.2841379996689, -91.4405409996674, -91.5826040002743, -91.7105969995518, -91.8751579998418, -91.9282239999376, -92.0535490002861, -92.2210830000803, -92.3475669999171, -92.4364860004285, -92.6225369997826, -92.7320429999844, -92.7925840003513, -92.7927150000971, -92.9189769995888, -93.0394849999328, -93.2816860004086, -93.2815209999941, -93.9104249998139, -93.8886359995517, 
-94.010494000098, -94.254076000407, -94.2547190003815, -94.4978349998853, -94.498074000115, -94.6294889998174, -94.6241999996303, -94.7880409999921, -94.8658239995779, -94.8662589998529, -95.1074800001019, -95.1002209998992, -94.8598029998086, -94.8545549997135, 43.5009249998889, 43.4997660004007, 43.4994589997331, 43.5002900002833, 43.5005499996828, 43.6153480002101, 43.7746669997823, 43.8470650001497, 44.0015180001556, 44.027381000333, 44.1204800002519, 44.2005750003361, 44.3354729996793, 44.4013749999563, 
44.4403860003137, 44.5571489997266, 44.5528839999967, 44.616054000192, 44.7143450003215, 44.6297220000703, 44.5432400004257, 44.5432499999876, 44.4718709998468, 44.4719980003075, 44.5439570002154, 44.5432160002183, 44.7170439997808, 44.7174640002635, 44.7178550003081, 44.6303110002525, 44.629921000254, 44.7171710002415, 44.7166630001973, 44.4560299995849, 44.456293000022, 44.4982179998609, 44.282371999768, 44.2817679997934, 44.1080340000691, 44.1080160001383, 43.5009249998889))"
MN,Minnesota,6.789519680773255,MN-503,"Dakota, Anoka, Washington, Scott, Carver Counties CoC",0.651239098939554,"Dakota, Anoka, Washington, Scott, Carver Counties CoC",Largely Suburban CoC,Sheltered and Unsheltered Count,27,4548,1176,522,810,816,606,378,240,2346,2136,48,12,0,0,6,0,4020,528,132,1416,36,2214,6,102,1212,1962,2586,432,54,3096,2346,750,0,1452,4122,3072,1050,0,5892,2856,1428,1714151,377260396,6842189685,0,0,0.7231396006157753,0.8918248220967779,0.2052759646776713,0.05388910357237256,2.5052667039586756e-4,94361.83333333333,17247.166666666668,0.4583975866666667,9.549086807479936e-4,0.031095935783269447,0.0032079920536265474,0.007051131630613055,0.38528694343016806,0.003914192037356102,9.964117164263826e-4,0.2470523306929413,0.13832561993292367,8420694,12668013,2522710,0,714351,0,125364479,10648654,0.0016436719999999999,1425772,661474,0.024922701,0,0.015717045,0.002666109,5650089,8591229,43875456,95178442,"list(c(-94.010494000098, -93.8886359995517, -93.9104249998139, -93.2815209999941, -93.2816860004086, -93.0394849999328, -92.9189769995888, -92.7927150000971, -92.7925840003513, -92.7320429999844, -92.8084150001521, -92.765668000178, -92.7456830003702, -93.0194400000559, -93.0195630003321, -93.5100700004301, -93.5121900001684, -93.3115439995559, -93.2270590002726, -93.2276959999704, -92.9846209996594, -92.984191999661, -93.1287100001663, -93.1785390002746, -93.3045299998596, -93.5201660001608, -93.520705999882, 
-93.7683850002675, -93.7675319996021, -94.0122360003911, -94.010494000098, 44.7174640002635, 44.7170439997808, 44.5432160002183, 44.5439570002154, 44.4719980003075, 44.4718709998468, 44.5432499999876, 44.5432400004257, 44.6297220000703, 44.7143450003215, 44.7516039999247, 44.8410100004112, 45.296042000438, 45.2969289999734, 45.4117699997857, 45.4147980000278, 45.2456830001704, 45.1437779997549, 45.0499369997927, 45.1245329998981, 45.1237570000856, 44.8908140002659, 44.9196479998554, 44.8883380002985, 
44.7945009996215, 44.802181000353, 44.8915019996176, 44.8908700001504, 44.9776459998631, 44.9787119995592, 44.7174640002635))"
MN,Minnesota,6.789519680773255,MN-503,"Dakota, Anoka, Washington, Scott, Carver Counties CoC",0.651239098939554,"Dakota, Anoka, Washington, Scott, Carver Counties CoC",Largely Suburban CoC,Sheltered and Unsheltered Count,31,1516,392,174,270,272,202,126,80,782,712,16,4,0,0,2,0,1340,176,44,472,12,738,2,34,404,654,862,144,18,1032,782,250,0,484,1374,1024,350,0,1964,952,476,40248,16287638,1368944202,1,0,0.9690685139999999,0.79394866100000006,0.534237726,0.140983607,2.9400760046463896e-5,61227,11264,0.369244136,0,0.065717554,0.006609889,0.041057582,0.390926257,0.0017649140000000002,0.00129199,0.290250447,0.136901212,1708446,0,283400,0,0,0,5554666,0,0.002484596,0,0,0.021963824,0,0.014112502,0.001987676,163388,159036,4122002,6436272,"list(c(-94.010494000098, -93.8886359995517, -93.9104249998139, -93.2815209999941, -93.2816860004086, -93.0394849999328, -92.9189769995888, -92.7927150000971, -92.7925840003513, -92.7320429999844, -92.8084150001521, -92.765668000178, -92.7456830003702, -93.0194400000559, -93.0195630003321, -93.5100700004301, -93.5121900001684, -93.3115439995559, -93.2270590002726, -93.2276959999704, -92.9846209996594, -92.984191999661, -93.1287100001663, -93.1785390002746, -93.3045299998596, -93.5201660001608, -93.520705999882, 
-93.7683850002675, -93.7675319996021, -94.0122360003911, -94.010494000098, 44.7174640002635, 44.7170439997808, 44.5432160002183, 44.5439570002154, 44.4719980003075, 44.4718709998468, 44.5432499999876, 44.5432400004257, 44.6297220000703, 44.7143450003215, 44.7516039999247, 44.8410100004112, 45.296042000438, 45.2969289999734, 45.4117699997857, 45.4147980000278, 45.2456830001704, 45.1437779997549, 45.0499369997927, 45.1245329998981, 45.1237570000856, 44.8908140002659, 44.9196479998554, 44.8883380002985, 
44.7945009996215, 44.802181000353, 44.8915019996176, 44.8908700001504, 44.9776459998631, 44.9787119995592, 44.7174640002635))"
MN,Minnesota,17.986338760972828,MN-504,Northeast Minnesota CoC,3.976739198545416,Northeast Minnesota CoC,Largely Rural CoC,Sheltered and Unsheltered Count,27,678,144,150,96,108,72,72,36,300,372,6,0,0,0,0,0,666,12,0,12,0,486,0,18,198,204,474,168,0,372,180,192,0,306,450,192,258,0,774,138,342,125043,8464384258,31122326464,0.16666666666666666,0,0.9952224811662789,0.24113417222084402,0.09481538367287251,0.11406014126860359,4.017790898268498e-6,58011,1342.8333333333333,0.44461388716666667,6.24257362667097e-4,0.3414834502064341,0.07217358758858952,0.06130553774483978,0.6620122677155459,0.0037474060031909024,0.0017673920313252239,0.19941939981001736,0.23521508612776404,698799,0,203688,0,0,0,4955840,0,0.004257682,0,0,0.016400776,0,0.043734321,0.027770156,2263534,2365101,4208063,9739185,"list(list(c(-94.4162139995764, -94.3275310000556, -94.117998999754, -94.0259810002229, -93.7760739996153, -93.7779050004154, -93.8114640002634, -93.8107960000353, -93.4306479999053, -93.4318349997854, -93.0539840003613, -93.0548469996892, -92.2928599996892, -92.2922609999451, -92.3016759997475, -93.0613340002639, -93.0687529997511, -93.0614969996868, -93.0965409996674, -93.0885621587166, -93.2074630148062, -93.465994701794, -93.4694227051937, -93.7944455680085, -93.8343154362084, -94.2453933662109, 
-94.2641219501678, -94.4302700002603, -94.4177599998241, -94.4162139995764, 47.444860000089, 47.4158440002005, 47.4807440001355, 47.3513880000562, 47.2779860001538, 46.5896709999168, 46.5842380002836, 46.25326499978, 46.2464120003136, 46.1538809996085, 46.1582559999145, 46.4192690000643, 46.4172200000031, 46.6639299997697, 46.7641339999842, 46.7664309997909, 47.4577180003855, 47.7204060004366, 48.0678030002084, 48.6276017144476, 48.6424648341848, 48.5873555896887, 48.5452076074452, 48.5160135004228, 
48.624945584771, 48.6535586110411, 48.6987276705456, 48.7009240002425, 48.0198110002775, 47.444860000089)), list(c(-91.7943589996681, -91.569841473805, -91.4810944713328, -91.1285954548164, -90.7298315323993, -90.5266466062558, -89.9746967269724, -89.7927488349907, -89.6170029187497, -89.7335744255193, -89.8960697316328, -90.0229271767478, -90.1325486427057, -90.3733836881067, -90.7614039999946, -90.8855769822919, -91.1385734616958, -91.2496950004239, -91.4295710001015, -91.7118522858543, -91.7982502645381, 
-91.8001289995536, -91.7888569995508, -91.7943589996681, 46.9400193812895, 47.0922895036577, 47.1244175670171, 47.3992275666989, 47.627456418379, 47.7064154901828, 47.8306204190971, 47.8918553624351, 47.9965583416941, 48.0218837586286, 47.9872924072189, 48.0836121464834, 48.1114484211078, 48.0909962828522, 48.0983840003214, 48.245721707291, 48.1558364562875, 48.0840920004455, 48.0486530002358, 48.1145944034091, 48.2028518338451, 47.831915000377, 47.5426159998286, 46.9400193812895)))"
MN,Minnesota,12.59070555906279,MN-505,St. Cloud/Central Minnesota CoC,3.6789114435591537,St. Cloud/Central Minnesota CoC,Largely Rural CoC,Sheltered and Unsheltered Count,27,11453,2691,1144,2288,2197,1560,1235,338,5252,6071,39,91,0,0,0,0,9763,1690,221,1664,39,7072,117,494,1976,4017,7436,1066,104,7046,4953,2093,0,4407,9373,6084,3289,0,7644,3497,3042,751895,2394713268,29244024071,0.15384615384615385,0,0.9638510659916157,0.42714678257004235,0.10247175480895736,0.0875532729849088,2.571106487173292e-5,66289.07692307692,3798.3076923076924,0.4134850087692308,0.001227307905177451,0.16921705245128899,0.01941852900886959,0.01743814243097507,0.4579455908188537,0.003848897757620412,0.0011038776187885276,0.24235032823020766,0.16009416203423618,3251827,1327059,2327751,0,0,0,29785907,0,0.007890623,830211,0,0.029202404,0,0.060662688,0.029555803,5877778,5707641,27809986,47132253,"list(c(-93.7675319996021, -93.7581880003759, -93.6962870002448, -93.5121900001684, -93.5100700004301, -93.0195630003321, -93.0194400000559, -92.7456830003702, -92.6466019997824, -92.7734120002636, -92.8837490001162, -92.8691929997571, -92.7846169998746, -92.7125030000134, -92.6378409995625, -92.3504069995833, -92.2940329998231, -92.2928599996892, -93.0548469996892, -93.0539840003613, -93.4318349997854, -93.4306479999053, -93.8107960000353, -93.8114640002634, -93.7779050004154, -93.7760739996153, 
-94.0259810002229, -94.117998999754, -94.3275310000556, -94.4162139995764, -94.4163870003598, -94.670214000076, -94.659942000323, -94.7871260000648, -94.7791209996344, -95.1555700000554, -95.1318790002156, -94.7629339996043, -94.763080000042, -94.38361299984, -94.2611310001955, -94.2560739999152, -94.0122360003911, -93.7675319996021, 44.9776459998631, 45.1006189996672, 45.1520770002534, 45.2456830001704, 45.4147980000278, 45.4117699997857, 45.2969289999734, 45.296042000438, 45.4416350001552, 45.5682349999453, 
45.5754829996408, 45.717568000363, 45.7641989995842, 45.891704999786, 45.9344689996447, 46.0163680001831, 46.0743769997987, 46.4172200000031, 46.4192690000643, 46.1582559999145, 46.1538809996085, 46.2464120003136, 46.25326499978, 46.5842380002836, 46.5896709999168, 47.2779860001538, 47.3513880000562, 47.4807440001355, 47.4158440002005, 47.444860000089, 47.4118290003082, 47.4101510002685, 46.8037159996937, 46.8039430002693, 46.394215000322, 46.3688800002119, 45.4124949999443, 45.4128609997354, 45.3260999998152, 
45.3266350002052, 45.2839409999772, 44.9794650001097, 44.9787119995592, 44.9776459998631))"
MN,Minnesota,13.171648701481182,MN-506,Northwest Minnesota CoC,4.9910150621803195,Northwest Minnesota CoC,Largely Rural CoC,Sheltered and Unsheltered Count,27,3120,1092,480,528,396,396,144,84,1632,1452,12,12,0,12,0,0,2820,300,0,264,0,1296,0,60,420,1632,1488,528,60,2700,1692,1008,0,420,3492,1920,1572,0,5520,1092,1464,171047,3221327930,38134770408,0.25,0,0.996835783607792,0.23838031482309543,0.16741012686102652,0.1303605876907166,4.4853292197641595e-6,55906.25,1336.8333333333333,0.4216654490833333,0.0012542617285115328,0.2403473511338362,0.04173177081074208,0.03742548894713149,0.5264810256360241,0.0023468925034522675,0.0018240600085122803,0.2400802117124533,0.1918420083176086,2673078,0,358268,0,0,0,19035456,0,0.001824126,208937,0,0.053509328,0,0.078725883,0.044065372,2701350,2741949,4788655,13472237,"list(c(-94.7871260000648, -94.659942000323, -94.670214000076, -94.4163870003598, -94.4162139995764, -94.4177599998241, -94.4302700002603, -94.5876529995862, -94.6909019999273, -94.6834570001404, -94.8255349996405, -94.9521030123441, -95.153303998081, -95.1531910000646, -96.4050746338872, -97.2289609999502, -97.2341279999072, -97.1054420001482, -97.1662710003064, -97.1165699998056, -97.1465310001055, -97.0712879998413, -97.0555970002014, -96.8499079999542, -96.8636899996937, -96.8306179998208, -96.8401220001302, 
-95.8682960000603, -95.1691719995881, -95.1630099996118, -94.7871260000648, 46.8039430002693, 46.8037159996937, 47.4101510002685, 47.4118290003082, 47.444860000089, 48.0198110002775, 48.7009240002425, 48.7175780002246, 48.7779989995543, 48.884120000138, 49.2943540000371, 49.3686715871241, 49.3843506365727, 48.9988700002503, 48.9999736707484, 49.0004539995525, 48.9478979995931, 48.6896480000552, 48.5510649998499, 48.2796609998553, 48.1440550002381, 48.0457969998317, 47.9491289999035, 47.590754000197, 
47.4897910000547, 47.3380140002459, 47.1504749997215, 47.1502530002758, 47.1525150002671, 46.8047200001279, 46.8039430002693))"
MN,Minnesota,9.820801468428172,MN-508,Moorhead/West Central Minnesota CoC,2.7812555284310645,Moorhead/West Central Minnesota CoC,Largely Rural CoC,Sheltered and Unsheltered Count,27,1840,610,310,150,280,240,180,70,860,980,0,0,0,0,0,0,1690,150,0,400,0,1100,10,40,260,970,870,210,80,1740,990,750,0,100,1990,1250,740,0,3320,3790,680,244558,1487782518,22315322182,0.1,0,0.9872253263617833,0.4296325876096141,0.09684819140775605,0.10498727508875194,1.095919646624083e-5,59331.3,2663.4,0.45741109879999997,0.0019567702440470448,0.2240781208618809,0.022287285325783657,0.019533828133023658,0.5351450374029392,0.004124914341019308,0.0015088445290156118,0.229233965125001,0.19918792261071813,1608364,598132,764391,0,0,0,22466511,0,0.001903564,198864,0,0.047433242,0,0.048095173,0.05188652,4808635,4364870,13661773,26005029,"list(c(-95.1318790002156, -95.1555700000554, -94.7791209996344, -94.7871260000648, -95.1630099996118, -95.1691719995881, -95.8682960000603, -96.8401220001302, -96.8348390002196, -96.7616930004316, -96.7960409997923, -96.667422000425, -96.5996599998091, -96.5544359998215, -96.5636720003625, -96.5830849998728, -96.6726650002895, -96.8386479996055, -96.8354509996639, -96.2414309996409, -96.241328000287, -95.1318790002156, 45.4124949999443, 46.3688800002119, 46.394215000322, 46.8039430002693, 46.8047200001279, 
47.1525150002671, 47.1502530002758, 47.1504749997215, 47.0072539996724, 46.9345579999518, 46.6312089998955, 46.3761170002994, 46.3304810001981, 46.0841859997841, 45.9352450003565, 45.8200240001076, 45.7323359997067, 45.6475089999404, 45.5861289995538, 45.5856099999016, 45.4126669997823, 45.4124949999443))"
MN,Minnesota,7.71459784615097,MN-509,Duluth/St. Louis County CoC,2.086500560216829,Duluth/St. Louis County CoC,Largely Rural CoC,Sheltered and Unsheltered Count,27,736,139,80,209,128,86,67,27,301,424,3,1,1,0,6,0,698,38,3,91,0,379,4,28,281,178,558,95,9,360,211,149,0,376,426,257,169,0,843,486,65,199499,1586178745,16182544691,0,0,0.989527859,0.607123772,0.096717277,0.137672567,1.2328036400291997e-5,57480,8352,0.506714764,0.001507613,0.178849633,0.05505190000000001,0.04764308200000001,0.526368553,0.002204564,0.001759407,0.189890676,0.19374533200000002,6921637,8663887,0,0,0,0,31170543,2438359,0,1446638,754526,0.009503807,0,0.01266673,0.008320844,11624135,11043682,24024731,66917595,"list(list(c(-93.0885621587166, -93.0965409996674, -93.0614969996868, -93.0687529997511, -93.0613340002639, -92.3016759997475, -92.2922609999451, -92.2016255749603, -92.2016429948283, -92.2042093946478, -92.2090903211613, -92.2141123099351, -92.1993023949895, -92.2052093769112, -92.2026964876528, -92.2019941558056, -92.2015880597411, -92.2010879026846, -92.2004986470948, -92.1997763089295, -92.1917965290865, -92.1916938444953, -92.1719831558979, -92.1710150968692, -92.1708785069375, -92.1672830371824, 
-92.0848863536223, -91.7943589996681, -91.7888569995508, -91.8001289995536, -91.7982502645381, -92.0065691900161, -92.0551920679595, -92.288835000235, -92.2807199830407, -92.3699169999695, -92.4699410170642, -92.5073517125115, -92.6562230000914, -92.6348859999888, -92.7280378539638, -92.9849557183317, -93.0885621587166, 48.6276017144476, 48.0678030002084, 47.7204060004366, 47.4577180003855, 46.7664309997909, 46.7641339999842, 46.6639299997697, 46.6568386880551, 46.6569033592027, 46.6590776564088, 
46.658596633328, 46.661865681556, 46.6719726728007, 46.6843336861508, 46.7053374334758, 46.7057362387365, 46.7059341525392, 46.7061341545676, 46.7063384517582, 46.7066471170709, 46.7152262357023, 46.7156295564589, 46.7184437626696, 46.7187846776708, 46.7188327797091, 46.719938365763, 46.7956656896199, 46.9400193812895, 47.5426159998286, 47.831915000377, 48.2028518338451, 48.2654134192939, 48.3591723965889, 48.3428120000738, 48.2442614780848, 48.220278999876, 48.3518275560969, 48.4478707007723, 48.4364739998753, 
48.5425569996059, 48.5392815113327, 48.6237224051649, 48.6276017144476)), list(c(-92.2016255749603, -92.2019510000386, -92.2041568931261, -92.2016429948283, -92.2016255749603, 46.6568386880551, 46.6592509998338, 46.6623996783026, 46.6569033592027, 46.6568386880551)))"
MN,Minnesota,10.472333485601524,MN-511,Southwest Minnesota CoC,3.6139821839381,Southwest Minnesota CoC,Largely Rural CoC,Sheltered and Unsheltered Count,27,2790,900,846,288,342,180,198,36,1566,1188,18,0,18,0,0,0,1764,1026,108,72,0,2034,0,36,72,1458,1332,540,252,2718,1044,1674,0,72,3870,1998,1872,0,1152,3960,2808,275162,655624833,31251459998,0.1111111111111111,0,0.9907031113756842,0.3352834763580799,0.14633197885824353,0.09721167932275895,8.804772641585691e-6,58509.38888888889,1927.611111111111,0.3674304122777778,8.998138716644178e-4,0.13239311592439246,0.015284866934413182,0.019813252018988814,0.47491659447740603,0.0016865476764015381,0.001882527230827658,0.24043290878386547,0.20028201566296583,2502492,0,242944,0,0,0,12695462,0,0.0029749019999999998,525882,0,0.051533116000000004,0,0.109582425,0.107912169,6616988,6008231,15875145,31771682,"list(c(-96.4532599997492, -95.4338390000698, -94.8545549997135, -94.8598029998086, -95.1002209998992, -95.1074800001019, -94.8662589998529, -94.8658239995779, -94.7880409999921, -94.6241999996303, -94.6294889998174, -94.498074000115, -94.4978349998853, -94.2547190003815, -94.254076000407, -94.010494000098, -94.0122360003911, -94.2560739999152, -94.2611310001955, -94.38361299984, -94.763080000042, -94.7629339996043, -95.1318790002156, -96.241328000287, -96.2414309996409, -96.8354509996639, -96.6804539997523, 
-96.4890649997499, -96.4530970003263, -96.4522750001911, -96.4532599997492, 43.5003900003982, 43.5001130002149, 43.5009249998889, 44.1080160001383, 44.1080340000691, 44.2817679997934, 44.282371999768, 44.4982179998609, 44.456293000022, 44.4560299995849, 44.7166630001973, 44.7171710002415, 44.629921000254, 44.6303110002525, 44.7178550003081, 44.7174640002635, 44.9787119995592, 44.9794650001097, 45.2839409999772, 45.3266350002052, 45.3260999998152, 45.4128609997354, 45.4124949999443, 45.4126669997823, 
45.5856099999016, 45.5861289995538, 45.4104989996292, 45.3570709999267, 45.3007509999587, 44.3021180002456, 43.5003900003982))"
MO,Missouri,2.2640330226578187,MO-500,St. Louis County CoC,0.14025366056395305,St. Louis County CoC,Largely Suburban CoC,Sheltered and Unsheltered Count,29,452,106,112,73,65,45,39,12,230,219,1,1,1,0,0,0,440,12,1,321,0,107,3,23,95,161,291,101,16,360,199,161,0,92,379,219,160,0,375,474,81,996179,39811029,1315699985,0,0,0.257128942,0.986453878,0.351900612,0.092998416,7.57147534663839e-4,68661,31720,0.455518738,4.662429999999999e-4,0.072317722,0.012882903,0.02058683,0.44328679899999995,0.001177642,8.6631e-4,0.220520609,0.180683391,3695326,11844561,9783251,0,523069,0,119000000,8216580,9.54648e-4,610570,978539,0.007486606,0,0.003632881,7.28785e-4,4033686,4429376,44405302,88520260,"list(c(-90.257782000339, -90.3205069997982, -90.2517449998318, -90.1667169997897, -90.1177069996783, -90.1205209594747, -90.2987429997896, -90.4406169997747, -90.5568279998123, -90.6605090002901, -90.7323280000371, -90.7355740004397, -90.6638099996317, -90.5907249999588, -90.4053349996105, -90.3414460004325, -90.2641229995767, -90.257782000339, 38.5320120000538, 38.5941349996306, 38.7188869996354, 38.7722720000528, 38.8057479996705, 38.8109330616115, 38.8877589999779, 38.8276499997477, 38.6815180003555, 
38.6885510000287, 38.6393019996876, 38.4900120003536, 38.449054000142, 38.5017530004007, 38.5005980001976, 38.3882979997529, 38.520728000397, 38.5320120000538))"
MO,Missouri,0.6517675603774219,MO-501,St. Louis City CoC,0.017732197729677587,St. Louis City CoC,Other Largely Urban CoC,Sheltered and Unsheltered Count,29,1235,193,94,217,236,213,203,79,432,787,8,4,3,0,1,0,1200,35,3,863,4,304,0,122,273,302,933,74,12,1081,715,366,0,154,1106,714,392,0,495,1699,425,304709,11534970,159853177,1,1,0,1,0.560666078,0.204324678,0.001906180444571333,45782,54058,0.473464354,8.637140000000001e-4,0.188686389,0.068881919,0.092159023,0.580734406,0.0017337659999999999,2.03473e-4,0.191087234,0.136563081,19598855,36180390,6751085,18160000,750000,0,106000000,6279385,0.002953638,2824539,3168818,0.014764907,5089546,0.014945407,0.009208786,31231818,19406657,58076697,207517790,"list(c(-90.1667169997897, -90.2517449998318, -90.3205069997982, -90.257782000339, -90.1812279998722, -90.1667169997897, 38.7722720000528, 38.7188869996354, 38.5941349996306, 38.5320120000538, 38.6600660003457, 38.7722720000528))"
MO,Missouri,3.863458470806523,MO-503,"St. Charles, Lincoln, Warren Counties CoC",0.4492101154188683,"St. Charles, Lincoln, Warren Counties CoC",Largely Suburban CoC,Sheltered and Unsheltered Count,29,1734,588,144,258,288,240,165,51,942,777,3,6,6,0,0,0,1623,111,3,447,0,1089,3,54,147,936,798,105,24,1263,1200,63,0,471,327,258,69,0,360,783,24,491152,142441416,4184524271,0.3333333333333333,0,0.7824977588409981,0.8170977220768274,0.12359921158823746,0.06092246094278757,1.1737343798047241e-4,74267.66666666667,7476.666666666667,0.43382345866666666,0.001078937489685221,0.05980249655353062,0.008041788950943903,0.011560665229240643,0.3950345308911457,0.005208726526875591,6.006291409787601e-4,0.23583127015047076,0.1519061306807302,950193,2786589,919704,0,0,0,13846771,0,0.001087662,128568,0,0.02542338,0,0.001362706,1.75671e-4,423533,312542,10512568,16033697,"list(list(c(-90.7323280000371, -90.6605090002901, -90.5568279998123, -90.4406169997747, -90.2987429997896, -90.1205209594747, -90.1177059888403, -90.113327000041, -90.2757020002471, -90.4508129996202, -90.5468310001505, -90.6630179999807, -90.7125410003668, -90.681994000023, -90.7218349999852, -91.1829419995736, -91.2602319998069, -91.2649269995814, -91.415831999647, -91.4186370003972, -91.3130930003417, -91.1325349997904, -91.0773239997028, -90.9165539997672, -90.7323280000371, 38.6393019996876, 
38.6885510000287, 38.6815180003555, 38.8276499997477, 38.8877589999779, 38.8109330616115, 38.8057511320092, 38.8493060001719, 38.9235290001633, 38.9677689997396, 38.8740089999155, 38.9262830003602, 39.0570639996039, 39.090065999846, 39.2241080001841, 39.2272330004027, 39.1398450003466, 38.8438329995933, 38.8452999997952, 38.7097779995551, 38.706715000397, 38.5982790000758, 38.6093430003792, 38.5347250001587, 38.6393019996876)), list(c(-90.1177069996783, -90.1177059888403, -90.1205209594747, -90.1177069996783, 
38.8057479996705, 38.8057511320092, 38.8109330616115, 38.8057479996705)))"
MO,Missouri,3.2489172732539355,MO-600,"Springfield/Greene, Christian, Webster Counties CoC",0.4823374207111901,"Springfield/Greene, Christian, Webster Counties CoC",Other Largely Urban CoC,Sheltered and Unsheltered Count,29,1863,369,90,294,366,363,330,51,837,1008,3,6,9,0,0,0,1755,108,3,195,0,1401,3,117,636,525,1338,78,21,1344,1254,90,0,519,1062,1008,54,0,513,591,510,418025,12766210,4741031793,0.3333333333333333,0,0.8606570146701584,0.7375553315295114,0.11268464772095926,0.1422765004209174,8.817173523645256e-5,55774,8722.333333333334,0.4128175256666667,0.004047107844973131,0.05620932053863699,0.013783622367487591,0.020972610962373066,0.4403133780203624,0.004387130176800431,6.411101656695173e-4,0.22345553497692,0.16202380219733506,1997487,3193765,0,0,0,0,19272829,2467439,0,349267,0,0.006447342,0,0.004535876,0.001742268,2371844,2952947,3166787,16499536,"list(c(-93.6101769997687, -93.3374509999637, -93.3420410002919, -92.9093360001563, -92.9032730002487, -92.6858670001619, -92.6866710003664, -93.0715839999016, -93.073379999987, -93.6211969998416, -93.6050950001341, -93.6101769997687, 37.003098999819, 36.9924939999981, 36.8173010004409, 36.8091779999648, 37.0706509997439, 37.0670510001036, 37.4815450004015, 37.4874439999407, 37.4149889996427, 37.4273759998026, 37.2814819996946, 37.003098999819))"
MO,Missouri,2.3209077561482525,MO-602,"Joplin/Jasper, Newton Counties CoC",0.33266104030263866,"Joplin/Jasper, Newton Counties CoC",Largely Rural CoC,Sheltered and Unsheltered Count,29,584,68,26,78,146,106,132,28,210,372,0,2,0,0,0,0,568,16,2,38,0,488,6,84,86,110,474,26,2,326,196,130,0,258,554,392,162,0,0,498,96,178816,11878888,3271829836,0.5,0,0.9273154019569614,0.6357240584498927,0.16249664458187185,0.16406572141454903,5.4653209049102885e-5,50611,5684,0.425902261,3.802050827753803e-4,0.10433181419422373,0.03273758754572297,0.03696758477916965,0.42822230646689335,0.0029184643332140297,8.556284320866142e-4,0.24584489052236935,0.16438126331075517,982436,1107728,0,0,0,0,9053386,1167379,5.39294e-4,569130,0,0.008111067999999999,0,0.006765713,0.0047379150000000005,2144445,1964392,3412702,11348212,"list(c(-94.6183070003677, -94.0688979999427, -94.0523130004446, -94.0820830000304, -94.6175699996557, -94.6179639998387, -94.6183070003677, 36.7665599996443, 36.7478179996011, 37.2900780003994, 37.3492909997799, 37.3641699997457, 36.998904999766, 36.7665599996443))"
MO,Missouri,3.682455942697501,MO-603,"St. Joseph/Andrew, Buchanan, DeKalb Counties CoC",0.34816399120355523,"St. Joseph/Andrew, Buchanan, DeKalb Counties CoC",Other Largely Urban CoC,Sheltered and Unsheltered Count,29,804,162,27,132,237,156,72,18,327,462,9,3,0,3,0,0,759,45,0,84,0,630,6,24,255,237,567,30,0,561,384,129,48,243,534,222,258,54,246,615,321,117330,39180933,3269184162,0.3333333333333333,0,0.9246895564418989,0.7358548752190743,0.1534049261135771,0.13863355167374072,3.5889688125804644e-5,56425.666666666664,4568.666666666667,0.3620970216666667,7.992544421506804e-4,0.12416605646550566,0.03593202632404329,0.05503160403158612,0.4305207534825705,0.0011739465726242225,8.096824305292763e-4,0.22057444860678427,0.16804738785304696,2764975,3108913,399606,0,0,0,11598802,842609,0.0028842110000000002,272955,0,0.009442119,0,0.016025688,0.009143735,1358354,742501,6444294,15934207,"list(c(-95.1028879996814, -94.6012149999722, -94.6022570003602, -94.2059610002, -94.2034569998406, -94.6065959999054, -94.6061580003914, -95.0430799998421, -94.993382000379, -94.891481000148, -94.9693330002178, -95.0245949999592, -95.1028879996814, 39.5333470002639, 39.5301700003453, 39.7471949999493, 39.7458409995625, 40.0345390002747, 40.0392030004182, 40.1263160003831, 40.1300960002303, 39.8979060000619, 39.8346440001205, 39.6907299995898, 39.6684849998829, 39.5333470002639))"
MO,Missouri,4.271264953100276,MO-604,"Kansas City (MO&KS), Independence, Lee’s Summit/Jackson, Wyandotte Counties CoC",0.252210012798517,"Kansas City (MO&KS), Independence, Lees Summit/Jackson,
Wyandotte Counties CoC",Major City CoC,Sheltered and Unsheltered Count,20,4362,734,350,720,988,770,600,200,1556,2676,28,28,60,2,0,12,3914,448,24,1770,8,1968,18,308,766,1016,3346,322,62,2610,1222,1362,26,1752,NA,NA,NA,NA,NA,NA,NA,330894,23603194,785478762,1,0,0.430224607,0.947112175,0.59902567,0.184810513,4.212640952346971e-4,48093,24163,0.493037671,0.002201987,0.114875658,0.051993728,0.051773912,0.412452326,0.0017501839999999997,0.001106094,0.277792888,0.124517217,21210726,8924112,940732,0,0,0,49054498,3842856,4.83538e-4,1055322,775872,0.013986352,0,0.016343602,0.025216534,41336510,27560282,24981764,130628176,"list(c(-94.6080329996232, -94.1187209997743, -94.1048230000814, -94.1702390004295, -94.2898730000389, -94.361539999971, -94.4714010003558, -94.4448170002044, -94.732742000343, -94.775531999602, -94.9001909998148, -94.9087650004044, -94.8724419998983, -94.6073820001791, -94.6080329996232, 38.8472069996034, 38.8333099999566, 39.143507000148, 39.2044860000289, 39.2371069997882, 39.1646559996747, 39.2234660002558, 39.3030759995578, 39.3546999997052, 39.2006060000669, 39.2029110002425, 38.9914009995566, 
39.059088000311, 39.0440860000689, 38.8472069996034))"
MO,Missouri,4.271264953100276,MO-604,"Kansas City (MO&KS), Independence, Lee’s Summit/Jackson, Wyandotte Counties CoC",0.252210012798517,"Kansas City (MO&KS), Independence, Lees Summit/Jackson,
Wyandotte Counties CoC",Major City CoC,Sheltered and Unsheltered Count,29,2181,367,175,360,494,385,300,100,778,1338,14,14,30,1,0,6,1957,224,12,885,4,984,9,154,383,508,1673,161,31,1305,611,681,13,876,NA,NA,NA,NA,NA,NA,NA,700733,30621016,1565698756,0,0,0.558837175,0.9573106120000001,0.382171241,0.136192923,4.4755288800906476e-4,56960,28143,0.469507534,0.001269157,0.10506847099999998,0.022780645,0.031851768,0.464883201,0.004550738,9.418710000000002e-4,0.23576883099999998,0.149784583,18316123,18266226,4752730,0,576669,0,164000000,6360708,7.7633e-4,2028886,1346530,0.012325665,6385220,0.008876419,0.003045382,21369532,13368952,94489186,187260762,"list(c(-94.6080329996232, -94.1187209997743, -94.1048230000814, -94.1702390004295, -94.2898730000389, -94.361539999971, -94.4714010003558, -94.4448170002044, -94.732742000343, -94.775531999602, -94.9001909998148, -94.9087650004044, -94.8724419998983, -94.6073820001791, -94.6080329996232, 38.8472069996034, 38.8333099999566, 39.143507000148, 39.2044860000289, 39.2371069997882, 39.1646559996747, 39.2234660002558, 39.3030759995578, 39.3546999997052, 39.2006060000669, 39.2029110002425, 38.9914009995566, 
39.059088000311, 39.0440860000689, 38.8472069996034))"
MO,Missouri,35.46456028845877,MO-606,Missouri Balance of State CoC,16.634399237825274,Missouri Balance of State CoC,Largely Rural CoC,Sheltered and Unsheltered Count,29,193011,37067,14847,35249,43026,30401,25351,7070,92314,96556,303,404,909,0,2525,0,184022,8989,808,33532,202,139683,1010,14140,62216,58580,134431,9898,3535,104636,83729,20099,808,88375,154126,123624,29694,808,40804,112413,47874,2917216,2199291740,159544431259,0.6039603960396039,0.10891089108910891,0.9379546892360897,0.4656130926782957,0.12105857090868313,0.14159458161532673,1.8284662002801416e-5,47997.66336633663,2432.366336633663,0.40513856944554455,0.001252660334031708,0.16875235667742275,0.038710576433637754,0.04219265079333584,0.4645480484998646,NA,9.762731991278671e-4,0.2252928819498923,0.1766650121498583,11930144,4854492,3254512,0,0,0,152651517,1234464,0.007269954,3132784,0,0.309094462,2239532,0.251267555,0.406049174,51107583,52317159,70450644,200521314,"list(c(-93.2931739995804, -92.3747370001124, -91.12652200039, -90.1523069998681, -90.135975000346, -90.0636980001626, -90.0837949997394, -90.2199650001846, -90.3778999997851, -89.7330559996346, -89.680029000438, -89.5930700003802, -89.6926299996747, -89.5364409996524, -89.539231999757, -89.4854269997562, -89.4172750000412, -89.3657970003313, -89.2270459995732, -89.1591180002955, -89.2006469998591, -89.0989679999732, -89.1329149997274, -89.2034080003789, -89.2921299998995, -89.5184690000443, -89.4209389999349, 
-89.5164470003288, -89.5120089998155, -89.5833160002332, -89.7398750002311, -89.844785999874, -89.9533590002176, -89.9881080000841, -90.1307880003659, -90.2425739995904, -90.3586279995825, -90.3414460004325, -90.4053349996105, -90.5907249999588, -90.6638099996317, -90.7355740004397, -90.7323280000371, -90.9165539997672, -91.0773239997028, -91.1325349997904, -91.3130930003417, -91.4186370003972, -91.415831999647, -91.2649269995814, -91.2602319998069, -91.1829419995736, -90.7218349999852, -90.7934609998252, 
-90.936728000197, -91.0382700000604, -91.3677530002008, -91.4337979998778, -91.4208780003194, -91.4948779999197, -91.5065009999212, -91.4194219997254, -91.4831529997111, -91.7291150000572, -92.659409000425, -93.260429000398, -94.0721400001609, -94.5941960000453, -95.7656450003164, -95.6226839996668, -95.478694000128, -95.4779200004077, -95.3965489999364, -95.4199990003535, -95.3082900001833, -95.1895610000401, -95.0850029995887, -94.993382000379, -95.0430799998421, -94.6061580003914, -94.6065959999054, 
-94.2034569998406, -94.2059610002, -94.6022570003602, -94.6012149999722, -95.1028879996814, -94.9192249998338, -94.8985159999135, -94.775531999602, -94.732742000343, -94.4448170002044, -94.4714010003558, -94.361539999971, -94.2898730000389, -94.1702390004295, -94.1048230000814, -94.1187209997743, -94.6080329996232, -94.6090800002418, -94.6176689997245, -94.6175699996557, -94.0820830000304, -94.0523130004446, -94.0688979999427, -94.6183070003677, -94.6178590003925, -93.8666890000973, -93.2931739995804, 
36.4984329996832, 36.4973019996876, 36.4976650002396, 36.4979819995697, 36.4133339999642, 36.3841850002376, 36.2719380004384, 36.1847269995515, 35.9957449999318, 36.0008089996357, 36.082494000198, 36.129698999809, 36.2249589995582, 36.2728270000661, 36.4979340000541, 36.4974910003095, 36.4990110002575, 36.6251260001648, 36.5695369997328, 36.666354000237, 36.7187510000587, 36.956067000092, 36.9820569998307, 37.0188559998046, 36.9921890003222, 37.2862560004141, 37.393951999885, 37.5355580001017, 37.6855250000788, 
37.713261000295, 37.8469210001041, 37.9055719996481, 37.8846139999362, 37.9617490002162, 38.062341000337, 38.1121250001687, 38.221981000323, 38.3882979997529, 38.5005980001976, 38.5017530004007, 38.449054000142, 38.4900120003536, 38.6393019996876, 38.5347250001587, 38.6093430003792, 38.5982790000758, 38.706715000397, 38.7097779995551, 38.8452999997952, 38.8438329995933, 39.1398450003466, 39.2272330004027, 39.2241080001841, 39.3094979998329, 39.3995110004324, 39.4484350001752, 39.7290290003881, 39.8418650003695, 
39.91486499972, 40.0364530004057, 40.2363040003294, 40.3782639997838, 40.3824919996061, 40.6136400002858, 40.5903409996375, 40.5808140000661, 40.5730259997501, 40.5709599998042, 40.585208000349, 40.3423229998066, 40.2436609996554, 40.1838440003004, 40.1247009996515, 40.0504399997063, 39.9999980001077, 39.9001449998919, 39.8618829999006, 39.8979060000619, 40.1300960002303, 40.1263160003831, 40.0392030004182, 40.0345390002747, 39.7458409995625, 39.7471949999493, 39.5301700003453, 39.5333470002639, 
39.38517400028, 39.2984500002673, 39.2006060000669, 39.3546999997052, 39.3030759995578, 39.2234660002558, 39.1646559996747, 39.2371069997882, 39.2044860000289, 39.143507000148, 38.8333099999566, 38.8472069996034, 38.7380989997691, 37.7761930003068, 37.3641699997457, 37.3492909997799, 37.2900780003994, 36.7478179996011, 36.7665599996443, 36.4994309998408, 36.4987350001202, 36.4984329996832), c(-93.6101769997687, -93.6050950001341, -93.6211969998416, -93.073379999987, -93.0715839999016, -92.6866710003664, 
-92.6858670001619, -92.9032730002487, -92.9093360001563, -93.3420410002919, -93.3374509999637, -93.6101769997687, 37.003098999819, 37.2814819996946, 37.4273759998026, 37.4149889996427, 37.4874439999407, 37.4815450004015, 37.0670510001036, 37.0706509997439, 36.8091779999648, 36.8173010004409, 36.9924939999981, 37.003098999819))"
MS,Mississippi,8.229444106442951,MS-500,"Jackson/Rankin, Madison Counties CoC",0.9478610538762297,"Jackson/Rankin, Madison Counties CoC",Largely Suburban CoC,Sheltered and Unsheltered Count,28,1365,45,130,190,255,340,270,135,410,920,10,0,0,25,0,0,1310,55,0,785,5,455,0,40,25,75,1290,50,10,800,465,335,0,565,1120,730,390,0,0,1910,290,569574,253578270,9649047871,0.4,0.2,0.8966887769558354,0.7150611883901653,0.5397770965230435,0.15574453714686412,5.902903660700473e-5,55294.4,6774.2,0.4758210812,8.528227515873142e-4,0.1248774445396916,0.041332080708180154,0.042130365729733096,0.427981263286551,0.0026978627186844905,8.16399645547374e-4,0.23961241200490369,0.14669384491187973,4023850,3224999,1812352,0,0,0,99930166,1902918,0.0018489549999999998,745678,306270,0.036303928,8225666,0.029931909,0.005871375,1990658,1718093,72217056,96167540,"list(c(-91.0302069996533, -90.9567869998202, -90.774819999943, -90.7144049999907, -90.7368239996279, -90.2799530002308, -90.1841390001147, -90.1325519998749, -90.2303309997758, -89.7300660002457, -89.7300630001074, -89.7841230001763, -89.7303040004292, -89.7300159997386, -89.9658380001236, -90.0491290001032, -90.5422510002834, -90.6555269998711, -90.860565999821, -90.8613639997487, -90.9512400003257, -90.9640429998845, -91.0435312354781, -91.0435519999248, -91.116708000174, -91.0274059999868, -90.9866720002126, 
-90.9123629998525, -90.9833810004328, -91.0343019996375, -91.1648800003117, -91.1628219998354, -91.0302069996533, 32.1143529997912, 32.0835969997019, 32.1539930003767, 31.9776289998785, 31.6984910002595, 31.69986499977, 31.7314619999714, 31.8569230002963, 32.0497279999473, 32.047071999773, 32.3527330003278, 32.5868910004194, 32.6342279998224, 32.8850719995732, 32.8795710004014, 32.7356739997554, 32.5053660000409, 32.5897710001316, 32.5751729996343, 32.4421149997075, 32.4443890002522, 32.575604999771, 
32.5762707031305, 32.5762709999068, 32.5001379999688, 32.4339419996236, 32.3517600004237, 32.3394540004019, 32.2117669999471, 32.2415480000402, 32.1957430002393, 32.132694000228, 32.1143529997912))"
MS,Mississippi,26.16635662853019,MS-501,Mississippi Balance of State CoC,10.065497143555165,Mississippi Balance of State CoC,Largely Rural CoC,Sheltered and Unsheltered Count,28,33299,3834,1775,4899,9372,6532,5609,1278,13419,19738,71,0,71,0,0,0,32873,426,71,16898,0,15975,0,1775,5254,5467,27832,1491,284,17750,14910,2840,0,15549,30459,26696,3763,0,0,14200,36636,1917989,1521427931,102804577023,0.8732394366197183,0.5915492957746479,0.9593599903160498,0.34039629629981144,0.44120795280043473,0.21700400601380143,1.8656649884089278e-5,38975.633802816905,2193.957746478873,0.469123917,0.003110454063374425,0.1742185652327541,0.05813426212105596,0.06025000185047047,0.44963135864935616,NA,0.0011204444027760327,0.23762127927762516,0.161736068280645,1842843,1065754,5491303,0,0,0,129014485,680253,0.022866044,2642708,0,0.410896089,0,0.479668548,0.248150211,54293787,46046365,145933650,257996663,"list(c(-89.7281190003915, -89.476022000415, -89.3407009995515, -89.3408059998969, -88.834475000321, -88.8343390003445, -88.4254319995871, -88.4320069997232, -88.4732270003258, -88.354291999676, -88.2522540003218, -88.2072289996186, -88.0978879998313, -88.2000640001535, -88.9252419997185, -89.6440499996078, -90.3083609999601, -90.2578580002465, -90.4765840000515, -90.4484230000214, -90.5939199998081, -90.586231999607, -90.7651300000494, -90.8336289995786, -90.8360990001687, -90.9557709997318, -90.893284999603, 
-91.0906580003664, -91.0186289999284, -91.2116780000396, -91.2284409996524, -91.1327459996281, -91.1279660004306, -91.0860170003842, -91.1660949996844, -91.2128370004272, -91.1435590000478, -91.1658140002159, -91.0607659996512, -91.152698999759, -91.0435519999248, -91.0435312354781, -90.9640429998845, -90.9512400003257, -90.8613639997487, -90.860565999821, -90.6555269998711, -90.5422510002834, -90.0491290001032, -89.9658380001236, -89.7300159997386, -89.7303040004292, -89.7841230001763, -89.7300630001074, 
-89.7300660002457, -90.2303309997758, -90.1325519998749, -90.1841390001147, -90.2799530002308, -90.7368239996279, -90.7144049999907, -90.774819999943, -90.9567869998202, -91.0302069996533, -91.1644100002213, -91.2010100000115, -91.3452140004258, -91.3802540002219, -91.4439159997236, -91.5159189998619, -91.4720670001919, -91.54821299983, -91.5185780001746, -91.6412529997261, -91.5890459996731, -91.6251990004335, -91.5643969997217, -91.6369419996735, -90.8258289996086, -89.7281190003915, 31.0023000001449, 
30.9829010003809, 31.0010330001729, 30.9099119997391, 30.9103229998066, 30.9979829998156, 30.9983230002064, 31.1142980001526, 31.8938560001544, 32.8751309997958, 33.7195859995942, 34.0583329997682, 34.8922019997225, 34.9956340004089, 34.9948419998585, 34.9952909998798, 34.9956939995785, 34.8933850003176, 34.7940040002844, 34.7391169998497, 34.4841760000224, 34.4091719999878, 34.3425109997829, 34.2740740004148, 34.1378759995778, 34.1187129999051, 34.0265839997518, 33.9887299996898, 33.9419079997544, 
33.656790999605, 33.5669380000887, 33.4296219998554, 33.2684710003364, 33.1362809999682, 33.0042909998298, 32.9221030003532, 32.8447380002585, 32.7578410003619, 32.727494000248, 32.6407569996359, 32.5762709999068, 32.5762707031305, 32.575604999771, 32.4443890002522, 32.4421149997075, 32.5751729996343, 32.5897710001316, 32.5053660000409, 32.7356739997554, 32.8795710004014, 32.8850719995732, 32.6342279998224, 32.5868910004194, 32.3527330003278, 32.047071999773, 32.0497279999473, 31.8569230002963, 31.7314619999714, 
31.69986499977, 31.6984910002595, 31.9776289998785, 32.1539930003767, 32.0835969997019, 32.1143529997912, 31.9825569996059, 31.909158999888, 31.8438609995855, 31.7332549999184, 31.5424659997062, 31.5307289998435, 31.3970760003572, 31.3460839996769, 31.2752830001104, 31.2669170001195, 31.1785859997441, 31.1159629995928, 31.0389650002346, 30.9994160002483, 30.9993610004099, 31.0023000001449))"
MS,Mississippi,9.09307410181768,MS-503,Gulf Port/Gulf Coast Regional CoC,0.8696628992880076,Gulf Port/Gulf Coast Regional CoC,Largely Rural CoC,Sheltered and Unsheltered Count,28,1794,282,102,246,480,234,312,138,828,948,18,0,0,0,0,0,1704,90,12,600,0,1032,12,42,30,450,1344,78,18,870,450,420,0,924,672,252,420,0,756,180,2244,494272,2139345065,9080303327,0.8333333333333334,0,0.8799801421371269,0.6302331910909398,0.29785624092098273,0.16477309769221402,5.443342388467328e-5,50566.333333333336,2893.3333333333335,0.467109609,0.0011731017995966412,0.14922656540134382,0.019280061447882947,0.02317484853815308,0.45463226711440863,0.004739688647821442,0.0013150651532597435,0.23264315992421988,0.16288399893757083,3603740,2918303,1015574,0,0,0,152742296,1103472,7.44185e-4,363934,0,0.060170383,0,0.008537014,0.005644703,2885554,2230597,19404045,33525219,"list(c(-89.5244746492856, -89.4192724824391, -89.0622437237688, -88.8413577403674, -88.7449347724218, -88.6107617210765, -88.4785528772135, -88.3959609337501, -88.4254319995871, -88.8343390003445, -88.834475000321, -89.3408059998969, -89.3407009995515, -89.476022000415, -89.7281190003915, -89.8441720003375, -89.8187709998817, -89.6836310001705, -89.6306220000052, -89.6316139998862, -89.5244746492856, 30.1807821830513, 30.2543315692466, 30.3739935431676, 30.4097294392623, 30.3468704084427, 30.3760743936184, 
30.3185004257541, 30.3867966353565, 30.9983230002064, 30.9979829998156, 30.9103229998066, 30.9099119997391, 31.0010330001729, 30.9829010003809, 31.0023000001449, 30.6915040002095, 30.592880000012, 30.4517870000701, 30.3374910002095, 30.2570130004497, 30.1807821830513))"
MT,Montana,36.71123519987885,MT-500,Montana Statewide CoC,45.07923158969576,Montana Statewide CoC,Largely Rural CoC,Sheltered and Unsheltered Count,30,112448,18816,8624,18928,23520,18760,17472,6328,45304,65632,336,448,504,56,0,168,102424,10024,616,4424,112,69664,896,9408,25256,30352,82096,6832,1064,80192,51912,28280,0,32256,117712,79856,37856,0,1456,39648,17640,1061705,3867186457,376973177040,0.42857142857142855,0.05357142857142857,0.9901679127068499,0.5320137488790587,0.14403530163993766,0.12788952487179772,2.816394015978872e-6,51847.017857142855,1734.892857142857,0.372628839375,0.0010139604913273865,0.1532325091904647,0.027968132762911543,0.031199584923130245,0.48502738529177036,0.004044415710945149,0.001084105308048846,0.21530368588796137,0.18660456528229877,2943398,3936843,3564567,0,0,0,86858643,2192175,0.005169824,1552150,0,0.133213326,1512514,0.186034592,0.046295571,10760386,9108313,49000528,84570874,"list(c(-116.049086000119, -116.049108000234, -115.82377399967, -115.722713999551, -115.69162600034, -115.746619000267, -115.548840999712, -115.52850900009, -115.340849000281, -115.30122599958, -115.19823100016, -115.0478570003, -114.936740999597, -114.922311999699, -114.62078700012, -114.613110000426, -114.320704999636, -114.371952000384, -114.470794999889, -114.445234000149, -114.480537000382, -114.411755000393, -114.405917000069, -114.500349000306, -114.56634799966, -114.499667000332, -114.558498000083, 
-114.439941999823, -114.344183999592, -114.269892000016, -114.013704000239, -113.988214000176, -113.806430999791, -113.773753000101, -113.692937000042, -113.576724999959, -113.452043999631, -113.455070999827, -113.357242000318, -113.247192000211, -113.101617999571, -113.006787999866, -113.001978000185, -112.885484999733, -112.785604000025, -112.473418999887, -112.288672999559, -112.096484000436, -111.863656999671, -111.801118999842, -111.584980999773, -111.375805999747, -111.219319000372, -111.130659000113, 
-111.052433999929, -111.05455599976, -110.704476000367, -110.183220999649, -109.103227999972, -109.083094999635, -108.014393999983, -106.625610000201, -105.92817400023, -105.913148999826, -105.160531000205, -104.057878999716, -104.039694000178, -104.045547000294, -104.045977000338, -104.041442999895, -104.047548999986, -104.048691819772, -105.34345534189, -106.112096063283, -107.415544000255, -108.379330518089, -108.992349397806, -110.228691043357, -111.575693000432, -112.439348999856, -113.694764999805, 
-114.728348573428, -116.049086000119, 49.0008459996432, 47.9768419999584, 47.7526109998978, 47.6948550002581, 47.5934470002789, 47.4423110003524, 47.3469579999118, 47.2992440002105, 47.2628500000275, 47.1934520004095, 47.1371230000265, 46.9695320003016, 46.8972790003257, 46.8286019997825, 46.7072619997415, 46.6384700001904, 46.6469500000425, 46.4425400003208, 46.2653769998487, 46.1679459998081, 46.0304389997601, 45.9778700001005, 45.8704000002598, 45.8499869996004, 45.7727390004046, 45.668512999975, 
45.5844630000674, 45.5369830003652, 45.4596829996707, 45.484551999875, 45.6582919998759, 45.7059279995776, 45.6016300003243, 45.4063590002677, 45.2641969995919, 45.1312369996878, 45.0591740003799, 44.8654240003174, 44.8206510004434, 44.8229539996274, 44.72946499971, 44.5262080000992, 44.4498570000006, 44.3955450000018, 44.4789849996581, 44.479358999818, 44.5679100004462, 44.5229920001807, 44.5512439999107, 44.5259849997081, 44.5623640000986, 44.7510379999038, 44.6225209998443, 44.5001309999457, 44.4784110001676, 
45.0009550000732, 44.9921739998303, 44.9969529998811, 45.0058150002621, 44.9995510000787, 45.0005369996828, 44.9949269999811, 44.993487000125, 45.0002380002836, 45.0001069996384, 44.9976050002706, 44.9980700001304, 45.945308000364, 46.8745299998596, 47.863054000142, 48.4987890002122, 48.9998701938544, 48.9992684817551, 48.9990445919344, 48.9993610004099, 48.9992637657103, 48.9992078359729, 48.9991339197946, 48.9966759997976, 48.9985410003669, 48.9975030001634, 49.0005095605678, 49.0008459996432))"
NC,North Carolina,1.653655911414892,NC-500,Winston-Salem/Forsyth County CoC,0.10677985714492046,Winston-Salem/Forsyth County CoC,Other Largely Urban CoC,Sheltered and Unsheltered Count,37,627,120,32,79,156,120,87,33,231,395,0,0,0,1,0,0,600,27,2,341,0,255,0,47,90,188,439,20,0,393,366,27,0,234,450,416,34,0,90,325,58,378499,11652284,1056284390,0,0,0.43166594399999997,0.9241851589999999,0.439076457,0.158251347,3.583305817858389e-4,53583,17876,0.467694818,0.001961179,0.10718676,0.013689923,0.023140347,0.440595616,0.004768753,9.56409e-4,0.230359922,0.159390117,4791859,4093499,1698443,0,0,0,61969975,2963436,6.15589e-4,887135,363905,0.009144014,1577762,0.003822996,0.003801859,13660071,8339009,21035927,59411046,"list(c(-80.0351189999419, -80.4519249998388, -80.4391040003493, -80.505531999702, -80.3943070002678, -80.2137299997397, -80.0454269995564, -80.0351189999419, 36.2571839999417, 36.2615150000173, 36.1399490003461, 36.1091550003031, 35.9727620003661, 36.0268079997894, 36.0111160001034, 36.2571839999417))"
NC,North Carolina,2.447793976560611,NC-501,Asheville/Buncombe County CoC,0.17002851405985844,Asheville/Buncombe County CoC,Largely Suburban CoC,Sheltered and Unsheltered Count,37,739,49,38,133,168,130,148,73,220,509,2,4,3,0,1,0,713,26,7,138,0,556,0,191,230,79,660,31,3,520,270,250,0,219,544,242,302,0,130,586,173,259576,8942802,1700318977,0,0,0.741261625,0.776965842,0.16687213,0.114939301,1.526631199858684e-4,55032,11240,0.514017632,0.004706352,0.164413055,0.024437524,0.035782382,0.48491386,0.006050445,0.001105649,0.185063334,0.199848984,4593625,2063713,0,0,0,0,58024193,2729939,1.92622e-4,264110,0,0.011183623,0,0.003582766,0,0,0,7796309,17447696,"list(c(-82.4086019998824, -82.5131610003799, -82.8070559997346, -82.7658929999619, -82.7981740002299, -82.7430450003264, -82.4705569998056, -82.2205150001671, -82.29102599985, -82.2753989995641, -82.4086019998824, 35.818177999715, 35.8033799998871, 35.6858740003848, 35.5674950001941, 35.4698049999009, 35.4240289996387, 35.4451739998802, 35.5200250000537, 35.5913220000103, 35.7044380003135, 35.818177999715))"
NC,North Carolina,1.4336197284846,NC-502,Durham City & County CoC,0.0766813677124483,Durham City & County CoC,Other Largely Urban CoC,Sheltered and Unsheltered Count,37,405,106,12,68,76,66,56,21,168,236,0,0,1,0,0,0,375,30,1,281,1,93,2,43,102,170,235,2,5,233,223,10,0,172,231,211,20,0,327,306,134,317665,26723652,744736824,0,0,0.4917546830000001,0.948869111,0.573909622,0.135030831,4.2654665347929675e-4,62812,26017,0.479451069,0.002551334,0.065165698,0.006163837,0.014446943,0.438194324,0.009295952,0.001164749,0.207854186,0.130760392,3065767,4116065,276702,0,0,0,55324398,2632535,2.4869e-4,75038,362295,0.008307494,2032066,0.003988478,0.003500543,15871657,9433993,12739549,50605667,"list(c(-79.0163050003754, -78.9060709998767, -78.8304130002597, -78.6993159999334, -78.7512730001488, -78.8046900002433, -78.8023349995606, -78.9505970000515, -79.0163050003754, 35.8632099998417, 35.8680960003302, 35.8674599997792, 36.0114480001251, 36.0708340002889, 36.0945510004284, 36.2357940000931, 36.2393199999181, 35.8632099998417))"
NC,North Carolina,100.13866131316328,NC-503,North Carolina Balance of State CoC,10.1056297698663,North Carolina Balance of State CoC,Largely Rural CoC,Sheltered and Unsheltered Count,37,330220,63042,22594,56406,67940,57038,49691,13509,146387,182727,237,158,316,79,79,237,312919,17301,1027,127980,395,175933,553,10586,45267,99066,231154,14773,2528,162187,138408,23779,0,168033,232023,198290,33733,0,93931,135248,46768,5182234,12123967570,100180674868,0.5822784810126582,0.06329113924050633,0.9019076050221504,0.4672856025603136,0.3345889050607209,0.15293365298317388,5.1728878916300095e-5,48904.83544303798,3728.9493670886077,0.46750798392405063,0.0018233256259423934,0.1600351751699756,0.029212777428658566,0.03333189709999587,0.4601552149299146,0.004075644396785826,0.0010063227701035886,0.22163723211483366,0.18012598428739168,2569111,12325874,18315152,0,0,0,297159088,13004870,0.022166297,1948921,0,0.409476688,0,0.248320674,0.264980279,144391156,105970632,181157823,479683539,"list(list(c(-78.6503419996835, -78.6406879996514, -78.5550429999345, -78.5463759995527, -78.4275019999173, -78.3742949996145, -78.2546220000053, -78.1928880003809, -78.2560850000227, -78.176501000121, -78.2607500002123, -78.1140069996233, -77.6801270001609, -77.5749239996428, -77.5375954896401, -77.5372782906605, -77.5369099445383, -77.2819348487143, -77.1129648753287, -77.0918179343502, -76.9028679766757, -76.70639698873, -76.6174910463747, -76.5052120477977, -76.4141680698006, -76.3144910938888, 
-76.497538069826, -76.6295909730449, -76.7614449857974, -76.8203929819505, -76.5974909847211, -76.48521699267, -76.5008470497515, -76.6561570092385, -76.5400560682329, -76.3329721664323, -76.1504112245983, -76.0130832822676, -75.9187012267802, -75.8179223142633, -75.7304512438298, -75.7258851978436, -75.7842202961297, -75.8576091668295, -75.9860092748082, -75.983055119698, -76.0212551393132, -76.101110238047, -76.1439921129456, -76.1508711711676, -76.1644021458423, -76.1681080919149, -76.1751821995988, 
-76.1715340844304, -76.1748181738196, -76.1692631829495, -76.1751842068856, -76.1753251036706, -76.1809651686076, -76.1772060726021, -76.1945151990172, -76.1794791477444, -76.1824241153806, -76.1768681199677, -76.1765871609687, -76.1731631757399, -76.1756881267057, -76.1728252231055, -76.1768671163243, -76.1756602144473, -76.1722051405548, -76.16858510312, -76.1642911659046, -76.1408751598607, -76.1148471250947, -76.0422651962817, -76.0653452470854, -76.012562122444, -76.0623711890791, -76.1476271780518, 
-76.3488151308136, -76.3987630914435, -76.6635730508556, -76.6743340452799, -76.5166839895744, -76.4133929917931, -76.2395810433305, -76.0592650917106, -75.9575662500823, -75.838586198794, -75.9222411669962, -75.9955681940169, -76.0359559386156, -76.1223489998064, -76.9158990002387, -77.2968749998813, -78.5108970001963, -79.54338700001, -80.2947799997971, -80.8379844335348, -80.901641000232, -80.9736430003242, -80.9421359997766, -80.8687460004276, -80.8815910001245, -81.098112999915, -81.3438139999161, 
-81.545488000271, -81.674832999843, -81.807162000326, -81.8998710002464, -82.0480389999998, -82.1008249997739, -82.2098120003235, -82.2753989995641, -82.29102599985, -82.2205150001671, -82.4705569998056, -82.7430450003264, -82.7981740002299, -82.7658929999619, -82.8070559997346, -82.5131610003799, -82.4086019998824, -82.5054249997639, -82.6107030001433, -82.6372300003642, -82.8983170003293, -82.9958509997238, -83.0739179998158, -83.2408269995664, -83.3123789995911, -83.4456759997476, -83.4858339999391, 
-83.7705870003897, -83.8803119998988, -84.0214520002096, -84.0214950003939, -84.0923180000756, -84.2113950000792, -84.2923650000447, -84.3218210004388, -83.6199500000924, -83.10861299989, -82.4981129998151, -82.3839269996313, -82.2910799996422, -81.7681020004069, -81.7028529996662, -81.6919889995926, -81.5354030001483, -80.9600250000537, -80.9473439998257, -80.7842699997606, -80.6664799997521, -80.5503489998064, -80.7699329996082, -80.8402779997299, -80.7819210002539, -80.7974840002864, -80.5617100003162, 
-79.6764940003978, -79.3908439999506, -78.6503419996835, 33.944364999745, 34.0098539998622, 34.0670709998269, 34.1383420003831, 34.1398170000546, 34.204893000012, 34.2163050001757, 34.3526749999513, 34.3994690003941, 34.4653559999795, 34.5453709999717, 34.7217949996396, 34.7205950000592, 34.4786810002281, 34.4596432941028, 34.4592555765836, 34.4590011808598, 34.565055109106, 34.7014641313646, 34.6727341428664, 34.7266671703537, 34.7421330939671, 34.7074080367515, 34.7278961209093, 34.8501591023607, 
34.9032180014097, 35.0081310829831, 34.989391093824, 34.9161461263427, 34.9715519789407, 35.0740410476563, 35.2522149697451, 35.3055098715834, 35.3399828883996, 35.4100928516038, 35.3973029578653, 35.3369479831629, 35.4237018649492, 35.5625938883973, 35.5718198920744, 35.6265287772813, 35.8060327858844, 35.934397805914, 35.9455238387542, 35.8888738172729, 35.7721188595978, 35.6524488529323, 35.6648148809021, 35.7019569173779, 35.6974029133139, 35.6948868206703, 35.6980697929866, 35.69074380858, 35.6823618474214, 
35.6781028407735, 35.673270886842, 35.6722867803107, 35.6645008322477, 35.6657837816962, 35.6549519143994, 35.6355119478182, 35.6544718940627, 35.6657149206072, 35.6679589125738, 35.671782858692, 35.675217875005, 35.6778058369699, 35.6826598539691, 35.6852708808465, 35.6912697905684, 35.6977498924437, 35.6993298447966, 35.6965578635546, 35.7035128020742, 35.6856698371933, 35.6719869301527, 35.837379827617, 35.9247897288629, 35.9908758563358, 35.9952197706759, 35.9422738597509, 35.9827267287556, 35.9324267788728, 
36.0439578436796, 36.0074138239888, 36.0789157128899, 36.0998147872227, 36.1512437558947, 36.2020477991667, 36.174786781285, 36.3595907339253, 36.4093406449549, 36.5504973312869, 36.5505229997367, 36.5521490000763, 36.5448550000582, 36.5410489999115, 36.5408560000045, 36.544052999946, 36.5591445816572, 36.5617660002008, 36.453474000225, 36.3736039997249, 36.3264469996294, 36.0557180001856, 36.0281620001762, 36.0233090003102, 36.1174749999713, 36.1226189997671, 35.9619550002232, 35.9999090004001, 
35.8532290000184, 35.8427230002663, 35.7266720004125, 35.7044380003135, 35.5913220000103, 35.5200250000537, 35.4451739998802, 35.4240289996387, 35.4698049999009, 35.5674950001941, 35.6858740003848, 35.8033799998871, 35.818177999715, 35.977431999887, 35.9672030003182, 36.0658200001929, 35.944967000127, 35.7730850003725, 35.7900549996386, 35.7268559999045, 35.6547060001818, 35.6117470003239, 35.5681899998687, 35.5617430002393, 35.5187820002891, 35.4042229999915, 35.3010830001804, 35.2493739997104, 
35.2656209998094, 35.206694000128, 34.9884079999293, 34.9866689997746, 35.0006590001128, 35.1625579999518, 35.2108480001352, 35.2000850002227, 35.1806109996979, 35.3573040000796, 35.5800409995925, 35.5681370001225, 35.5470200002728, 35.4884730001289, 35.5060199999231, 35.2679340003539, 35.2084120002137, 35.0345310000057, 35.0016920000858, 34.9358479997854, 34.8198030002084, 34.817429000448, 34.8050650004495, 34.5732919997261, 33.944364999745), c(-80.0351189999419, -79.5324100001214, -79.5417279999472, 
-80.0375660003706, -80.0454269995564, -80.2137299997397, -80.3943070002678, -80.505531999702, -80.4391040003493, -80.4519249998388, -80.0351189999419, 36.2571839999417, 36.2414629998177, 35.8998509997239, 35.920301000291, 36.0111160001034, 36.0268079997894, 35.9727620003661, 36.1091550003031, 36.1399490003461, 36.2615150000173, 36.2571839999417), c(-78.7512730001488, -78.6832239997877, -78.4268640001735, -78.2843159996836, -78.2559730002537, -78.4740810003378, -78.7088960001503, -78.9950480003649, 
-78.9060709998767, -79.0163050003754, -79.2495380000786, -79.264027000046, -79.2579519995851, -78.9505970000515, -78.8023349995606, -78.8046900002433, -78.7512730001488, 36.0708340002889, 36.0744840004363, 35.975011999804, 35.8745779997749, 35.8181199997383, 35.7012279997724, 35.5194680004479, 35.6101660002607, 35.8680960003302, 35.8632099998417, 35.8768100001814, 35.9141140000611, 36.2434450003865, 36.2393199999181, 36.2357940000931, 36.0945510004284, 36.0708340002889), c(-78.904219999953, -78.9548599996892, 
-79.0387470001739, -79.1128530001658, -79.0962259996301, -78.7837430001393, -78.6171139998112, -78.6706499999975, -78.6477339999241, -78.4952160001183, -78.8273969996717, -78.904219999953, 34.8348620003811, 34.9132659998261, 34.9527149996975, 35.125911999839, 35.1919829998157, 35.2625260000749, 35.2457180001856, 35.0925920002207, 34.9947399996513, 34.8591410003569, 34.8506930001819, 34.8348620003811)), list(c(-75.8914186665382, -75.8674653362562, -75.8863746488709, -75.8873163020057, -75.8914186665382, 
36.5504989608584, 36.5504107121847, 36.5504812639992, 36.5504846418528, 36.5504989608584)), list(c(-75.9531932219896, -75.9097979825908, -75.9115617581685, -75.9222680756112, -75.9531932219896, 36.550568074657, 36.5505641787939, 36.5505701871645, 36.5506040664246, 36.550568074657)), list(c(-75.9630197686474, -75.9573342447795, -75.9533470519249, -75.9560631618854, -75.9580565442741, -75.9630197686474, 36.5505435222658, 36.5458947467452, 36.5505680000132, 36.5505532700175, 36.5505565984083, 36.5505435222658
)))"
NC,North Carolina,2.8299615663351596,NC-504,"Greensboro, High Point/Guilford County CoC",0.1707208741757763,"Greensboro, High Point/Guilford County CoC",Other Largely Urban CoC,Sheltered and Unsheltered Count,37,665,108,66,97,97,86,133,78,259,403,3,0,0,0,0,0,627,38,1,481,0,141,1,61,116,168,497,50,4,431,376,50,5,234,457,390,61,6,0,2161,96,532956,30337205,1673033183,0,0,0.634906923,0.85843314,0.503717005,0.152779862,3.185567419794566e-4,54794,18760,0.487420638,0.004562175,0.094890574,0.014195988,0.025440636,0.431677287,0.003743234,0.001206479,0.222536194,0.151828669,4643458,6511986,1073669,0,0,0,79117510,4844611,3.75266e-4,1111662,405711,0.010595621,2377675,0.003026516,0.002735685,15437823,10574044,31277355,78257994,"list(c(-80.0454269995564, -80.0375660003706, -79.5417279999472, -79.5324100001214, -80.0351189999419, -80.0454269995564, 36.0111160001034, 35.920301000291, 35.8998509997239, 36.2414629998177, 36.2571839999417, 36.0111160001034))"
NC,North Carolina,1.9673285200313897,NC-505,Charlotte/Mecklenburg County CoC,0.14008931320320084,Charlotte/Mecklenburg County CoC,Major City CoC,Sheltered and Unsheltered Count,37,2095,429,102,374,333,328,400,129,870,1206,11,1,7,0,0,0,1974,121,8,1539,2,375,5,116,445,645,1450,77,11,1711,1243,450,18,384,1878,1265,593,20,895,1409,1027,1095170,58206612,1356132970,0,0,0.112828127,0.991556117,0.537340322,0.108956439,8.075683020965119e-4,69240,37348,0.454289757,0.001324802,0.073862714,0.003913503,0.010307242,0.4160103,0.008599108,0.001152333,0.235341545,0.112110449,13905110,13176217,1185328,0,0,0,187000000,6993126,1.1779e-4,1153521,994928,0.004673247,6927069,0.001716628,0,1075508,1255165,26178936,72844908,"list(c(-80.8402779997299, -80.7699329996082, -80.5503489998064, -80.6664799997521, -80.7842699997606, -80.9473439998257, -80.9548109997278, -81.0150499996577, -81.0339089997005, -80.9347390004045, -80.8402779997299, 35.0016920000858, 35.0345310000057, 35.2084120002137, 35.2679340003539, 35.5060199999231, 35.4884730001289, 35.3938100000315, 35.2686550003281, 35.1486899998437, 35.1073180003255, 35.0016920000858))"
NC,North Carolina,14.050449641272584,NC-506,"Wilmington/Brunswick, New Hanover, Pender Counties CoC",0.49189182719136615,"Wilmington/Brunswick, New Hanover, Pender Counties CoC",Largely Suburban CoC,Sheltered and Unsheltered Count,37,1779,240,156,378,297,324,279,105,738,1029,6,3,0,3,0,0,1692,87,0,681,0,990,6,105,495,384,1395,126,33,822,591,231,0,957,930,663,267,0,0,597,66,430642,1033272076,4956251577,0,0,0.6400276824053157,0.787129339712088,0.21799313593991992,0.13419196710619724,8.688864826766238e-5,58832,6135,0.51780644,2.1348982180463246e-4,0.23263675982202345,0.010654942467971076,0.015723960124709155,0.5453810822641568,0.011418341802991812,0.0010449514502649535,0.17978274296579064,0.22131608167181788,711976,1957936,869045,0,0,0,32163358,1478850,3.84536e-4,68745,0,0.010058258,0,0.004413518,0.004342228,11296362,6191422,5066407,27640743,"list(c(-78.559518083093, -78.3731495106414, -78.1716426600806, -78.0229446709598, -77.8901436523076, -77.8610797212521, -77.7008767906314, -77.5375954896401, -77.5749239996428, -77.6801270001609, -78.1140069996233, -78.2607500002123, -78.176501000121, -78.2560850000227, -78.1928880003809, -78.2546220000053, -78.3742949996145, -78.4275019999173, -78.5463759995527, -78.5550429999345, -78.6406879996514, -78.6503419996835, -78.559518083093, 33.8670616050091, 33.9156852860472, 33.9294753203298, 33.9158002661694, 
34.0606642889259, 34.1495953106751, 34.3444151550354, 34.4596432941028, 34.4786810002281, 34.7205950000592, 34.7217949996396, 34.5453709999717, 34.4653559999795, 34.3994690003941, 34.3526749999513, 34.2163050001757, 34.204893000012, 34.1398170000546, 34.1383420003831, 34.0670709998269, 34.0098539998622, 33.944364999745, 33.8670616050091))"
NC,North Carolina,2.5381481868561657,NC-507,Raleigh/Wake County CoC,0.22197933826679064,Raleigh/Wake County CoC,Major City CoC,Sheltered and Unsheltered Count,37,992,176,46,196,193,161,147,73,415,555,10,1,9,0,0,2,913,79,7,621,1,256,3,32,144,269,723,38,8,851,763,88,0,141,860,739,121,0,92,695,409,1091662,58017921,2161634072,0,0,0.383317907,0.948426169,0.407082962,0.085219075,5.050170212157907e-4,83567,27977,0.43428831,0.001156979,0.070560536,0.004606991,0.00783528,0.404630737,0.009669554,6.513e-4,0.23899522,0.116458208,8907786,11354121,1820518,0,0,0,86370897,5336237,1.40153e-4,3178544,885972,0.003597267,10863256,8.64737e-4,0.00144825,14850066,10306909,26573630,94077039,"list(c(-78.9060709998767, -78.9950480003649, -78.7088960001503, -78.4740810003378, -78.2559730002537, -78.2843159996836, -78.4268640001735, -78.6832239997877, -78.7512730001488, -78.6993159999334, -78.8304130002597, -78.9060709998767, 35.8680960003302, 35.6101660002607, 35.5194680004479, 35.7012279997724, 35.8181199997383, 35.8745779997749, 35.975011999804, 36.0744840004363, 36.0708340002889, 36.0114480001251, 35.8674599997792, 35.8680960003302))"
NC,North Carolina,2.57088783213895,NC-509,"Gastonia/Cleveland, Gaston, Lincoln Counties CoC",0.2919776445262533,"Gastonia/Cleveland, Gaston, Lincoln Counties CoC",Largely Suburban CoC,Sheltered and Unsheltered Count,37,1398,249,132,222,330,234,153,78,615,777,3,0,0,3,0,0,1332,66,6,477,3,825,6,39,336,363,1035,102,3,750,681,69,0,648,783,708,75,0,0,297,0,404464,54076920,2890030147,0.3333333333333333,0,0.7616016452639442,0.5918694239571334,0.25523161537845646,0.1465701381941582,1.399514812742886e-4,52192.666666666664,7366.333333333333,0.4715839786666667,0.0014295270114764148,0.1105780817105213,0.024429375291252126,0.026347700537585547,0.4308566396638539,0.004220454719975078,0.0010557182529545275,0.22125825751451794,0.17008188602552268,1932093,1192781,1485202,0,0,0,27380141,1662332,0.001854015,525912,0,0.015458474,0,0.005690784,0.007670581,5221085,5174712,9863224,27057341,"list(c(-81.0339089997005, -81.0150499996577, -80.9548109997278, -80.9473439998257, -80.9600250000537, -81.5354030001483, -81.6919889995926, -81.7028529996662, -81.7681020004069, -81.3666000002897, -81.0339089997005, 35.1486899998437, 35.2686550003281, 35.3938100000315, 35.4884730001289, 35.5470200002728, 35.5681370001225, 35.5800409995925, 35.3573040000796, 35.1806109996979, 35.1648830001504, 35.1486899998437))"
NC,North Carolina,2.2265882496539375,NC-511,Fayetteville/Cumberland County CoC,0.16849578017011704,Fayetteville/Cumberland County CoC,Other Largely Urban CoC,Sheltered and Unsheltered Count,37,380,51,29,77,96,55,54,18,145,231,0,0,3,0,1,0,346,34,2,222,2,112,2,7,16,86,294,20,0,127,82,45,0,253,172,126,46,0,0,435,104,334562,15331092,1690118408,0,0,0.745475494,0.8615831360000001,0.575026452,0.187492317,1.979518111964141e-4,48177,9511,0.508504204,0.00228178,0.132305515,0.033093388,0.021384153,0.43931468600000007,0.004112986,9.92342e-4,0.24743395799999998,0.119290296,1476661,5197793,329029,0,0,0,31522287,3120362,2.71997e-4,43489,0,0.005702979,1617957,0.003449286,0.002394175,7555867,5185538,12413651,36940347,"list(c(-78.904219999953, -78.8273969996717, -78.4952160001183, -78.6477339999241, -78.6706499999975, -78.6171139998112, -78.7837430001393, -79.0962259996301, -79.1128530001658, -79.0387470001739, -78.9548599996892, -78.904219999953, 34.8348620003811, 34.8506930001819, 34.8591410003569, 34.9947399996513, 35.0925920002207, 35.2457180001856, 35.2625260000749, 35.1919829998157, 35.125911999839, 34.9527149996975, 34.9132659998261, 34.8348620003811))"
NC,North Carolina,1.3697681741712051,NC-513,Chapel Hill/Orange County CoC,0.10426215591144504,Chapel Hill/Orange County CoC,Other Largely Urban CoC,Sheltered and Unsheltered Count,37,148,20,4,22,28,26,32,16,45,102,1,0,0,0,0,0,137,11,2,85,0,52,1,6,27,32,116,3,1,115,65,50,0,33,101,49,52,0,220,44,56,146354,8829147,1029651668,0,0,0.879871785,0.709555065,0.30630526,0.12396448399999999,1.4213933172592112e-4,74803,15234,0.51162532,5.26098e-4,0.09782516600000002,0.02330785,0.026935399,0.403084302,0.003734444,0.001223062,0.194740151,0.140754609,1435098,840980,508522,0,0,0,10945476,872994,5.4662e-4,41047,0,0.003436872,0,0.001141069,0.002295803,2741985,2343275,1374244,10158145,"list(c(-78.9505970000515, -79.2579519995851, -79.264027000046, -79.2495380000786, -79.0163050003754, -78.9505970000515, 36.2393199999181, 36.2434450003865, 35.9141140000611, 35.8768100001814, 35.8632099998417, 36.2393199999181))"
NC,North Carolina,5.446563957173158,NC-516,Northwest North Carolina CoC,0.6535249835725884,Northwest North Carolina CoC,Largely Rural CoC,Sheltered and Unsheltered Count,37,2352,350,182,420,560,455,273,112,1099,1239,7,0,0,0,0,7,2051,301,14,329,0,1757,35,21,455,630,1722,140,14,1015,805,210,0,1337,1169,938,231,0,0,378,224,212443,24477941,6496718644,0.7142857142857143,0,0.9682177103881701,0.2308855855750107,0.10141543834006297,0.17941566818926488,3.270004622967631e-5,43958.71428571428,2731.5714285714284,0.46904597985714286,0.0012683761981189035,0.3159028135218452,0.030720478777709784,0.029113636855396512,0.603295942741766,0.003323651235936228,9.178933055219518e-4,0.1709823340792919,0.21518713245170235,906902,0,172392,0,0,0,24735831,0,0.002626677,103677,0,0.072642859,0,0.009515018,0.008527217,2216788,2625095,2505476,8530330,"list(c(-82.2753989995641, -82.2098120003235, -82.1008249997739, -82.0480389999998, -81.8998710002464, -81.807162000326, -81.674832999843, -81.545488000271, -81.3438139999161, -81.098112999915, -80.8815910001245, -80.8687460004276, -80.9421359997766, -80.9736430003242, -80.901641000232, -81.6774900000634, -81.6946079998593, -81.7974739996254, -81.9081669997072, -82.0338389998699, -82.1287939999431, -82.2138979998928, -82.4101969996917, -82.5054249997639, -82.4086019998824, -82.2753989995641, 35.7044380003135, 
35.7266720004125, 35.8427230002663, 35.8532290000184, 35.9999090004001, 35.9619550002232, 36.1226189997671, 36.1174749999713, 36.0233090003102, 36.0281620001762, 36.0557180001856, 36.3264469996294, 36.3736039997249, 36.453474000225, 36.5617660002008, 36.5881370004223, 36.4733719996182, 36.3584650003596, 36.3019660002308, 36.1204749998215, 36.1040139997464, 36.159041000342, 36.0825520001747, 35.977431999887, 35.818177999715, 35.7044380003135))"
ND,North Dakota,25.18492476778891,ND-500,North Dakota Statewide CoC,21.83941685332368,North Dakota Statewide CoC,Largely Rural CoC,Sheltered and Unsheltered Count,38,45845,7685,4770,8533,9964,7632,5512,1749,16748,28355,212,212,265,0,53,0,41022,4823,265,7950,318,20352,265,2332,6148,11607,34238,4399,636,35775,28832,6943,0,10070,48601,40121,8480,0,5459,28832,2703,760394,4414779344,178694311361,0.09433962264150944,0.07547169811320754,0.9855594068684419,0.6014056455526713,0.16321801590644586,0.1054256944302296,4.255278157477798e-6,62256.811320754714,2061.188679245283,0.3367556910754717,0.0015350195124615702,0.1479671903802365,0.02235747573939563,0.019317208180994326,0.4952656123624226,0.008625496534615739,0.0012730242883439375,0.23412730769683218,0.15308642628930264,1693707,3332500,330687,0,0,0,97653668,1070086,0.001197208,866521,0,0.236515861,0,0.104498835,0.049258353000000005,9858955,8944676,25280534,51377666,"list(c(-104.045547000294, -103.369028999988, -102.4459610001, -101.041136999873, -100.308162999623, -99.2967139997513, -98.4143180003754, -97.4825420000133, -96.5636720003625, -96.5544359998215, -96.5996599998091, -96.667422000425, -96.7960409997923, -96.7616930004316, -96.8348390002196, -96.8401220001302, -96.8306179998208, -96.8636899996937, -96.8499079999542, -97.0555970002014, -97.0712879998413, -97.1465310001055, -97.1165699998056, -97.1662710003064, -97.1054420001482, -97.2341279999072, -97.2289609999502, 
-98.6263730073084, -99.7009977351573, -100.526920574625, -101.627774247583, -102.981049808702, -104.048691819772, -104.047548999986, -104.041442999895, -104.045977000338, -104.045547000294, 45.945308000364, 45.9451520003646, 45.9449160002732, 45.943455000348, 45.9432580002565, 45.9400590002227, 45.9364930003517, 45.9350910004493, 45.9352450003565, 46.0841859997841, 46.3304810001981, 46.3761170002994, 46.6312089998955, 46.9345579999518, 47.0072539996724, 47.1504749997215, 47.3380140002459, 47.4897910000547, 
47.590754000197, 47.9491289999035, 48.0457969998317, 48.1440550002381, 48.2796609998553, 48.5510649998499, 48.6896480000552, 48.9478979995931, 49.0004539995525, 49.0000458953019, 48.9990929691652, 48.9992100393119, 48.9991591610665, 48.999221293428, 48.9998701938544, 48.4987890002122, 47.863054000142, 46.8745299998596, 45.945308000364))"
NE,Nebraska,27.24131325659038,NE-500,Nebraska Balance of State CoC,21.3468893685513,Nebraska Balance of State CoC,Largely Rural CoC,Sheltered and Unsheltered Count,31,55080,12060,6300,10260,9990,7650,6390,2430,23490,31500,0,90,0,0,0,0,42390,12690,0,6120,0,42570,90,1620,5670,18900,36180,5580,630,52380,33750,18630,0,2700,83250,53640,29610,0,9000,12510,37620,1154007,1307759751,196808547677,0.26666666666666666,0.011111111111111112,0.9605115256738357,0.5664579791810648,0.16728841322129936,0.10898446158629713,5.863602031624884e-6,55229.86666666667,1744.5,0.3319882996333333,8.094672102461125e-4,0.11107353966425539,0.02567066835668588,0.03446246887844354,0.4587155884613299,NA,0.001497391149200135,0.23744916622266332,0.17690447290926398,12183576,4407317,666515,0,0,0,69733258,2563667,0.009989478,1048344,324148,0.133654395,1602313,0.251132475,0.45878089,19116994,20565914,42405307,104884095,"list(c(-102.051743999586, -101.048305000375, -99.7721019996076, -98.7199270003308, -97.8307460001278, -97.0496629999474, -96.3010299997347, -95.3082900001833, -95.4199990003535, -95.3965489999364, -95.4779200004077, -95.478694000128, -95.6226839996668, -95.7656450003164, -95.7894849998328, -95.8831780001646, -95.8369030002732, -95.8320549997384, -95.8794869999251, -96.0562560002142, -96.207648000255, -96.2843870002598, -96.3505980003974, -96.4707200000279, -95.9378060003466, -95.9199889997924, -95.9961940003528, 
-96.0573310003254, -96.1136399997861, -96.1198609997853, -96.0648970002963, -96.162066999992, -96.1291859999339, -96.2343559998295, -96.3565600001439, -96.3565460003975, -96.726661000105, -96.7222309999606, -96.6314920000557, -96.7109979999577, -96.6876669996323, -96.9791199996882, -97.1302569996608, -97.2180460002227, -97.4170659995962, -97.6864770003133, -97.8313930002867, -97.9471890000723, -98.0130720003725, -98.2582759999374, -98.4673560000793, -98.4985499996827, -99.1956579998168, -100.034201000376, 
-100.830375000406, -101.633006999673, -102.625700999801, -103.475637999694, -104.053027999942, -104.052966999827, -104.053249000241, -103.57377399987, -102.981482000394, -102.051717000139, -102.051743999586, 40.0030780000497, 40.0022830002603, 40.0017510000087, 40.0022050002606, 40.0020229999615, 40.0013230000565, 40.0008370001275, 39.9999980001077, 40.0504399997063, 40.1247009996515, 40.1838440003004, 40.2436609996554, 40.3423229998066, 40.585208000349, 40.6593880001561, 40.7175790000708, 40.7764770002134, 
40.9811399999111, 41.0532990000489, 41.0653560002792, 40.9956279998324, 41.0217460000779, 41.2651920004105, 41.3932390003796, 41.3932010004259, 41.452603999575, 41.5069599998042, 41.511050999604, 41.6019549999234, 41.6926489995517, 41.7916730002088, 41.9030470002189, 41.9651360000264, 42.0407120003586, 42.2150019996426, 42.276480000052, 42.2780050002306, 42.52465199979, 42.524317999676, 42.6081290002532, 42.6531269997113, 42.7600899995539, 42.7715409997174, 42.8451130002648, 42.8659180001156, 42.8422119995842, 
42.868960000104, 42.7707090000204, 42.7622189997071, 42.8743899995989, 42.9475560003092, 42.9985589996981, 42.9980840002764, 42.9981450003915, 42.9980529997462, 42.9962549995686, 42.9997729999241, 43.0004800001519, 43.0005849995981, 41.9169720002577, 41.0014060000869, 41.0017159999935, 41.0021120002687, 41.002358999968, 40.0030780000497), c(-96.7683849996679, -96.7393279996874, -96.6045129996751, -96.5870140002958, -96.6852329998031, -96.7683849996679, 40.8210340000192, 40.8861550002531, 40.8764210001291, 
40.7265619997365, 40.7046419997286, 40.8210340000192))"
NE,Nebraska,3.733648109493706,NE-501,"Omaha, Council Bluffs CoC",0.4304317364305371,"Omaha, Council Bluffs CoC",Major City CoC,Sheltered and Unsheltered Count,19,1609,202,82,265,324,311,319,106,565,1032,0,7,5,0,0,0,1414,195,16,424,0,924,16,92,518,309,1300,62,12,1385,1178,197,10,224,1588,1267,311,10,281,859,168,93478,20387191,2463774735,0,0,0.963025765,0.730748289,0.129238965,0.103151957,3.7940968657591176e-5,59901,14630,0.443452664,0,0.07886191,0.01578737,0.036970424,0.42825049700000006,0.001625433,9.84189e-4,0.23391600199999998,0.174907465,2132364,1962979,118011,0,0,0,9964277,0,3.95815e-4,110480,0,0.008397698,0,0.006054901,0.003155823,1130616,1287559,7449635,14191644,"list(c(-95.9961940003528, -95.9199889997924, -95.9378060003466, -96.4707200000279, -96.3505980003974, -96.2843870002598, -96.207648000255, -96.0562560002142, -95.8794869999251, -95.8805209999442, -95.1558510004233, -95.1547219996206, -95.9961940003528, 41.5069599998042, 41.452603999575, 41.3932010004259, 41.3932390003796, 41.2651920004105, 41.0217460000779, 40.9956279998324, 41.0653560002792, 41.0532990000489, 41.1598739999852, 41.1592360002413, 41.5052110000876, 41.5069599998042))"
NE,Nebraska,3.733648109493706,NE-501,"Omaha, Council Bluffs CoC",0.4304317364305371,"Omaha, Council Bluffs CoC",Major City CoC,Sheltered and Unsheltered Count,31,3218,404,164,530,648,622,638,212,1130,2064,0,14,10,0,0,0,2828,390,32,848,0,1848,32,184,1036,618,2600,124,24,2770,2356,394,20,448,3176,2534,622,20,562,1718,336,749695,57909334,1462079589,0,0,0.543720973662987,0.9689627157808602,0.2839768174979412,0.09481994239795383,5.127593638816608e-4,74825.5,24418.5,0.421452021,6.237437192758594e-4,0.059507523702882,0.0073061645880057886,0.01711084740668672,0.4095265406690427,0.005170958690824934,6.976167616630763e-4,0.2604312423833586,0.12688760078480313,7580831,9288307,2962352,0,0,0,105238512,4768680,0.001244504,1242769,774793,0.011090702999999999,0,0.0042803039999999995,0.004578083,18175727,19226422,21717677,85737558,"list(c(-95.9961940003528, -95.9199889997924, -95.9378060003466, -96.4707200000279, -96.3505980003974, -96.2843870002598, -96.207648000255, -96.0562560002142, -95.8794869999251, -95.8805209999442, -95.1558510004233, -95.1547219996206, -95.9961940003528, 41.5069599998042, 41.452603999575, 41.3932010004259, 41.3932390003796, 41.2651920004105, 41.0217460000779, 40.9956279998324, 41.0653560002792, 41.0532990000489, 41.1598739999852, 41.1592360002413, 41.5052110000876, 41.5069599998042))"
NH,New Hampshire,13.28511018144697,NH-500,New Hampshire Balance of State CoC,2.424088698066176,New Hampshire Balance of State CoC,Largely Rural CoC,Sheltered and Unsheltered Count,33,12580,2070,930,2260,2980,1950,1600,790,5620,6790,80,0,90,0,0,0,11950,630,90,440,0,11460,0,360,4360,3480,9100,680,100,8710,7170,1540,0,3870,10750,7760,2990,0,40,4660,1660,1355244,1025960758,23190126218,0.1,0,0.8300243223285623,0.582925503513301,0.10419894866583436,0.07452300138936088,5.844056161057329e-5,70580.7,6513.2,0.4611022785,7.211868208827668e-4,0.15579907018801445,0.013598732954024514,0.014484374945254138,0.47121477749000623,0.0025839000223450534,9.533338277395068e-4,0.190173134707874,0.18088403279520662,13343004,6733384,9539133,0,750000,0,240806888,2676476,0.010002501,703021,298183,0.070566412,2808804,0.063691023,0.015882928,28051201,20718783,106288254,191910243,"list(c(-71.928992999827, -71.9747100000664, -72.0061900002682, -72.0622220004449, -72.0234779998098, -71.9132149997724, -71.856100000015, -71.6677709999317, -71.6412910000795, -71.5127669996972, -71.3923879999062, -71.3754349996255, -71.4423010002909, -71.4270670001419, -71.2454809998482, -71.1328050000507, -70.9295939998632, -70.8158196796344, -70.7185065276541, -70.7674625225773, -70.8691474858678, -70.850842386367, -70.8341555161641, -70.8338904337965, -70.8296974472793, -70.8290984250522, -70.8250115810196, 
-70.8182640000835, -70.9781149999073, -70.9507760000124, -70.9890400000959, -71.0335240001324, -71.0839177205264, -71.1329100003962, -71.2962340002989, -71.3974589999328, -71.5010800003417, -71.4960929996922, -71.6299189999618, -71.553756000439, -71.6001569998456, -71.8730530002957, -71.9814240003173, -72.0684780002595, -72.0323289996836, -72.1169560001193, -72.1833800001868, -72.271104999596, -72.3988710000966, -72.4730760001572, -72.5320219998154, -72.5415130004246, -72.4584120002136, -72.2830449998268, 
-71.928992999827, 42.7121019998075, 42.7894019996027, 42.9437890001623, 42.9447959998355, 43.1601250003685, 43.2070990001188, 43.11513500038, 43.1525340001441, 43.0541680001531, 43.0496149997325, 43.0093089999104, 42.9393179999258, 42.8903990004136, 42.8248399997663, 42.742514000221, 42.8214760002173, 42.8850320002267, 42.8720785422909, 43.0326111131124, 43.092047163246, 43.1244132375809, 43.1363931749052, 43.1252372261171, 43.1552672134112, 43.1649851066774, 43.172457170662, 43.1727400380224, 43.2383840003214, 
43.3589139998812, 43.5514909998099, 43.7901380000687, 44.6976369996478, 45.3054206757237, 45.2445120001287, 45.299143999596, 45.2031409997574, 45.0134430003942, 44.9078489998315, 44.7535780001247, 44.6304260001598, 44.4858329997932, 44.3367560003892, 44.3373659997412, 44.2708010003659, 44.0808690001043, 43.9926359997517, 43.8101270000611, 43.7339180002156, 43.5126530002358, 42.9725279998673, 42.9549430001194, 42.8070939997883, 42.7269330002578, 42.7216149996326, 42.7121019998075))"
NH,New Hampshire,2.4531494761265287,NH-502,Nashua/Hillsborough County CoC,0.2448411663767217,Nashua/Hillsborough County CoC,Largely Suburban CoC,Sheltered and Unsheltered Count,33,360,95,32,76,51,36,40,30,150,208,2,0,0,0,0,0,302,58,3,42,0,290,0,51,42,177,183,21,5,327,166,157,4,33,514,204,305,5,128,104,12,415305,41309760,2270202106,0,0,0.79584241,0.755627907,0.16315719800000003,0.074307447,1.8293745693494657e-4,82099,19861,0.481735669,7.553290000000001e-4,0.054343471,0.008095191,0.01063873,0.414637435,0.002236588,8.957270000000001e-4,0.204606253,0.157005093,8454118,4595763,2657216,0,0,0,164000000,2676476,9.51108e-4,301999,298183,0.01013472,2044562,0.00341195,0.00429323,15452208,10578480,29760051,76819056,"list(c(-71.5127669996972, -71.6412910000795, -71.6677709999317, -71.856100000015, -71.9132149997724, -72.0234779998098, -72.0622220004449, -72.0061900002682, -71.9747100000664, -71.928992999827, -71.8987730001738, -71.2946370003972, -71.2454809998482, -71.4270670001419, -71.4423010002909, -71.5127669996972, 43.0496149997325, 43.0541680001531, 43.1525340001441, 43.11513500038, 43.2070990001188, 43.1601250003685, 42.9447959998355, 42.9437890001623, 42.7894019996027, 42.7121019998075, 42.7113120002487, 
42.6970419995886, 42.742514000221, 42.8248399997663, 42.8903990004136, 43.0496149997325))"
NJ,New Jersey,7.73749034091991,NJ-500,Atlantic City & County CoC,0.1536362188861387,Atlantic City & County CoC,Largely Suburban CoC,Sheltered and Unsheltered Count,34,427,43,45,56,99,61,95,28,153,273,1,0,0,0,0,0,385,42,6,190,1,185,1,42,120,74,353,38,2,259,232,27,0,168,313,241,72,0,79,143,66,264650,301106094,1438939253,0,0,0.792109541,0.850648736,0.441859059,0.134567249,1.839202033360612e-4,63680,13830,0.58579844,0.003254107,0.213034747,0.014470079,0.016525002,0.485441149,0.002664275,0.001216701,0.212582656,0.181016437,918313,6215159,1339889,0,0,0,29511443,2504140,7.25486e-4,671856,0,0.009408653,0,0.010651804,0.005512942,19138271,9578640,52606531,92972799,"list(c(-74.6744739756934, -74.5713895126159, -74.4586144444011, -74.4566891829594, -74.6109949999193, -74.7362159999684, -74.9852709999566, -74.8559780000846, -74.8602340002988, -74.6744739756934, 39.2891109275274, 39.3034550943772, 39.4470289839006, 39.5472580293346, 39.6227709997819, 39.7297749997165, 39.5149669998272, 39.4242380003835, 39.3191469996344, 39.2891109275274))"
NJ,New Jersey,1.4004425294153922,NJ-501,Bergen County CoC,0.06636303804467275,Bergen County CoC,Largely Suburban CoC,Sheltered and Unsheltered Count,34,303,70,18,51,50,30,53,31,127,175,0,0,1,0,0,0,220,83,8,100,2,172,0,16,12,105,198,18,3,263,171,92,0,40,372,202,170,0,203,495,62,931275,35387155,602918746,0,0,0.068455348,0.99878941,0.445072616,0.064375202,0.0015446111207827664,104623,98048,0.478218358,0.002622355,0.04744679,0.005232569,0.013475468,0.385597165,0.002991616,6.07769e-4,0.212057663,0.173114279,11796661,18251871,773755,0,0,0,187000000,6142228,2.01874e-4,1085595,1620734,0.008507691,0,0.002439666,7.24813e-4,3194422,3709725,166000000,212574991,"list(c(-74.063201712489, -73.9923414269153, -73.9024082330534, -74.2112239995878, -74.2722259996302, -74.1410940003878, -74.1300160003381, -74.147529000363, -74.091135249692, -74.063201712489, 40.8045411576484, 40.8008844683436, 40.9973212802529, 41.1337139996015, 41.0179349997005, 40.9663739997603, 40.8199379998389, 40.7864909997599, 40.7622478422642, 40.8045411576484))"
NJ,New Jersey,2.4441985702975053,NJ-502,Burlington County CoC,0.2234713239564275,Burlington County CoC,Largely Suburban CoC,Sheltered-Only Count,34,1054,335,65,172,208,142,97,35,508,545,1,0,0,0,0,0,986,68,6,592,1,348,7,10,195,536,518,29,19,994,978,16,0,60,1007,984,23,0,0,258,38,446301,54133685,2070137467,0,0,0.753229829,0.902303728,0.334178055,0.059134360999999996,2.1559003066920482e-4,90329,26735,0.483806577,4.8158399999999996e-4,0.065349671,0.012736517,0.012275291,0.403214423,0.002479878,8.35759e-4,0.208471413,0.170111651,1114466,2904967,230548,0,0,0,0,1906809,3.58502e-4,170491,0,0.002027779,0,8.15593e-4,4.70534e-4,1307110,1090413,32497950,41222754,"list(c(-74.4164025068702, -74.3903990002137, -74.3897079998243, -74.5531050003954, -74.587835000285, -74.7220480004149, -74.9739810000231, -75.0599130003846, -74.9307449999817, -74.9029630003421, -74.8194190003865, -74.7362159999684, -74.6109949999193, -74.4566891829594, -74.4164025068702, 39.5593344980887, 39.5960369999077, 39.7732829997107, 40.0791299998497, 40.1382539996225, 40.1503109998528, 40.0485950000593, 39.9915289998635, 39.8859079998543, 39.7911079997344, 39.788001000346, 39.7297749997165, 
39.6227709997819, 39.5472580293346, 39.5593344980887))"
NJ,New Jersey,10.57596205405837,NJ-503,"Camden City & County/Gloucester, Cape May, Cumberland Counties CoC",0.3570619283312647,"Camden City & County/Gloucester, Cape May, Cumberland
Counties CoC",Largely Suburban CoC,Sheltered and Unsheltered Count,34,5436,1064,384,828,1044,940,868,308,2372,3048,0,12,4,0,0,0,4588,848,12,2704,28,2060,60,480,856,1720,3716,272,64,4500,3836,548,116,936,3528,2668,740,120,0,4108,784,1041252,1512742861,3310706651,0.25,0,0.49950009471757756,0.9100712504914746,0.36833350610998394,0.11141554105952065,3.145104987436714e-4,72026.75,20244.25,0.574791128,0.0014257275483094403,0.18349695480513498,0.017894332672378062,0.02380738484292563,0.45713909810309417,0.0023607152008053764,8.508986063344897e-4,0.22235827664029842,0.16630076104393077,7794971,17178237,10268193,0,0,0,105589707,7202708,0.0030181410000000002,2064886,862940,0.031972964,2529353,0.023892995,0.014401183,31903383,16969828,94944448,191718947,"list(c(-75.3257131556376, -75.169004259339, -74.9016193826284, -74.8979724401759, -74.9716543126963, -74.9175683536965, -74.7897254773488, -74.6078843879541, -74.6744739756934, -74.8602340002988, -74.8559780000846, -74.9852709999566, -74.7362159999684, -74.8194190003865, -74.9029630003421, -74.9307449999817, -75.0599130003846, -75.1305640640803, -75.4042863733175, -75.4044482845607, -75.4044891785327, -75.4048383924778, -75.4050449748457, -75.4052940816565, -75.4054336708272, -75.4058988397596, -75.4059917541161, 
-75.4060034426047, -75.4065255314281, -75.4067716749728, -75.4074087313278, -75.4097362873997, -75.4181163123179, -75.4189505441323, -75.419503114577, -75.4206503815099, -75.4209095499357, -75.4217611332696, -75.422231376177, -75.4283781641209, -75.4285672834533, -75.3672390003795, -75.1997930001468, -75.0618539999621, -75.0838230004311, -75.2384339996294, -75.3682130003297, -75.4068370448937, -75.3263111751206, -75.3257131556376, 39.3390451141407, 39.2309869981515, 39.1747031608223, 39.0972090432628, 
38.938453188364, 38.929264116246, 39.1022761564195, 39.2641130256956, 39.2891109275274, 39.3191469996344, 39.4242380003835, 39.5149669998272, 39.7297749997165, 39.788001000346, 39.7911079997344, 39.8859079998543, 39.9915289998635, 39.9009930336017, 39.7955751571678, 39.7954474426454, 39.7954151857622, 39.795210702412, 39.7951298344743, 39.7950979391186, 39.79507297214, 39.7948079716107, 39.7947416034423, 39.7947347730914, 39.7946211518448, 39.7944749445631, 39.7941965765108, 39.7938588370158, 39.7900884140491, 
39.7897948933197, 39.789529182326, 39.7883771525836, 39.7881021246134, 39.787241866419, 39.7869201321584, 39.7843192082649, 39.7841826624, 39.7175649996251, 39.6669959995658, 39.5687460004276, 39.4573539995874, 39.5590389997501, 39.4564789997061, 39.3806020142716, 39.3408841305982, 39.3390451141407))"
NJ,New Jersey,1.141006458180012,NJ-504,Newark/Essex County CoC,0.0353334738992565,Newark/Essex County CoC,Largely Suburban CoC,Sheltered and Unsheltered Count,34,2451,429,163,413,452,402,457,135,988,1444,5,3,11,0,0,0,2032,419,7,1813,1,453,8,62,251,721,1730,111,37,2167,1761,406,0,284,2385,1687,698,0,428,1331,393,798698,8653266,326552231,1,0,0.028057068000000004,0.999862225,0.6998114430000001,0.152958744,0.0024458506914932085,63959,92788,0.539898977,0.008239301,0.08701729,0.021087676999999996,0.033559998,0.39863002,0.002552197,0.001151875,0.23792221800000002,0.13691533,10349540,31243021,8125364,0,0,0,248000000,11278023,3.46814e-4,1082658,2171235,0.015327445,11147869,0.015865822,0.008332311,120000000,67325152,257000000,519722862,"list(c(-74.1600971455668, -74.1634476166142, -74.147529000363, -74.1300160003381, -74.2719749997464, -74.3717380003084, -74.1600971455668, 40.6875488104293, 40.7385800764094, 40.7864909997599, 40.8199379998389, 40.8973209998643, 40.7396400002858, 40.6875488104293))"
NJ,New Jersey,1.5595810157498693,NJ-506,"Jersey City, Bayonne/Hudson County CoC",0.013037801921735528,"Jersey City, Bayonne/Hudson County CoC",Largely Suburban CoC,Sheltered and Unsheltered Count,34,1168,208,73,184,216,210,196,81,439,720,0,3,6,0,0,0,721,447,13,540,6,302,3,25,250,350,818,33,29,956,917,39,0,212,442,380,62,0,353,623,243,671923,41836491,119640821,1,0,0,1,0.714264879,0.142123089,0.005616168414624972,75062,310434,0.452199602,0.00574077,0.081782114,0.012099339,0.033753747,0.423502395,0.00633266,0.001211448,0.204435627,0.119640197,15481364,20606675,1020222,0,0,0,208000000,10328337,3.88437e-4,0,1334898,0.014971954,4892444,0.010370236,0.009865714,67779912,52944106,202000000,376387958,"list(c(-74.1634476166142, -74.091135249692, -74.147529000363, -74.1634476166142, 40.7385800764094, 40.7622478422642, 40.7864909997599, 40.7385800764094))"
NJ,New Jersey,2.03043748084258,NJ-507,New Brunswick/Middlesex County CoC,0.08633924582576621,New Brunswick/Middlesex County CoC,Largely Suburban CoC,Sheltered and Unsheltered Count,34,689,152,37,159,112,114,80,35,276,410,1,2,0,0,0,0,486,203,19,297,1,305,1,4,199,280,409,16,8,540,538,2,0,149,495,490,5,0,453,551,83,825015,35297517,800946846,0,0,0.203516081,0.990234742,0.580299752,0.086693498,0.0010300496270385464,91731,44600,0.471376972,0.002812783,0.048501569,0.007077482000000001,0.011396001999999999,0.36684181499999996,0.00266211,5.8908e-4,0.217736647,0.150657867,6047316,10624797,4823053,0,0,0,136000000,5905565,4.6787e-4,511088,147551,0.008051975,0,0.002496924,7.83016e-4,7690527,4477224,56764690,96991811,"list(c(-74.4849620001961, -74.3934380000636, -74.2231335883444, -74.2704454669847, -74.2066740820432, -74.4632909999796, -74.4598630001773, -74.620239999976, -74.6305960000054, -74.4849620001961, 40.2533250001487, 40.2795479998404, 40.4519660009303, 40.4849837509993, 40.5947675607744, 40.59918700018, 40.491045999973, 40.3737490002163, 40.3396050003705, 40.2533250001487))"
NJ,New Jersey,3.803492698817506,NJ-508,Monmouth County CoC,0.13096708179136857,Monmouth County CoC,Largely Suburban CoC,Sheltered and Unsheltered Count,34,497,126,34,72,75,78,91,21,217,276,2,0,2,0,0,0,412,85,0,232,3,237,1,12,103,197,300,19,10,428,305,123,0,69,332,213,119,0,0,857,96,620821,500430336,1212586195,0,0,0.409706,0.9487115739999998,0.24998026800000003,0.064955919,5.119809235499337e-4,103523,24507,0.530465888,0.00143136,0.091011416,0.015376515,0.018165654,0.422163554,0.002445123,7.58673e-4,0.21195964700000003,0.176799754,10421407,7306546,3670765,0,0,0,117000000,3314798,3.33429e-4,1416413,417065,0.007635051,0,0.005065872,0.002387162,13450040,9204657,72738594,121940285,"list(c(-74.5531050003954, -74.4067099996667, -74.261455000248, -74.2306339998592, -74.1078040003543, -74.0313842650717, -73.9776576589737, -73.9922705108754, -74.1343185836357, -74.2231335883444, -74.3934380000636, -74.4849620001961, -74.587835000285, -74.5531050003954, 40.0791299998497, 40.1724019996526, 40.1670330002728, 40.10956100024, 40.1369180000657, 40.1008120716199, 40.2999967719335, 40.4080368322341, 40.4569667684017, 40.4519660009303, 40.2795479998404, 40.2533250001487, 40.1382539996225, 
40.0791299998497))"
NJ,New Jersey,2.4084616829998273,NJ-509,Morris County CoC,0.133203431577659,Morris County CoC,Largely Suburban CoC,Sheltered and Unsheltered Count,34,680,157,41,106,136,106,99,35,260,415,1,2,2,0,0,0,494,186,6,209,7,364,0,14,90,247,433,31,5,589,477,112,0,91,617,492,125,0,84,208,56,492715,53103740,1194048303,0,0,0.477289737,0.914450651,0.294569883,0.047902217,4.126424356218025e-4,117298,33122,0.422246174,0.00145524,0.052791293,0.005940564,0.016829025,0.394601342,0.002863867,5.98723e-4,0.211310798,0.170841156,3285281,4285273,1235836,0,0,0,47240477,1997154,3.22702e-4,3169254,335390,0.003383295,0,0.001788052,0.001140619,4827147,4223199,13090762,36449296,"list(c(-74.2719749997464, -74.3016850001626, -74.4236860001088, -74.5032120000337, -74.6415600001938, -74.7475829998555, -74.8502630000374, -74.8274839999866, -74.7256659999859, -74.5560179998308, -74.461035000265, -74.3717380003084, -74.2719749997464, 40.8973209998643, 40.9991729996343, 41.0276150000323, 41.0858730003387, 40.9621989996841, 40.9199809998233, 40.8041730003837, 40.7440719996231, 40.7195320002017, 40.7582879995916, 40.6735040000096, 40.7396400002858, 40.8973209998643))"
NJ,New Jersey,9.759223572569253,NJ-510,Lakewood Township/Ocean County CoC,0.17559318148964773,Lakewood Township/Ocean County CoC,Largely Suburban CoC,Sheltered and Unsheltered Count,34,553,156,29,91,113,61,63,40,281,270,0,0,1,0,1,0,478,75,8,167,0,318,0,5,109,243,310,18,7,516,508,8,0,37,74,62,12,0,178,295,236,602018,742151361,1627263273,0,0,0.60484269,0.9630682220000001,0.157000289,0.09884018,3.699573449415644e-4,72679,14325,0.603982513,8.1062e-4,0.194256478,0.011384506,0.015254255,0.473030707,0.0038592160000000004,7.93996e-4,0.240790142,0.22592347700000004,836124,6807212,3992740,0,0,0,72349115,2985271,4.16931e-4,344495,0,0.007107761,4243726,0.001413579,0,0,0,80094894,99304462,"list(c(-74.5531050003954, -74.3897079998243, -74.3903990002137, -74.4164025068702, -74.3417065597099, -74.1767136330277, -74.1972155883287, -74.1306935657554, -74.1366665660092, -74.0313842650717, -74.1078040003543, -74.2306339998592, -74.261455000248, -74.4067099996667, -74.5531050003954, 40.0791299998497, 39.7732829997107, 39.5960369999077, 39.5593344980887, 39.5668049549847, 39.6960268859321, 39.7444229800366, 39.8708759406722, 39.9382629024111, 40.1008120716199, 40.1369180000657, 40.10956100024, 
40.1670330002728, 40.1724019996526, 40.0791299998497))"
NJ,New Jersey,1.564041385878055,NJ-511,Paterson/Passaic County CoC,0.05504811028507669,Paterson/Passaic County CoC,Largely Suburban CoC,Sheltered and Unsheltered Count,34,710,124,37,77,155,155,125,37,238,469,0,0,3,0,0,0,466,244,5,289,0,218,48,21,109,191,519,17,13,616,603,13,0,94,280,265,15,0,477,557,80,502763,31997851,482081967,1,0,0.504205356,0.971687673,0.592684824,0.14833565500000004,0.0010428994121657324,73562,68652,0.530933604,0.00578607,0.048161566,0.008656103,0.022413326,0.352484172,0.001276542,7.63779e-4,0.238464247,0.146130483,8305885,12112969,1445668,0,0,0,136000000,5090771,1.59121e-4,1888279,437941,0.013590897,3995961,0.005233082,0.002597645,12079181,11290402,47328329,103975386,"list(c(-74.2719749997464, -74.1300160003381, -74.1410940003878, -74.2722259996302, -74.2112239995878, -74.2344169998447, -74.3675099995868, -74.5032120000337, -74.4236860001088, -74.3016850001626, -74.2719749997464, 40.8973209998643, 40.8199379998389, 40.9663739997603, 41.0179349997005, 41.1337139996015, 41.1430629999575, 41.2032409997724, 41.0858730003387, 41.0276150000323, 40.9991729996343, 40.8973209998643))"
NJ,New Jersey,2.10929136952755,NJ-512,Salem County CoC,0.09436106509000024,Salem County CoC,Largely Suburban CoC,Sheltered and Unsheltered Count,34,83,11,3,14,20,20,12,3,33,44,0,0,0,0,0,6,69,14,0,43,0,31,0,1,34,24,59,0,1,22,14,8,0,61,43,32,11,0,0,0,46,62754,105389623,859515222,0,0,0.941132363,0.468420809,0.263361698,0.137681278,7.301092335977268e-5,64234,10820,0.605691057,0.001720324,0.115659072,0.038794509,0.039301626,0.439924148,8.98355e-4,0.00065334500000000005,0.215030118,0.185597731,173792,0,0,0,0,0,1353117,0,0,0,0,0.010166683,0,0.005959779,0.005306435,4544473,1425604,6249189,12393058,"list(c(-75.4068370448937, -75.3682130003297, -75.2384339996294, -75.0838230004311, -75.0618539999621, -75.1997930001468, -75.3672390003795, -75.4285672834533, -75.4678874986091, -75.4683929805516, -75.4699190770037, -75.470598242315, -75.4706061050877, -75.4707915039247, -75.4708825485907, -75.4709840334863, -75.471711130864, -75.4725708278814, -75.473021347757, -75.475611555329, -75.4756171868837, -75.4754949573264, -75.4754477788919, -75.4754295586272, -75.475388940747, -75.4753245861607, -75.4753180462907, 
-75.4752036983919, -75.475195248362, -75.4751871139941, -75.4751731070532, -75.4757417007189, -75.4757654149419, -75.4766351106218, -75.4766651227972, -75.4767602431907, -75.4767721268321, -75.4764157947531, -75.4763985466556, -75.4826173370204, -75.4833474264425, -75.4835302568159, -75.4836950701713, -75.4847669784133, -75.4857804388162, -75.485815593315, -75.4871223577106, -75.487193819639, -75.4874313171015, -75.4880934582465, -75.4898553182683, -75.4902470377705, -75.4905738927709, -75.490689229924, 
-75.4913299995798, -75.4913783894011, -75.4920300867191, -75.4920730985946, -75.4923541538211, -75.4939555532061, -75.4942633452771, -75.494595150146, -75.4948991120044, -75.4950538286712, -75.4950836915591, -75.4951868716768, -75.4951996213654, -75.4957676493575, -75.4962231622691, -75.4994842308126, -75.5038908503824, -75.5041183743634, -75.5046139997363, -75.5064246371872, -75.5071021477459, -75.5077180115769, -75.5083248677984, -75.5097246814489, -75.5099304346418, -75.5099260666346, -75.5099059380086, 
-75.5093599865741, -75.5092973622834, -75.5092971563387, -75.5092733548814, -75.5104123723331, -75.5104099999215, -75.5104091257805, -75.5103197871284, -75.5125037988112, -75.5133375036228, -75.5139909537195, -75.5142233565226, -75.5164849401278, -75.5171762534813, -75.5176118320204, -75.5181988761772, -75.522353878029, -75.5229309433083, -75.5245781829368, -75.524618954601, -75.5256090497178, -75.5262319084758, -75.5263170697769, -75.5267811280466, -75.5268245509122, -75.5272160806576, -75.5272326137941, 
-75.5265890967094, -75.5265612033368, -75.5262146369959, -75.526250744776, -75.5276880943301, -75.5283333300191, -75.5287957596166, -75.5288800170991, -75.5290007007217, -75.5300139380927, -75.5312560583204, -75.5316629008222, -75.5334784099007, -75.533553675062, -75.5339512959155, -75.5342034900989, -75.5347275601288, -75.5383254022954, -75.5385274044161, -75.5397124644586, -75.5404782281876, -75.5430491938652, -75.5434252849489, -75.546870061604, -75.5471750900583, -75.5480093929191, -75.5504542160892, 
-75.5540869915214, -75.5542785336274, -75.5572204309781, -75.5573307993769, -75.5427235970163, -75.5407492694632, -75.5402995373937, -75.5396749888096, -75.5393594580725, -75.5387748169043, -75.537226307548, -75.5372280405416, -75.5341643219259, -75.5326762362193, -75.5307939003182, -75.5307809096112, -75.5127460572847, -75.5119734901844, -75.5147503790267, -75.529231073755, -75.5290959164433, -75.5278405510006, -75.5277904722524, -75.5271888887562, -75.5280850604771, -75.538341561314, -75.5426912708854, 
-75.4068370448937, 39.3806020142716, 39.4564789997061, 39.5590389997501, 39.4573539995874, 39.5687460004276, 39.6669959995658, 39.7175649996251, 39.7841826624, 39.7463825254333, 39.7450968618307, 39.7424153236083, 39.7415022904984, 39.7414629424609, 39.7407196240115, 39.7405038946391, 39.7402899108508, 39.7395803187767, 39.7386467811241, 39.7381727295879, 39.7337230909479, 39.7335877618657, 39.7323353992593, 39.7320732396883, 39.7319719904151, 39.7316978815521, 39.7313763874104, 39.7313458931985, 
39.7302792621783, 39.7301602342075, 39.7300456641761, 39.7298483736036, 39.7280313653553, 39.7279835178251, 39.7230427935901, 39.7230349820788, 39.7230126096443, 39.7230044923635, 39.7205726104377, 39.7204549764161, 39.7140365689326, 39.7149352929295, 39.7151984777276, 39.7153085493501, 39.7157306623403, 39.7158932786519, 39.7158892532864, 39.7154108625214, 39.7153784833304, 39.7152251750019, 39.7147359995667, 39.712866630091, 39.712326985602, 39.7117600601787, 39.7115719777646, 39.7104101274255, 
39.710130267398, 39.7088864780286, 39.7088383040445, 39.7085686342351, 39.7058374057717, 39.7053003009682, 39.7047934196806, 39.7042198293817, 39.7037168799301, 39.7036258100831, 39.7032855165134, 39.7032407536579, 39.7016468959875, 39.7010632045033, 39.6993983588472, 39.6983201868272, 39.6982752737849, 39.6980804626433, 39.6973098929373, 39.6966360821895, 39.6960189952804, 39.695378089827, 39.6940071579041, 39.6937990376955, 39.6937066971064, 39.6936416536395, 39.6929261044562, 39.6926919767534, 
39.6926901394384, 39.6924442890727, 39.6807127453969, 39.6802818325406, 39.6802720587086, 39.6799225758662, 39.6712371429798, 39.6704477864362, 39.6690227872718, 39.668543947745, 39.6652883102074, 39.6645487068574, 39.6640849723436, 39.66357698489, 39.6603353605885, 39.6595739576721, 39.6575598827824, 39.6575181011795, 39.6565792314464, 39.6565498317094, 39.6565858639465, 39.6567595572079, 39.6567013989505, 39.6561770042654, 39.6561548602587, 39.6560424423049, 39.656039169672, 39.6557265752213, 39.6554128215445, 
39.6532023670956, 39.652944637585, 39.6523662251212, 39.6521162342768, 39.6520193566081, 39.6511288119452, 39.6496777045625, 39.6491991420268, 39.6475989846055, 39.6475372164694, 39.6473434944068, 39.6472340514104, 39.6469853933613, 39.6461128873, 39.6460458788143, 39.6457245330608, 39.6455680672126, 39.6438435749211, 39.6433818647813, 39.6398829894085, 39.6395189609314, 39.6384266533674, 39.6369881643723, 39.6357252302353, 39.635534449855, 39.6326523448299, 39.6325789745401, 39.5949899399338, 39.5942697034841, 
39.5943282502486, 39.5942881503779, 39.5941836482568, 39.5940145820074, 39.5924854188671, 39.5924301348429, 39.5901905072861, 39.5890861982695, 39.587363803197, 39.5873118385705, 39.5779977049302, 39.5675482158775, 39.5626148103253, 39.5360808538484, 39.5360138876309, 39.535384544761, 39.5353580165593, 39.4998471856991, 39.4981132091573, 39.4969457722297, 39.4965681199229, 39.3806020142716))"
NJ,New Jersey,1.7166296718836729,NJ-513,Somerset County CoC,0.08398658345714313,Somerset County CoC,Largely Suburban CoC,Sheltered and Unsheltered Count,34,454,95,41,70,95,65,63,25,221,229,0,2,2,0,0,0,390,64,7,275,0,136,1,87,52,154,300,33,7,453,327,126,0,1,244,83,161,0,92,451,7,330151,7993022,781832071,0,0,0.440189886,0.9246846050000002,0.44925806699999993,0.050846316,4.222786609120822e-4,116510,31565,0.464104974,0.001478437,0.057982532,0.0034227709999999994,0.006294751999999999,0.384945071,0.0036231270000000003,4.99771e-4,0.21913306300000002,0.157782348,1138109,2096131,2147869,0,0,0,14409967,1359970,4.33135e-4,400292,0,0.003983026,0,0.001926391,1.51446e-4,354604,269884,28225610,35992469,"list(c(-74.620239999976, -74.4598630001773, -74.4632909999796, -74.461035000265, -74.5560179998308, -74.7256659999859, -74.7131500001723, -74.7759789999309, -74.7481469997842, -74.620239999976, 40.3737490002163, 40.491045999973, 40.59918700018, 40.6735040000096, 40.7582879995916, 40.7195320002017, 40.5839030004232, 40.5036060000169, 40.4241559999995, 40.3737490002163))"
NJ,New Jersey,1.5476841839046616,NJ-514,Trenton/Mercer County CoC,0.0627707524176029,Trenton/Mercer County CoC,Largely Suburban CoC,Sheltered and Unsheltered Count,34,934,261,63,151,161,146,116,36,404,523,3,1,3,0,0,0,781,153,2,604,5,199,3,24,149,428,506,30,30,787,706,81,0,147,494,395,99,0,577,407,464,368085,11337168,581395408,0,0,0.443093548,0.949220323,0.511968703,0.11104792800000002,6.331061355751196e-4,83306,38309,0.510136469,4.33658e-4,0.094235606,0.010564035,0.018447438,0.3942431780000001,0.001702372,6.76474e-4,0.213263241,0.153100507,13268397,6454432,3463024,0,0,0,633000000,3588573,6.41156e-4,830040,513383,0.006042083,3701935,0.009296766,0.004333238,21705213,12600525,135000000,201125522,"list(c(-74.7220480004149, -74.587835000285, -74.4849620001961, -74.6305960000054, -74.620239999976, -74.7481469997842, -74.8562619996915, -74.9429089997505, -74.7220480004149, 40.1503109998528, 40.1382539996225, 40.2533250001487, 40.3396050003705, 40.3737490002163, 40.4241559999995, 40.3466960000204, 40.3416829999705, 40.1503109998528))"
NJ,New Jersey,1.0507274220744292,NJ-515,Elizabeth/Union County CoC,0.02866714993041185,Elizabeth/Union County CoC,Largely Suburban CoC,Sheltered and Unsheltered Count,34,996,246,74,169,166,125,153,63,469,513,0,0,14,0,0,0,709,287,5,605,1,281,3,10,163,434,562,40,16,926,823,103,0,70,547,311,236,0,8,491,654,555208,6841269,266163569,0,0,0,1,0.61008667,0.087945479,0.0020859654162512374,82644,68189,0.512765589,0.004815961,0.05404219400000001,0.01017143,0.024829531,0.365309938,0.002862473,7.42064e-4,0.234823706,0.14454943,9298056,14429514,6546928,0,0,0,78155374,4815646,7.65479e-4,502547,802886,0.006775839,0,0.003652685,0.003809383,24129705,13527107,39113904,113166293,"list(c(-74.4632909999796, -74.2066740820432, -74.2046804109722, -74.1490956175687, -74.147010975576, -74.1600971455668, -74.3717380003084, -74.461035000265, -74.4632909999796, 40.59918700018, 40.5947675607744, 40.6292816847021, 40.6595744026366, 40.662090246168, 40.6875488104293, 40.7396400002858, 40.6735040000096, 40.59918700018))"
NJ,New Jersey,3.859578142645971,NJ-516,"Warren, Sussex, Hunterdon Counties CoC",0.3695100112794856,"Warren, Sussex, Hunterdon Counties CoC",Largely Suburban CoC,Sheltered and Unsheltered Count,34,1212,279,75,141,258,189,192,78,621,585,3,0,3,0,0,0,957,255,9,351,0,723,0,204,201,462,750,42,12,1062,771,291,0,150,1176,822,354,0,0,363,144,371789,84471239,3374398920,0,0,0.917889675562588,0.4963734234314813,0.16148675711871788,0.05392945604422669,1.1017932639689205e-4,99192.33333333333,11453.333333333334,0.468041793,5.649698233014794e-4,0.09049893667824889,0.01878006428867449,0.017791549307292577,0.4262552142873835,0.002054819975044985,6.132512223196491e-4,0.19590681802152296,0.1800241533289554,2272281,1212903,-2043640,0,0,0,28768970,0,0,268113,0,0.018153695,0,0.004713318,0.006034147,5933587,4524990,7664012,19832246,"list(c(-74.9429089997505, -74.8562619996915, -74.7481469997842, -74.7759789999309, -74.7131500001723, -74.7256659999859, -74.8274839999866, -74.8502630000374, -74.7475829998555, -74.6415600001938, -74.5032120000337, -74.3675099995868, -74.6955800002168, -74.8377870002698, -74.8823310003753, -75.0268469998891, -75.1305749998363, -75.0536639999935, -75.1715869998401, -75.1968029998585, -75.0681000002148, -75.0609169999196, -74.9429089997505, 40.3416829999705, 40.3466960000204, 40.4241559999995, 40.5036060000169, 
40.5839030004232, 40.7195320002017, 40.7440719996231, 40.8041730003837, 40.9199809998233, 40.9621989996841, 41.0858730003387, 41.2032409997724, 41.3576070002629, 41.2780089997156, 41.1808210000891, 41.0397310002855, 40.9910930002418, 40.8736599996093, 40.7777450002316, 40.6085799998672, 40.5414879995716, 40.4217369999626, 40.3416829999705))"
NM,New Mexico,27.36969114583983,NM-501,New Mexico Balance of State CoC,30.84515212803302,New Mexico Balance of State CoC,Largely Rural CoC,Sheltered and Unsheltered Count,35,60512,8864,4928,11808,12928,10112,7648,4224,23936,35840,256,192,224,32,32,0,35872,24640,352,2528,96,21984,256,2848,18912,12704,47808,2624,288,28160,23296,4864,0,32352,40768,33056,7712,0,0,38976,11040,2095026,697373807,308181754457,0.8125,0.34375,0.9317498151901676,0.7471027063142147,0.6331654116195259,0.1858053408146806,6.7980208746988455e-6,45531.09375,3267.9375,0.4445641219375,0.003097359718546789,0.1595032142272907,0.04172139392644054,0.04019675922033569,0.4498937005956642,NA,0.0012324429245336335,0.2303565682052008,0.17403602610283023,17304114,13774666,5703760,6400000,0,2300000,182429935,5666859,0.009534175,3602102,766823,0.13250144,2650836,0.108832267,0.133585535,29155142,26282626,67022342,180629270,"list(c(-109.045171999988, -109.045784000331, -109.0459479998, -109.046767999843, -109.04710400005, -109.047830000254, -109.049047999765, -109.050033161201, -108.208469999791, -108.208484000436, -107.215093999688, -106.528159305008, -106.527939999931, -106.635919999908, -106.618485999929, -105.998012000354, -105.245188000226, -104.288106000192, -103.064509999936, -103.064624999844, -103.043651000293, -103.042731000136, -103.041609999702, -103.041712999955, -103.002358999968, -103.002329000383, -104.338833000343, 
-105.02922600018, -105.750570000105, -106.869819999793, -106.877231999857, -107.937132000142, -109.045171999988, 36.9989770003883, 36.3149180003655, 35.2063990000139, 34.209308000364, 33.604095000384, 32.6902690004141, 31.9209169998197, 31.3324060335117, 31.3333729998641, 31.7836979995631, 31.7836380003935, 31.7838900003233, 31.7838900003233, 31.8662329997532, 32.000495000344, 32.0023769998987, 32.0002069996534, 32.000070999677, 32.0004239997678, 32.9998989996392, 34.0036390001398, 35.0000669997922, 
35.6648100002814, 36.5004389995602, 36.5005510002285, 37.0001499996229, 36.99353500034, 36.9927269999511, 36.9956940000781, 36.9924970001365, 37.000100000015, 36.9996910000397, 36.9989770003883), c(-106.51973500017, -106.569049999957, -106.6400519998, -106.728118999692, -106.773556999656, -106.872783999782, -106.867794999939, -106.749737000162, -106.662546000198, -106.482955000173, -106.51973500017, 35.0505270002209, 34.9475430004092, 35.0146470003588, 35.0219839996619, 35.0988389996202, 35.1250119997041, 
35.1798359999315, 35.180042000438, 35.2179239999926, 35.1591789997111, 35.0505270002209))"
NV,Nevada,7.403772983061111,NV-500,Las Vegas/Clark County CoC,2.09252023582497,Las Vegas/Clark County CoC,Major City CoC,Sheltered and Unsheltered Count,32,7906,971,508,1243,1710,1406,1379,689,2883,4949,36,21,12,0,0,5,7004,902,155,3407,2,3012,115,495,2709,1485,6421,444,31,3704,3163,541,0,4202,4185,3482,703,0,628,2142,1872,2228866,438384090,20439308551,0,0,0.9424734250000001,0.98731075,0.582656382,0.133552933,1.0904801375440619e-4,61048,40777,0.517191439,0.003239698,0.113362156,0.007656184000000001,0.016162812,0.409385311,0.004893057,5.27623e-4,0.231820127,0.148136766,25711365,33800294,1744704,0,0,0,312000000,16189663,1.44019e-4,2565614,2630591,0.004982354,6643541,8.97766e-4,9.57886e-4,26496990,12319761,29420279,157522802,"list(c(-114.050353999637, -114.762300999691, -114.762507000198, -115.740846000243, -115.896924999689, -115.895752999601, -115.845762000116, -115.845994000023, -115.648356999676, -115.259720000178, -114.633487000325, -114.569528999764, -114.595163000172, -114.678891999666, -114.653927000431, -114.689000999996, -114.708111999969, -114.754508000044, -114.627078999796, -114.370180999653, -114.243865000369, -114.15339999961, -114.043943999916, -114.050353999637, 36.8431409995575, 36.8438560001543, 36.8534730002788, 
36.8530840003264, 36.8420850003226, 36.1722269995764, 36.170763999559, 35.963707000078, 35.8092109998878, 35.5035409998173, 35.0018569996009, 35.1623169996299, 35.3218829998007, 35.5012759996877, 35.6117389999549, 35.6502800002219, 35.9099329997082, 36.0861709997919, 36.1407610000202, 36.142623999598, 36.015265999926, 36.0231700001954, 36.1933499997028, 36.8431409995575))"
NV,Nevada,7.552770124039886,NV-501,"Reno, Sparks/Washoe County CoC",1.804285179297043,"Reno, Sparks/Washoe County CoC",Other Largely Urban CoC,Sheltered and Unsheltered Count,32,1760,102,94,235,379,354,408,188,575,1160,4,3,14,2,0,2,1505,255,31,211,1,1258,37,129,385,162,1598,84,5,1397,1131,266,0,363,1516,1116,400,0,189,461,93,464182,582745905,16358036862,0,0,0.972008322,0.958282973,0.377823785,0.10911267600000002,2.8376387944099988e-5,68272,21406,0.470117529,0.004491822,0.075893367,0.006906619,0.015714917,0.433883692,0.006164122,8.27262e-4,0.216378489,0.163560845,3933612,5409798,421924,0,0,0,61710571,3209876,2.04661e-4,670730,361319,0.005497844,0,0.002759693,0.0016179,3391081,4277715,13273287,34949342,"list(c(-120.004296999607, -119.88078700022, -119.677475999917, -119.695643000424, -119.370604000174, -119.170640999582, -119.208543000059, -119.225086000319, -119.339295999811, -119.338504000159, -119.313037000257, -119.309597999948, -119.329791000354, -119.323955000123, -119.324183999892, -119.999233999949, -119.999874999831, -119.995975999892, -119.997902999724, -120.003772999724, -120.006323000406, -120.004296999607, 39.1656030001784, 39.1655090003401, 39.2808709998968, 39.5200230000614, 39.586882000404, 
39.6804529996063, 39.8099669997773, 39.9993720000178, 39.9986089999055, 40.5178050001007, 40.518314000191, 40.9603780002446, 40.9603940000831, 41.4145189996522, 41.9939230001464, 41.994943999566, 40.9998939996084, 40.5705499997827, 39.9816359996017, 39.4450559999345, 39.3164959996907, 39.1656030001784))"
NV,Nevada,22.59309899021041,NV-502,Nevada Balance of State CoC,26.043204425777652,Nevada Balance of State CoC,Largely Rural CoC,Sheltered and Unsheltered Count,32,6600,495,300,735,1395,1335,1365,975,2160,4410,0,0,30,0,0,0,5910,690,60,300,15,5565,30,300,1635,825,5775,255,0,1365,1020,345,0,5235,2355,1470,885,0,1590,2115,1320,337233,818378132,247740072938,0.3333333333333333,0,0.9690913359507313,0.6132479262976488,0.28490687453160274,0.11464334167042074,1.3612371870270528e-6,58483.933333333334,2532.0666666666666,0.3797685276666667,0.0013238963344864782,0.1280040343194276,0.028004377546877086,0.02770547410497193,0.45863542434773885,NA,0.0011564702660593715,0.20869250638135356,0.21326797807302666,646765,374115,38688,0,0,0,22800651,0,0,324958,0,0.024230794,1026194,0.018444994,0,0,0,5778853,8189573,"list(c(-115.845994000023, -115.845762000116, -115.895752999601, -115.896924999689, -115.740846000243, -114.762507000198, -114.762300999691, -114.050353999637, -114.0500520001, -114.052806000297, -114.049324999849, -114.049578999871, -114.047180999903, -114.043691999986, -114.040527999767, -114.041477000363, -115.033001999643, -116.045372999764, -117.02620000033, -117.626017999731, -118.676499000029, -119.324183999892, -119.323955000123, -119.329791000354, -119.309597999948, -119.313037000257, -119.338504000159, 
-119.339295999811, -119.225086000319, -119.208543000059, -119.170640999582, -119.370604000174, -119.695643000424, -119.677475999917, -119.88078700022, -120.004296999607, -120.002461000375, -120.001014000196, -119.904314999737, -119.461281999964, -118.714201000276, -117.875927000431, -117.000894999804, -116.380347000414, -115.845994000023, 35.963707000078, 36.170763999559, 36.1722269995764, 36.8420850003226, 36.8530840003264, 36.8534730002788, 36.8438560001543, 36.8431409995575, 37.0001909997149, 
37.5939130003847, 38.2660599996693, 38.8834799996023, 39.8497390001548, 40.7355860003937, 41.3419700004152, 41.9938729996393, 41.9962450002067, 41.9963309996759, 42.0001949997995, 41.9980960001304, 41.9921540004069, 41.9939230001464, 41.4145189996522, 40.9603940000831, 40.9603780002446, 40.518314000191, 40.5178050001007, 39.9986089999055, 39.9993720000178, 39.8099669997773, 39.6804529996063, 39.586882000404, 39.5200230000614, 39.2808709998968, 39.1655090003401, 39.1656030001784, 39.0674890001173, 
38.9995739996404, 38.9333240004024, 38.6275330001479, 38.1021050003455, 37.4972669996724, 36.8476939999782, 36.37496100025, 35.963707000078))"
NY,New York,2.4844312857614397,NY-500,"Rochester, Irondequoit, Greece/Monroe County CoC",0.19079433443067476,"Rochester, Irondequoit, Greece/Monroe County CoC",Largely Suburban CoC,Sheltered and Unsheltered Count,36,1056,268,99,194,166,133,141,55,440,607,5,1,2,0,0,1,879,177,2,610,0,311,1,82,181,415,641,74,24,976,815,150,11,80,894,717,165,12,226,1453,470,743084,1838269506,1701477040,0,0,0.578374569,0.918798382,0.300529954,0.140765719,4.367287847739632e-4,62087,27813,0.516915697,9.10848e-4,0.072606007,0.009601799,0.016329135,0.44289071,0.0016507300000000002,8.2494e-4,0.20816623700000003,0.17322806,24838216,22793094,3105746,0,0,0,150000000,8264635,7.34776e-4,815717,1742645,0.011613761,2154720,0.005136701,0.00310732,19544418,14046437,64150257,161455885,"list(c(-77.9098319999468, -77.7309569996658, -77.5803770001984, -77.4825170001594, -77.4854179999407, -77.3714780003094, -77.3760462307489, -77.5770323045971, -77.7147722299544, -77.9956065757828, -77.9972899996337, -77.9098319999468, 42.9877620000163, 42.9883720002676, 42.9439630000924, 42.9431640001185, 43.0345639999287, 43.0346959997207, 43.2761271769277, 43.2428894697733, 43.3239424609758, 43.3651233698477, 43.1329809995735, 42.9877620000163))"
NY,New York,6.126328525713938,NY-501,"Elmira/Steuben, Allegany, Livingston, Chemung, Schuyler Counties CoC",1.084183592506415,"Elmira/Steuben, Allegany, Livingston, Chemung, Schuyler
Counties CoC",Largely Rural CoC,Sheltered and Unsheltered Count,36,3430,775,345,710,775,440,305,80,1545,1870,15,0,0,0,0,0,3310,120,0,565,0,2760,10,75,160,1350,2080,205,40,3240,3040,200,0,190,3240,3035,205,0,0,1575,1530,307325,115156780,9809272120,0.6,0,0.9701712136475718,0.40442475066423494,0.09267713318519157,0.1395310875982201,3.133005142893314e-5,54999.6,3933.2,0.4835908406,0.0011722201385569863,0.1845704917955722,0.0373967073436232,0.03654995488155861,0.49621735931474176,0.0014574743033368583,8.557717393541038e-4,0.20339380127079476,0.1895973318479525,3939727,2290644,1165209,0,0,0,3330195,537297,8.69111e-4,102634,0,0.035312452,0,0.020064620999999998,0.005682696,3078773,2492564,11512992,25119840,"list(c(-78.3081440004452, -77.6100269996463, -76.557727000001, -76.5383490003061, -76.691405999787, -76.6966549999283, -76.8955960001553, -76.8898050002006, -77.1495019999173, -77.143795000239, -77.490889000427, -77.4868749996814, -77.5988149997124, -77.5803770001984, -77.7309569996658, -77.9098319999468, -77.9555300002093, -77.9558830003002, -78.0502799998221, -78.0394650002095, -78.3088390001197, -78.3081440004452, 41.9991930003567, 41.999368000333, 42.0000640000536, 42.2817549995936, 42.2843070003678, 
42.5467899999586, 42.5415369996329, 42.4630540001421, 42.5000700002304, 42.5768690003042, 42.5772879998414, 42.6702790001758, 42.671964999685, 42.9439630000924, 42.9883720002676, 42.9877620000163, 42.905861000285, 42.6678869995854, 42.5736609998553, 42.5211839999417, 42.5212169996648, 41.9991930003567))"
NY,New York,1.7820499933584963,NY-503,Albany City & County CoC,0.15151099090822914,Albany City & County CoC,Largely Suburban CoC,Sheltered and Unsheltered Count,36,1011,214,46,246,200,164,108,33,332,673,3,3,0,0,0,0,900,111,7,465,6,410,2,42,128,325,686,38,1,838,684,154,0,173,674,515,155,4,25,838,218,306165,26971925,1354273421,0,0,0.762469182,0.904318909,0.287665148,0.120703778,2.260732546710743e-4,68327,35944,0.447744977,4.44888e-4,0.099292774,0.015494285000000002,0.01694951,0.464605686,0.00205672,0.001342413,0.18445936,0.169421717,8926528,7078418,448702,0,0,0,1350000000,2042248,5.38925e-4,351412,577203,0.013649503,5049858,0.006421374,0.005686476,14242002,12090966,28733682,79541019,"list(c(-74.2543029995837, -73.783721000124, -73.76126499968, -73.6767619995666, -73.8093690002791, -74.1802740004447, -74.169724999609, -74.2339950001691, -74.2543029995837, 42.4082069997533, 42.464230999561, 42.6103789996911, 42.7832770004333, 42.7788690004041, 42.7299790004306, 42.66742599991, 42.5756879998014, 42.4082069997533))"
NY,New York,4.786101508003924,NY-505,"Syracuse, Auburn/Onondaga, Oswego, Cayuga Counties CoC",0.7320864286412816,"Syracuse, Auburn/Onondaga, Oswego, Cayuga Counties CoC",Largely Suburban CoC,Sheltered and Unsheltered Count,36,3576,1077,270,633,687,393,393,123,1626,1920,21,3,6,0,0,0,3255,321,21,1320,0,1806,15,165,249,1701,1875,165,81,3420,3081,339,0,156,3795,3294,501,0,2643,2763,1491,656179,1449679512,6271865811,0.3333333333333333,0,0.8359017304559715,0.7156397273517698,0.19021791324009762,0.14210126918241975,1.0462261466901145e-4,59907.666666666664,11127,0.48005020000000004,9.198580007566035e-4,0.11968911715721244,0.020660172666391335,0.031053971356020234,0.45844350371525755,0.0016765606510068135,0.0010652585092299509,0.21077937592147877,0.17178239456582883,20245123,16040718,3457599,0,0,0,94227854,4556424,9.94387e-4,506093,1214267,0.031814022,0,0.014583440999999999,0.005660635000000001,24097434,15486904,43220132,128824694,"list(c(-76.6665429998595, -76.2655839996019, -76.2746729996592, -75.8960790001457, -75.9171889996725, -75.8146270004357, -75.7564159995987, -75.7738189999469, -76.0250870003647, -76.1831416439717, -76.2311006702597, -76.4170645369987, -76.630943600167, -76.7225002124148, -76.7023249996989, -76.7374600002788, -76.7334539999021, -76.6665429998595, 42.6234570002404, 42.6235879999863, 42.7712570001105, 42.7909639996889, 43.0857790001008, 43.4835780003245, 43.4704160003981, 43.6887779996051, 43.7070179998809, 
43.6792609798104, 43.5312643323831, 43.5214053813533, 43.412975395698, 43.3436729166718, 43.080392999937, 42.9021059997921, 42.7278949996546, 42.6234570002404))"
NY,New York,1.313819590876634,NY-507,Schenectady City & County CoC,0.05970909561847233,Schenectady City & County CoC,Largely Suburban CoC,Sheltered and Unsheltered Count,36,362,80,29,81,62,40,54,16,147,214,1,0,0,0,0,0,302,60,3,135,0,178,0,2,13,134,228,17,5,344,287,56,1,18,294,202,92,0,10,463,190,155086,12366944,530089712,0,0,0.738908798,0.9115151750000001,0.278148898,0.11399200999999999,2.925655723723987e-4,66488,18642,0.474262462,4.34941e-4,0.177520212,0.010474351,0.017314159,0.450620946,0.001515311,0.001134854,0.216196175,0.17207227,9796949,4230108,0,0,0,0,32198827,2423790,6.31907e-4,0,378473,0.011587119,0,0.004578105,0.004616793,7161758,6785090,4745804,35521972,"list(c(-74.0929800002268, -74.0838829998006, -74.2568290000582, -74.1802740004447, -73.8093690002791, -74.005656000424, -74.0929800002268, 42.9558679996085, 42.8973540000871, 42.812214000276, 42.7299790004306, 42.7788690004041, 42.9334839997868, 42.9558679996085))"
NY,New York,5.80353390601272,NY-508,"Buffalo, Niagara Falls/Erie, Niagara, Orleans, Genesee, Wyoming Counties CoC",0.8734182874980034,"Buffalo, Niagara Falls/Erie, Niagara, Orleans, Genesee,
Wyoming Counties CoC",Largely Suburban CoC,Sheltered and Unsheltered Count,36,7745,1635,635,1660,1655,1045,825,290,3585,4100,15,40,5,0,0,0,7005,740,35,4090,40,3100,15,330,420,2615,5130,540,75,7640,6035,1605,0,105,7995,6120,1875,0,375,6050,1945,1267223,3194758268,7878840500,0.2,0,0.7660025445438908,0.797583015296314,0.219640110684634,0.1320960241089974,1.6083876809030466e-4,57811,9789.6,0.4322139212,7.3489168851046e-4,0.08963885398861643,0.01851973197983701,0.037357245125105056,0.4679097520454482,0.0013883880097038958,9.280137434350545e-4,0.20184292763676953,0.1819908573741141,34453630,44609225,12020637,0,0,0,176317815,12788681,0.003927725,3038894,3544509,0.038626071,1936315,0.019101141,0.014245466,62892798,39741500,71727292,286753481,"list(c(-79.0607769998586, -78.9917019998474, -78.9339440001155, -78.780824999574, -78.5115580001016, -78.3088390001197, -78.0394650002095, -78.0502799998221, -77.9558830003002, -77.9555300002093, -77.9098319999468, -77.9972899996337, -77.9956065757828, -78.4847189063524, -78.6375807988148, -79.0508218303631, -79.0438697480903, -78.9256217611353, -78.9369878059425, -78.8537689100071, -79.0476778481541, -79.1370709559598, -79.0607769998586, 42.5378529997162, 42.5292490004411, 42.4484819999444, 42.4551550001032, 
42.527811999824, 42.5212169996648, 42.5211839999417, 42.5736609998553, 42.6678869995854, 42.905861000285, 42.9877620000163, 43.1329809995735, 43.3651233698477, 43.3748304469676, 43.3573914602478, 43.2532794902563, 43.0778414362334, 43.0661994452482, 42.9945695225655, 42.7850814802262, 42.691378509111, 42.5699122361608, 42.5378529997162))"
NY,New York,1.8782809818934785,NY-510,Ithaca/Tompkins County CoC,0.13932267802164788,Ithaca/Tompkins County CoC,Largely Rural CoC,Sheltered and Unsheltered Count,36,210,15,32,43,49,39,24,8,78,126,0,2,3,1,0,0,188,22,1,71,0,118,0,2,42,22,188,34,0,194,162,32,0,16,221,176,45,0,114,153,41,102237,43786803,1229315822,0,0,0.9482603140000001,0.558937015,0.231070943,0.174709456,8.316577251374546e-5,61361,8833,0.586940147,2.93995e-4,0.072741316,0.00636089,0.014720916000000002,0.43055840800000006,0.003883865,6.25996e-4,0.147392823,0.14319669,1420295,1271047,0,0,0,0,22463066,650089,0,0,0,0.02030576,0,4.01029e-4,0.003442981,1853342,1987860,1421059,8603692,"list(c(-76.5383490003061, -76.4153049999258, -76.2501490000762, -76.2655839996019, -76.6665429998595, -76.6966549999283, -76.691405999787, -76.5383490003061, 42.2817549995936, 42.3183679999833, 42.2966759996977, 42.6235879999863, 42.6234570002404, 42.5467899999586, 42.2843070003678, 42.2817549995936))"
NY,New York,6.655698539759469,NY-511,"Binghamton, Union Town/Broome, Otsego, Chenango, Delaware, Cortland, Tioga Counties CoC",1.449750917113325,"Binghamton, Union Town/Broome, Otsego, Chenango,
Delaware, Cortland, Tioga Counties CoC",Largely Rural CoC,Sheltered and Unsheltered Count,36,4800,732,378,1242,1152,732,426,138,1842,2946,0,12,0,0,0,0,4560,240,6,804,36,3648,6,96,6,1248,3552,198,48,4392,4272,120,0,408,4788,4194,594,0,0,3204,804,439887,157144013,13107846519,0,0,0.9540460424421521,0.4866931911474538,0.11670951854046607,0.155944639801474,3.35590594047907e-5,55211.333333333336,5417.166666666667,0.4831396631666667,0.0017171985813060422,0.1862778469912822,0.02774484063080291,0.027748863490389578,0.5075712628423231,0.001310899346329853,9.661572563044601e-4,0.18891442556369475,0.19890562819450222,5144665,3632980,557638,0,0,0,21012222,1184563,9.84869e-4,74804,326798,0.037081521,0,0.016965960999999998,0.012634301,8483889,7851912,14595015,41852264,"list(c(-74.7806929996822, -74.4517130002547, -74.5373099995568, -74.4435060004016, -74.6188950000042, -74.7115799997172, -74.6306309998208, -74.6675119999788, -74.6482979997529, -74.8788220004349, -74.9067379999587, -75.1009990002037, -75.2121580001915, -75.2958770001234, -75.8898319998469, -75.8960790001457, -76.2746729996592, -76.2655839996019, -76.2501490000762, -76.4153049999258, -76.5383490003061, -76.557727000001, -75.7646830004201, -75.3596450000167, -75.2411469997342, -75.1447440003353, -74.7806929996822, 
42.016375000406, 42.1692250002336, 42.2014240003174, 42.3550170002345, 42.4243889995527, 42.5177990003236, 42.626674000205, 42.7507099995669, 42.829557999702, 42.898274000245, 42.8249430000195, 42.9083629996528, 42.8799729998541, 42.744105999892, 42.7238439999007, 42.7909639996889, 42.7712570001105, 42.6235879999863, 42.2966759996977, 42.3183679999833, 42.2817549995936, 42.0000640000536, 41.9978559998546, 41.9995539999172, 41.86725199978, 41.8516770000936, 42.016375000406))"
NY,New York,1.8521296275845085,NY-512,Troy/Rensselaer County CoC,0.18937363915710867,Troy/Rensselaer County CoC,Largely Suburban CoC,Sheltered and Unsheltered Count,36,270,89,19,60,52,34,11,5,128,141,0,0,0,1,0,0,244,26,2,99,0,147,1,3,17,164,106,5,5,245,203,42,0,25,150,97,53,0,38,734,136,159013,33525770,1689859764,0,0,0.910252704,0.668683672,0.1752624,0.10791456099999999,9.409834081356351e-5,72510,15355,0.423577377,2.44443e-4,0.106428581,0.022579897,0.026634449,0.460660449,0.001492095,0.001018785,0.195317364,0.1700993,7776361,3434821,0,0,0,0,32397962,0,0,0,304361,0.011860665,0,0.00547754,0.001075384,1195968,2117553,11554101,26383165,"list(c(-73.783721000124, -73.352429000398, -73.2648270003658, -73.2909439996658, -73.2742939998682, -73.6506539997822, -73.6767619995666, -73.76126499968, -73.783721000124, 42.464230999561, 42.5100170002844, 42.7458510003235, 42.8019200004077, 42.9436520001398, 42.93827799963, 42.7832770004333, 42.6103789996911, 42.464230999561))"
NY,New York,4.60040844475016,NY-513,"Wayne, Ontario, Seneca, Yates Counties CoC",0.5807513730750332,"Wayne, Ontario, Seneca, Yates Counties CoC",Largely Rural CoC,Sheltered and Unsheltered Count,36,1704,396,136,384,372,212,148,56,772,916,4,12,0,0,0,0,1552,152,12,372,0,1220,16,76,172,628,1076,92,12,1704,1364,340,0,0,1876,1344,532,0,0,680,4,259153,2336346020,4946210490,0,0,0.9558786184445559,0.40727230355212946,0.1023603818981837,0.10621455981071799,5.2394252230862905e-5,59242.5,3905.25,0.4649762975,0.0016002334537210206,0.1431571435954943,0.021468306018016383,0.022545037451497763,0.4759080543801307,0.0022860530571901542,0.0012039219225708365,0.20786948249525955,0.19542895549425243,760003,0,107145,0,0,0,5884867,0,0.001770708,217818,0,0.03599241,0,0.014056588,3.46166e-4,318209,230700,6264117,7897992,"list(c(-77.5803770001984, -77.5988149997124, -77.4868749996814, -77.490889000427, -77.143795000239, -77.1495019999173, -76.8898050002006, -76.8955960001553, -76.6966549999283, -76.6665429998595, -76.7334539999021, -76.7374600002788, -76.7023249996989, -76.7225002124148, -76.9917824203224, -77.1466394317643, -77.3760462307489, -77.3714780003094, -77.4854179999407, -77.4825170001594, -77.5803770001984, 42.9439630000924, 42.671964999685, 42.6702790001758, 42.5772879998414, 42.5768690003042, 42.5000700002304, 
42.4630540001421, 42.5415369996329, 42.5467899999586, 42.6234570002404, 42.7278949996546, 42.9021059997921, 43.080392999937, 43.3436729166718, 43.260347325169, 43.289963317653, 43.2761271769277, 43.0346959997207, 43.0345639999287, 42.9431640001185, 42.9439630000924))"
NY,New York,2.4321490837365647,NY-514,"Jamestown, Dunkirk/Chautauqua County CoC",0.3063578691758993,"Jamestown, Dunkirk/Chautauqua County CoC",Largely Rural CoC,Sheltered and Unsheltered Count,36,219,77,18,40,49,20,11,4,125,94,0,0,0,0,0,0,186,33,0,19,0,161,0,6,17,115,104,16,7,213,194,19,0,6,237,214,23,0,52,13,20,127584,1139029655,2746450219,0,0,0.96077308,0.559311279,0.130290632,0.177593551,4.645414619838045e-5,48315,5567,0.504109941,3.91608e-4,0.207387371,0.025082772,0.033995507,0.530285929,9.46311e-4,8.93529e-4,0.203708929,0.201020504,614159,3154647,544480,0,0,0,2579852,789757,6.11362e-4,528887,0,0.008112302,0,0.006176323,0.003754389,2619601,2575241,4990763,15817535,"list(c(-79.6108369997277, -79.0612589996031, -79.0607769998586, -79.1370709559598, -79.3604587076032, -79.5895386237085, -79.7618666925937, -79.7619539996773, -79.6108369997277, 41.9987570000356, 41.999410999618, 42.5378529997162, 42.5699122361608, 42.4823776897786, 42.342178651024, 42.269317382891, 41.998841000312, 41.9987570000356))"
NY,New York,3.882338547449797,NY-518,"Utica, Rome/Oneida, Madison Counties CoC",0.5498252665403837,"Utica, Rome/Oneida, Madison Counties CoC",Largely Rural CoC,Sheltered and Unsheltered Count,36,738,188,72,148,150,96,62,22,328,408,2,0,0,0,0,0,678,60,4,230,4,438,4,42,138,294,444,48,12,530,458,72,0,208,576,502,74,0,44,894,252,300064,134048568,4836267564,0.5,0,0.9500088885386784,0.5740856335965794,0.15961594862797268,0.12871209647749146,6.204454075982137e-5,60144.5,6469.5,0.434550314,7.033832739992168e-4,0.15384503792576487,0.012314694598339022,0.015023176215087447,0.45936866842013707,0.0010497215362855925,9.497972776341047e-4,0.2075323931329583,0.1865435371335715,5048842,6761395,2247,0,0,0,31722123,1381784,2.31366e-4,0,432018,0.017245956,0,0.010426193,0.004343575,9797644,6874003,24519907,54817840,"list(c(-75.8960790001457, -75.8898319998469, -75.2958770001234, -75.2121580001915, -75.2191060004415, -75.0691649998648, -75.1623710002215, -75.076581000113, -75.1106920002356, -75.5334290002481, -75.7564159995987, -75.8146270004357, -75.9171889996725, -75.8960790001457, 42.7909639996889, 42.7238439999007, 42.744105999892, 42.8799729998541, 43.0524690000444, 43.2273329997182, 43.2584629999675, 43.3307050003356, 43.6149839996119, 43.4198149997625, 43.4704160003981, 43.4835780003245, 43.0857790001008, 
42.7909639996889))"
NY,New York,3.1413739713294015,NY-519,"Columbia, Greene Counties CoC",0.3691473813372641,"Columbia, Greene Counties CoC",Largely Rural CoC,Sheltered and Unsheltered Count,36,316,32,16,72,92,54,38,12,130,186,0,0,0,0,0,0,276,40,0,40,0,234,0,0,14,58,258,16,0,292,274,18,0,24,66,48,18,0,0,92,12,107351,63272461,3319911216,0,0,0.9868250670115137,0.21446969544320965,0.14760924443921342,0.1076299267075947,3.233550327569965e-5,62715.5,4301.5,0.5115940535,0.0015021123970255712,0.32136093917741876,0.029775071235042055,0.030644238318329593,0.5902879335564643,0.0017389260195806281,9.874149309554638e-4,0.16932306175193526,0.23161405069119992,1129058,0,963078,0,0,0,1922461,0,0.002090859,0,0,0.013643593999999998,0,0.008877195000000001,0.001690081,365395,558893,3317925,6334349,"list(c(-73.4970179996809, -73.5082099995918, -73.352429000398, -73.783721000124, -74.2543029995837, -74.2766450001666, -74.4435060004016, -74.5373099995568, -74.4517130002547, -74.3075710000016, -74.0747969998816, -74.0423930002368, -73.9183559999294, -73.92962599984, -73.7109299996197, -73.5270719997729, -73.4970179996809, 42.0496240003474, 42.0861339995845, 42.5100170002844, 42.464230999561, 42.4082069997533, 42.3633489995568, 42.3550170002345, 42.2014240003174, 42.1692250002336, 42.1143460001678, 
42.0965889996826, 42.1703859998141, 42.1289160002733, 42.0787780003045, 42.0054880001711, 41.9779799996773, 42.0496240003474))"
NY,New York,5.46801914043452,NY-520,"Franklin, Essex Counties CoC",1.0562489173865937,"Franklin, Essex Counties CoC",Largely Rural CoC,Sheltered and Unsheltered Count,36,112,12,4,30,30,18,18,0,38,64,10,0,0,0,0,0,98,14,0,6,0,86,0,0,0,20,92,4,0,112,112,0,0,0,24,24,0,0,4,14,80,87670,492972817,8866610342,0,0,0.9961868261946162,0.2286758289131288,0.14239762737958253,0.14535744403581613,9.887656795372907e-6,55507,1661.5,0.4854058715,0.0020875269505665215,0.3286357108452769,0.032043929800627355,0.03594645185126041,0.595699783416562,0.002014427390065017,0.0014714266545226417,0.17957111897115322,0.1980038782795027,299322,0,336973,0,0,0,1091526,0,6.15214e-4,0,0,0.022343623,0,0.008109699,0.007501637,1728110,2391305,1112948,5868658,"list(c(-74.0273866832488, -74.7262266706243, -74.6418720001926, -74.5256830002702, -74.5351560000493, -74.2818700001004, -74.2559980004074, -74.3368260001197, -74.2137340002239, -74.0470619997115, -74.057004999581, -73.3792810003179, -73.3740999997152, -73.4379050004154, -73.3906250000437, -73.3132830001103, -73.3336129996402, -73.2960519996001, -73.3386360001513, -73.4638380002235, -73.4975669998171, -73.7007169998896, -73.9096870003547, -73.932927000081, -73.9863820001291, -74.0273866832488, 44.9956769329441, 
44.9948531584466, 44.9526209996595, 44.1706360001513, 44.0992499996878, 44.1205519999749, 43.9697969996319, 43.9252229999415, 43.810875000381, 43.7963430002293, 43.7445129995753, 43.8084809996984, 43.8753040001795, 44.0451250002187, 44.1910679998883, 44.2641300002993, 44.372300000045, 44.4283340003139, 44.5468440002505, 44.5376810003779, 44.4862300001145, 44.4455710002015, 44.4296990003087, 44.5761970003913, 44.7077730003238, 44.9956769329441))"
NY,New York,12.90672679108306,NY-522,"Jefferson, Lewis, St. Lawrence Counties CoC",1.5699502216446202,"Jefferson, Lewis, St. Lawrence Counties CoC",Largely Rural CoC,Sheltered and Unsheltered Count,36,600,60,63,177,147,81,54,18,252,345,3,0,0,0,0,0,561,39,0,45,0,513,3,33,27,111,489,51,9,507,477,30,0,93,156,126,30,0,0,1395,294,246262,1931418063,13529510702,0,0,0.984062151681851,0.3745777386593628,0.1262435939195491,0.1566231962917137,1.8201840807413407e-5,54329.666666666664,2593,0.450914417,0.0015825473938328477,0.2619241101222154,0.04057352573390129,0.03448799466871868,0.5246972736256507,0.0020098849355889258,0.001002996800505153,0.22185314817703097,0.15822173111141793,2100876,1818542,230511,0,0,0,0,1815147,2.06363e-4,0,0,0.025900957000000002,0,0.014260256,0.014452497,7657130,10349762,12734525,36706493,"list(c(-75.7564159995987, -75.5334290002481, -75.1106920002356, -75.1678059999469, -75.0627790003505, -74.8541710003913, -74.5351560000493, -74.5256830002702, -74.6418720001926, -74.7262266706243, -74.8016345822701, -74.9724610108669, -75.2178828181375, -75.5049279998273, -75.7087783172655, -75.7539287023477, -76.0148846369164, -76.1599585794249, -76.3689256292144, -76.1672486431103, -76.2075836793433, -76.1291536040555, -76.228613639208, -76.1999068172458, -76.1986789575678, -76.1831416439717, -76.0250870003647, 
-75.7738189999469, -75.7564159995987, 43.4704160003981, 43.4198149997625, 43.6149839996119, 44.095938999885, 44.0503999997603, 44.0700890003072, 44.0992499996878, 44.1706360001513, 44.9526209996595, 44.9948531584466, 45.0145614098812, 44.9833939582646, 44.877530040579, 44.7053540002869, 44.5577311218938, 44.4485920648719, 44.2710711486147, 44.2191541358548, 44.0996902133327, 44.0343722417856, 43.9756881480896, 43.89568829358, 43.802870313814, 43.6802019917286, 43.6801478264611, 43.6792609798104, 
43.7070179998809, 43.6887779996051, 43.4704160003981))"
NY,New York,6.233863438652083,NY-523,"Glens Falls, Saratoga Springs/Saratoga, Washington, Warren, Hamilton Counties CoC",1.276005286835526,"Glens Falls, Saratoga Springs/Saratoga, Washington, Warren,
Hamilton Counties CoC",Largely Suburban CoC,Sheltered and Unsheltered Count,36,2116,420,144,428,424,348,216,136,944,1152,12,4,4,0,0,0,1924,192,8,168,0,1832,0,112,76,720,1396,96,44,2060,1888,172,0,56,644,456,188,0,140,908,248,359258,526655686,10944668212,0,0,0.897992936021614,0.6195041165424514,0.09117681461761465,0.07270937905249153,3.282493292999972e-5,67530,5542.5,0.41763095525,4.2884569163566873e-4,0.19067785190427788,0.015361566983499322,0.01621575436417839,0.5172800604343063,0.0040147133522538125,0.0010076321937576896,0.19358232799573566,0.1924605713391908,4245719,643225,2411,0,0,0,33939943,0,8.368609999999999e-4,0,0,0.027145868,0,0.008264669,7.10819e-4,1674305,2049961,11461786,20077407,"list(c(-73.6767619995666, -73.6506539997822, -73.2742939998682, -73.2468440002503, -73.302552999921, -73.4279099999465, -73.3512649997799, -73.3792810003179, -74.057004999581, -74.0470619997115, -74.2137340002239, -74.3368260001197, -74.2559980004074, -74.2818700001004, -74.5351560000493, -74.8541710003913, -74.7756170003242, -74.8677119998089, -74.5346570004202, -74.3263780003444, -74.2209019998274, -74.1401469998841, -74.0929800002268, -74.005656000424, -73.8093690002791, -73.6767619995666, 42.7832770004333, 
42.93827799963, 42.9436520001398, 43.5172520000798, 43.6257089995707, 43.6344279996525, 43.7698230003313, 43.8084809996984, 43.7445129995753, 43.7963430002293, 43.810875000381, 43.9252229999415, 43.9697969996319, 44.1205519999749, 44.0992499996878, 44.0700890003072, 43.4866770002434, 43.3398260000699, 43.2281149998075, 43.2416350000553, 43.2214029996488, 43.2539790000309, 42.9558679996085, 42.9334839997868, 42.7788690004041, 42.7832770004333))"
NY,New York,15.607506407652668,NY-525,New York Balance of State CoC,1.9172265715587515,New York Balance of State CoC,Largely Rural CoC,Sheltered and Unsheltered Count,36,7584,1552,704,1680,1800,984,680,184,3328,4216,0,8,8,8,16,0,6528,1056,16,1272,8,5480,8,176,632,2632,4952,520,72,7072,7064,8,0,512,7768,7728,40,0,1160,1616,1648,526786,605898029,16770914358,0.375,0,0.9426325590124509,0.4350505762136921,0.15348357783159194,0.1274948457760191,3.1410690482043665e-5,62132.75,4996.25,0.457776822875,0.0012631185250056558,0.23871112391525215,0.032871770458930194,0.03303559342719624,0.5164943638710102,0.0015254844774215714,0.0011313892316082812,0.20390633012510964,0.18768532201091145,1188417,944483,1830136,4080000,0,0,28713893,0,0.002591847,1072408,0,0.0723734,0,0.029837176,0.02020311,8685705,9209439,16709743,43720331,"list(list(c(-74.1802740004447, -74.2568290000582, -74.0838829998006, -74.0929800002268, -74.1401469998841, -74.2209019998274, -74.3263780003444, -74.5346570004202, -74.8677119998089, -74.7756170003242, -74.8541710003913, -75.0627790003505, -75.1678059999469, -75.1106920002356, -75.076581000113, -75.1623710002215, -75.0691649998648, -75.2191060004415, -75.2121580001915, -75.1009990002037, -74.9067379999587, -74.8788220004349, -74.6482979997529, -74.6675119999788, -74.6306309998208, -74.7115799997172, 
-74.6188950000042, -74.4435060004016, -74.2766450001666, -74.2543029995837, -74.2339950001691, -74.169724999609, -74.1802740004447, 42.7299790004306, 42.812214000276, 42.8973540000871, 42.9558679996085, 43.2539790000309, 43.2214029996488, 43.2416350000553, 43.2281149998075, 43.3398260000699, 43.4866770002434, 44.0700890003072, 44.0503999997603, 44.095938999885, 43.6149839996119, 43.3307050003356, 43.2584629999675, 43.2273329997182, 43.0524690000444, 42.8799729998541, 42.9083629996528, 42.8249430000195, 
42.898274000245, 42.829557999702, 42.7507099995669, 42.626674000205, 42.5177990003236, 42.4243889995527, 42.3550170002345, 42.3633489995568, 42.4082069997533, 42.5756879998014, 42.66742599991, 42.7299790004306)), list(c(-73.3628560001043, -73.3898199997931, -73.3350439999806, -73.3431780000646, -74.0273866832488, -73.9863820001291, -73.932927000081, -73.9096870003547, -73.7007169998896, -73.4975669998171, -73.4638380002235, -73.3386360001513, -73.3628560001043, 44.5642639995839, 44.617210999588, 
44.8041090002303, 45.0107130004047, 44.9956769329441, 44.7077730003238, 44.5761970003913, 44.4296990003087, 44.4455710002015, 44.4862300001145, 44.5376810003779, 44.5468440002505, 44.5642639995839)), list(c(-73.9794966961156, -73.544707000028, -73.5300670002918, -73.9337749996165, -73.9814860000788, -73.9774052975164, -73.9794966961156, 41.3221616958057, 41.3665400003208, 41.5271940003029, 41.488278999876, 41.4389050000657, 41.329284528758, 41.3221616958057)), list(c(-74.7806929996822, -75.1447440003353, 
-75.0531970000415, -75.0442740004447, -74.9818040001545, -74.7546059999669, -74.752398999814, -74.4843669997372, -74.3670550001881, -74.3950709998267, -74.5750859996191, -74.4536850003624, -74.7806929996822, 42.016375000406, 41.8516770000936, 41.752424999714, 41.6176440003704, 41.4799489997466, 41.4248830000504, 41.4937430000395, 41.5042350000452, 41.5909769999886, 41.6448759998276, 41.7452580001566, 41.8755949996096, 42.016375000406)), list(c(-79.0612589996031, -78.3081440004452, -78.3088390001197, 
-78.5115580001016, -78.780824999574, -78.9339440001155, -78.9917019998474, -79.0607769998586, -79.0612589996031, 41.999410999618, 41.9991930003567, 42.5212169996648, 42.527811999824, 42.4551550001032, 42.4484819999444, 42.5292490004411, 42.5378529997162, 41.999410999618)))"
NY,New York,7.1577620885341915,NY-600,New York City CoC,0.08331803266257917,New York City CoC,Major City CoC,Sheltered and Unsheltered Count,36,700670,229500,78020,170575,109670,53560,42680,16665,306385,390775,2410,405,330,40,10,315,276520,424150,7110,256210,3995,68645,5120,3120,21400,437275,263395,34115,18670,678685,664460,14040,185,21985,561620,544810,16610,200,79430,198970,5970,8379552,445408358,778180766,0.6,0.2,0.03300425013992968,0.9999915471607895,0.6805638295299499,0.17288413168757114,0.010768130447469836,70617.8,312825.6,0.5288789802,0.00869200044312157,0.09316526483089983,0.009686721121695887,0.01627386095776242,0.4200218579198402,0.0024337509290853496,NA,0.2073462876897585,0.14947254931641502,290004865,335406480,208524907,0,3191101,0,4428000000,161812985,0.00503567,14438399,29461650,0.082224067,89846502,0.03907476,0.094122618,2531000000,1518243373,2872875478,8054805740,"list(list(c(-74.0471559464897, -74.0436470454748, -74.0434846333092, -74.0434662817435, -74.0471559464897, 40.6909762265716, 40.688743415876, 40.6893215432547, 40.6895125628545, 40.6909762265716)), list(c(-74.0824064074297, -74.2002704800985, -74.2127085446635, -74.1278314589546, -74.0824064074297, 40.6483485963107, 40.631411689398, 40.5572397691001, 40.5407997556043, 40.6483485963107)), list(c(-74.0034434892256, -74.0019566382882, -73.7683987602945, -73.7684239305199, -73.7682970937358, -73.767367688468, 
-73.7439380720843, -73.701632999863, -73.7468243706481, -73.7496777054617, -73.7507090803597, -73.7538363846414, -73.9096245226536, -74.0009586507211, -74.0034434892256, 40.689598708014, 40.5713047432194, 40.622891441287, 40.6249823470577, 40.6252187545419, 40.626629678417, 40.6375433021817, 40.7524930003518, 40.7803932770282, 40.7821140803006, 40.7828037308076, 40.7653746420262, 40.7909296846573, 40.6901226854137, 40.689598708014)), list(c(-73.9105119115954, -73.9328466483541, -73.8306166464411, 
-73.7929713511469, -73.9105119115954, 40.9152803612997, 40.810157722401, 40.8106347300088, 40.8833526641941, 40.9152803612997)))"
NY,New York,2.225703916603923,NY-601,Poughkeepsie/Dutchess County CoC,0.23143570856973625,Poughkeepsie/Dutchess County CoC,Largely Suburban CoC,Sheltered and Unsheltered Count,36,705,191,62,133,133,75,84,27,342,362,0,0,1,0,0,0,596,109,4,302,0,319,3,13,40,328,377,55,16,658,543,115,0,47,588,446,142,0,72,262,1,293524,76906718,2060598611,0,0,0.828577725,0.682603891,0.294606233,0.08793081,1.424459855660846e-4,81842,11940,0.530392603,0.001634952,0.09133302,0.01064699,0.010894595,0.412780556,0.0014121,8.7216e-4,0.188574018,0.175944727,3322529,4716635,171808,0,647700,0,26150563,2138442,6.23458e-4,0,0,0.009263297,0,0.002848149,0.001223069,3889505,3213711,14762642,32862972,"list(c(-73.9814860000788, -73.9337749996165, -73.5300670002918, -73.5180799996922, -73.4873190002716, -73.4970179996809, -73.5270719997729, -73.7109299996197, -73.92962599984, -73.962221000199, -73.9408290002581, -73.9533070001179, -73.9965359998365, -73.9814860000788, 41.4389050000657, 41.488278999876, 41.5271940003029, 41.6667230000664, 42.0495250002786, 42.0496240003474, 41.9779799996773, 42.0054880001711, 42.0787780003045, 41.9010200002729, 41.7543169997298, 41.5899769997388, 41.5226490002512, 
41.4389050000657))"
NY,New York,2.430172953868015,NY-602,"Newburgh, Middletown/Orange County CoC",0.233750638980304,"Newburgh, Middletown/Orange County CoC",Largely Suburban CoC,Sheltered and Unsheltered Count,36,779,261,58,146,133,87,79,15,351,426,1,1,0,0,0,0,540,239,1,327,0,316,0,10,104,412,367,25,9,666,609,57,0,113,321,264,57,0,66,305,77,382077,67953621,2103272841,0,0,0.81873093,0.724178316,0.368755513,0.113802461,1.8165831486624515e-4,80816,12854,0.550073053,0.002162112,0.095907503,0.020199079000000002,0.0199634,0.377578342,0.002717433,7.04047e-4,0.255260065,0.13983307,5756116,8334590,0,0,0,0,21890474,2614545,0,906470,148060,0.00976243,0,0.001978659,5.49627e-4,2048609,1004007,12716343,33528740,"list(c(-73.9533070001179, -74.1263929996372, -74.2516009999861, -74.3670550001881, -74.4843669997372, -74.752398999814, -74.7546059999669, -74.6955800002168, -74.3675099995868, -74.2344169998447, -73.9870027832518, -73.9774052975164, -73.9814860000788, -73.9965359998365, -73.9533070001179, 41.5899769997388, 41.5825439996059, 41.60537400021, 41.5909769999886, 41.5042350000452, 41.4937430000395, 41.4248830000504, 41.3576070002629, 41.2032409997724, 41.1430629999575, 41.3209437331668, 41.329284528758, 
41.4389050000657, 41.5226490002512, 41.5899769997388))"
NY,New York,25.15050843133128,NY-603,"Nassau, Suffolk Counties CoC",0.3354018074386847,"Nassau, Suffolk Counties CoC",Largely Suburban CoC,Sheltered and Unsheltered Count,36,8004,2792,496,1210,1316,842,952,396,3882,4104,18,0,0,0,0,0,6478,1526,30,3900,36,2418,32,230,434,4640,3364,176,126,7586,7432,124,30,418,8002,7802,164,36,0,4260,818,2837047,4224708706,3096237894,0,0,0.21716180627468137,0.9876936083618667,0.3685656246345788,0.05955100557163593,9.162884433065465e-4,112699,45783,0.566053122,0.001734398606332479,0.09943221323916202,0.0066869284986156375,0.011141906724199846,0.3701179428781585,7.072397558115886e-4,8.642792347324524e-4,0.2137017821779396,0.17350681923441627,27137558,41334226,8891933,0,0,0,196023659,10944647,4.625902e-4,8394131,3103828,0.008403404,4971961,0.003800763,0.0025806961,21882333,17604749,376000000,520265366,"list(list(c(-73.7380780743436, -73.5564267616857, -73.3935626750774, -73.2384487659977, -73.1487168278193, -73.0150689283883, -72.8688928837995, -72.7209779343841, -72.5855140843075, -72.5032999990956, -72.5273730192494, -72.7734889439595, -73.1204877392178, -73.1657108857488, -73.3301947017241, -73.471108750968, -73.5663657622701, -73.7129056680621, -73.7468243706481, -73.701632999863, -73.7439380720843, -73.7674665140683, -73.7667906582622, -73.7546696254029, -73.7380780743436, 40.5945862511546, 
40.6430437896393, 40.6562047175737, 40.715770792588, 40.6987457970809, 40.749618701442, 40.7394996709731, 40.8057947145545, 40.814318739818, 40.8965956723525, 40.9796706902502, 40.9653966273525, 40.9750926383147, 40.9097066528398, 40.929945712025, 40.8751176585532, 40.9157017332485, 40.8707406617522, 40.7803932770282, 40.7524930003518, 40.6375433021817, 40.6205758057289, 40.6155346155301, 40.6104106310459, 40.5945862511546)), list(c(-71.8971112490848, -72.0972671245781, -72.1753811448239, -72.3673320574285, 
-72.5006430096671, -72.3861840382627, -71.8741152633087, -71.8971112490848, 41.078626622121, 40.9913315472132, 41.0472456687527, 40.996868664957, 40.8844166727912, 40.869604580587, 41.0515155293183, 41.078626622121)))"
NY,New York,2.9027079694532754,NY-604,"Yonkers, Mount Vernon/Westchester County CoC",0.1249320086850925,"Yonkers, Mount Vernon/Westchester County CoC",Largely Suburban CoC,Sheltered and Unsheltered Count,36,1611,584,117,276,239,182,153,60,740,867,3,1,0,0,0,0,1039,572,12,984,2,363,5,20,78,988,623,48,43,1561,1147,414,0,50,1626,1104,522,0,3756,1531,157,968738,179391718,1115811940,0,0,0.409348836,0.95466904,0.472763534,0.083791369,8.681911039596869e-4,99489,54665,0.532948974,0.0036946409999999994,0.06066726,0.006967567,0.011562122,0.388459005,0.001272691,8.85688e-4,0.219778722,0.171210379,42134860,23132518,8503175,0,0,0,229000000,7604913,3.30327e-4,149727,1334652,0.013886107,0,0.006232851,0.001662988,16866512,14985239,385000000,499711596,"list(c(-73.7929713511469, -73.6594424041436, -73.727775000316, -73.4826950001741, -73.5509619997964, -73.544707000028, -73.9794966961156, -73.8882764878696, -73.8662606039437, -73.9105119115954, -73.7929713511469, 40.8833526641941, 40.9876411261371, 41.1006960004202, 41.2127720004275, 41.2954209995795, 41.3665400003208, 41.3221616958057, 41.1985987182563, 41.0714136878914, 40.9152803612997, 40.8833526641941))"
NY,New York,1.244950393164689,NY-606,Rockland County CoC,0.04966173352932597,Rockland County CoC,Largely Suburban CoC,Sheltered and Unsheltered Count,36,130,23,9,31,28,18,13,8,35,95,0,0,0,0,0,0,87,43,0,59,0,45,0,1,25,38,92,5,6,94,94,0,0,36,45,45,0,0,170,77,44,325213,66919666,449840998,0,0,0.299516507,0.996101428,0.370720113,0.145480838,7.229510014558521e-4,94840,33685,0.598686976,0.001769352,0.05115315,0.004698887,0.012849251000000003,0.327849748,0.00118305,8.51749e-4,0.282593254,0.157389157,5954313,4829355,1043871,0,0,0,81683983,2160496,2.49068e-4,2139892,397105,0.009901203,0,0.006303561,4.48937e-4,1671866,734877,91063378,109995153,"list(c(-73.9024082330534, -73.9067174740322, -73.9645255875857, -73.9870027832518, -74.2344169998447, -74.2112239995878, -73.9024082330534, 40.9973212802529, 41.1421036283798, 41.2023716899016, 41.3209437331668, 41.1430629999575, 41.1337139996015, 40.9973212802529))"
NY,New York,2.938621241529486,NY-608,Kingston/Ulster County CoC,0.32612560533672785,Kingston/Ulster County CoC,Largely Rural CoC,Sheltered and Unsheltered Count,36,617,178,52,86,130,80,62,29,297,318,2,0,0,0,0,0,547,70,1,156,2,416,1,7,45,284,333,43,8,553,540,13,0,64,88,75,13,0,97,165,65,178371,94596810,2911757764,0,0,0.9543962760000001,0.438765803,0.23049710999999998,0.136691238,6.125887331883148e-5,65306,7329,0.569115066,0.001055816,0.179028253,0.027409454999999996,0.026706648999999996,0.47862040400000005,0.0015237300000000003,0.001188534,0.176811253,0.197818031,2710396,1372713,366485,0,0,0,10174867,0,1.0652e-4,0,0,0.011509719,0,0.003733791,0.001267022,2166516,1314309,6094961,14025380,"list(c(-73.92962599984, -73.9183559999294, -74.0423930002368, -74.0747969998816, -74.3075710000016, -74.4517130002547, -74.7806929996822, -74.4536850003624, -74.5750859996191, -74.3950709998267, -74.3670550001881, -74.2516009999861, -74.1263929996372, -73.9533070001179, -73.9408290002581, -73.962221000199, -73.92962599984, 42.0787780003045, 42.1289160002733, 42.1703859998141, 42.0965889996826, 42.1143460001678, 42.1692250002336, 42.016375000406, 41.8755949996096, 41.7452580001566, 41.6448759998276, 
41.5909769999886, 41.60537400021, 41.5825439996059, 41.5899769997388, 41.7543169997298, 41.9010200002729, 42.0787780003045))"
OH,Ohio,1.9375814129650584,OH-500,Cincinnati/Hamilton County CoC,0.11211048684386014,Cincinnati/Hamilton County CoC,Largely Suburban CoC,Sheltered and Unsheltered Count,39,1031,187,86,154,185,168,183,68,353,666,1,0,11,0,0,0,1009,22,1,618,1,346,1,145,107,258,773,79,8,961,758,183,20,70,894,611,263,20,0,1863,1114,815790,18612559,1050120461,0,0,0.270147732,0.9761797839999999,0.354069062,0.14840281,7.768537327833288e-4,59190,35691,0.4488789,7.86446e-4,0.093428045,0.019392265,0.027171797,0.465928732,0.001490158,8.874830000000001e-4,0.229831207,0.15405803,31302545,29411742,3135127,6480000,1500000,0,191000000,9334307,6.12903e-4,873750,2575479,0.012743476,3598750,0.010523542,0.005570061,52746587,28173500,98618494,267750281,"list(c(-84.3199850003075, -84.3166979998128, -84.2621719998379, -84.6303639998986, -84.8194499998176, -84.8201549999533, -84.7534009999562, -84.6323260004446, -84.440684999613, -84.4262559997146, -84.3199850003075, 39.0215339996944, 39.2269439996659, 39.2883419999833, 39.3120549999384, 39.305153000011, 39.1054190000868, 39.1471140001111, 39.0765899998287, 39.1092650002796, 39.0530420002881, 39.0215339996944))"
OH,Ohio,2.41538394192592,OH-501,Toledo/Lucas County CoC,0.09682002091758247,Toledo/Lucas County CoC,Other Largely Urban CoC,Sheltered and Unsheltered Count,39,563,153,34,104,88,74,78,32,255,307,0,1,0,0,0,0,506,57,3,232,0,243,1,25,64,221,342,37,2,551,503,48,0,12,588,533,55,0,172,898,117,430319,663490729,879721651,1,0,0.50754762,0.95014828,0.320699295,0.186736421,4.891535856948006e-4,49946,20813,0.454534705,7.32895e-4,0.1086224,0.038602851,0.04723311,0.473104836,0.0013106240000000003,0.001206082,0.230126952,0.16246087200000003,7396291,14728676,3929089,0,750000,0,57186338,4937005,7.43634e-4,1684589,1286380,0.008723761,0,0.01043412,0.006009495,28779900,17091103,57853647,138436680,"list(c(-83.8803909999447, -83.8832339997493, -83.7472170000644, -83.5699340003538, -83.1695363776017, -83.3355535853296, -83.4553134252743, -83.4645140033186, -83.4689166056168, -83.4811768868038, -83.4827056479473, -83.7631500000724, -83.8803909999447, 41.7202119998839, 41.4145029998136, 41.4662159995688, 41.6171500000725, 41.6232834321847, 41.7053788770336, 41.7328445518347, 41.7324481756429, 41.7325334754396, 41.7322103211495, 41.7321811615315, 41.7235520001248, 41.7202119998839))"
OH,Ohio,2.044576523203994,OH-502,Cleveland/Cuyahoga County CoC,0.1281189319810722,Cleveland/Cuyahoga County CoC,Largely Suburban CoC,Sheltered and Unsheltered Count,39,1637,295,98,258,318,265,283,120,604,1018,7,0,6,2,0,0,1534,103,3,1151,4,401,1,82,317,421,1216,83,14,1522,1440,47,35,115,1585,1443,91,51,0,4495,1281,1241475,2041734546,1184169993,0,0,0.093048946,0.9943446359999999,0.417608893,0.17104416,0.0010483925511866944,51741,33220,0.47351808,7.5563e-4,0.113157277,0.03292678,0.052447818,0.497629835,5.85537e-4,0.001325037,0.207581304,0.181657303,65022883,62680583,15037651,0,0,0,264000000,17572372,9.01347e-4,2234454,4722220,0.01167885,4476346,0.012239473,0.00492962,104000000,50711180,234000000,560457689,"list(c(-81.391694000078, -81.3910049997809, -81.4886448376891, -81.7447940056388, -81.9683114260314, -81.9712620000412, -81.8769600004036, -81.8780530004456, -81.6849499996428, -81.5980519997, -81.391694000078, 41.3482719996531, 41.5697159997936, 41.6316580224998, 41.4874949268494, 41.5050451129417, 41.3512680002181, 41.3506850003126, 41.2750439996809, 41.2771460003877, 41.3511569995959, 41.3482719996531))"
OH,Ohio,2.894275384715457,OH-503,Columbus/Franklin County CoC,0.15625355006394315,Columbus/Franklin County CoC,Major City CoC,Sheltered and Unsheltered Count,39,2380,479,215,371,449,372,375,119,1006,1353,10,7,2,0,0,2,2261,119,11,1294,4,786,4,91,224,760,1620,158,45,1866,1748,118,0,514,1301,1173,128,0,0,3593,443,1304715,29029553,1378950150,0,0,0.276560202,0.9862736789999998,0.378284146,0.151076284,9.461654578303647e-4,62352,40740,0.429947294,7.68435e-4,0.071925974,0.015886237,0.023271693,0.42881242299999994,0.004149596,6.79842e-4,0.232952024,0.120123552,28608664,19142067,28427932,0,0,0,264000000,12080559,7.8178e-4,3876137,1654847,0.009779147,10400927,0.006121643,1.61721e-4,2320424,1992719,220000000,328504276,"list(c(-83.1791820004489, -83.2538300002543, -83.2437019999473, -82.8242539996223, -82.7521219998304, -82.761467000002, -82.7521219998304, -82.7632409999721, -82.7674830004401, -82.6965920003205, -83.1791820004489, 40.1331580002416, 40.0492180000107, 39.8125029998137, 39.7949960000654, 39.9636290001783, 39.9641039995999, 39.9636290001783, 39.9803390000449, 40.0510279998423, 40.1232599997492, 40.1331580002416))"
OH,Ohio,1.7363905627604062,OH-504,Youngstown/Mahoning County CoC,0.1180148096594021,Youngstown/Mahoning County CoC,Largely Suburban CoC,Sheltered and Unsheltered Count,39,253,51,22,51,36,37,37,19,91,162,0,0,0,0,0,0,233,20,0,108,0,124,0,16,68,76,177,21,1,223,207,16,0,30,273,253,20,0,45,492,40,228452,35461887,1065746923,1,0,0.736993054,0.843566011,0.24765815099999997,0.17555185600000003,2.1435858276458753e-4,47092,11374,0.479605933,0.001729561,0.111625274,0.041063149,0.043282536,0.48715704,5.80947e-4,7.31007e-4,0.201114457,0.209413794,3070055,6908186,867653,0,0,0,24627377,1555864,3.41428e-4,277623,606509,0.007585839,0,0.007012414,0.00540595,13331768,7398977,20006042,54022677,"list(c(-80.5190469997193, -81.0022900002833, -81.0016949998243, -81.0863119997989, -81.0851259999649, -80.5191499999725, -80.5190469997193, 41.1332180001107, 41.1341889999225, 40.9877829995858, 40.9880310002305, 40.9015950000093, 40.900325999945, 41.1332180001107))"
OH,Ohio,2.002468808081988,OH-505,"Dayton, Kettering/Montgomery County CoC",0.12813135205690643,"Dayton, Kettering/Montgomery County CoC",Largely Suburban CoC,Sheltered and Unsheltered Count,39,781,110,103,107,143,126,145,47,330,440,5,4,1,0,0,1,754,27,2,375,5,355,5,56,38,172,609,86,12,689,595,94,0,92,593,476,117,0,0,1436,290,531988,7494894,1194894573,0,0,0.52361738,0.944763628,0.298059355,0.160190602,4.4521752129507745e-4,53064,20030,0.452818805,7.04607e-4,0.109260937,0.035480189,0.039689171,0.479204418,9.25386e-4,0.001184237,0.22133394,0.179124341,22623721,16482574,7174080,0,0,0,61813139,5372371,0.00053384700000000005,923805,1345758,0.007334752,0,0.009592322,0.004392956,18623348,15214744,55183553,142943954,"list(c(-84.3458479995855, -84.1141739998302, -84.0929379998888, -84.1576710002165, -84.4853669997872, -84.4792130001798, -84.3458479995855, 39.5824009997064, 39.5782299998147, 39.8383449999218, 39.9229700002654, 39.91849099966, 39.5910239998578, 39.5824009997064))"
OH,Ohio,1.6818854651900486,OH-506,"Akron, Barberton/Summit County CoC",0.11696712702938948,"Akron, Barberton/Summit County CoC",Largely Suburban CoC,Sheltered and Unsheltered Count,39,695,95,75,355,57,47,49,17,278,412,3,0,2,0,0,0,674,21,8,309,0,314,2,44,136,141,554,55,14,484,363,106,15,211,483,328,133,22,0,784,281,540810,19007561,1069129523,0,0,0.275501673,0.962179976,0.237405004,0.127809438,5.058414236681779e-4,59253,20583,0.458144226,1.76428e-4,0.078980188,0.020124877,0.030479804,0.455174645,0.001026344,0.001431187,0.209752039,0.179334702,12011540,16619676,1823302,0,0,0,78382864,4315203,2.77362e-4,913543,1050275,0.009019804,0,0.007858582,0.00796398,43608715,29698603,52994520,163035377,"list(c(-81.3932489998414, -81.391694000078, -81.5980519997, -81.6849499996428, -81.6884910001595, -81.64773500027, -81.4203630001523, -81.3932489998414, 40.9885309999058, 41.3482719996531, 41.3511569995959, 41.2771460003877, 40.9885899999286, 40.9140159999385, 40.9065019996676, 40.9885309999058))"
OH,Ohio,28.787065561145138,OH-507,Ohio Balance of State CoC,10.3013108231195,Ohio Balance of State CoC,Largely Rural CoC,Sheltered and Unsheltered Count,39,327120,58480,29200,67760,71120,50000,38080,12480,139680,183680,720,720,2160,80,80,0,317840,9280,320,44720,640,257840,3120,8640,42240,93840,233280,22800,3280,225520,190880,34640,0,101600,299600,242720,56880,0,16320,281120,161120,6210210,7446256788,96511142635,0.2125,0.025,0.8699546920025673,0.5846559178763941,0.11261181186037171,0.11864781661763613,6.434707776164959e-5,57395.5375,5679.35,0.4102884275,7.655242456076411e-4,0.09701951987625172,0.02438998723760646,0.034066416820661624,0.4310240716445288,0.0018317797077750352,8.915962729675809e-4,0.22364235667534382,0.1771983556371448,12725878,34776762,18386327,0,0,0,460204411,10157528,0.031195514,8453553,317280,0.428354205,0,0.370976282,0.14321179,108311907,76169470,324424139,593722844,"list(list(c(-82.593480000002, -82.5376900001933, -82.3239989996541, -82.2934710001865, -82.2189669998272, -82.1719659997311, -82.2215660000708, -82.1441670002068, -82.0901650001146, -82.0059899998386, -81.8444860002287, -81.7642530000759, -81.756282000314, -81.6775950004089, -81.5652470004487, -81.5575469996942, -81.4561429998995, -81.3845560000593, -81.211654000032, -80.9437820001392, -80.880360000014, -80.8260789996461, -80.756112999915, -80.7052459996032, -80.599895000354, -80.5946640001434, -80.664371999668, 
-80.5189909998347, -80.5190439995809, -80.5191499999725, -81.0851259999649, -81.0872889998874, -81.2372270003258, -81.2412499996877, -81.4691040004492, -81.6491099998266, -81.64773500027, -81.6884910001595, -81.6849499996428, -81.8780530004456, -81.8769600004036, -81.9712620000412, -81.9683114260314, -82.0126548944078, -82.513799885956, -82.7081288290822, -82.7950037146497, -82.9224377681884, -82.9292026628726, -83.0969765829029, -83.1695363776017, -83.5699340003538, -83.7472170000644, -83.8832339997493, 
-83.8803909999447, -84.3604159995987, -84.805971999708, -84.8034339995794, -84.804158999738, -84.8194499998176, -84.6303639998986, -84.2621719998379, -84.3166979998128, -84.3199850003075, -84.2365669998671, -84.213115000257, -84.0916230004011, -83.9780949999843, -83.8586419997285, -83.7701780004144, -83.668892999812, -83.5336770001934, -83.3627749997664, -83.3059119999388, -83.1536439999706, -83.0307749995665, -82.8964820002441, -82.8473930000869, -82.7279050000157, -82.6119419997235, -82.593480000002, 
38.4218209997394, 38.4041569999457, 38.4492680001181, 38.5753830000255, 38.5916829998706, 38.6253839999717, 38.7871869998802, 38.8418800003618, 38.9752779997799, 39.0293870003099, 38.9287459997282, 39.015278999926, 39.1769930002269, 39.2741710002915, 39.2761750000763, 39.3387740000201, 39.4092740000951, 39.3434489997716, 39.3929770003883, 39.6069260002348, 39.620705999882, 39.7985840000516, 39.9134019997026, 40.1541600001839, 40.3176660003857, 40.4713890000024, 40.5700160003382, 40.6388009995665, 
40.8513389999949, 40.900325999945, 40.9015950000093, 40.7278160000084, 40.7235419998635, 40.650534000144, 40.6549410001271, 40.6345250002286, 40.9140159999385, 40.9885899999286, 41.2771460003877, 41.2750439996809, 41.3506850003126, 41.3512680002181, 41.5050451129417, 41.5156549879874, 41.384285018239, 41.4598960048967, 41.4668459350919, 41.4191409618859, 41.5142280094151, 41.610810947867, 41.6232834321847, 41.6171500000725, 41.4662159995688, 41.4145029998136, 41.7202119998839, 41.7065890002822, 41.6961180003455, 
41.1129319999119, 40.275045999973, 39.305153000011, 39.3120549999384, 39.2883419999833, 39.2269439996659, 39.0215339996944, 38.8961249999688, 38.8058350000852, 38.7742359997916, 38.7873629999026, 38.7565230004362, 38.6558569996009, 38.6265620003361, 38.7021809999532, 38.6572200004027, 38.5997460002777, 38.6188390003197, 38.7256640000936, 38.7563949999293, 38.5953279997874, 38.5588710002965, 38.4730670004417, 38.4218209997394), c(-82.7521219998304, -82.8242539996223, -83.2437019999473, -83.2538300002543, 
-83.1791820004489, -82.6965920003205, -82.7674830004401, -82.7632409999721, -82.7521219998304, -82.761467000002, -82.7521219998304, 39.9636290001783, 39.7949960000654, 39.8125029998137, 40.0492180000107, 40.1331580002416, 40.1232599997492, 40.0510279998423, 39.9803390000449, 39.9636290001783, 39.9641039995999, 39.9636290001783), c(-84.3458479995855, -84.4792130001798, -84.4853669997872, -84.1576710002165, -84.0929379998888, -84.1141739998302, -84.3458479995855, 39.5824009997064, 39.5910239998578, 
39.91849099966, 39.9229700002654, 39.8383449999218, 39.5782299998147, 39.5824009997064)), list(c(-81.0863119997989, -81.0016949998243, -81.0022900002833, -80.5190469997193, -80.5193540003868, -80.5194096243546, -81.0020111906639, -81.2857122388287, -81.4886448376891, -81.3910049997809, -81.391694000078, -81.3932489998414, -81.0863119997989, 40.9880310002305, 40.9877829995858, 41.1341889999225, 41.1332180001107, 41.8495629997327, 41.9772110721333, 41.8534458280625, 41.7627008683505, 41.6316580224998, 
41.5697159997936, 41.3482719996531, 40.9885309999058, 40.9880310002305)))"
OH,Ohio,1.974941720223148,OH-508,"Canton, Massillon, Alliance/Stark County CoC",0.16083311180384563,"Canton, Massillon, Alliance/Stark County CoC",Largely Suburban CoC,Sheltered and Unsheltered Count,39,330,88,24,48,71,47,38,14,163,163,2,0,0,0,0,2,323,7,1,108,0,187,0,22,23,135,195,11,7,265,241,24,0,65,279,249,26,4,97,590,172,371516,13646459,1489745358,0,0,0.671145615,0.8524168140000001,0.140440789,0.133247886,2.493822169036757e-4,55045,14505,0.430901529,8.94234e-4,0.0758885,0.0208629,0.034683673,0.44949611899999997,0.001415905,0.001057828,0.214873653,0.194403471,5428141,10519886,1548876,0,0,0,18243934,3679002,6.21777e-4,561106,453485,0.002915083,0,0.005396807,0.006408876,21863417,15992245,16164821,76210979,"list(c(-81.64773500027, -81.6491099998266, -81.4691040004492, -81.2412499996877, -81.2372270003258, -81.0872889998874, -81.0851259999649, -81.0863119997989, -81.3932489998414, -81.4203630001523, -81.64773500027, 40.9140159999385, 40.6345250002286, 40.6549410001271, 40.650534000144, 40.7235419998635, 40.7278160000084, 40.9015950000093, 40.9880310002305, 40.9885309999058, 40.9065019996676, 40.9140159999385))"
OK,Oklahoma,15.01012209082892,OK-500,North Central Oklahoma CoC,2.1542653593371126,North Central Oklahoma CoC,Largely Rural CoC,Sheltered and Unsheltered Count,40,2136,296,472,552,368,248,144,56,576,1536,8,16,0,0,0,0,1960,176,0,176,0,1512,8,184,360,392,1744,472,80,1440,600,832,8,696,2664,696,1968,0,0,112,160,338154,404956801,21135334639,0.5,0,0.9745009419393561,0.5282892276798707,0.26257563136580375,0.1711236142733311,1.5999462784753875e-5,51446.375,3635.625,0.39117825175,0.002262498066381765,0.152001255170431,0.05353393517530475,0.05107895645432849,0.45239447119297715,0.0019088346337142249,0.0011237483611165327,0.2269025356063539,0.16856520991199572,504912,946456,338143,0,0,0,11342362,0,0.001510844,516712,0,0.022879864,0,0.015007026,0.02038293,6858739,6155581,9684962,25005505,"list(list(c(-96.620828000212, -96.1925629997826, -96.1924029995987, -96.0331179997958, -96.0473850003175, -96.1011419999034, -96.2979050004154, -96.2978879996314, -96.1927339995744, -96.2996350001551, -96.2995339999941, -96.0011260002647, -96.0008100000814, -96.5002890002372, -97.5950280000421, -98.1119850004074, -98.1039040000695, -97.6756170004242, -97.3539459999079, -97.3236199998631, -97.1405830001053, -96.6196550000782, -96.620828000212, 35.6390050000807, 35.6390870002649, 35.856993000027, 35.8568240003274, 
35.9845970002514, 36.0465219996906, 36.0757660002008, 36.1622790003756, 36.2456060002168, 36.3037499997627, 36.4482500003373, 36.4483969999217, 36.9988600003887, 36.9986430002743, 36.9985460002977, 36.9980930000919, 36.1648769996738, 36.1646629996977, 36.1643040002295, 36.0108769998737, 35.941990999585, 35.9415710000017, 35.6390050000807)), list(c(-96.111288000141, -96.073656000424, -96.1923400002908, -96.1851559999494, -96.111288000141, 36.1609439999657, 36.2460010004459, 36.301979999977, 36.201951999785, 
36.1609439999657)), list(c(-96.228455000198, -96.2282869996453, -96.1030630003572, -96.0311400003108, -96.2992979999028, -96.2993969999715, -96.228455000198, 36.3035699995559, 36.4044159996987, 36.3903090002602, 36.4482250000838, 36.4480570004303, 36.3039419996236, 36.3035699995559)))"
OK,Oklahoma,12.51262118532999,OK-501,Tulsa City & County CoC,0.17442996451620402,Tulsa City & County CoC,Major City CoC,Sheltered and Unsheltered Count,40,1389,147,97,238,287,307,232,81,504,865,6,6,6,0,0,2,1275,114,13,304,7,716,5,81,462,228,1161,86,6,855,658,191,6,534,965,757,202,6,189,582,567,650291,42925549,1476917124,1,0,0.52787026,0.948670136,0.388616788,0.143420213,4.4030297261283565e-4,57024,22801,0.44051679,0.001441461,0.107026422,0.016814318,0.031033161000000004,0.43725193800000006,0.004251387,0.00113949,0.252073303,0.143837144,7869040,9889190,605314,0,0,0,87203243,6446835,3.27546e-4,348231,612930,0.00863152,2079006,0.005981937,0.001177934,12035657,7928422,36699673,84514298,"list(c(-96.0331179997958, -95.8194050000407, -95.7617020001471, -95.7615290002631, -95.6724250002135, -95.7439420004229, -95.8153999997102, -95.7943700002752, -96.0011260002647, -96.2995339999941, -96.2996350001551, -96.1927339995744, -96.2978879996314, -96.2979050004154, -96.1011419999034, -96.0473850003175, -96.0331179997958, 35.8568240003274, 35.8562550001682, 35.901147000134, 35.9920670002919, 36.0497910002545, 36.1552079998494, 36.1626300003743, 36.4235800003168, 36.4483969999217, 36.4482500003373, 
36.3037499997627, 36.2456060002168, 36.1622790003756, 36.0757660002008, 36.0465219996906, 35.9845970002514, 35.8568240003274), c(-96.228455000198, -96.2993969999715, -96.2992979999028, -96.0311400003108, -96.1030630003572, -96.2282869996453, -96.228455000198, 36.3035699995559, 36.3039419996236, 36.4480570004303, 36.4482250000838, 36.3903090002602, 36.4044159996987, 36.3035699995559), c(-96.111288000141, -96.1851559999494, -96.1923400002908, -96.073656000424, -96.111288000141, 36.1609439999657, 36.201951999785, 
36.301979999977, 36.2460010004459, 36.1609439999657))"
OK,Oklahoma,23.826897040495226,OK-503,Oklahoma Balance of State CoC,4.935327554687712,Oklahoma Balance of State CoC,Largely Rural CoC,Sheltered and Unsheltered Count,40,2516,340,153,374,867,680,85,17,969,1530,0,17,0,0,0,0,2108,408,0,204,0,1717,0,51,969,561,1955,119,0,1343,850,493,0,1173,1632,1088,544,0,0,1037,136,1134479,320616698,50032017805,0.5882352941176471,0.058823529411764705,0.6822156937267301,0.7973886329197146,0.39281114946045104,0.14596033234724662,2.267505988708344e-5,53372.470588235294,3128.176470588235,0.35084429358823527,0.0016893696139518035,0.11820288706546253,0.024924652382188654,0.03636760536853128,0.4240757211004188,0.004145971548163254,9.643192894385882e-4,0.25473102661620356,0.1414287969171373,11827586,11679510,1343343,0,0,0,208652863,5227343,0.0015965929999999999,413321,863578,0.024384944999999998,3616277,0.029411450999999998,0.028106507,32000030,19521624,32410139,118902751,"list(list(c(-100.000395999975, -99.9251470003338, -99.8933720000177, -99.717101000211, -99.558485999829, -99.4958120000238, -99.3810219998654, -99.3770520002496, -99.3642170001144, -98.6233360003561, -98.6232439997108, -98.308392999837, -98.306325999845, -98.0235349999402, -97.833675000301, -97.8308939997582, -97.7983980003674, -97.5939560000693, -97.2649809999732, -97.4591790000108, -97.4235679999632, -97.2794619995716, -97.1417669998471, -97.1414899996637, -96.6246809998282, -96.620828000212, -96.6196550000782, 
-97.1405830001053, -97.1410659998959, -97.6740259998999, -97.6756170004242, -98.1039040000695, -98.1119850004074, -99.1057010000011, -99.6309970000115, -100.734512999875, -102.042089000407, -103.002329000383, -103.002358999968, -101.698685000412, -101.098993999673, -100.000406000437, -100.000395999975, 35.881233000003, 35.9136639999937, 35.9852950000642, 35.8597690003392, 35.8659880002461, 35.9787319995822, 36.0129249998889, 35.551741000347, 35.4653280002871, 35.4642249997839, 35.5515220001403, 35.5513130003947, 
35.3772390002797, 35.3778159999085, 35.3353619999564, 35.5079150000772, 35.6307649996051, 35.6385479996905, 35.5945790000209, 35.4666890000973, 35.4351309998958, 35.4353239998028, 35.4040239998078, 35.4639770000386, 35.4627069999282, 35.6390050000807, 35.9415710000017, 35.941990999585, 35.7244010000062, 35.7259700004153, 36.1646629996977, 36.1648769996738, 36.9980930000919, 36.9994509997639, 36.9999700003153, 36.9990589996731, 36.9930159997886, 37.0001499996229, 36.5005510002285, 36.4995079997944, 
36.4991179997959, 36.4997019997475, 35.881233000003)), list(c(-96.6236990004085, -96.7766939997282, -96.7756809997783, -96.6676920002856, -96.4907859999739, -96.4904339999291, -96.4413049997259, -96.4455840001015, -96.6236990004085, 35.40072200042, 35.4054170001945, 34.8999580003615, 34.9295829995559, 34.9105850002976, 35.1158570002004, 35.1157709998319, 35.4587710000816, 35.40072200042)))"
OK,Oklahoma,1.881311364789944,OK-504,Norman/Cleveland County CoC,0.11068304598783615,Norman/Cleveland County CoC,Largely Suburban CoC,Sheltered and Unsheltered Count,40,240,27,13,36,54,50,45,15,104,131,3,1,1,0,0,0,211,29,2,53,0,157,1,13,109,46,194,11,0,149,129,20,0,91,164,135,29,0,0,77,5,282189,49261324,1395713124,0,0,0.824737756,0.842850762,0.290004217,0.120425554,2.0218266572665688e-4,65412,13111,0.436613121,6.56982e-4,0.068434346,0.007870079,0.017127981,0.411103906,0.004329937,5.56365e-4,0.214657552,0.134746571,694371,2516894,364270,0,0,0,16487402,923028,3.15391e-4,358574,0,0.005237624,0,0.001243847,6.13064e-4,892389,933275,5248870,11931671,"list(c(-97.5593220001102, -97.5547899997587, -97.4070819996346, -97.3541919995611, -97.3415090001402, -97.1423489997065, -97.1419229998465, -97.230295000314, -97.4148039996049, -97.4592329998031, -97.5593220001102, 35.290727000151, 35.2243290003831, 35.1381440000456, 35.0766560000744, 34.9640010003459, 34.9281760003222, 35.3040969997768, 35.3263740000601, 35.290737999759, 35.3703639997988, 35.290727000151))"
OK,Oklahoma,9.366963742506712,OK-505,Northeast Oklahoma CoC,1.83338936333056,Northeast Oklahoma CoC,Largely Rural CoC,Sheltered and Unsheltered Count,40,3223,440,253,462,924,572,374,198,2035,1166,0,11,0,0,11,0,3146,77,0,154,0,1694,33,110,1485,671,2552,242,33,836,836,0,0,2387,880,880,0,0,0,671,11,476679,665958266,17717540026,1,0.09090909090909091,0.9690833039753608,0.4167333237584517,0.3585284856114912,0.15446498847055565,2.690435575709081e-5,47630.181818181816,2717.3636363636365,0.4311493131818182,0.0013373802201172705,0.1696573851064238,0.04208295248287002,0.05297160188187019,0.4551259859895149,0.0024169234708514534,9.209551174626951e-4,0.2340526855480963,0.18112608276525502,563923,0,676148,0,0,0,3790518,0,0.003676846,1189876,0,0.014890969,0,0.046219633,0.012782793,2157590,1807396,23635623,30030556,"list(c(-95.8194050000407, -95.6504189998369, -95.6397790002007, -95.337702000347, -95.1271630003722, -95.1322710003064, -95.0065099996368, -94.7502239998377, -94.6687960003351, -94.5948010000661, -94.4952510003334, -94.4343759998525, -94.4931369999725, -94.6178590003925, -94.6183070003677, -94.6179639998387, -95.4579300003692, -96.0008100000814, -96.0011260002647, -95.7943700002752, -95.8153999997102, -95.7439420004229, -95.6724250002135, -95.7615290002631, -95.7617020001471, -95.8194050000407, 35.8562550001682, 
35.8566440001206, 35.7918070003928, 35.8132780003795, 35.8127549996436, 35.5260550002381, 35.41460000009, 35.3569689999194, 35.2950289997885, 35.3279740001001, 35.3012000001799, 35.3874309999408, 35.7592469998492, 36.4994309998408, 36.7665599996443, 36.998904999766, 36.9992339996494, 36.9988600003887, 36.4483969999217, 36.4235800003168, 36.1626300003743, 36.1552079998494, 36.0497910002545, 35.9920670002919, 35.901147000134, 35.8562550001682))"
OK,Oklahoma,12.042344793327407,OK-506,Southwest Oklahoma Regional CoC,3.609759769135054,Southwest Oklahoma Regional CoC,Largely Rural CoC,Sheltered and Unsheltered Count,40,7584,496,496,1648,1824,1776,1008,336,3328,4256,0,0,0,0,0,0,6624,960,16,1472,0,3936,32,432,1728,832,6752,480,16,1968,1296,672,0,5616,2336,1648,688,0,192,144,544,414831,368139433,36243233316,1,0.125,0.9816815084250816,0.4099765448413451,0.3135638368499654,0.14955532861698861,1.144575033863957e-5,50424.75,1899,0.3814596353125,0.0017703967678618824,0.18097713937076546,0.052982480783323814,0.06605670183750491,0.44973736294756905,NA,0.001434319280396113,0.2418117257596684,0.1578233063569357,153972,1474220,288182,0,0,0,1425128,875747,0.001868148,683431,0,0.009229896999999999,0,0.049788887,0.12405706500000001,10193521,8536901,15323002,37528976,"list(c(-100.000381000183, -100.000276999884, -99.8887409995974, -99.6945279997673, -99.5696959996706, -99.3987279997973, -99.3755500002323, -99.2088320002965, -99.1897760001622, -98.9512839998567, -98.8871120002186, -98.6900720004224, -98.5773559996796, -98.4863279999372, -98.3640230003612, -98.1687900002582, -98.0844349997754, -97.9468020002121, -97.9571550001031, -97.8773869998101, -97.6614890000173, -97.5608579998968, -97.5623230000064, -97.143972999954, -97.1426710001665, -96.93245199966, -96.9305859999439, 
-97.0159300001694, -97.1423489997065, -97.3415090001402, -97.3541919995611, -97.4070819996346, -97.5547899997587, -97.5593220001102, -97.6525369999825, -97.833675000301, -98.0235349999402, -98.306325999845, -98.308392999837, -98.6232439997108, -98.6233360003561, -99.3642170001144, -99.3770520002496, -99.3810219998654, -99.4958120000238, -99.558485999829, -99.717101000211, -99.8933720000177, -99.9251470003338, -100.000395999975, -100.000381000183, 34.7463580001217, 34.5604500001674, 34.5504519995602, 
34.3782179997609, 34.4184180000907, 34.3758320003466, 34.4587890002122, 34.3391719995882, 34.2143570002754, 34.2121890001223, 34.1682599995993, 34.133155000403, 34.149100000065, 34.0625980003974, 34.1571089997806, 34.1142619996916, 34.0028929999121, 33.9908929996123, 33.9144539999522, 33.8502359999915, 33.990817999751, 33.8996449996171, 34.5070360002113, 34.5066060001668, 34.637125999965, 34.6368119998739, 34.9643639999986, 34.90734800031, 34.9281760003222, 34.9640010003459, 35.0766560000744, 35.1381440000456, 
35.2243290003831, 35.290727000151, 35.333381000333, 35.3353619999564, 35.3778159999085, 35.3772390002797, 35.5513130003947, 35.5515220001403, 35.4642249997839, 35.4653280002871, 35.551741000347, 36.0129249998889, 35.9787319995822, 35.8659880002461, 35.8597690003392, 35.9852950000642, 35.9136639999937, 35.881233000003, 34.7463580001217))"
OK,Oklahoma,15.097019564701885,OK-507,Southeastern Oklahoma Regional CoC,4.641081974583494,Southeastern Oklahoma Regional CoC,Largely Rural CoC,Sheltered and Unsheltered Count,40,17178,3990,1491,3570,3633,2226,2058,210,7560,9471,0,0,147,0,0,0,16338,840,42,2268,0,10059,0,231,1407,5775,11403,1344,420,8064,8064,0,0,9114,10290,10290,0,0,0,1596,3738,532807,1493296725,45697275878,0.9523809523809523,0.42857142857142855,0.9875549307496486,0.30718652160413995,0.3471576011379036,0.18827288883378032,1.1659491507162439e-5,44239,2111.904761904762,0.4385466059047619,0.002436618306034977,0.20603561587698394,0.06079984929990597,0.06188185653000243,0.4797534568286603,9.837136955265229e-4,0.0016535068292233398,0.23690004079563706,0.1858928279218704,264579,0,812474,0,0,0,16177063,0,0.015875359999999998,622515,0,0.037343760000000004,0,0.063829501,0.121204648,17292155,15313494,20286772,54591989,"list(c(-97.4841630001223, -97.4632020002721, -97.3746899996438, -97.2556389999398, -97.154366999937, -97.0956439997707, -97.0483240002524, -96.9242679999682, -96.8664379996139, -96.7942760002372, -96.5326509997438, -96.3187589998279, -96.2903589995681, -96.1798459996931, -96.1492269996263, -96.0488339996893, -95.9247800003966, -95.8304060001368, -95.7566120001437, -95.5527990000738, -95.5337979997778, -95.3632090002951, -95.2476299997247, -95.2166829998205, -95.0490249997039, -94.9980190001767, -94.8606870001049, 
-94.736814000166, -94.4859030000234, -94.4703309995759, -94.4574740002249, -94.4343759998525, -94.4952510003334, -94.5948010000661, -94.6687960003351, -94.7502239998377, -95.0065099996368, -95.1322710003064, -95.1271630003722, -95.337702000347, -95.6397790002007, -95.6504189998369, -95.8194050000407, -96.0331179997958, -96.1924029995987, -96.1925629997826, -96.620828000212, -96.6246809998282, -96.6236990004085, -96.4455840001015, -96.4413049997259, -96.4904339999291, -96.4907859999739, -96.6676920002856, 
-96.7756809997783, -96.8214879996714, -96.9305859999439, -96.93245199966, -97.1426710001665, -97.143972999954, -97.5623230000064, -97.5608579998968, -97.4841630001223, 33.9155100000865, 33.8430899996039, 33.8185520002746, 33.863702000447, 33.7240939997383, 33.7292219996956, 33.8172689995647, 33.9591590002877, 33.8531490003261, 33.8688860002887, 33.8231429997497, 33.6967529997512, 33.7708310002505, 33.7596180002706, 33.8370909999497, 33.8364679999983, 33.8848429996048, 33.834784999728, 33.8920279999923, 
33.9243110003524, 33.8811530003107, 33.8668119999739, 33.9147439998358, 33.9626520003895, 33.8640900003533, 33.86050399956, 33.7419450000618, 33.6923320000218, 33.6378579997469, 34.1901829997457, 34.6347799996973, 35.3874309999408, 35.3012000001799, 35.3279740001001, 35.2950289997885, 35.3569689999194, 35.41460000009, 35.5260550002381, 35.8127549996436, 35.8132780003795, 35.7918070003928, 35.8566440001206, 35.8562550001682, 35.8568240003274, 35.856993000027, 35.6390870002649, 35.6390050000807, 35.4627069999282, 
35.40072200042, 35.4587710000816, 35.1157709998319, 35.1158570002004, 34.9105850002976, 34.9295829995559, 34.8999580003615, 34.9461120000688, 34.9643639999986, 34.6368119998739, 34.637125999965, 34.5066060001668, 34.5070360002113, 33.8996449996171, 33.9155100000865))"
OR,Oregon,7.180474086646605,OR-500,"Eugene, Springfield/Lane County CoC",1.3407688441336694,"Eugene, Springfield/Lane County CoC",Other Largely Urban CoC,Sheltered and Unsheltered Count,41,3085,252,216,459,667,627,563,301,1061,1967,15,29,5,4,2,2,2783,302,13,113,1,2470,12,151,1500,425,2660,198,13,989,920,69,0,2096,1205,1088,117,0,368,976,407,377749,436058218,11795044831,0,0,0.9787810300000002,0.819691308,0.186459792,0.171762221,3.2026075815090725e-5,54942,16666,0.536089581,0.001915659,0.055623804,0.008978285,0.023927831000000004,0.433136818,0.0027643710000000003,0.001193914,0.18373576099999997,0.193035587,10266424,4027418,788400,0,0,0,59317064,3017841,3.22966e-4,407410,0,0.008272689,0,0.002784918,0.00157512,4599643,3345708,11011805,37464649,"list(c(-121.79942599981, -122.327150000272, -122.507203000018, -122.76273500012, -122.86547799961, -122.905754999893, -123.165428000302, -123.180388000406, -123.941074999811, -124.113939025066, -124.158055379552, -123.946291000229, -123.827004000434, -123.619012000104, -123.529153000311, -123.348245999853, -123.137318999972, -123.137211000387, -123.107686000409, -122.741844999947, -122.741716000293, -122.147305000226, -122.130689000197, -122.002361999906, -121.967178999811, -121.972930999766, -121.857063000257, 
-121.768069999931, -121.79942599981, 44.2582800003218, 44.2528410004119, 44.2234480002251, 44.2905370003823, 44.2871339999342, 44.2007359996667, 44.200070999577, 44.2837250001087, 44.2829510003884, 44.2761939999532, 43.8637200829156, 43.8626819999744, 43.9448369997278, 43.9211170003493, 43.830061000215, 43.7801699999456, 43.7796700002704, 43.6059060000619, 43.5400100000615, 43.544654000182, 43.4373950001792, 43.442478999906, 43.5571429996498, 43.6154979999328, 43.704254000122, 43.8611559997497, 43.965248000295, 
44.1152449998569, 44.2582800003218))"
OR,Oregon,3.096507533851186,OR-501,"Portland, Gresham/Multnomah County CoC",0.1388147337594121,"Portland, Gresham/Multnomah County CoC",Major City CoC,Sheltered-Only Count,41,7384,894,361,1320,1910,1472,1051,376,2901,4222,51,135,36,30,6,3,6691,693,52,582,4,2022,142,522,2974,1425,5959,320,50,3440,2745,695,0,3944,3820,2995,825,0,887,5995,2430,809869,88031754,1116334868,0,0,0.627971811,0.987183418,0.310721857,0.131832971,7.254713824812645e-4,71425,67069,0.516174576,0.002039725,0.05339025,0.008192574,0.015285453999999999,0.43678051599999995,0.005268817999999999,0.002065766,0.18683515499999998,0.134569912,57125473,19391002,4040292,0,0,0,305000000,8020572,5.79106e-4,1822484,1457132,0.012345206,5055967,0.004676065,4.64273e-4,16073028,5365509,66266345,184617804,"list(c(-122.743721000124, -122.641579999617, -121.81958699964, -121.906687999951, -121.922027999593, -122.249217000064, -122.438674000005, -122.763810000231, -122.762436999868, -122.929146000288, -122.929128000357, -122.743862000331, -122.743721000124, 45.4332940004178, 45.4614819998944, 45.4616749998015, 45.5208280000122, 45.6492049999109, 45.5486529998361, 45.5635850004475, 45.6571379997189, 45.7286650003895, 45.7214820000943, 45.6353129995953, 45.5195090003401, 45.4332940004178))"
OR,Oregon,3.9027334772324234,OR-502,"Medford, Ashland/Jackson County CoC",0.7937534025809864,"Medford, Ashland/Jackson County CoC",Largely Suburban CoC,Sheltered-Only Count,41,1163,143,74,201,247,223,190,85,414,732,5,9,0,3,0,0,977,186,1,10,0,516,5,84,306,219,944,66,1,607,333,264,10,556,831,493,338,0,29,133,478,218781,46774848,7208589510,0,0,0.975723005,0.794046377,0.199724839,0.137015798,3.0350042778340975e-5,56327,9701,0.541172936,7.135690000000002e-4,0.068813721,0.010517245000000001,0.024907079,0.440248468,0.0033337509999999994,0.001001001,0.205397178,0.219941403,485889,1792741,1073415,0,0,0,37764984,1072826,7.45037e-4,151441,0,0.010000868,0,0.002129984,0,0,0,5978669,10554981,"list(c(-123.231112999565, -122.28974800037, -122.28272999959, -122.401025000403, -122.460224000038, -122.560273000299, -122.794776000112, -123.009765000255, -123.152232999753, -123.229634999755, -123.231112999565, 42.0039429999695, 42.0080980000228, 42.9964990000289, 42.996631999867, 42.9398730003388, 42.9391850000877, 42.778221000199, 42.7521440000456, 42.7558350002851, 42.7099559997696, 42.0039429999695))"
OR,Oregon,7.695022235770744,OR-503,Central Oregon CoC,2.282810282523095,Central Oregon CoC,Largely Rural CoC,Sheltered and Unsheltered Count,41,5397,672,327,966,1305,1026,798,303,2046,3285,15,15,33,0,0,3,4935,462,15,72,0,4131,24,273,966,1095,4302,342,15,1665,1467,198,0,3732,2157,1884,273,0,450,426,210,239530,141942148,20145537167,0.3333333333333333,0,0.9844158090697951,0.6492672051627938,0.15969607165522062,0.10308925143109422,1.1889978312038723e-5,61260.333333333336,4045.3333333333335,0.49527999233333336,9.331430959855224e-4,0.14808698271252307,0.0132033073384169,0.022789491895637292,0.46767419515093306,0.007780383132739113,0.0013735229063958584,0.20328142626719412,0.2032563768711059,1392932,1636945,289634,0,0,0,26312802,0,4.43288e-4,0,0,0.011248845,0,0.004778707,0,0,0,2260499,5580010,"list(c(-122.002361999906, -120.974974999796, -119.896581000113, -119.897433999879, -119.777528000317, -119.775402000302, -119.657183000295, -119.65551699991, -119.899002000242, -119.899282999711, -120.021620999909, -120.386074000215, -120.386035000215, -121.089480000302, -121.752993999873, -121.811952000085, -121.799561999786, -121.793895000154, -121.846880000112, -121.837190000218, -121.79942599981, -121.768069999931, -121.857063000257, -121.972930999766, -121.967178999811, -122.002361999906, 43.6154979999328, 
43.6174370003174, 43.6111639997189, 43.6981999997303, 43.6979570002155, 43.9590860003187, 43.9589199998582, 44.3070449999269, 44.306620000113, 44.3895749998864, 44.4387929996972, 44.4360829997307, 44.8216250003935, 44.8232719999029, 44.8299189997621, 44.8110809997884, 44.6839149999773, 44.5940560001843, 44.4910900003033, 44.3030110000577, 44.2582800003218, 44.1152449998569, 43.965248000295, 43.8611559997497, 43.704254000122, 43.6154979999328))"
OR,Oregon,6.038698857014142,OR-504,"Salem/Marion, Polk Counties CoC",0.5713048514932345,"Salem/Marion, Polk Counties CoC",Largely Suburban CoC,Sheltered-Only Count,41,3510,224,168,630,890,752,598,248,1244,2220,10,30,0,6,0,0,3072,438,8,98,4,1352,70,130,1426,344,3166,184,0,1754,1348,396,10,1756,2292,1710,572,10,292,546,988,428472,34789563,4977355091,0,0,0.9382575497138389,0.8364769466083011,0.3303249690902229,0.13113450597302506,8.608427411071363e-5,63741,13895.5,0.4986031995,0.002889344072549583,0.055454562770486084,0.006783899347271234,0.022844398418645794,0.3735996750850884,0.003004505750900875,7.888499107899699e-4,0.24158871500922813,0.16136410308995222,4628732,5670990,305802,0,0,0,79093795,2755971,1.94914e-4,0,0,0.018314808000000002,4144662,0.003208092,0.004896681,3236360,3046564,12583558,36372639,"list(c(-122.849925000039, -123.001561999686, -123.068271000306, -123.724367999583, -123.725000999996, -123.704467000052, -123.149025000204, -123.122329000283, -122.934080000292, -122.79945199991, -122.615560000294, -122.485854000262, -122.318115000007, -122.217977000138, -122.138702000097, -122.033006000227, -121.799561999786, -121.811952000085, -121.752993999873, -121.734223000291, -122.401021000219, -122.508106000292, -122.595522999886, -122.788554000067, -122.751948, -122.849925000039, 45.2596969998168, 
45.2566050002206, 45.0748639999737, 45.0762259998301, 44.739045999973, 44.7211539995575, 44.7202249998839, 44.7513550001332, 44.7157799999471, 44.7916529995863, 44.7883860000139, 44.746937999689, 44.7591560001493, 44.6932879996415, 44.725178999911, 44.6856910000397, 44.6839149999773, 44.8110809997884, 44.8299189997621, 44.885720000078, 44.885720000078, 44.9195990002937, 45.0196790001858, 45.1301760002223, 45.2425420001132, 45.2596969998168))"
OR,Oregon,50.525234731830494,OR-505,Oregon Balance of State CoC,22.28601608065383,Oregon Balance of State CoC,Largely Rural CoC,Sheltered and Unsheltered Count,41,168012,16328,11700,30134,39494,35490,25324,9542,64480,101556,390,676,650,130,78,52,149916,18096,858,2912,52,137670,1040,10114,51116,25064,142948,12246,572,36322,26884,9438,0,131690,43836,32916,10920,0,728,2236,12506,1091100,5383482999,196666486159,0.6538461538461539,0,0.9847677372930959,0.6068211018939684,0.19508752631808085,0.1408161638594446,5.547971193820347e-6,53298.46153846154,2887.6153846153848,0.4398316975769231,0.0018029094633415454,0.13480982664524171,0.018436765360603978,0.028173012270969664,0.46029328186598756,NA,0.0011630464808156907,0.20515901368335349,0.21323618359086519,2574823,2480318,2813313,0,0,0,181494036,747583,0.007390747,850825,0,0.202783875,0,0.062108848,0.008600457,3972724,4514213,20917654,38871453,"list(list(c(-121.799561999786, -122.033006000227, -122.138702000097, -122.217977000138, -122.318115000007, -122.485854000262, -122.615560000294, -122.79945199991, -122.934080000292, -123.122329000283, -123.149025000204, -123.704467000052, -123.725000999996, -123.724367999583, -123.068271000306, -123.001561999686, -122.849925000039, -122.867891000269, -123.135426999956, -123.486079999692, -123.361130999596, -123.484726000205, -123.361028000242, -123.361621999755, -123.030872999689, -122.929146000288, 
-122.762436999868, -122.785515000217, -122.813998999854, -122.904118999992, -123.11590399987, -123.280165999861, -123.43098699965, -123.479643999671, -123.871869000054, -124.039915039647, -123.953893144853, -123.937288201989, -123.967728193801, -123.964521355276, -123.917556301982, -123.955858302918, -123.900692297711, -123.973520281935, -123.932198307206, -123.973673443674, -124.075458452945, -124.060104509316, -124.08368554815, -124.115840172086, -124.115383112341, -124.113939025066, -123.941074999811, 
-123.180388000406, -123.165428000302, -122.905754999893, -122.86547799961, -122.76273500012, -122.507203000018, -122.327150000272, -121.79942599981, -121.837190000218, -121.846880000112, -121.793895000154, -121.799561999786, 44.6839149999773, 44.6856910000397, 44.725178999911, 44.6932879996415, 44.7591560001493, 44.746937999689, 44.7883860000139, 44.7916529995863, 44.7157799999471, 44.7513550001332, 44.7202249998839, 44.7211539995575, 44.739045999973, 45.0762259998301, 45.0748639999737, 45.2566050002206, 
45.2596969998168, 45.3173449998719, 45.433458999933, 45.4331989996342, 45.5787789996511, 45.7087639999587, 45.7086960004202, 45.7795790001708, 45.7791589996881, 45.7214820000943, 45.7286650003895, 45.8505359997367, 45.9609830001654, 46.0837339996244, 46.1852680000183, 46.1448430001044, 46.1815710004014, 46.2691310002955, 46.2349489995967, 46.2640214049639, 46.1311905656921, 45.9773246350239, 45.9080165846977, 45.7440577030006, 45.7056337099278, 45.5750306991075, 45.5394655977592, 45.4622967263129, 
45.407193715018, 45.1549126822745, 44.7713986977917, 44.7416466558685, 44.4167617778338, 44.2762325763724, 44.2762019265777, 44.2761939999532, 44.2829510003884, 44.2837250001087, 44.200070999577, 44.2007359996667, 44.2871339999342, 44.2905370003823, 44.2234480002251, 44.2528410004119, 44.2582800003218, 44.3030110000577, 44.4910900003033, 44.5940560001843, 44.6839149999773)), list(c(-121.752993999873, -121.089480000302, -120.386035000215, -120.386074000215, -120.021620999909, -119.899282999711, -119.899002000242, 
-119.65551699991, -119.657183000295, -119.775402000302, -119.777528000317, -119.897433999879, -119.896581000113, -120.974974999796, -122.002361999906, -122.130689000197, -122.147305000226, -122.741716000293, -122.741844999947, -123.107686000409, -123.137211000387, -123.137318999972, -123.348245999853, -123.529153000311, -123.619012000104, -123.827004000434, -123.946291000229, -124.158055379552, -124.231165621396, -124.382257768581, -124.448559718057, -124.558000767421, -124.513410749007, -124.415800766792, 
-124.389989854448, -124.434618852178, -124.411516926265, -124.35609889235, -124.211592011962, -123.347451000064, -123.231112999565, -123.229634999755, -123.152232999753, -123.009765000255, -122.794776000112, -122.560273000299, -122.460224000038, -122.401025000403, -122.28272999959, -122.28974800037, -121.344911000242, -120.32638699966, -119.999233999949, -119.324183999892, -118.676499000029, -117.626017999731, -117.02620000033, -117.026230999961, -117.026633999659, -116.934499000129, -116.977084999873, 
-116.895931000415, -117.056509999637, -117.242674999751, -117.224104000399, -117.14416100013, -117.044217000214, -116.934700000405, -116.831989999739, -116.848036999608, -116.728757000135, -116.674647999605, -116.557620999709, -116.463635000255, -116.594209999892, -116.763401999702, -116.916071000176, -117.479751000408, -118.987258000057, -119.12632199996, -119.257071999573, -119.623627999732, -119.6699740002, -119.965772000078, -120.170603000328, -120.21077400022, -120.50574299964, -120.635051000203, 
-120.94401800033, -121.084862999628, -121.532933999704, -121.867020999919, -121.922027999593, -121.906687999951, -121.81958699964, -121.700472999729, -121.686261999991, -121.748484999683, -121.652018000031, -121.805666999832, -121.734223000291, -121.752993999873, 44.8299189997621, 44.8232719999029, 44.8216250003935, 44.4360829997307, 44.4387929996972, 44.3895749998864, 44.306620000113, 44.3070449999269, 43.9589199998582, 43.9590860003187, 43.6979570002155, 43.6981999997303, 43.6111639997189, 43.6174370003174, 
43.6154979999328, 43.5571429996498, 43.442478999906, 43.4373950001792, 43.544654000182, 43.5400100000615, 43.6059060000619, 43.7796700002704, 43.7801699999456, 43.830061000215, 43.9211170003493, 43.9448369997278, 43.8626819999744, 43.8637200829156, 43.5639417825872, 43.2714647793761, 43.0276949097923, 42.8335038120513, 42.7451278338825, 42.6611318670421, 42.574688841317, 42.4410758445746, 42.2528518898029, 42.1149638326148, 41.9984597732, 41.9992769997338, 42.0039429999695, 42.7099559997696, 42.7558350002851, 
42.7521440000456, 42.778221000199, 42.9391850000877, 42.9398730003388, 42.996631999867, 42.9964990000289, 42.0080980000228, 41.9962139996764, 41.9925859996442, 41.994943999566, 41.9939230001464, 41.9921540004069, 41.9980960001304, 42.0001949997995, 42.8311939996034, 43.8081099996768, 44.0212180003105, 44.0858199999931, 44.1542950002141, 44.2308740000351, 44.3965480003899, 44.4837340001241, 44.5456469999092, 44.7451400004107, 44.7838810000082, 44.9330069998732, 45.0217280002471, 45.1443809996834, 
45.3150819998345, 45.5034950001942, 45.6027849996281, 45.7790799996423, 45.8165799995674, 45.9953569998257, 45.9977830001853, 45.999855000408, 45.9327840001815, 45.9398670003619, 45.9056020003321, 45.856908000404, 45.8243760002522, 45.7619799997772, 45.725915000377, 45.6999489999465, 45.745710999563, 45.6563920003906, 45.6479319996621, 45.7265039996599, 45.6933909996949, 45.6492049999109, 45.5208280000122, 45.4616749998015, 45.3785310003055, 45.233301000241, 45.2044400003058, 45.0867060001818, 45.0061240001226, 
44.885720000078, 44.8299189997621)))"
OR,Oregon,2.9990776570076196,OR-506,"Hillsboro, Beaverton/Washington County CoC",0.21658965891308207,"Hillsboro, Beaverton/Washington County CoC",Largely Suburban CoC,Sheltered-Only Count,41,874,161,61,133,198,149,131,41,354,500,4,11,2,1,1,1,712,162,4,62,0,408,35,70,407,299,575,43,11,644,567,77,0,230,817,705,112,0,2382,600,911,595761,6118186,1875855586,0,0,0.836843939,0.9450490699999999,0.353341357,0.084519669,3.175942777505475e-4,86626,35737,0.463184573,0.001950323,0.038753275,0.00638705,0.017010585,0.389471617,0.004534389,8.54369e-4,0.228460742,0.13344613,9154819,6842148,0,0,0,0,75861637,3577955,8.39263e-5,506117,317705,0.004607552,0,0.001134683,4.0956e-4,2013263,1962237,8371981,32746225,"list(c(-122.743721000124, -122.743862000331, -122.929128000357, -122.929146000288, -123.030872999689, -123.361621999755, -123.361028000242, -123.484726000205, -123.361130999596, -123.486079999692, -123.135426999956, -122.867891000269, -122.743741000147, -122.743721000124, 45.4332940004178, 45.5195090003401, 45.6353129995953, 45.7214820000943, 45.7791589996881, 45.7795790001708, 45.7086960004202, 45.7087639999587, 45.5787789996511, 45.4331989996342, 45.433458999933, 45.3173449998719, 45.3320669997922, 
45.4332940004178))"
OR,Oregon,4.410131137363007,OR-507,Clackamas County CoC,0.5586580446348077,Clackamas County CoC,Largely Suburban CoC,Sheltered-Only Count,41,353,54,12,57,85,73,58,14,131,216,1,0,0,2,0,3,315,38,2,13,4,120,0,35,225,83,270,11,4,175,156,19,0,178,235,198,37,0,113,969,365,415084,31863504,4845115802,0,0,0.930570562,0.8289040610000001,0.190137418,0.074796326,8.567060457639811e-5,82911,23006,0.505245857,0.001041863,0.056258441,0.007048594,0.018261189,0.406732131,0.004053005,8.45612e-4,0.215035993,0.180493587,7602296,4406852,3132888,0,0,0,46712696,2221169,3.66191e-4,537465,385824,0.004066647,0,9.94979e-4,0.001069663,4544926,3102840,23636703,49570963,"list(c(-121.81958699964, -122.641579999617, -122.743721000124, -122.743741000147, -122.867891000269, -122.849925000039, -122.751948, -122.788554000067, -122.595522999886, -122.508106000292, -122.401021000219, -121.734223000291, -121.805666999832, -121.652018000031, -121.748484999683, -121.686261999991, -121.700472999729, -121.81958699964, 45.4616749998015, 45.4614819998944, 45.4332940004178, 45.3320669997922, 45.3173449998719, 45.2596969998168, 45.2425420001132, 45.1301760002223, 45.0196790001858, 
44.9195990002937, 44.885720000078, 44.885720000078, 45.0061240001226, 45.0867060001818, 45.2044400003058, 45.233301000241, 45.3785310003055, 45.4616749998015))"
PA,Pennsylvania,1.33266386770024,PA-500,Philadelphia CoC,0.038463498931592136,Philadelphia CoC,Major City CoC,Sheltered and Unsheltered Count,42,5191,916,374,872,1117,856,783,273,1965,3169,14,18,24,1,0,0,4602,589,26,3451,9,1259,19,236,1080,1469,3722,235,120,4215,3487,509,219,976,4751,3785,724,242,6,5362,1060,1581531,21606282,347981635,1,1,0,1,0.65866872,0.230694713,0.004544869156672592,49127,113531,0.522101436,0.0018919469999999997,0.11027961700000001,0.03501417,0.040953621,0.43573031399999995,0.002031586,0.001850106,0.21743108400000002,0.137463635,71972315,87925197,28087832,26480000,0,0,580000000,26376276,0.001514988,4170588,7682117,0.011937167,19169358,0.005884172,0.007720367,326000000,110000000,185000000,892863683,"list(c(-75.2764819996445, -75.2160109602376, -75.1305640640803, -75.0599130003846, -74.9739810000231, -75.015065999796, -75.1094309996409, -75.2236100004012, -75.2764819996445, 39.9769589997581, 39.8715314277333, 39.9009930336017, 39.9915289998635, 40.0485950000593, 40.1379920001307, 40.0458739995855, 40.0929070002579, 39.9769589997581))"
PA,Pennsylvania,2.455775950134785,PA-501,Harrisburg/Dauphin County CoC,0.1456391475031433,Harrisburg/Dauphin County CoC,Largely Suburban CoC,Sheltered and Unsheltered Count,42,382,67,34,47,58,86,70,20,146,231,1,1,0,0,2,1,326,56,4,192,3,130,0,34,82,110,272,26,5,326,211,96,19,56,324,198,101,25,57,263,110,277071,86047350,1359407361,0,0,0.78039007,0.851735853,0.354995651,0.11887616300000001,2.0381749279052197e-4,63123,23633,0.417693963,6.06545e-4,0.089009722,0.012612714,0.026706921,0.450693144,0.002251483,9.38388e-4,0.224884596,0.169350094,9259704,6865894,0,0,0,0,44046000,2250335,0,542308,337147,0.008034042,6962088,0.005056466,0.008023214,29136362,14621144,31491893,101466875,"list(c(-76.5663389996451, -76.6780400003457, -76.5354139998562, -76.7015069997482, -76.9531050000957, -76.9923959998754, -76.9493969999716, -77.0286449996669, -76.9375470002938, -76.8590229998115, -76.7216200000629, -76.5663389996451, 40.1966439997209, 40.4747169996899, 40.5551570003953, 40.6580139997463, 40.6045039998597, 40.5678769997238, 40.4690370003573, 40.3911969999417, 40.3574810000482, 40.2263279998374, 40.1200700001305, 40.1966439997209))"
PA,Pennsylvania,1.4809349511823156,PA-502,"Upper Darby, Chester, Haverford/Delaware County CoC",0.05048635292565148,"Upper Darby, Chester, Haverford/Delaware County CoC",Largely Suburban CoC,Sheltered and Unsheltered Count,42,575,216,50,88,106,40,60,15,293,282,0,0,0,0,0,0,571,4,0,398,0,138,0,6,41,354,221,4,11,468,395,73,0,107,448,362,86,0,0,417,198,565328,17591835,476068778,0,0,0.1137261,0.992151934,0.340970198,0.09909637,0.0011874922828902677,76238,42080,0.508190415,0.001388385,0.067409431,0.013472987,0.021090475,0.397549741,5.79732e-4,4.95288e-4,0.22021729,0.164582331,8778148,14675985,1027467,0,0,0,87639661,4230369,2.17573e-4,173942,780522,0.006911032,0,0.002007684,0.002418065,16229395,8886739,19189098,73971665,"list(c(-75.4231087646577, -75.2160109602376, -75.2764819996445, -75.3610659998959, -75.5238160003081, -75.5948800003117, -75.5930990000188, -75.5799259995852, -75.4231087646577, 39.8067115367081, 39.8715314277333, 39.9769589997581, 40.0655430001094, 39.9441240000226, 39.8375249998789, 39.8377230000165, 39.8388620003811, 39.8067115367081))"
PA,Pennsylvania,2.2974306013451704,PA-503,"Wilkes-Barre, Hazleton/Luzerne County CoC",0.2518146157813997,"Wilkes-Barre, Hazleton/Luzerne County CoC",Largely Suburban CoC,Sheltered and Unsheltered Count,42,167,40,14,28,29,29,21,6,98,67,2,0,0,0,0,0,139,28,7,57,0,87,1,8,6,62,105,13,0,160,94,66,0,7,220,110,110,0,0,380,120,317547,42104649,2304768924,0,0,0.868897806,0.777775389,0.197447937,0.146137924,1.3777823741604735e-4,53194,13067,0.43027243,6.9979e-4,0.134429394,0.030558791000000002,0.03358738,0.47311106700000005,9.11233e-4,9.699350000000001e-4,0.197945501,0.198638312,7853342,12252746,0,0,0,0,30267532,2461213,8.81759e-5,326411,707683,0.005778672,0,0.010105591,0.010165424,22499368,21630166,31157979,98888908,"list(c(-75.8345120001287, -76.0050699999805, -76.2827990002736, -76.3192359997416, -76.231194000103, -76.2078269999161, -76.0280060000768, -75.7321829999455, -75.7719740002998, -75.6007359996666, -75.6492330004026, -75.6886060003666, -75.8345120001287, 41.4269649998349, 41.3845509999288, 41.3772440002105, 41.2080920004455, 41.0501679995536, 40.9497399998012, 40.9023129998451, 41.0081239996229, 41.0768919998659, 41.1614970001864, 41.1871729998341, 41.3394460000329, 41.4269649998349))"
PA,Pennsylvania,2.055674519348119,PA-504,"Lower Merion, Norristown, Abington/Montgomery County CoC",0.13349211204491693,"Lower Merion, Norristown, Abington/Montgomery County CoC",Largely Suburban CoC,Sheltered and Unsheltered Count,42,467,81,18,75,126,88,51,28,210,255,1,0,1,0,0,0,426,41,4,198,1,225,0,10,86,129,338,11,3,366,339,27,0,101,264,237,27,0,0,258,281,827180,10983227,1250888781,0,0,0.238680458,0.966634873,0.251478517,0.057845904,6.612738179158711e-4,93518,36305,0.448610327,5.93131e-4,0.052176008,0.008242387,0.018439033,0.406427863,0.001961788,4.65437e-4,0.21586837200000003,0.177592543,7126043,11590104,1229435,0,0,0,63990635,3040565,0,3280755,576743,0.002543582,0,0.002706787,7.15685e-4,4418435,3586319,89562170,124410569,"list(c(-75.2764819996445, -75.2236100004012, -75.1094309996409, -75.015065999796, -75.4840569996308, -75.5296939997782, -75.6967819996895, -75.5733379997488, -75.3610659998959, -75.2764819996445, 39.9769589997581, 40.0929070002579, 40.0458739995855, 40.1379920001307, 40.4184510004134, 40.4469950001192, 40.2418630003772, 40.1953029999336, 40.0655430001094, 39.9769589997581))"
PA,Pennsylvania,2.662542210325028,PA-505,Chester County CoC,0.20730119614359943,Chester County CoC,Largely Suburban CoC,Sheltered and Unsheltered Count,42,213,63,14,33,29,32,27,15,114,99,0,0,0,0,0,0,170,43,1,66,0,102,0,6,23,101,112,5,2,194,149,45,0,19,226,170,56,0,8,224,77,521980,22412287,1943905796,0,0,0.62026845,0.806877827,0.211887429,0.062628762,2.685212426826881e-4,104161,19958,0.449677912,0.001352675,0.04344743799999999,0.006191904,0.013633096,0.386442009,0.002739961,0.00064561900000000005,0.227114066,0.163565654,3625671,5014125,4276874,0,0,0,41524220,2390284,8.04629e-4,0,441993,0.003327714,0,0.001756772,3.46757e-4,3213147,1629045,12736427,33327566,"list(c(-75.5948800003117, -75.5238160003081, -75.3610659998959, -75.5733379997488, -75.6967819996895, -75.8733749999562, -75.9946289996286, -75.9868230002812, -76.0496780003394, -76.1354840002863, -75.7885959997056, -75.7195019997175, -75.5948800003117, 39.8375249998789, 39.9441240000226, 40.0655430001094, 40.1953029999336, 40.2418630003772, 40.1371069997883, 39.9524289998985, 39.8921920000608, 39.7837840001316, 39.7211470002339, 39.7221990001838, 39.7903649996451, 39.8375249998789))"
PA,Pennsylvania,2.2116579008834885,PA-506,Reading/Berks County CoC,0.2379160827268443,Reading/Berks County CoC,Largely Suburban CoC,Sheltered and Unsheltered Count,42,761,119,78,133,130,129,119,53,252,505,3,0,1,0,0,0,430,331,3,161,0,447,2,20,109,187,574,61,14,529,453,76,0,232,510,330,180,0,71,414,103,419062,24220126,2218072315,0,0,0.8614704860000001,0.734451987,0.294970673,0.117033041,1.8893072023217603e-4,66154,18892,0.475182139,4.28419e-4,0.06641236,0.010297647,0.023460726,0.39973559999999997,0.001083295,8.18495e-4,0.22362800700000002,0.172511466,6233084,9412664,646718,0,0,0,18969683,3458888,2.02834e-4,0,827982,0.002500823,0,0.002653545,0.004333488,16368907,11168897,21697785,69814925,"list(c(-75.6967819996895, -75.5296939997782, -75.8914729999789, -76.1716240004473, -76.4401809995534, -76.1512149999722, -75.8733749999562, -75.6967819996895, 40.2418630003772, 40.4469950001192, 40.6772700001105, 40.534947000104, 40.4959519995851, 40.315970999562, 40.1371069997883, 40.2418630003772))"
PA,Pennsylvania,1.6504338907291207,PA-508,Scranton/Lackawanna County CoC,0.12975437526112624,Scranton/Lackawanna County CoC,Largely Suburban CoC,Sheltered and Unsheltered Count,42,182,40,13,30,36,23,27,13,69,113,0,0,0,0,0,0,161,21,0,39,0,134,4,29,31,68,114,7,1,133,70,56,7,49,139,67,61,11,0,252,192,210162,15908159,1188509486,0,0,0.834992967,0.824471042,0.159510283,0.138407877,1.7682820581206536e-4,54064,15299,0.443963427,9.916e-4,0.127654709,0.014884267,0.024826997000000003,0.478564155,0.002082662,0.001541668,0.204009288,0.199455658,6546404,5576719,0,0,0,0,22707053,1547656,0,0,486648,0.007456153,0,0.008174646,0.012837716,25251138,16046180,24673691,80128436,"list(c(-75.6007359996666, -75.4414210002789, -75.4624109996678, -75.7198870003847, -75.8032300000644, -75.8345120001287, -75.6886060003666, -75.6492330004026, -75.6007359996666, 41.1614970001864, 41.260052999946, 41.64158700014, 41.6422629998376, 41.524227000176, 41.4269649998349, 41.3394460000329, 41.1871729998341, 41.1614970001864))"
PA,Pennsylvania,19.75276833782764,PA-509,Eastern Pennsylvania CoC,5.82009631639436,Eastern Pennsylvania CoC,Largely Rural CoC,Sheltered and Unsheltered Count,42,74646,17820,6831,11946,13563,11286,9867,3333,32274,41580,264,132,231,99,0,66,62238,12408,363,16896,297,43131,330,3036,7458,27489,47157,4521,1056,58410,44946,13464,0,16236,66000,46662,19338,0,7689,33627,41316,3105522,584014477,53903355442,0.09090909090909091,0,0.8748943348426536,0.5674901446972921,0.16184074689202493,0.11401910669358484,5.761277706248809e-5,57918.030303030304,6704.666666666667,0.4377151235151515,9.785883349946454e-4,0.1427695300033032,0.024402311396045175,0.032120145870153875,0.45889257909877534,0.0017448422696545057,8.893836073030557e-4,0.2009439958581836,0.19374263001809422,31008762,29258838,4301010,0,0,0,241208065,9423629,0.0048573806,904575,771751,0.158084231,0,0.12343625,0.11260276600000001,81798321,77895106,146633681,381995673,"list(c(-76.9993179998258, -77.0003119997989, -76.9549319998119, -77.0186480000052, -77.1374249996639, -77.0288609997353, -76.9291069995883, -76.8590229998115, -76.9375470002938, -77.0286449996669, -76.9493969999716, -76.9923959998754, -76.9531050000957, -76.7015069997482, -76.5354139998562, -76.6780400003457, -76.5663389996451, -76.3075779999247, -76.1512149999722, -76.4401809995534, -76.1716240004473, -75.8914729999789, -75.5296939997782, -75.4840569996308, -75.4097330003776, -75.1968029998585, 
-75.1715869998401, -75.0536639999935, -75.1305749998363, -75.0268469998891, -74.8823310003753, -74.8377870002698, -74.6955800002168, -74.7546059999669, -74.9818040001545, -75.0442740004447, -75.0531970000415, -75.1447440003353, -75.2411469997342, -75.3596450000167, -75.7646830004201, -76.557727000001, -77.6100269996463, -77.5981289995536, -77.9891940004027, -77.9887859995742, -78.0933809999332, -78.0381709998917, -78.1122500004371, -78.0572579996569, -78.077739999901, -78.2198130000698, -78.2492200000029, 
-78.4028990002886, -78.8022859999988, -78.9981709995919, -79.1238140002159, -79.2561370004222, -79.3987179997359, -79.365695000324, -79.392458999783, -78.3444350003749, -77.2170240002574, -76.9993179998258, 39.720105999892, 39.8312189995572, 39.8568499998277, 40.0139470003538, 40.0699449998619, 40.1477319996321, 40.1612739999952, 40.2263279998374, 40.3574810000482, 40.3911969999417, 40.4690370003573, 40.5678769997238, 40.6045039998597, 40.6580139997463, 40.5551570003953, 40.4747169996899, 40.1966439997209, 
40.2550660003956, 40.315970999562, 40.4959519995851, 40.534947000104, 40.6772700001105, 40.4469950001192, 40.4184510004134, 40.4879839999617, 40.6085799998672, 40.7777450002316, 40.8736599996093, 40.9910930002418, 41.0397310002855, 41.1808210000891, 41.2780089997156, 41.3576070002629, 41.4248830000504, 41.4799489997466, 41.6176440003704, 41.752424999714, 41.8516770000936, 41.86725199978, 41.9995539999172, 41.9978559998546, 42.0000640000536, 41.999368000333, 41.4785760002823, 41.4748219998355, 41.3674530001559, 
41.2169309997659, 41.1536030003782, 41.1136400001859, 41.0393509998488, 40.958823999628, 40.9127409995975, 40.8553830003253, 40.72523899988, 40.7246180000207, 40.3561689997995, 40.1939490004461, 40.088340000091, 39.9006279996825, 39.8205460001978, 39.7215780003245, 39.7224679999982, 39.719861000285, 39.720105999892), c(-75.6007359996666, -75.7719740002998, -75.7321829999455, -76.0280060000768, -76.2078269999161, -76.231194000103, -76.3192359997416, -76.2827990002736, -76.0050699999805, -75.8345120001287, 
-75.8032300000644, -75.7198870003847, -75.4624109996678, -75.4414210002789, -75.6007359996666, 41.1614970001864, 41.0768919998659, 41.0081239996229, 40.9023129998451, 40.9497399998012, 41.0501679995536, 41.2080920004455, 41.3772440002105, 41.3845509999288, 41.4269649998349, 41.524227000176, 41.6422629998376, 41.64158700014, 41.260052999946, 41.1614970001864))"
PA,Pennsylvania,2.613204718682618,PA-510,Lancaster City & County CoC,0.26891227319985367,Lancaster City & County CoC,Largely Suburban CoC,Sheltered and Unsheltered Count,42,597,132,25,110,92,106,92,40,269,324,3,0,1,0,0,0,489,108,2,135,2,402,0,28,49,210,387,15,8,475,297,178,0,122,605,286,319,0,72,250,37,543050,103368819,2444751632,0,0,0.805911428,0.721245099,0.186666053,0.091097538,2.2212890376751367e-4,69588,17294,0.471094917,0.001406842,0.038447398,0.007866704,0.018108974,0.390682258,0.002387734,5.41387e-4,0.235401897,0.179941074,3930199,8962086,1850820,0,0,0,32218817,4136793,2.94632e-4,0,512468,0.002832152,0,0.002561458,0.001038578,4201628,7503829,13000911,44098734,"list(c(-76.1354840002863, -76.0496780003394, -75.9868230002812, -75.9946289996286, -75.8733749999562, -76.1512149999722, -76.3075779999247, -76.5663389996451, -76.7216200000629, -76.6638250004234, -76.5345240001824, -76.4735800001169, -76.2398049997009, -76.1354840002863, 39.7211470002339, 39.7837840001316, 39.8921920000608, 39.9524289998985, 40.1371069997883, 40.315970999562, 40.2550660003956, 40.1966439997209, 40.1200700001305, 40.0632270003259, 40.0513480002101, 39.9473519995952, 39.7213349999104, 
39.7211470002339))"
PA,Pennsylvania,2.1416305040572325,PA-511,"Bristol, Bensalem/Bucks County CoC",0.17069671844124,"Bristol, Bensalem/Bucks County CoC",Largely Suburban CoC,Sheltered and Unsheltered Count,42,407,107,16,65,74,44,68,33,194,213,0,0,0,0,0,0,384,23,2,118,0,243,0,11,70,167,240,10,1,316,233,83,0,91,240,147,93,0,136,100,243,627668,45293815,1565303838,0,0,0.560719877,0.897031574,0.173641161,0.05637671999999999,4.009879646126569e-4,93181,26495,0.488290562,0.001304187,0.042208193,0.006472453,0.010116441,0.4004872,0.001271912,4.3334999999999994e-4,0.203942211,0.186836034,2878900,6301442,819061,0,0,0,52285216,2694083,7.96599e-5,183086,374405,0.00371534,0,0.002243224,0.001011681,4458852,3028915,17308766,38047510,"list(c(-75.015065999796, -74.9739810000231, -74.7220480004149, -74.9429089997505, -75.0609169999196, -75.0681000002148, -75.1968029998585, -75.4097330003776, -75.4840569996308, -75.015065999796, 40.1379920001307, 40.0485950000593, 40.1503109998528, 40.3416829999705, 40.4217369999626, 40.5414879995716, 40.6085799998672, 40.4879839999617, 40.4184510004134, 40.1379920001307))"
PA,Pennsylvania,2.742253048500419,PA-512,York City & County CoC,0.24848872168110928,York City & County CoC,Largely Suburban CoC,Sheltered and Unsheltered Count,42,391,102,33,62,67,54,49,24,163,226,2,0,0,0,0,0,310,81,0,151,0,183,2,15,41,137,254,30,5,315,227,88,0,76,341,239,102,0,130,233,170,447628,16503210,2342295974,0,0,0.813790625,0.715433421,0.174144602,0.08738557399999998,1.911065061669273e-4,68940,14843,0.47187932,0.001215422,0.056631836,0.010422075000000001,0.019324377,0.413057271,0.002083338,5.22756e-4,0.220578248,0.17484161,3527515,7294352,262408,0,0,0,20674954,3039909,4.2446e-5,86863,388043,0.002852815,0,0.001822942,0.002301018,9124182,5615712,14151249,43490233,"list(c(-76.5694490000712, -76.2398049997009, -76.4735800001169, -76.5345240001824, -76.6638250004234, -76.7216200000629, -76.8590229998115, -76.9291069995883, -77.0288609997353, -77.1374249996639, -77.0186480000052, -76.9549319998119, -77.0003119997989, -76.9993179998258, -76.7870959995807, -76.5694490000712, 39.7211779998648, 39.7213349999104, 39.9473519995952, 40.0513480002101, 40.0632270003259, 40.1200700001305, 40.2263279998374, 40.1612739999952, 40.1477319996321, 40.0699449998619, 40.0139470003538, 
39.8568499998277, 39.8312189995572, 39.720105999892, 39.7208000004197, 39.7211779998648))"
PA,Pennsylvania,2.2833943354593096,PA-600,"Pittsburgh, McKeesport, Penn Hills/Allegheny County CoC",0.20456933260272492,"Pittsburgh, McKeesport, Penn Hills/Allegheny County CoC",Largely Suburban CoC,Sheltered and Unsheltered Count,42,1164,196,86,186,268,176,178,74,451,699,5,4,4,1,0,0,1126,38,13,605,0,455,0,121,278,329,835,55,10,995,857,123,15,169,1103,921,170,12,0,2131,618,1218380,37045297,1890570512,0,0,0.267084354,0.975853565,0.22143748300000002,0.11299469300000001,6.44450969835078e-4,62320,37053,0.438825591,4.15983e-4,0.094155866,0.028976654,0.032743154,0.494440158,0.001613453,0.001068632,0.187376681,0.189386727,28043775,57507331,10517423,0,0,5000000,228000000,11575764,7.83828e-4,4977755,4764070,0.009401829,2685751,0.010262808,0.005592672,171000000,43281376,206000000,545353245,"list(c(-80.360801000166, -80.1846030001283, -79.7825879997363, -79.7710819997345, -79.7047830000354, -79.7016240000475, -79.7741310000456, -79.69287799962, -80.1484969997367, -80.1760250002535, -80.360801000166, 40.4775910000247, 40.333138999865, 40.2276260003397, 40.375418999887, 40.4263240001525, 40.5254490000714, 40.5683760002523, 40.6696110003475, 40.6737689996397, 40.6081129999151, 40.4775910000247))"
PA,Pennsylvania,13.000855895620598,PA-601,Western Pennsylvania CoC,4.268045320557142,Western Pennsylvania CoC,Largely Rural CoC,Sheltered and Unsheltered Count,42,15480,3120,1700,2660,2860,2240,2240,660,6340,9080,40,0,0,0,20,0,15320,160,60,2560,100,11960,0,1220,780,5060,10420,1140,340,14500,11280,3220,0,980,21420,15880,5540,0,2000,21940,16420,1695949,380040357,39451240444,0.25,0,0.9197655891718034,0.5160670389881364,0.06783694556898469,0.11712940648864381,4.298848352835331e-5,52314.05,4508.6,0.43185990455,8.780014151047606e-4,0.14962869799263945,0.04081184257908227,0.0481761317620577,0.4960225809080261,0.0015565794834390657,9.705481171980996e-4,0.19194268231054473,0.21131472701262774,23904520,16081031,5768120,0,0,0,114533990,3605268,0.008731538,2230554,1269065,0.09937015,0,0.121585061,0.090446363,64167501,49751123,110955399,277732581,"list(c(-80.4213879999562, -79.4766619995516, -79.392458999783, -79.365695000324, -79.3987179997359, -79.2561370004222, -79.1238140002159, -78.9981709995919, -78.8022859999988, -78.4028990002886, -78.2492200000029, -78.2198130000698, -78.077739999901, -78.0572579996569, -78.1122500004371, -78.0381709998917, -78.0933809999332, -77.9887859995742, -77.9891940004027, -77.5981289995536, -77.6100269996463, -78.3081440004452, -79.0612589996031, -79.6108369997277, -79.6120709999767, -80.5193540003868, -80.5190469997193, 
-80.5191499999725, -80.5190439995809, -80.1585300001593, -80.1484969997367, -79.69287799962, -79.7741310000456, -79.7016240000475, -79.7047830000354, -79.7710819997345, -79.7825879997363, -80.1846030001283, -80.360801000166, -80.5190380002035, -80.5193419998334, -80.4213879999562, 39.7211890003721, 39.7210779997499, 39.7215780003245, 39.8205460001978, 39.9006279996825, 40.088340000091, 40.1939490004461, 40.3561689997995, 40.7246180000207, 40.72523899988, 40.8553830003253, 40.9127409995975, 40.958823999628, 
41.0393509998488, 41.1136400001859, 41.1536030003782, 41.2169309997659, 41.3674530001559, 41.4748219998355, 41.4785760002823, 41.999368000333, 41.9991930003567, 41.999410999618, 41.9987570000356, 41.8503279999373, 41.8495629997327, 41.1332180001107, 40.900325999945, 40.8513389999949, 40.8550959996807, 40.6737689996397, 40.6696110003475, 40.5683760002523, 40.5254490000714, 40.4263240001525, 40.375418999887, 40.2276260003397, 40.333138999865, 40.4775910000247, 40.4773630003023, 39.7214030003482, 39.7211890003721
))"
PA,Pennsylvania,1.4225381161726836,PA-603,Beaver County CoC,0.12250212592809444,Beaver County CoC,Largely Suburban CoC,Sheltered and Unsheltered Count,42,101,25,6,22,25,9,9,5,44,57,0,0,0,0,0,0,98,3,0,48,0,47,0,5,6,39,62,4,1,88,79,9,0,13,101,89,12,0,0,195,101,164781,24162295,1125854815,0,0,0.803996433,0.710786791,0.11047997,0.098091803,1.4636078986791915e-4,59014,8704,0.417024443,1.52596e-4,0.094249061,0.02817043,0.040609647,0.48298650900000006,0.001292896,9.46711e-4,0.19368131,0.214533229,3074995,6511058,853007,0,0,0,8005619,1289312,9.16368e-4,55329,572758,0.003629059,0,0.007233844,0.011184542,16262683,11610643,14604138,54833923,"list(c(-80.1484969997367, -80.1585300001593, -80.5190439995809, -80.5189909998347, -80.5190380002035, -80.360801000166, -80.1760250002535, -80.1484969997367, 40.6737689996397, 40.8550959996807, 40.8513389999949, 40.6388009995665, 40.4773630003023, 40.4775910000247, 40.6081129999151, 40.6737689996397))"
PA,Pennsylvania,2.952262565592537,PA-605,Erie City & County CoC,0.22618626576731005,Erie City & County CoC,Largely Suburban CoC,Sheltered and Unsheltered Count,42,454,73,23,74,102,81,76,25,170,281,2,1,0,0,0,0,412,42,5,135,3,264,0,37,105,116,338,20,3,378,301,67,10,76,413,302,101,10,90,343,146,272046,1966272916,2069143908,0,0,0.895978678,0.760174397,0.163696581,0.154935944,1.3147756371520582e-4,52863,14500,0.485084077,5.61655e-4,0.092300988,0.011191238,0.029158067,0.447031017,0.001213446,7.46197e-4,0.213180859,0.179271153,5221441,6151284,649509,0,0,0,23834932,1865967,0.001389471,2625127,543379,0.006980437,0,0.005208678,0.007495056,15945738,14108955,20700017,67811417,"list(c(-80.5193540003868, -79.6120709999767, -79.6108369997277, -79.7619539996773, -79.7618666925937, -80.3378623830425, -80.5194096243546, -80.5193540003868, 41.8495629997327, 41.8503279999373, 41.9987570000356, 41.998841000312, 42.269317382891, 42.0334117824279, 41.9772110721333, 41.8495629997327))"
PR,Puerto Rico,5.624240080476676,PR-502,Puerto Rico Balance of Commonwealth CoC,0.2296754281861683,Puerto Rico Balance of Commonwealth CoC,Largely Suburban CoC,Sheltered and Unsheltered Count,72,22407,1617,630,2877,5439,5166,4452,2226,5922,16338,63,21,0,0,42,21,1869,20538,84,5733,63,10059,105,483,6552,2835,19572,273,126,8211,3024,4935,252,14196,12411,5565,6594,252,5355,27300,2520,1217050,NA,NA,1,1,0.2586790102487219,0.9409425160186288,0.9889947002483375,0.40284152291071934,NA,21447.428571428572,NA,0.5285982218095238,0.0016149962998509664,0.21216163868336385,0.061068676467173906,0.13049983635187626,0.4877942566683768,NA,NA,0.18533092303953821,0.20557331250841132,10763270,27243176,4582607,0,0,0,259333484,10954920,0.009680971,464359,1545123,0.16666066400000001,17215799,0.075543484,0.16936743599999998,559000000,353000000,140061920,1124831174,"list(c(-66.9013941355309, -66.9128589996431, -66.6925719997979, -66.5561260001148, -66.5218990000388, -66.4703190001217, -66.3221029999535, -66.2244899996138, -66.1906759996976, -66.0354989995791, -65.9517199447196, -65.9615069922539, -65.9670731985692, -66.0658387205805, -66.438805738494, -66.445089000357, -66.5117759999624, -66.5332109002628, -66.5332468875338, -66.5333912368161, -66.7651834866286, -66.8363051448665, -66.9013941355309, 18.4835907001507, 18.2330090002652, 18.2158830001004, 18.2649569995659, 
18.1519539999772, 18.1781520003146, 18.1642349997455, 18.0950799996423, 18.2588399998662, 18.3198399998162, 18.4362725037731, 18.4335062988766, 18.4323665268938, 18.457305103148, 18.4860431064043, 18.3709630002423, 18.3620029998386, 18.4815474854282, 18.4815618682857, 18.4816185570508, 18.4834322710825, 18.4872258183169, 18.4835907001507))"
PR,Puerto Rico,14.092487689991158,PR-503,South-Southeast Puerto Rico CoC,0.5326844406814107,South-Southeast Puerto Rico CoC,Largely Rural CoC,Sheltered and Unsheltered Count,72,42189,656,984,4551,9594,8897,9717,7790,10619,31488,41,0,41,0,0,0,2296,39893,1066,8118,123,21238,0,1476,5904,1394,40795,656,41,5740,4305,1435,0,36449,10496,8692,1804,0,0,19065,9102,1395073,NA,NA,1,1,0.4609779574328282,0.8965200941492518,0.9917703230802382,0.45719692816930513,NA,19341.756097560974,NA,0.5167349888780488,0.0010642197357491482,0.23539706477763417,0.07421799295059614,0.13249569881347859,0.47142766006153947,NA,NA,0.19041727556532093,0.20149339861042181,2443395,21840813,12674129,0,0,0,74832878,5394790,0.019923964,2209224,710911,0.233214405,0,0.172543653,0.435881796,0,0,75181130,120454392,"list(list(c(-66.9013941355309, -67.0926673514171, -67.1687113742305, -67.1629723640833, -67.26724629568, -67.1591843566727, -67.199337377318, -67.2116594464263, -67.1048944925867, -66.9868403841763, -66.9565384688752, -66.8189325802743, -66.7708904890048, -66.5800916592027, -66.4652216922273, -66.3805017135832, -66.3227977217374, -66.1577606770136, -66.0810307196919, -65.9142698149, -65.7967378429771, -65.7250058067725, -65.6354079107464, -65.6266408625857, -65.8936107390443, -65.9700297755537, -65.96992261054, 
-65.9517199447196, -66.0354989995791, -66.1906759996976, -66.2244899996138, -66.3221029999535, -66.4703190001217, -66.5218990000388, -66.5561260001148, -66.6925719997979, -66.9128589996431, -66.9013941355309, 18.4835907001507, 18.515627020071, 18.4790681336875, 18.4125270643726, 18.3678290688565, 18.2177441659605, 18.0914792445715, 17.9532851957553, 17.9456602011574, 17.9699132323099, 17.9340503060768, 17.9560402904271, 18.0059132071289, 17.9617662604047, 17.9907382591634, 17.9419271666055, 17.9787412733911, 
17.9295532830576, 17.9668362100231, 17.9768272040123, 18.0698562708503, 18.1881497212327, 18.200248156827, 18.3312990695964, 18.4460121003782, 18.4384057927932, 18.4379211643303, 18.4362725037731, 18.3198399998162, 18.2588399998662, 18.0950799996423, 18.1642349997455, 18.1781520003146, 18.1519539999772, 18.2649569995659, 18.2158830001004, 18.2330090002652, 18.4835907001507)), list(c(-66.5332109002628, -66.5117759999624, -66.445089000357, -66.438805738494, -66.5332109002628, 18.4815474854282, 18.3620029998386, 
18.3709630002423, 18.4860431064043, 18.4815474854282)))"
RI,Rhode Island,8.938855541245044,RI-500,Rhode Island Statewide CoC,0.3043757531228544,Rhode Island Statewide CoC,Largely Suburban CoC,Sheltered and Unsheltered Count,44,12210,2585,710,2070,2470,1895,1670,810,5205,6865,35,40,60,0,0,5,9210,3000,95,2945,30,6550,30,650,4680,4385,7825,365,110,9540,8690,850,0,2670,9430,8365,1065,0,4605,6775,3045,1057798,1323686975,2677763373,0,0,0.5838778587485787,0.9102448765142344,0.2855838259878786,0.1158799755894405,3.9503042377299704e-4,78969,17817.4,0.4725809158,9.190523068286486e-4,0.11625885109738628,0.010362262325876963,0.023585242754531586,0.4436470855068236,0.001000113356900845,0.0010521858390779716,0.1942185556484981,0.17251497888756076,8498821,21530449,16580602,0,0,10320000,216215542,5517761,0.007622385,9683615,1431569,0.0380864,4921963,0.051024057,0.034007491,90785374,59790229,394243004,623303387,"list(list(c(-71.8325458608028, -71.8371991850943, -71.8265302794488, -71.829078295327, -71.8326901444346, -71.4993694016765, -71.4181412621095, -71.4080673551243, -71.322599791647, -71.3814629997176, -71.3812990002486, -71.498258999753, -71.7991879997264, -71.7872470003488, -71.7977469998241, -71.8325458608028, 41.3761563862083, 41.3626995741261, 41.3480415870496, 41.3365786070171, 41.3161525266179, 41.3722865890549, 41.4725204737409, 41.6630834950074, 41.7782023268759, 41.8935460000479, 41.9850839999267, 
42.0172720004026, 42.0080529997462, 41.6560649996001, 41.4168340002889, 41.3761563862083)), list(c(-71.2206644337166, -71.3225813942159, -71.2469824620709, -71.2206644337166, 41.6505514962546, 41.5151554910331, 41.4934235599494, 41.6505514962546)), list(c(-71.1956109025211, -71.1946763549298, -71.1205294177984, -71.1383460001678, -71.1956109025211, 41.6752214612015, 41.4579435416612, 41.4973419906404, 41.6036760001473, 41.6752214612015)), list(c(-71.8926903168046, -71.8905141391162, -71.8902881008152, 
-71.8926903168046, 41.3283944823195, 41.3291906161541, 41.3293480964376, 41.3283944823195)))"
SC,South Carolina,27.056821272764992,SC-500,Charleston/Low Country CoC,1.4224002854407585,Charleston/Low Country CoC,Largely Suburban CoC,Sheltered and Unsheltered Count,45,3332,378,245,588,602,595,693,231,1267,2023,7,7,21,0,7,0,3108,224,28,1526,7,1407,0,560,973,679,2653,84,21,1337,679,658,0,1995,1729,882,847,0,0,3017,1428,1067092,2709716264,14084040597,0.42857142857142855,0.2857142857142857,0.8459620411934416,0.7946019556514724,0.36590097173197433,0.12411389773425534,7.576604119043068e-5,55486.57142857143,6313,0.48154243571428573,4.1223398650787525e-4,0.15532306511472707,0.01560215952344034,0.01692091199636957,0.45163022499556177,0.007632868335084511,0.0010158449797740027,0.2122319350867854,0.17668485970222716,4800690,8768252,2180109,0,0,0,105023923,5391139,5.47623e-4,477583,316348,0.023666602999999998,2239202,0.031221401,0.007763295999999999,21088039,13070090,33973090,92304542,"list(list(c(-81.4050540001419, -81.3892050004104, -81.2997959997855, -81.2004080003289, -81.1285349998903, -81.1445720001976, -81.1172249999337, -81.004304999676, -80.8898330546517, -80.8968538694105, -80.7892889901947, -80.7654529620845, -80.8262638723797, -80.7552749270962, -80.6503329458088, -80.5065100304136, -80.3948410869465, -80.251595128912, -80.1226971148799, -80.0101522002638, -79.9126602153966, -79.8799172477827, -79.6756582990912, -79.5806972789562, -79.4054743490619, -79.2909913037057, 
-79.2884123682362, -79.2761493432176, -79.4826440002204, -79.7399569997157, -79.9719630003921, -80.0821709996919, -80.2222670004217, -80.2556419998784, -80.4270920003955, -80.5027900000584, -81.2195629996327, -81.261662000301, -81.4050540001419, 32.7449569997658, 32.5954159996487, 32.5630489999115, 32.4683140000911, 32.3383810003829, 32.226128000307, 32.1176040004243, 32.102367000137, 32.037314944629, 32.125521869139, 32.1895468467097, 32.2943206961432, 32.450901753813, 32.5452477051176, 32.5108607678102, 
32.5143826910084, 32.4742607536309, 32.530202612061, 32.5894536320795, 32.6095674939447, 32.6661566780883, 32.7498277063836, 32.9027305539719, 33.0227055836958, 33.0980155375871, 33.10980159187, 33.1113755277585, 33.1173441950786, 33.2459169998697, 33.3216060000169, 33.5009369997428, 33.505728000347, 33.4437159995937, 33.3000020001922, 33.2577620002162, 33.3344959999905, 32.9533499997028, 32.8391390001648, 32.7449569997658)), list(c(-80.6674528710531, -80.6722599281531, -80.6041579604215, -80.4581990202685, 
-80.5582689315659, -80.6674528710531, 32.5023146776803, 32.3676537459237, 32.3229896728352, 32.4082797614019, 32.4906987634373, 32.5023146776803)), list(c(-80.7388349180969, -80.8015129360731, -80.6820339786851, -80.7033900048448, -80.7388349180969, 32.5356317652938, 32.4412087627742, 32.3628426841426, 32.5253927337877, 32.5356317652938)))"
SC,South Carolina,8.255979399050137,SC-501,"Greenville, Anderson, Spartanburg/Upstate CoC",1.915072828889795,"Greenville, Anderson, Spartanburg/Upstate CoC",Largely Suburban CoC,Sheltered and Unsheltered Count,45,21697,2743,1313,3146,4212,4225,4485,1573,7631,14027,26,0,13,0,0,0,21021,676,52,9035,0,11804,39,1313,4628,4472,17225,1066,104,13702,11050,2496,156,7995,16224,12766,3302,156,0,4797,1703,1537282,572117335,18933265183,0.38461538461538464,0,0.7846664873380492,0.6530443700464417,0.29432856175968947,0.14294580756763497,8.119476409068156e-5,47788.61538461538,5351.692307692308,0.4948264676153846,0.0010726686244436306,0.11765213924049359,0.025749459024535515,0.03362615532879459,0.4368352714561453,0.004882235023010092,7.220537492763202e-4,0.22235998351071176,0.17249079868784778,5762075,12504379,3201266,0,0,0,126554493,6273741,0.002851685,2579512,467295,0.062673642,1634903,0.060716536,0.048351054,31352755,24438300,80315184,168529410,"list(c(-82.0124700000904, -81.5714870004247, -81.4719719996081, -81.5388990003885, -81.7316140003858, -81.7788040002044, -81.9267270003508, -81.8830760000573, -81.7826270002358, -81.6400359995617, -81.5532039999646, -81.4230410004418, -81.4158940000081, -81.4541960000453, -81.4617549996934, -81.4921080000841, -81.4713109997028, -81.4088160000583, -81.3666000002897, -81.7681020004069, -82.2910799996422, -82.3839269996313, -82.4981129998151, -83.10861299989, -83.1273570000255, -83.3241500001224, -83.3382039125805, 
-83.3387525520886, -83.3425910078687, -83.1682780003294, -83.0345649998748, -82.9015510001785, -82.7431719998879, -82.7174590003326, -82.5938869998851, -82.5567650003045, -82.3469329996582, -82.2474720004324, -82.1965840000515, -82.0282379996839, -82.0124700000904, 33.5321159995538, 33.877317999726, 34.0765519999749, 34.0817440001855, 34.18761299994, 34.1646670002819, 34.2197210003239, 34.3119640003384, 34.3650889995577, 34.5274239997179, 34.4771139999112, 34.4964519995602, 34.6335889996327, 34.6751869996804, 
34.8310180002806, 34.9489559999195, 35.0481720004375, 35.0470770003034, 35.1648830001504, 35.1806109996979, 35.2000850002227, 35.2108480001352, 35.1625579999518, 35.0006590001128, 34.950195000399, 34.7874789997561, 34.6873773199075, 34.686630340318, 34.6829393014077, 34.590997999658, 34.4835710000017, 34.4867639997588, 34.2515979999478, 34.1505460001978, 34.0281089999305, 33.9453239999027, 33.8342979997529, 33.7525909999747, 33.6305829997057, 33.5449339998043, 33.5321159995538))"
SC,South Carolina,11.64903774700008,SC-502,Columbia/Midlands CoC,2.1952348930012295,Columbia/Midlands CoC,Largely Suburban CoC,Sheltered and Unsheltered Count,45,18499,2249,1326,2366,3393,3185,4264,1716,6149,12259,39,26,13,0,13,0,17953,546,39,11232,26,6370,52,1703,4472,3432,15067,1131,91,13572,9932,3406,234,4927,13962,9503,4199,260,351,3757,1547,1487656,513041432,21993514053,0.46153846153846156,0.3076923076923077,0.8195451026971418,0.6952386239379722,0.4171858278606143,0.14556042139863182,6.764066880876992e-5,48580.61538461538,5662.538461538462,0.5189387076923077,0.002567753105713909,0.11414857487825494,0.0324347239776736,0.033829563269624156,0.4339988546564817,0.0056046876858184954,9.424222809836415e-4,0.22324381436247492,0.16086783521154488,7831260,10593847,5328395,0,0,0,149170899,7416261,0.0072883999999999996,6403328,471704,0.046043544,11504201,0.075090708,0.046308528,35080344,27637761,82370861,194637962,"list(c(-81.4050540001419, -81.261662000301, -81.2195629996327, -80.5027900000584, -80.4270920003955, -80.2556419998784, -80.2222670004217, -80.3545390000747, -80.4363249998988, -80.515234000149, -80.5977149996475, -80.6409860004035, -80.8695240003323, -80.7699260001847, -80.8792269999261, -80.7433450001716, -80.6584170002444, -80.548905999812, -80.5505520001746, -80.4083729996142, -80.5617100003162, -80.7974840002864, -80.7819210002539, -80.8402779997299, -80.9347390004045, -81.0339089997005, -81.3666000002897, 
-81.4088160000583, -81.4713109997028, -81.4921080000841, -81.4617549996934, -81.4541960000453, -81.4158940000081, -81.4230410004418, -81.5532039999646, -81.6400359995617, -81.7826270002358, -81.8830760000573, -81.9267270003508, -81.7788040002044, -81.7316140003858, -81.5388990003885, -81.4719719996081, -81.5714870004247, -82.0124700000904, -81.9341360002762, -81.9183370001524, -81.8520760004071, -81.7569349998503, -81.7046339999591, -81.6149940003728, -81.4918990003385, -81.5027160000433, -81.4264749996215, 
-81.4050540001419, 32.7449569997658, 32.8391390001648, 32.9533499997028, 33.3344959999905, 33.2577620002162, 33.3000020001922, 33.4437159995937, 33.4304080001291, 33.4770659996962, 33.5747050003355, 33.7775119998789, 33.9994330004327, 34.1822710000067, 34.3771109999727, 34.4577760002622, 34.5399160002233, 34.478611999744, 34.4932640000336, 34.5601160000534, 34.6147650003045, 34.817429000448, 34.8198030002084, 34.9358479997854, 35.0016920000858, 35.1073180003255, 35.1486899998437, 35.1648830001504, 
35.0470770003034, 35.0481720004375, 34.9489559999195, 34.8310180002806, 34.6751869996804, 34.6335889996327, 34.4964519995602, 34.4771139999112, 34.5274239997179, 34.3650889995577, 34.3119640003384, 34.2197210003239, 34.1646670002819, 34.18761299994, 34.0817440001855, 34.0765519999749, 33.877317999726, 33.5321159995538, 33.4683370000525, 33.3328420001582, 33.2472880001412, 33.1978479999852, 33.1164500000675, 33.0955510003784, 33.0066940000281, 32.9386879998514, 32.840772999974, 32.7449569997658))"
SC,South Carolina,10.816444783388324,SC-503,Sumter City & County CoC,2.2809368591554087,Sumter City & County CoC,Largely Rural CoC,Sheltered and Unsheltered Count,45,13325,1365,1313,2301,3289,2158,1911,988,5525,7761,39,0,0,0,0,0,12896,429,52,5863,0,6812,26,988,1560,2405,10920,1144,143,5954,4394,1560,0,7371,7514,5369,2145,0,4095,5317,4719,999487,1279509005,22855240136,0.9230769230769231,0.46153846153846156,0.9144462147141734,0.5585221187304077,0.3980652072891843,0.1799961772888852,4.3731196611917324e-5,41884,3297.846153846154,0.5001795542307692,0.0023575245163113567,0.25013221123249896,0.02581605067364558,0.03475672707569183,0.5202678973846713,0.00566618358224169,0.0010185222381941938,0.2083008583908375,0.20778059142889502,5778751,5144196,2581836,0,0,0,52369450,4120033,0.00531387,2097809,340183,0.044430388,0,0.056448166,0.050538339,23862417,20113971,44261453,108300649,"list(c(-79.2761493432176, -79.1905043767756, -79.1369353633763, -78.9338684381779, -78.7959693831805, -78.559518083093, -78.6503419996835, -79.3908439999506, -79.6764940003978, -80.5617100003162, -80.4083729996142, -80.5505520001746, -80.548905999812, -80.6584170002444, -80.7433450001716, -80.8792269999261, -80.7699260001847, -80.8695240003323, -80.6409860004035, -80.5977149996475, -80.515234000149, -80.4363249998988, -80.3545390000747, -80.2222670004217, -80.0821709996919, -79.9719630003921, -79.7399569997157, 
-79.4826440002204, -79.2761493432176, 33.1173441950786, 33.1699315903707, 33.4098704577555, 33.6443634687991, 33.7552064218389, 33.8670616050091, 33.944364999745, 34.5732919997261, 34.8050650004495, 34.817429000448, 34.6147650003045, 34.5601160000534, 34.4932640000336, 34.478611999744, 34.5399160002233, 34.4577760002622, 34.3771109999727, 34.1822710000067, 33.9994330004327, 33.7775119998789, 33.5747050003355, 33.4770659996962, 33.4304080001291, 33.4437159995937, 33.505728000347, 33.5009369997428, 
33.3216060000169, 33.2459169998697, 33.1173441950786))"
SD,South Dakota,23.87854293875956,SD-500,South Dakota Statewide CoC,22.578499784538703,South Dakota Statewide CoC,Largely Rural CoC,Sheltered and Unsheltered Count,46,88308,14520,10164,16830,18282,14256,11550,2706,33528,52998,396,198,462,0,726,0,80982,7326,594,7656,198,25278,264,2772,9966,19404,68904,9702,990,73326,60192,13134,0,14982,103620,87516,16104,0,12804,35376,24816,879336,3387681983,196341552329,0.3333333333333333,0.18181818181818182,0.9752615075745074,0.5675139754439361,0.18651346026435855,0.12812591172419757,4.478603686124165e-6,55123.09090909091,1811.7424242424242,0.3406295047878788,0.002138048069233325,0.12332888961670643,0.029975028063025964,0.03048636149003339,0.45126891212419934,NA,0.0013749010718110029,0.24535217479927468,0.16697940263197572,1269530,3153240,483234,0,0,0,75616536,1145634,0.002675415,408840,0,0.127568507,0,0.277751589,0.168666396,8776374,7861512,47291815,70390179,"list(c(-96.6314920000557, -96.4987759997126, -96.5151399998111, -96.6355609997403, -96.5448310002504, -96.4989089995507, -96.5136809999781, -96.4365669997672, -96.5245219998903, -96.5217200001778, -96.5991909997648, -96.4532599997492, -96.4522750001911, -96.4530970003263, -96.4890649997499, -96.6804539997523, -96.8354509996639, -96.8386479996055, -96.6726650002895, -96.5830849998728, -96.5636720003625, -97.4825420000133, -98.4143180003754, -99.2967139997513, -100.308162999623, -101.041136999873, 
-102.4459610001, -103.369028999988, -104.045547000294, -104.039694000178, -104.057878999716, -104.054688000051, -104.053027999942, -103.475637999694, -102.625700999801, -101.633006999673, -100.830375000406, -100.034201000376, -99.1956579998168, -98.4985499996827, -98.4673560000793, -98.2582759999374, -98.0130720003725, -97.9471890000723, -97.8313930002867, -97.6864770003133, -97.4170659995962, -97.2180460002227, -97.1302569996608, -96.9791199996882, -96.6876669996323, -96.7109979999577, -96.6314920000557, 
42.524317999676, 42.5610429998346, 42.6282279999223, 42.7408469997893, 42.8501929998071, 42.9583299998297, 43.0470300001344, 43.119817999601, 43.3120669996923, 43.386755000443, 43.5004559998446, 43.5003900003982, 44.3021180002456, 45.3007509999587, 45.3570709999267, 45.4104989996292, 45.5861289995538, 45.6475089999404, 45.7323359997067, 45.8200240001076, 45.9352450003565, 45.9350910004493, 45.9364930003517, 45.9400590002227, 45.9432580002565, 45.943455000348, 45.9449160002732, 45.9451520003646, 45.945308000364, 
44.9980700001304, 44.9976050002706, 43.9999790002307, 43.0005849995981, 43.0004800001519, 42.9997729999241, 42.9962549995686, 42.9980529997462, 42.9981450003915, 42.9980840002764, 42.9985589996981, 42.9475560003092, 42.8743899995989, 42.7622189997071, 42.7707090000204, 42.868960000104, 42.8422119995842, 42.8659180001156, 42.8451130002648, 42.7715409997174, 42.7600899995539, 42.6531269997113, 42.6081290002532, 42.524317999676))"
TN,Tennessee,6.411460822040491,TN-500,Chattanooga/Southeast Tennessee CoC,1.1439562709210864,Chattanooga/Southeast Tennessee CoC,Largely Rural CoC,Sheltered and Unsheltered Count,47,10725,1133,506,1573,2607,2420,2002,484,4235,6435,11,11,0,0,0,33,10351,374,0,3047,0,7205,55,407,1826,1793,8932,462,22,3245,2970,275,0,7480,3113,2783,330,0,88,3388,1606,700948,323782615,11219460260,0.6363636363636364,0.09090909090909091,0.756533252486417,0.6248885008915069,0.2079940309166443,0.14391836019590185,6.247608920181692e-5,48368.72727272727,3999.818181818182,0.4454807,0.001673902764731561,0.11029258973752304,0.026907255577913056,0.02941639044977516,0.44619429666704097,0.003894187892966382,0.0012896819835865145,0.20854899383911787,0.1820748472984701,6347724,3849216,791651,0,0,0,68791917,1833219,0.0030324799999999997,487928,0,0.032092226,0,0.046566347,0.042922474,25674127,17562159,37074947,93620971,"list(c(-85.605164999565, -84.3218210004388, -84.2923650000447, -84.4955289998634, -84.4105250000287, -84.4092260003796, -84.5259839995619, -84.584471999683, -84.7575610002399, -84.7978300001544, -84.8824009998062, -85.2494740004248, -85.2653870004097, -85.4238039997547, -85.5575350001401, -85.8173600003637, -85.8769619996965, -85.8810769997037, -85.9467670000969, -86.1580179996309, -86.2557619997165, -86.3199730002537, -86.31876100012, -86.3112740001949, -85.605164999565, 34.98467799969, 34.9884079999293, 
35.206694000128, 35.285471999733, 35.3305730003437, 35.3983780002446, 35.6281129996153, 35.6444239999677, 35.7608239997278, 35.8251510002185, 35.778784999728, 35.765715000447, 35.7212369997878, 35.567422000425, 35.5329770001885, 35.5134699999406, 35.5240949997844, 35.3488040002045, 35.3079510003384, 35.3626070000131, 35.2958289998085, 35.1613160002333, 34.9911690004491, 34.9910979998729, 34.98467799969))"
TN,Tennessee,2.4140657031850536,TN-501,Memphis/Shelby County CoC,0.20019955197016984,Memphis/Shelby County CoC,Major City CoC,Sheltered and Unsheltered Count,47,784,197,61,122,101,99,120,84,366,406,2,4,0,1,0,5,763,21,3,617,0,134,0,76,58,284,500,53,6,626,519,107,0,158,868,635,233,0,36,1412,238,936611,51308328,1969826786,1,0,0.490767747,0.965972354,0.647691518,0.189678542,4.754788627389495e-4,52092,23762,0.533056853,7.62744e-4,0.12171388,0.038248782,0.059599632,0.433505479,0.002010669,8.25316e-4,0.250020553,0.135542931,16242319,15166552,5886672,0,0,0,132000000,9364046,5.22095e-4,1574600,1140477,0.008401567,8746344,0.007175871,0.002344623,15627453,13968628,294000000,381717091,"list(c(-90.3083609999601, -89.6440499996078, -89.632776000412, -90.0415630001323, -90.05432200036, -90.080872999889, -90.1552640004332, -90.0761600001838, -90.0896669998322, -90.1673579996719, -90.2067769999586, -90.3083609999601, 34.9956939995785, 34.9952909998798, 35.3758239997778, 35.396620000113, 35.3892769996339, 35.3860049998309, 35.258981000273, 35.2214770001635, 35.1180529998461, 35.1235850004475, 35.0260130001998, 34.9956939995785))"
TN,Tennessee,2.305106094612719,TN-502,Knoxville/Knox County CoC,0.1361408105717287,Knoxville/Knox County CoC,Largely Suburban CoC,Sheltered and Unsheltered Count,47,899,32,41,126,210,176,226,88,329,567,0,0,2,0,0,1,866,33,1,181,1,658,3,86,310,58,841,37,2,585,444,141,0,314,623,451,172,0,171,338,89,466184,45529220,1316601438,0,0,0.452213137,0.908067503,0.180872788,0.131998224,3.540813389268074e-4,59250,16966,0.465734312,5.75089e-4,0.08706186099999999,0.019791822,0.028216231,0.445341324,0.004199554,8.6232e-4,0.21036329,0.158042747,2923547,5650805,542026,0,0,0,66097725,3370002,3.47502e-4,427104,301876,0.007263227,0,0.013185781,0,5090051,3085180,165000000,186390591,"list(c(-84.1523840001215, -84.0789590000578, -83.9504809999981, -83.8534569998407, -83.6546050001206, -83.7327039998896, -83.9417110002624, -84.1922870002448, -84.268392999837, -84.1523840001215, 35.793805999947, 35.8507899999586, 35.8753619999564, 35.8411380000188, 35.9719370000925, 36.1645829996058, 36.1863780001447, 35.9954879997714, 35.9025629997827, 35.793805999947))"
TN,Tennessee,12.061996579684038,TN-503,Central Tennessee CoC,2.3088016558575335,Central Tennessee CoC,Largely Rural CoC,Sheltered and Unsheltered Count,47,5244,551,247,1140,1007,760,950,589,2223,3021,0,0,0,0,0,0,4864,380,76,1539,0,3230,57,57,608,1007,4237,171,76,3439,2375,1064,0,1805,4636,3059,1577,0,0,722,1577,1209599,133966729,23042713421,0.3684210526315789,0,0.8882180534933355,0.5786183168046585,0.1920033001849464,0.1072266268170468,5.2493774404954876e-5,57540.63157894737,4021.2105263157896,0.4148772456842105,0.0013170316726303828,0.08970677535158367,0.019049455947533024,0.02847770115784901,0.4016248360775893,0.006475763244353046,7.878643611138898e-4,0.24516802680507097,0.14614512737212665,3171170,2829415,2316563,0,1500000,0,14869121,1210814,0.00588586,932684,0,0.04368296,0,0.0436362,0.06906122,29298784,21000885,27647181,89907496,"list(c(-87.2107589998279, -86.881279999872, -86.31876100012, -86.3199730002537, -86.2557619997165, -86.1580179996309, -85.9467670000969, -85.8810769997037, -85.8769619996965, -85.9850619998114, -86.1436519999398, -86.2071469998342, -86.2414430003941, -86.3442920002756, -86.4136780002395, -86.5431159996037, -86.6992810003179, -86.6004280003519, -86.6188920001657, -86.7908750000811, -86.9288609997353, -87.0393860001637, -86.9744040000445, -86.9099590004075, -86.7210539998422, -86.5943590001677, -86.4517210000241, 
-86.3904360004211, -86.2065599997442, -86.1368029997586, -85.9788930004116, -86.1682609998452, -86.2251039996498, -86.2053879996564, -86.5077809996934, -87.0704910001595, -87.6411569996957, -87.5869570003653, -87.5135330003476, -87.5666090000053, -87.5297910000546, -87.706959999904, -87.7167600003737, -87.8741819996995, -87.9627399997511, -88.034788000166, -88.0358369999775, -87.9746300003742, -88.0267869999201, -88.0174940003478, -87.9815850000477, -87.9849159998735, -87.2107589998279, 34.9990240002575, 
34.9922889999374, 34.9911690004491, 35.1613160002333, 35.2958289998085, 35.3626070000131, 35.3079510003384, 35.3488040002045, 35.5240949997844, 35.6601080001841, 35.661747000224, 35.7037900001085, 35.6364399996064, 35.6636570001705, 35.6231770004183, 35.6976169996249, 35.7178370003773, 35.853184999788, 35.9682239997379, 36.0367149997975, 36.0529419998734, 35.989242000418, 36.2499079998544, 36.3604930003517, 36.3420760000075, 36.2453760004021, 36.3356290003781, 36.3101960002452, 36.3426589999129, 
36.2958590000928, 36.4260730001689, 36.4442930004217, 36.5287759996127, 36.6401840002914, 36.6523789996911, 36.6427299998896, 36.6381089999305, 36.3417799998472, 36.3347130004047, 36.177934000154, 35.9756470003089, 35.9058840000466, 35.8387499996128, 35.813021000219, 35.8409209999043, 35.7172609998953, 35.62183899987, 35.5210250003036, 35.4720510000537, 35.3165979997979, 35.2956780000397, 35.0059329996083, 34.9990240002575))"
TN,Tennessee,2.0905380108942824,TN-504,Nashville-Davidson County CoC,0.13627013959046855,Nashville-Davidson County CoC,Major City CoC,Sheltered and Unsheltered Count,47,2094,191,96,281,426,462,458,180,673,1398,4,7,7,2,0,3,1950,144,12,879,0,1018,8,251,634,302,1792,80,10,1369,1091,276,2,725,1540,1104,429,7,875,1162,875,690540,56424538,1303999197,0,0,0.414122959,0.9685745180000002,0.439884728,0.14232949,5.295555408229289e-4,62515,38245,0.493883009,0.002067838,0.095540425,0.007280939000000001,0.015328127,0.463027486,0.00946769,0.001125206,0.20831088700000003,0.122727141,15414360,9996229,1575769,0,0,0,230000000,5473172,2.70803e-4,862012,901641,0.009379616,8775277,0.015144669,1.08611e-4,492601,153701,176000000,219644762,"list(c(-86.5155890000323, -86.5943590001677, -86.7210539998422, -86.9099590004075, -86.9744040000445, -87.0393860001637, -86.9288609997353, -86.7908750000811, -86.6188920001657, -86.5155890000323, 36.1006100001514, 36.2453760004021, 36.3420760000075, 36.3604930003517, 36.2499079998544, 35.989242000418, 36.0529419998734, 36.0367149997975, 35.9682239997379, 36.1006100001514))"
TN,Tennessee,8.89560610075517,TN-506,Upper Cumberland CoC,1.8361145335321836,Upper Cumberland CoC,Largely Rural CoC,Sheltered and Unsheltered Count,47,10692,1206,846,2088,1926,2268,1854,504,4968,5670,54,0,0,0,0,0,10440,252,0,936,0,9756,0,630,2196,2286,8406,540,72,4896,4680,216,0,5796,5526,4986,540,0,0,2340,810,593585,361873913,18086945028,0.7777777777777778,0.1111111111111111,0.9373604157933876,0.37843109886167775,0.10229368980929437,0.15010902724621747,3.281842229746838e-5,45212.944444444445,2664.3888888888887,0.413714024,0.0015156931146532997,0.12808373067251416,0.036527245208056135,0.03893084122043515,0.4476342900884962,NA,0.0010512395794064877,0.2146718667530379,0.1937245720140216,1481433,0,1358544,0,0,0,3123953,0,0.009397129,725024,0,0.016224218,0,0.054935256,0.084825997,17117076,13669876,13197142,47549095,"list(c(-85.8769619996965, -85.8173600003637, -85.5575350001401, -85.4238039997547, -85.2653870004097, -85.2494740004248, -84.8824009998062, -84.7978300001544, -84.7575610002399, -84.584471999683, -84.5399630002922, -84.338021000169, -84.4360810004378, -84.3251769996188, -84.4490339997193, -84.3299270001309, -84.3499390002846, -84.2595929996172, -84.2613370000025, -84.8300349996155, -85.2768670001119, -85.5015070001479, -86.2053879996564, -86.2251039996498, -86.1682609998452, -85.9788930004116, -86.1368029997586, 
-86.2065599997442, -86.3904360004211, -86.4517210000241, -86.5943590001677, -86.5155890000323, -86.3262520002296, -86.1528889996276, -86.2071469998342, -86.1436519999398, -85.9850619998114, -85.8769619996965, 35.5240949997844, 35.5134699999406, 35.5329770001885, 35.567422000425, 35.7212369997878, 35.765715000447, 35.778784999728, 35.8251510002185, 35.7608239997278, 35.6444239999677, 35.6704650002596, 35.8390980003725, 35.9150279999423, 36.005034000219, 36.1395770002784, 36.2850859997192, 36.4662919995762, 
36.5139850001077, 36.5917840004313, 36.6045360003362, 36.6268270003658, 36.6148549995586, 36.6401840002914, 36.5287759996127, 36.4442930004217, 36.4260730001689, 36.2958590000928, 36.3426589999129, 36.3101960002452, 36.3356290003781, 36.2453760004021, 36.1006100001514, 35.985008000319, 35.9543850000678, 35.7037900001085, 35.661747000224, 35.6601080001841, 35.5240949997844))"
TN,Tennessee,10.305506828583145,TN-507,Jackson/West Tennessee CoC,2.935933161167563,Jackson/West Tennessee CoC,Largely Rural CoC,Sheltered and Unsheltered Count,47,18837,2576,1679,3611,2990,4669,2208,1104,7383,11431,23,0,0,0,0,0,18285,552,0,5934,0,10281,0,299,2829,4117,14720,1334,322,1242,1035,207,0,17595,736,529,207,0,0,2645,3657,664901,734455447,28714138850,0.8260869565217391,0.043478260869565216,0.9751133108098755,0.3236714066172904,0.24691495419361528,0.1719635780951811,2.3155874653716107e-5,44964.30434782609,2266.086956521739,0.45273514095652173,0.0013170895129922726,0.1598138016310461,0.025562195878408966,0.0440171730185005,0.46234552206927054,0.001723664562586009,0.001082867995868558,0.21848214982233144,0.18677066222196387,3818244,1160066,3093180,7040000,750000,0,22880142,787337,0.00963477,243434,0,0.053425622000000006,0,0.142586494,0.105784736,24930434,20367479,31533023,93723197,"list(c(-89.6440499996078, -88.9252419997185, -88.2000640001535, -87.9849159998735, -87.9815850000477, -88.0174940003478, -88.0267869999201, -87.9746300003742, -88.0358369999775, -88.034788000166, -87.9627399997511, -87.8741819996995, -87.7167600003737, -87.706959999904, -87.5297910000546, -87.5666090000053, -87.5135330003476, -87.5869570003653, -87.6411569996957, -88.0705409995674, -88.0326749998513, -88.0532930000718, -88.9597459999779, -89.4172750000412, -89.4854269997562, -89.539231999757, -89.5364409996524, 
-89.6926299996747, -89.5930700003802, -89.680029000438, -89.7330559996346, -89.7163520000447, -89.7989500004421, -89.9588950001041, -89.9085749998363, -89.9422470003987, -90.0398759996776, -90.0026679997284, -90.0415630001323, -89.632776000412, -89.6440499996078, 34.9952909998798, 34.9948419998585, 34.9956340004089, 35.0059329996083, 35.2956780000397, 35.3165979997979, 35.4720510000537, 35.5210250003036, 35.62183899987, 35.7172609998953, 35.8409209999043, 35.813021000219, 35.8387499996128, 35.9058840000466, 
35.9756470003089, 36.177934000154, 36.3347130004047, 36.3417799998472, 36.6381089999305, 36.6782549995687, 36.5369849995581, 36.4970580001266, 36.5020760004072, 36.4990110002575, 36.4974910003095, 36.4979340000541, 36.2728270000661, 36.2249589995582, 36.129698999809, 36.082494000198, 36.0008089996357, 35.9070590002727, 35.7593560003792, 35.7235300003093, 35.6517359999165, 35.5571430003492, 35.547417999741, 35.4299850000078, 35.396620000113, 35.3758239997778, 34.9952909998798))"
TN,Tennessee,5.520918304106521,TN-509,Appalachian Regional CoC,0.7653680661935168,Appalachian Regional CoC,Largely Rural CoC,Sheltered and Unsheltered Count,47,5504,576,272,992,1384,1200,792,288,2048,3424,16,0,16,0,0,0,5416,88,16,432,8,4888,0,320,704,1000,4504,224,0,2184,1584,600,0,3320,3256,2560,696,0,0,3264,1264,510989,119480263,7504237101,0.875,0.25,0.8384714994358842,0.5826468995971302,0.07824825999560851,0.16805836274692018,6.809339751963682e-5,42062.375,4230.125,0.445698975625,0.001743226696008486,0.1331949146190502,0.029808256001336624,0.037937042129732736,0.4816405049173446,0.0025532919506750635,9.961074966740968e-4,0.1906988212054506,0.20909256373266352,3254206,2424281,1052941,0,0,0,29944795,2531696,0.0034219759999999998,30891,0,0.026614799999999997,1133529,0.048282212,0.027185178,12995362,10970616,28924935,63318457,"list(c(-82.8983170003293, -82.6372300003642, -82.6107030001433, -82.5054249997639, -82.4101969996917, -82.2138979998928, -82.1287939999431, -82.0338389998699, -81.9081669997072, -81.7974739996254, -81.6946079998593, -81.6774900000634, -81.9226440000206, -81.9341439997457, -82.6226030003282, -83.4721080000841, -83.3983029995837, -83.3715859995942, -83.2644990003286, -83.1654910004093, -83.0828829995507, -83.1724850000826, -82.8983170003293, 35.944967000127, 36.0658200001929, 35.9672030003182, 35.977431999887, 
36.0825520001747, 36.159041000342, 36.1040139997464, 36.1204749998215, 36.3019660002308, 36.3584650003596, 36.4733719996182, 36.5881370004223, 36.6162130001299, 36.59421300003, 36.5937969997318, 36.597283999557, 36.5348849998429, 36.4339049998159, 36.3452669996723, 36.3421919999609, 36.2464959998906, 36.1587949997894, 35.944967000127))"
TN,Tennessee,2.5128646665484116,TN-510,Murfreesboro/Rutherford County CoC,0.16124495151284354,Murfreesboro/Rutherford County CoC,Other Largely Urban CoC,Sheltered and Unsheltered Count,47,367,21,19,61,82,85,75,24,148,212,0,1,6,0,0,0,358,9,0,103,0,220,1,14,135,39,328,13,2,97,57,40,0,270,182,94,88,0,0,368,229,324139,12406556,1603892838,0,0,0.76210449,0.8403594880000002,0.303989955,0.103420896,2.0209517264519389e-4,68718,11871,0.46367746,0.001518451,0.055885509,0.008298449,0.014483374,0.376600779,0.009230159,5.55317e-4,0.24642822999999997,0.10508763200000001,1440213,1909571,534099,0,0,0,16119750,1031614,1.5117e-4,0,0,0.002872225,0,0.003149883,1.41914e-4,388747,690202,6482207,12476653,"list(c(-86.2071469998342, -86.1528889996276, -86.3262520002296, -86.5155890000323, -86.6188920001657, -86.6004280003519, -86.6992810003179, -86.5431159996037, -86.4136780002395, -86.3442920002756, -86.2414430003941, -86.2071469998342, 35.7037900001085, 35.9543850000678, 35.985008000319, 36.1006100001514, 35.9682239997379, 35.853184999788, 35.7178370003773, 35.6976169996249, 35.6231770004183, 35.6636570001705, 35.6364399996064, 35.7037900001085))"
TN,Tennessee,9.585700603718214,TN-512,"Morristown/Blount, Sevier, Campbell, Cocke Counties CoC",1.2616725461606857,"Morristown/Blount, Sevier, Campbell, Cocke Counties CoC",Largely Rural CoC,Sheltered and Unsheltered Count,47,9408,2268,1008,1488,1704,1668,936,336,4176,5112,0,0,120,0,0,0,8844,564,0,720,0,7860,24,180,660,3720,5688,588,336,2160,1884,276,0,7248,3240,2820,420,0,0,564,372,674772,482963231,12030553875,0.5,0.25,0.8924384837105586,0.4907574281412996,0.09889414489634425,0.14957600951275984,5.608819070269115e-5,47896.833333333336,3965.6666666666665,0.4175598698333333,0.0011567550574038447,0.1789829040018945,0.030105988806362744,0.0358565531421206,0.4785023680790904,0.003506258476338378,9.721803241598644e-4,0.20606812368665267,0.20407337593784713,1173612,1096658,1006656,0,0,0,15811585,0,0.0038047569999999998,446413,0,0.02821085,0,0.042550129,0.060705219000000005,22990877,20285954,24429129,71429299,"list(c(-84.584471999683, -84.5259839995619, -84.4092260003796, -84.4105250000287, -84.4955289998634, -84.2923650000447, -84.2113950000792, -84.0923180000756, -84.0214950003939, -84.0214520002096, -83.8803119998988, -83.7705870003897, -83.4858339999391, -83.4456759997476, -83.3123789995911, -83.2408269995664, -83.0739179998158, -82.9958509997238, -82.8983170003293, -83.1724850000826, -83.0828829995507, -83.1654910004093, -83.2644990003286, -83.3715859995942, -83.3983029995837, -83.4721080000841, -83.6753950001791, 
-83.6907889996126, -84.2613370000025, -84.2595929996172, -84.3499390002846, -84.3299270001309, -84.4490339997193, -84.3251769996188, -84.4360810004378, -84.338021000169, -84.5399630002922, -84.584471999683, 35.6444239999677, 35.6281129996153, 35.3983780002446, 35.3305730003437, 35.285471999733, 35.206694000128, 35.2656209998094, 35.2493739997104, 35.3010830001804, 35.4042229999915, 35.5187820002891, 35.5617430002393, 35.5681899998687, 35.6117470003239, 35.6547060001818, 35.7268559999045, 35.7900549996386, 
35.7730850003725, 35.944967000127, 36.1587949997894, 36.2464959998906, 36.3421919999609, 36.3452669996723, 36.4339049998159, 36.5348849998429, 36.597283999557, 36.6007839999817, 36.5825960003052, 36.5917840004313, 36.5139850001077, 36.4662919995762, 36.2850859997192, 36.1395770002784, 36.005034000219, 35.9150279999423, 35.8390980003725, 35.6704650002596, 35.6444239999677), c(-84.1523840001215, -84.268392999837, -84.1922870002448, -83.9417110002624, -83.7327039998896, -83.6546050001206, -83.8534569998407, 
-83.9504809999981, -84.0789590000578, -84.1523840001215, 35.793805999947, 35.9025629997827, 35.9954879997714, 36.1863780001447, 36.1645829996058, 35.9719370000925, 35.8411380000188, 35.8753619999564, 35.8507899999586, 35.793805999947))"
TX,Texas,3.385558222706666,TX-500,San Antonio/Bexar County CoC,0.30746136668294016,San Antonio/Bexar County CoC,Major City CoC,Sheltered and Unsheltered Count,48,3398,633,178,535,766,589,522,175,1250,2118,9,7,9,0,0,5,1678,1720,18,766,2,1832,9,249,465,996,2402,104,34,2484,2181,276,27,914,2438,2075,333,30,2233,2161,816,1978826,40788665,3212426750,0,0,0.533256246,0.952923471,0.729075725,0.155990558,6.159910105343258e-4,58288,34092,0.502051601,0.002746055,0.078732673,0.014871807,0.024022148,0.353566205,0.003522626,0.001008174,0.25532159,0.12098890999999999,27361067,31066622,7273617,0,0,0,319000000,13965756,4.22978e-4,2587384,2677581,0.006099576,2714440,0.001983499,0.003056863,58774699,37514401,83040543,266976110,"list(c(-98.3271959999954, -98.1169019996275, -98.1646380003434, -98.2616689999244, -98.3391869998801, -98.3801609999302, -98.5437179997858, -98.778782000289, -98.8065520002746, -98.8047629996127, -98.4073360003561, -98.3271959999954, 29.2098680002081, 29.4638839996469, 29.4780910000997, 29.6020959998306, 29.613100000065, 29.7039289996237, 29.7520520001997, 29.720167000207, 29.6907089997206, 29.2506929996823, 29.1144349996756, 29.2098680002081))"
TX,Texas,3.634996123455656,TX-503,Austin/Travis County CoC,0.25255190827133145,Austin/Travis County CoC,Major City CoC,Sheltered-Only Count,48,2975,520,163,502,708,543,413,126,1070,1875,7,12,4,0,0,7,2073,902,49,611,9,788,2,264,1169,841,2134,87,36,1709,1277,420,12,1266,2152,1657,480,15,210,1778,1820,1250884,79595808,2575210685,0,0,0.589532074,0.9488934950000001,0.514093233,0.11376366,4.857404511739978e-4,80668,48268,0.460801953,0.003403651,0.072801698,0.00528366,0.012481962,0.423800288,0.012217188,9.28943e-4,0.21636138899999996,0.098367235,16922080,18081500,1961108,0,0,0,183000000,7125202,1.74277e-4,2859869,1326270,0.004442458,19348353,0.003070628,0,0,0,92541997,160166379,"list(c(-97.7087899995588, -97.4924819997445, -97.3772269997262, -97.4341129997151, -97.5682550001681, -97.6759109995929, -97.9282119999838, -97.9567339995744, -98.0498860001388, -98.1729769999885, -97.7087899995588, 30.0234509999638, 30.2100110003075, 30.407085999919, 30.459718999832, 30.4997250002086, 30.4681789996612, 30.5289540000271, 30.6282489996916, 30.6241549997535, 30.3563120002986, 30.0234509999638))"
TX,Texas,5.633132574918855,TX-600,"Dallas City & County, Irving CoC",0.4781449502137131,"Dallas City & County, Irving CoC",Major City CoC,Sheltered and Unsheltered Count,48,7436,1080,372,1066,1444,1334,1528,612,2646,4728,6,14,40,2,0,0,6342,1094,102,4234,16,2084,20,574,1326,1610,5826,322,58,5264,3114,2042,108,2172,6690,3770,2810,110,2068,4974,3410,3628672,207185717,4440303683,0.5,0,0.31920740199816244,0.9787711357046789,0.6394391665471986,0.12272352529314746,8.172125735211791e-4,81205.5,49296,0.44931761000000003,0.0042006802296974954,0.07443879971092854,0.007734169188983739,0.017954562094423525,0.38691813412886583,0.007442891021725303,8.421817147771967e-4,0.26101008832272415,0.10793149660766747,41981616,55813094,7283483,0,0,0,798024935,20673961,4.98748e-4,298804,3667615,0.009425886,21103881,0.002080024,0.001263373,36670054,15557030,332711901,535761439,"list(c(-97.0204609995754, -97.0373420001332, -97.0770480001651, -97.067789000362, -96.8709279998273, -96.5231179998958, -96.5193489996566, -96.4637099996168, -96.2972269997262, -96.2954129997102, -96.3846020000822, -96.8341099998766, -96.8386479996055, -96.9199889995926, -96.8571829999954, -96.9453629997026, -97.0204609995754, 32.9904639998138, 32.7613110003025, 32.6153719999179, 32.512731999782, 32.5474419996486, 32.5452140003259, 32.7896260002398, 32.9824390002597, 32.9817520000548, 33.3519360002463, 
33.3978260003697, 33.4054979998329, 33.2318860003387, 33.1307060000819, 33.060713000005, 32.9895839997019, 32.9904639998138))"
TX,Texas,5.351076658270247,TX-601,"Fort Worth, Arlington/Tarrant County CoC",0.46048911586437097,"Fort Worth, Arlington/Tarrant County CoC",Major City CoC,Sheltered and Unsheltered Count,48,4926,534,344,818,926,914,1024,366,1814,3098,6,2,4,0,2,0,4268,658,46,2340,2,2104,14,248,848,844,4082,280,42,2992,2572,380,40,1934,4796,4312,444,40,1346,4100,2204,2215600,116293581,4581609282,0,0,0.2588639920000149,0.9482764475052925,0.5183142261834799,0.11168295469068922,4.8358554028265566e-4,77247.5,18385.5,0.461293453,0.004020863863357493,0.0756375720568335,0.009009661723141812,0.021365671170385448,0.3751403684078155,0.005124718470475718,8.476261886455136e-4,0.2619258892959144,0.1158191910408061,31205566,28862546,3632828,0,312751,0,275124632,12624673,2.10866e-4,1069989,2315324,0.008805053,4808884,0.002183877,1.27097e-4,4626010,4053387,29348905,122860863,"list(c(-98.0668360002812, -97.1677720002776, -97.067789000362, -97.0770480001651, -97.0373420001332, -97.0204609995754, -97.2495299997097, -97.2809519999348, -97.397918999762, -97.3982650004294, -97.3984590003825, -98.0560940004377, -98.0668360002812, 32.5588220001353, 32.5504879998214, 32.512731999782, 32.6153719999179, 32.7613110003025, 32.9904639998138, 32.9928880000812, 33.0470579998269, 33.0132419998185, 32.9999629998926, 32.991731999832, 33.0033319996721, 32.5588220001353))"
TX,Texas,2.438228471404036,TX-603,El Paso City & County CoC,0.2503321753805362,El Paso City & County CoC,Major City CoC,Sheltered and Unsheltered Count,48,913,196,94,126,186,116,129,66,331,573,3,1,2,0,0,3,256,657,9,278,3,251,4,80,99,288,625,79,13,724,588,136,0,189,1268,943,325,0,48,164,617,836915,5322143,2624264473,1,1,0.7567938400000002,0.959763509,0.882501807,0.1948601,3.189141218846962e-4,48292,18076,0.499065993,0.006899021000000001,0.08494752,0.012863338,0.021048795,0.357344533,0.004276025,6.26109e-4,0.27184959,0.121811654,5784640,12723255,1235534,0,0,0,87625277,6100086,2.92742e-4,265580,1083468,0.006777271,2068889,0.008178847,5.56807e-4,4089483,4357129,85690817,123398881,"list(c(-105.997132494869, -105.998012000354, -106.618485999929, -106.635919999908, -106.527939999931, -106.382035000215, -106.219426045875, -106.077468596898, -105.997132494869, 31.3872460218864, 32.0023769998987, 32.000495000344, 31.8662329997532, 31.7838900003233, 31.7327029996438, 31.4810467448115, 31.3979731145677, 31.3872460218864))"
TX,Texas,6.469166708740067,TX-604,Waco/McLennan County CoC,1.3911586173163593,Waco/McLennan County CoC,Largely Rural CoC,Sheltered and Unsheltered Count,48,1374,438,90,186,282,198,144,36,660,684,12,18,0,0,0,0,1104,270,0,522,0,618,0,84,204,558,816,150,0,1038,474,564,0,336,1602,990,612,0,0,480,222,368971,311859418,14315307314,0.8333333333333334,0.16666666666666666,0.9375932068193001,0.5790762000744177,0.4158158770923921,0.17938817203394303,2.5774577653611103e-5,49671.5,3562.1666666666665,0.47299375283333334,0.0030088289677901365,0.1548197580952178,0.041935738213141414,0.0483629127806955,0.4244100487205905,0.002997489777763022,0.0012521307474869297,0.23888327249091934,0.16359280299556603,4767806,2770537,147425,0,0,0,38278705,1589560,5.1172e-4,0,0,0.014917432999999999,0,0.008796243,0.033820221,9198148,7997619,3623749,30094844,"list(c(-97.0700569997307, -96.319164999665, -96.3201750003759, -95.7872999997951, -95.8725120002286, -95.8759369998926, -95.9834489998714, -96.0061699999455, -96.0547799995973, -96.496712999905, -96.719114000111, -96.8962090001452, -96.9406560002742, -97.0870500000574, -97.4759849998078, -97.5545500003822, -97.6308849997429, -98.0054620001711, -97.7664310001905, -97.6898340004387, -97.4186059995672, -97.3434260004096, -97.2781130003147, -97.0700569997307, 30.9860309999307, 31.3571290000034, 31.3751760003722, 
31.618384999668, 31.6930080001192, 31.7555029997637, 31.7899789996312, 31.9242919998759, 32.0125260002748, 31.7961910001146, 31.8148869998352, 32.0739770003383, 32.0520869999152, 32.2652549997185, 32.1816790000859, 32.1495689996097, 32.2074030001484, 32.0178969997468, 31.6724609995755, 31.7110189997271, 31.3202020004221, 31.2442150000223, 31.2797989997241, 30.9860309999307))"
TX,Texas,156.05140697596423,TX-607,Texas Balance of State CoC,56.17859205457114,Texas Balance of State CoC,Largely Rural CoC,Sheltered and Unsheltered Count,48,2167415,286380,140395,380980,447845,409360,341420,161035,788835,1353855,8815,4945,6020,860,2365,1720,1491455,675960,20210,552980,4085,887305,6020,122120,376465,435160,1732255,114165,13975,798295,642850,155445,0,1369120,1294300,1051780,242520,0,179525,371305,317985,11611626,17110922440,585543719169,0.5581395348837209,0.16279069767441862,0.8872513651515266,0.6862816004185328,0.5191167024633723,0.15002368409677205,1.9830502180911697e-5,NA,3126.0186046511626,0.4224417761627907,0.003767739336754044,0.1420092151418252,0.033670217979428804,0.038951664893329234,0.3972969848955662,NA,0.0012022432995947338,0.25751957571643563,0.14313051413272904,8984798,94217573,9735125,59200000,312751,0,895603710,28690501,0.0197014374,5485175,3696526,0.612501449,0,0.3343718,0.931900534,148075308,125841644,262374480,746613881,"list(list(c(-105.997132494869, -105.870236368114, -105.772978734881, -105.605986000154, -105.554794510059, -105.413499999925, -105.394156525203, -105.217666515297, -105.062496609031, -105.007796000285, -104.871879616751, -104.855430754825, -104.761096671874, -104.687075999558, -104.707248999941, -104.679920999654, -104.549796000085, -104.507659000363, -104.337001000396, -104.208934877243, -104.168379999937, -104.020260890927, -103.814086005864, -103.718636947037, -103.524670005316, -103.432230999861, 
-103.1538960004, -102.994940999627, -102.906382000429, -102.768307192723, -102.677031220215, -102.480917773936, -102.405276999934, -102.30154799994, -102.1440390002, -101.8754284006, -101.820213420113, -101.648522440858, -101.53521800021, -101.415583999702, -101.363010445875, -101.260723055525, -101.060150999869, -101.009943695445, -100.801486745617, -100.775865011061, -100.663699677798, -100.651404690874, -100.508288769411, -100.500353999737, -100.336120789743, -100.293465889339, -100.211313000295, 
-100.088756838058, -99.990167931205, -99.8939209569866, -99.8724870918058, -99.7051542056021, -99.6035329997481, -99.5110490003111, -99.4787870818583, -99.4964960090835, -99.4415450003015, -99.4510349999653, -99.2804709998367, -99.2089070001579, -99.1667420000433, -99.0919760001922, -99.1108540002119, -98.979152999911, -98.8982842357288, -98.8268569995508, -98.6558403139793, -98.4812689995646, -98.3452233843517, -98.24964344359, -98.1373144786802, -97.8019329997081, -97.6389930004266, -97.5229050330408, 
-97.4261086665817, -97.2892436889451, -97.2072106093821, -97.3083756152424, -97.3523156378564, -97.4141766829076, -97.4700235990098, -97.5606355220117, -97.5563835309752, -97.4801165410455, -97.4231885589048, -97.5461665562415, -97.6479155413691, -97.709080458996, -97.7374654729532, -97.7468845242014, -97.73441955282, -97.7322995782629, -97.7310365173214, -97.7114514748057, -97.6620744532734, -97.6086425001512, -97.533597621433, -97.4028995297894, -97.3207066622826, -97.2542496552973, -97.3540615133281, 
-97.4083365053254, -97.4887185941877, -97.3376706369902, -97.162100557095, -97.0345396361952, -97.151768593246, -97.169068688669, -97.0286625630268, -96.9318845922001, -96.8004136519684, -96.7869346491148, -96.7065487183486, -96.5955887671079, -96.4028987565723, -96.5672346637487, -96.6649437584476, -96.5856687889834, -96.558347777328, -96.3460827580128, -96.2319787751003, -96.2129178817548, -95.7853238673026, -95.6432299857752, -95.4399860587096, -95.3840920001456, -95.2106671279855, -95.1500380471181, 
-95.096647043726, -94.8987891312134, -94.8917571378816, -95.0187964142231, -95.1183040001295, -95.1831039999496, -95.2614650001096, -95.4172850002026, -95.4626019999823, -95.5499940002229, -95.5907930002967, -95.6543549996834, -95.7528660000658, -95.8476559997246, -95.9506429996746, -95.9929340002039, -96.0606759998975, -96.011604999671, -95.8896390004395, -95.8359909995849, -95.9607330000279, -95.8033299997796, -95.804305999822, -96.088941000227, -96.1584379999137, -96.3127949999892, -96.4227449999817, 
-96.6682689999144, -96.8939850001076, -96.9636300003242, -97.155218999657, -97.2699489997465, -97.3154849997329, -97.2589590001577, -97.0700569997307, -97.2781130003147, -97.3434260004096, -97.4186059995672, -97.6898340004387, -97.7664310001905, -98.0054620001711, -97.6308849997429, -97.5545500003822, -97.4759849998078, -97.0870500000574, -96.9406560002742, -96.8962090001452, -96.719114000111, -96.496712999905, -96.0547799995973, -96.0061699999455, -95.9834489998714, -95.8759369998926, -95.8725120002286, 
-95.7872999997951, -95.7101119997689, -95.743498999779, -95.6555449997019, -95.72522599978, -95.7639860002537, -95.656486999975, -95.6725970000515, -95.6386830000204, -95.8630819997344, -95.8302399996762, -95.5989709997118, -95.3618660004156, -95.3083949996295, -95.1659339995544, -94.9770439996808, -94.8739249999388, -94.8491100004262, -94.9302214043943, -94.8726741679785, -94.8140510788941, -94.6890592413908, -94.7060951016076, -94.7632141186366, -94.5457731753917, -94.4571252881015, -94.0433173032509, 
-93.8379662655307, -93.9227440004352, -93.8303739999601, -93.7900870001149, -93.720804999551, -93.6928489999813, -93.7035440003553, -93.7642520003295, -93.6981350000302, -93.7387879996664, -93.6313450001716, -93.5585959998055, -93.5654300001943, -93.524738999705, -93.5525240003823, -93.6875110002325, -93.6926309998207, -93.7494759997176, -93.8394159996486, -93.7945479998903, -93.8790609995655, -94.0427199996282, -94.0430149997424, -94.0433129999949, -94.1433739999101, -94.3867859995742, -94.4859030000234, 
-94.736814000166, -94.8606870001049, -94.9980190001767, -95.0490249997039, -95.2166829998205, -95.2476299997247, -95.3632090002951, -95.5337979997778, -95.5527990000738, -95.7566120001437, -95.8304060001368, -95.9247800003966, -96.0488339996893, -96.1492269996263, -96.1798459996931, -96.2903589995681, -96.3187589998279, -96.5326509997438, -96.7942760002372, -96.8664379996139, -96.9242679999682, -97.0483240002524, -97.0956439997707, -97.154366999937, -97.2556389999398, -97.3746899996438, -97.4632020002721, 
-97.4841630001223, -97.4870649999498, -97.3830150004419, -97.397918999762, -97.2809519999348, -97.2495299997097, -97.0204609995754, -96.9453629997026, -96.8571829999954, -96.9199889995926, -96.8386479996055, -96.8341099998766, -96.3846020000822, -96.2954129997102, -96.2972269997262, -96.4637099996168, -96.5193489996566, -96.5231179998958, -96.8709279998273, -97.067789000362, -97.1677720002776, -98.0668360002812, -98.0685449999518, -99.0960500001074, -99.0960160003381, -99.4712579999567, -99.4744980000826, 
-99.5420079998693, -99.8351430001493, -100.51869099999, -100.517339999741, -100.417782999686, -100.415894999854, -100.000381000183, -100.000395999975, -100.000406000437, -101.098993999673, -101.698685000412, -103.002358999968, -103.041712999955, -103.041609999702, -103.042731000136, -103.043651000293, -103.064624999844, -103.064509999936, -104.288106000192, -105.245188000226, -105.998012000354, -105.997132494869, 31.3872460218864, 31.2896939919842, 31.1667725718967, 31.0849880001961, 30.9883540072317, 
30.8993330002178, 30.8508568988269, 30.8059760405619, 30.6865580653025, 30.686221000299, 30.5106140751795, 30.3869760420108, 30.3002380260641, 30.1793419997335, 30.050134000184, 29.9211759995728, 29.7406410000821, 29.6322780004294, 29.5196019997326, 29.480517236981, 29.3961359996767, 29.3120852964993, 29.2739952109103, 29.1808972667955, 29.1373441532102, 29.0436819996247, 28.9716059997172, 29.1797970002314, 29.2620550002381, 29.5952420911497, 29.7416040103168, 29.776168373072, 29.7649689996197, 29.8778420004081, 
29.8037219997705, 29.7938880346052, 29.8113470834012, 29.7555170268893, 29.7954040001945, 29.746534000244, 29.6525669710889, 29.5382066256353, 29.4586609998054, 29.3682800658724, 29.2500711661514, 29.1732776186672, 29.074082056142, 28.9456622134405, 28.741344244941, 28.6619599997542, 28.4296713151791, 28.278556327013, 28.1938989996391, 28.1478612310111, 27.9933393051649, 27.8933353969111, 27.7953533615685, 27.6552269061968, 27.6419920000308, 27.5645069997983, 27.4792514371042, 27.2733844430377, 27.2499150001772, 
27.066764999705, 26.8580530003458, 26.7247610004199, 26.5360790002457, 26.4723759997526, 26.4262820001143, 26.3999239995929, 26.3547085656479, 26.3696239998478, 26.2357796399185, 26.2198790002157, 26.1667065860402, 26.0723314841107, 26.0615056926337, 26.0603699999756, 26.0231519995652, 25.8879609975021, 25.8408626979552, 25.9536646756843, 26.0790335809351, 26.1267556088843, 26.3190555240932, 26.385063597607, 26.7492174600178, 26.8396244805854, 26.9941275152727, 27.0054024632531, 27.2623944056774, 
27.2294214607319, 27.2763363804197, 27.2627054568914, 27.2656444098617, 27.2791203981879, 27.2809823131832, 27.267155334751, 27.2663293398272, 27.277100368887, 27.2874583995855, 27.2854034388177, 27.3399943248783, 27.3330004403181, 27.570728244413, 27.6967972898631, 27.7303263099113, 27.8341152191421, 27.8396581797812, 27.8831613090472, 27.8689692966958, 28.0448271929206, 28.0347422683411, 28.130751245074, 28.1907582307078, 28.1236492179371, 28.2246221843664, 28.4018111689504, 28.3501201189484, 28.3560501657826, 
28.4432750423094, 28.5839071468974, 28.6953690205639, 28.7250580442933, 28.6452570892433, 28.635043122742, 28.6980010942751, 28.5816160106704, 28.7470849449143, 28.7548150639641, 28.8598240717236, 28.8648589297958, 29.0094018819913, 29.1962768357075, 29.1786778910719, 29.3335678428817, 29.43336683701, 29.550931635087, 29.5070459998731, 29.5190609999652, 29.5930439996809, 29.5962920001757, 29.4392379998339, 29.43843899986, 29.3274850003326, 29.290944999712, 29.3245030004132, 29.2625899997287, 29.3365769996289, 
29.4336280001322, 29.4764730001289, 29.7198429996548, 29.786048000415, 29.8166180000208, 30.1634150000023, 30.0900960003302, 30.2455699997557, 30.228717999636, 30.378368000283, 30.3843000004447, 30.343371999818, 30.2975619997865, 30.4598680004079, 30.5571980002875, 30.4573440000256, 30.7353620001562, 30.7523629999525, 30.8895790000709, 30.9860309999307, 31.2797989997241, 31.2442150000223, 31.3202020004221, 31.7110189997271, 31.6724609995755, 32.0178969997468, 32.2074030001484, 32.1495689996097, 32.1816790000859, 
32.2652549997185, 32.0520869999152, 32.0739770003383, 31.8148869998352, 31.7961910001146, 32.0125260002748, 31.9242919998759, 31.7899789996312, 31.7555029997637, 31.6930080001192, 31.618384999668, 31.61558700014, 31.4991830001953, 31.3296400003858, 31.2710839998268, 31.0929090003501, 31.0793389995952, 30.9762779998299, 30.9267360003662, 30.8642910003294, 30.6302840000067, 30.5090019999424, 30.5089159995738, 30.4057500003623, 30.3449509997889, 29.8680599998692, 29.7943520002447, 29.7313440003254, 
29.6737229034892, 29.6715377262851, 29.7589377655655, 29.751284855112, 29.6285157765819, 29.5244328762763, 29.5723718386894, 29.5220108707052, 29.6746608352294, 29.6906123270973, 29.818808000289, 29.8943580003215, 29.9865640004283, 30.0530430003342, 30.1352129998801, 30.2593209998643, 30.3302289998685, 30.4388800002119, 30.540975000396, 30.6778720001927, 30.8688219997355, 30.9905790001208, 31.0390070003728, 31.1854050003406, 31.31081300002, 31.4371920004106, 31.4686899996438, 31.5991999998801, 31.7020760001074, 
31.8442870003448, 31.999270999657, 33.019262000441, 33.5515839998018, 33.5655930001169, 33.5451230004262, 33.6378579997469, 33.6923320000218, 33.7419450000618, 33.86050399956, 33.8640900003533, 33.9626520003895, 33.9147439998358, 33.8668119999739, 33.8811530003107, 33.9243110003524, 33.8920279999923, 33.834784999728, 33.8848429996048, 33.8364679999983, 33.8370909999497, 33.7596180002706, 33.7708310002505, 33.6967529997512, 33.8231429997497, 33.8688860002887, 33.8531490003261, 33.9591590002877, 33.8172689995647, 
33.7292219996956, 33.7240939997383, 33.863702000447, 33.8185520002746, 33.8430899996039, 33.9155100000865, 33.4336809999782, 33.4328900003733, 33.0132419998185, 33.0470579998269, 32.9928880000812, 32.9904639998138, 32.9895839997019, 33.060713000005, 33.1307060000819, 33.2318860003387, 33.4054979998329, 33.3978260003697, 33.3519360002463, 32.9817520000548, 32.9824390002597, 32.7896260002398, 32.5452140003259, 32.5474419996486, 32.512731999782, 32.5504879998214, 32.5588220001353, 32.5116260000399, 
32.5147680001431, 32.9570369997578, 32.9570250001037, 33.7338489999315, 33.7932439996109, 33.8357999997702, 33.8356500000475, 34.3141020000073, 34.3135240003324, 34.7475249999788, 34.7463580001217, 35.881233000003, 36.4997019997475, 36.4991179997959, 36.4995079997944, 36.5005510002285, 36.5004389995602, 35.6648100002814, 35.0000669997922, 34.0036390001398, 32.9998989996392, 32.0004239997678, 32.000070999677, 32.0002069996534, 32.0023769998987, 31.3872460218864), c(-101.901615000232, -101.937068000188, 
-101.866469000044, -101.653793999593, -101.689351999895, -101.848187999676, -101.901615000232, 35.09449099966, 35.2061239999227, 35.2658579999468, 35.2508579997969, 35.1860440002305, 35.1493939999332, 35.09449099966), c(-97.7087899995588, -98.1729769999885, -98.0498860001388, -97.9567339995744, -97.9282119999838, -97.6759109995929, -97.5682550001681, -97.4341129997151, -97.3772269997262, -97.4924819997445, -97.7087899995588, 30.0234509999638, 30.3563120002986, 30.6241549997535, 30.6282489996916, 
30.5289540000271, 30.4681789996612, 30.4997250002086, 30.459718999832, 30.407085999919, 30.2100110003075, 30.0234509999638), c(-98.3271959999954, -98.4073360003561, -98.8047629996127, -98.8065520002746, -98.778782000289, -98.5437179997858, -98.3801609999302, -98.3391869998801, -98.2616689999244, -98.1646380003434, -98.1169019996275, -98.3271959999954, 29.2098680002081, 29.1144349996756, 29.2506929996823, 29.6907089997206, 29.720167000207, 29.7520520001997, 29.7039289996237, 29.613100000065, 29.6020959998306, 
29.4780910000997, 29.4638839996469, 29.2098680002081)), list(c(-95.115292105846, -94.8022951267187, -94.866019091308, -95.115292105846, 29.0835920171579, 29.2801288651551, 29.2933238971802, 29.0835920171579)), list(c(-94.9623528833789, -94.9696968326427, -94.969292319385, -94.9691403258653, -94.9623528833789, 29.6812603337974, 29.6827875687913, 29.6824315667635, 29.6820469375162, 29.6812603337974)), list(c(-96.8513987125805, -96.6973997676851, -96.7886257576726, -96.8506039726951, -96.8513987125805, 
28.0654491528562, 28.1803741151733, 28.1892842346797, 28.0661670096998, 28.0654491528562)))"
TX,Texas,11.96305722709079,TX-624,"Wichita Falls/Wise, Palo Pinto, Wichita, Archer Counties CoC",3.548930577392735,"Wichita Falls/Wise, Palo Pinto, Wichita, Archer Counties CoC",Largely Rural CoC,Sheltered and Unsheltered Count,48,4352,720,288,928,992,816,448,160,1728,2624,0,0,0,0,0,0,3696,656,16,1008,0,2992,0,384,64,880,3472,384,0,3216,2960,256,0,1136,4784,4592,192,0,0,464,0,335660,598758380,35941901765,0.625,0,0.9594111105936781,0.5094576942738515,0.28563129354552225,0.14918557653018233,9.338960475565698e-6,50465.6875,2001.125,0.41598276700000003,0.0016131757920094135,0.1842886520499875,0.07600415546561996,0.05637154465285706,0.45057796589848653,NA,0.0012631830668056961,0.2286450574749538,0.16998748741124053,785843,2424960,0,0,0,0,12895588,909327,0,0,0,0.030806263,0,0.027567513,0.223698898,12245984,11268969,10374118,38009201,"list(c(-100.000381000183, -100.415894999854, -100.417782999686, -100.517339999741, -100.51869099999, -99.8351430001493, -99.5420079998693, -99.4744980000826, -99.4712579999567, -99.0960160003381, -99.0960500001074, -98.0685449999518, -98.0668360002812, -98.0560940004377, -97.3984590003825, -97.3982650004294, -97.397918999762, -97.3830150004419, -97.4870649999498, -97.4841630001223, -97.5608579998968, -97.6614890000173, -97.8773869998101, -97.9571550001031, -97.9468020002121, -98.0844349997754, -98.1687900002582, 
-98.3640230003612, -98.4863279999372, -98.5773559996796, -98.6900720004224, -98.8871120002186, -98.9512839998567, -99.1897760001622, -99.2088320002965, -99.3755500002323, -99.3987279997973, -99.5696959996706, -99.6945279997673, -99.8887409995974, -100.000276999884, -100.000381000183, 34.7463580001217, 34.7475249999788, 34.3135240003324, 34.3141020000073, 33.8356500000475, 33.8357999997702, 33.7932439996109, 33.7338489999315, 32.9570250001037, 32.9570369997578, 32.5147680001431, 32.5116260000399, 
32.5588220001353, 33.0033319996721, 32.991731999832, 32.9999629998926, 33.0132419998185, 33.4328900003733, 33.4336809999782, 33.9155100000865, 33.8996449996171, 33.990817999751, 33.8502359999915, 33.9144539999522, 33.9908929996123, 34.0028929999121, 34.1142619996916, 34.1571089997806, 34.0625980003974, 34.149100000065, 34.133155000403, 34.1682599995993, 34.2121890001223, 34.2143570002754, 34.3391719995882, 34.4587890002122, 34.3758320003466, 34.4184180000907, 34.3782179997609, 34.5504519995602, 34.5604500001674, 
34.7463580001217))"
TX,Texas,7.394166861416433,TX-700,"Houston, Pasadena, Conroe/Harris, Fort Bend, Montgomery Counties CoC",0.90496665581685,"Houston, Pasadena, Conroe/Harris, Fort Bend, Montgomery
Counties CoC",Major City CoC,Sheltered and Unsheltered Count,48,9840,1485,603,1818,1941,1701,1659,633,3711,6072,24,6,27,0,0,0,8586,1254,105,5637,12,2925,21,639,1512,2214,7626,525,51,6519,4845,1635,39,3321,9018,6555,2418,45,2436,20169,10020,6061689,332815380,9352422761,0.3333333333333333,0,0.3513217443635487,0.9627125516892113,0.6709478164066455,0.1389695524458218,6.481410384138643e-4,82161.66666666667,28469.666666666668,0.4716816696666667,0.004049309989675549,0.0833366232656324,0.01150379862569393,0.019999720270639915,0.3760922083086014,0.007655417031731255,4.216646565815237e-4,0.26750316622456233,0.10834340071867066,87504050,96492987,19297548,0,0,0,535152449,39217629,6.161280000000001e-4,3058244,7723792,0.0071344469999999995,27211616,0.004578752,5.3946e-4,32290615,18995279,217283460,549075220,"list(c(-95.8896390004395, -96.011604999671, -96.0606759998975, -95.9929340002039, -95.9506429996746, -95.8476559997246, -95.7528660000658, -95.6543549996834, -95.5907930002967, -95.5499940002229, -95.4626019999823, -95.4172850002026, -95.2614650001096, -95.1831039999496, -95.1183040001295, -95.0187964142231, -95.0177434924682, -95.0115420014622, -95.0115157421577, -94.997605723925, -94.9973443017981, -94.9973215444536, -94.9972049698334, -94.9878052890828, -94.9828021096296, -94.9828211923441, -94.9833356441246, 
-94.983637961123, -94.9837120931385, -94.9839216360746, -94.985553237392, -94.9860360771032, -94.9863016531987, -94.9948862127285, -94.9970878879956, -94.9991875729481, -94.9986342722538, -94.9980855032433, -94.9981738346547, -94.9999845314609, -95.0012770469981, -95.0018216719326, -95.0022402613789, -95.0071660946395, -95.0072288151576, -95.0108213657134, -95.0108646051174, -95.0140496404785, -95.0139167530557, -95.0138040032521, -95.0134522073534, -94.9871636506819, -94.9774830927705, -94.970148038701, 
-94.9696968326427, -94.9623528833789, -94.9536984699084, -94.9323420219667, -94.9302214043943, -94.8491100004262, -94.8739249999388, -94.9770439996808, -95.1659339995544, -95.3083949996295, -95.3618660004156, -95.5989709997118, -95.8302399996762, -95.804305999822, -95.8033299997796, -95.9607330000279, -95.8359909995849, -95.8896390004395, 29.786048000415, 29.7198429996548, 29.4764730001289, 29.4336280001322, 29.3365769996289, 29.2625899997287, 29.3245030004132, 29.290944999712, 29.3274850003326, 
29.43843899986, 29.4392379998339, 29.5962920001757, 29.5930439996809, 29.5190609999652, 29.5070459998731, 29.550931635087, 29.5558710382179, 29.56832989331, 29.5683930248183, 29.5847538745917, 29.5848357479715, 29.5848533405093, 29.5850771574849, 29.5948185086673, 29.6010767711761, 29.6010850386436, 29.6030243313079, 29.6035914132132, 29.6037335492639, 29.6044612887575, 29.6049053416083, 29.6054722463471, 29.6058202929722, 29.6138124537817, 29.6152795996738, 29.6178374712223, 29.6189002153727, 29.620377138694, 
29.6203061561043, 29.6200741463049, 29.6187796450646, 29.6188246435425, 29.6189257183473, 29.6226772285713, 29.6227159929488, 29.6267719074976, 29.6268292932373, 29.6429448151512, 29.6434882943494, 29.644126949699, 29.6453843026435, 29.6728301509907, 29.6775188087461, 29.6814655285114, 29.6827875687913, 29.6812603337974, 29.6794734096702, 29.6748695022258, 29.6737229034892, 29.7313440003254, 29.7943520002447, 29.8680599998692, 30.3449509997889, 30.4057500003623, 30.5089159995738, 30.5090019999424, 
30.6302840000067, 30.2455699997557, 30.0900960003302, 30.1634150000023, 29.8166180000208, 29.786048000415))"
TX,Texas,7.0259464324053935,TX-701,"Bryan, College Station/Brazos Valley CoC",1.3456410713739342,"Bryan, College Station/Brazos Valley CoC",Other Largely Urban CoC,Sheltered and Unsheltered Count,48,826,21,56,133,168,168,210,70,217,602,7,0,0,0,0,0,749,77,0,378,0,371,0,14,133,49,777,35,21,462,462,0,0,364,728,728,0,0,0,0,518,346599,170849655,14098389939,0.7142857142857143,0.14285714285714285,0.9078318149563618,0.6273143433115242,0.4262678196965687,0.20678566015654112,2.4584296611147946e-5,53200,4362.142857142857,0.4394235847142857,0.0036588458857075884,0.15671435213009566,0.0268967805640149,0.027891608367640992,0.42736130208600137,0.0059822847787169035,0.0011915790124726268,0.21354360478068027,0.128572211925773,507723,4113521,1326200,0,0,0,30263597,1911340,0.001965653,0,0,0.017139011,0,0.009690869999999999,0.036609333,6678955,7765368,6222667,28525774,"list(c(-97.0700569997307, -97.2589590001577, -97.3154849997329, -97.2699489997465, -97.155218999657, -96.9636300003242, -96.8939850001076, -96.6682689999144, -96.4227449999817, -96.3127949999892, -96.1584379999137, -96.088941000227, -95.804305999822, -95.8302399996762, -95.8630819997344, -95.6386830000204, -95.6725970000515, -95.656486999975, -95.7639860002537, -95.72522599978, -95.6555449997019, -95.743498999779, -95.7101119997689, -95.7872999997951, -96.3201750003759, -96.319164999665, -97.0700569997307, 
30.9860309999307, 30.8895790000709, 30.7523629999525, 30.7353620001562, 30.4573440000256, 30.5571980002875, 30.4598680004079, 30.2975619997865, 30.343371999818, 30.3843000004447, 30.378368000283, 30.228717999636, 30.2455699997557, 30.6302840000067, 30.8642910003294, 30.9267360003662, 30.9762779998299, 31.0793389995952, 31.0929090003501, 31.2710839998268, 31.3296400003858, 31.4991830001953, 31.61558700014, 31.618384999668, 31.3751760003722, 31.3571290000034, 30.9860309999307))"
UT,Utah,2.5125292054815707,UT-500,Salt Lake City & County CoC,0.22399845062867288,Salt Lake City & County CoC,Largely Suburban CoC,Sheltered and Unsheltered Count,49,2404,332,171,339,474,455,462,171,847,1504,9,27,17,0,0,0,1638,766,36,251,3,1452,57,91,654,567,1837,123,22,1991,1739,252,0,413,1784,1434,350,0,691,2353,420,1146215,136855044,1949876462,0,0,0.594846113,0.993085777,0.294978691,0.085992935,5.878398054122467e-4,77128,42034,0.451135848,0.001400904,0.052468175,0.005685329,0.010095167,0.352944256,0.005527072,7.34592e-4,0.27095353,0.108681181,17645062,16744157,1941260,0,0,0,140000000,5756775,2.93139e-4,432233,1025384,0.005324481,2432398,0.001702996,3.48975e-4,3242957,3858670,44379708,97458604,"list(c(-112.172861999981, -112.03314799978, -111.946454000252, -111.787971999708, -111.68462600029, -111.553266000426, -111.60453500039, -111.64105199995, -111.746842999705, -111.946288999837, -112.006565999721, -112.260216000268, -112.175336999903, -112.172861999981, 40.4670650002496, 40.462551999875, 40.4245940004129, 40.5136679999783, 40.5313089996107, 40.6093130003947, 40.6665739996904, 40.7989250002886, 40.860193000007, 40.8217899998087, 40.9218460003926, 40.7690929996423, 40.6039810000232, 
40.4670650002496))"
UT,Utah,26.081889494997377,UT-503,Utah Balance of State CoC,21.3141820326353,Utah Balance of State CoC,Largely Suburban CoC,Sheltered and Unsheltered Count,49,31500,5325,2400,5650,6950,5350,4150,1675,12625,18600,0,175,75,0,25,0,24675,6825,200,1775,100,21950,400,675,5450,8075,23425,2200,175,19025,15850,3175,0,12475,25475,21000,4475,0,4250,13525,11450,1308785,5359036428,198887119519,0.24,0.04,0.8574467170380093,0.7964020896025619,0.17844336554324966,0.09463505285147598,6.580541782520862e-6,61194.16,3300,0.3657945598,0.0017482710750899673,0.12504342284072778,0.010800145964230946,0.017943558886136378,0.36951523735255215,0.006336694848587049,7.984504248551136e-4,0.2974934766254068,0.12825253963996686,1570309,6412940,1550432,0,0,0,60415558,858031,0.010859744,553597,0,0.038125955,0,0.015961167000000002,0.010069016,3109920,3396831,23890611,41342671,"list(c(-114.0500520001, -112.75076100032, -112.00073499972, -111.150576000382, -110.469733000278, -109.624319000322, -109.045171999988, -109.041572000348, -109.042835000135, -109.06018699993, -109.059824000277, -109.051166000311, -109.051156999896, -109.0500259999, -110.000717000189, -110.000710999913, -110.260967000227, -110.378961999796, -110.656482000344, -110.750733000328, -110.90283900002, -110.891654999579, -110.85778199964, -111.75466499979, -111.7380000002, -111.82084400025, -111.909463999564, 
-111.969467000302, -112.047184000441, -112.109866999762, -112.182511999829, -112.146856000404, -112.19850399986, -112.172861999981, -112.175336999903, -112.260216000268, -112.006565999721, -111.946288999837, -111.746842999705, -111.64105199995, -111.527465000409, -111.486159000338, -111.524894999704, -111.507510000186, -111.366603999875, -111.232406999583, -111.046766000251, -111.046713999651, -112.153847999985, -112.17314799968, -113.341108000034, -113.814884000196, -114.041477000363, -114.040527999767, 
-114.043691999986, -114.047180999903, -114.049578999871, -114.049324999849, -114.052806000297, -114.0500520001, 37.0001909997149, 37.0004829996907, 37.0009590000578, 37.0009499996428, 36.9976569997708, 36.998245999953, 36.9989770003883, 37.5621380000687, 38.1662679995686, 38.2755280001172, 38.7147460002278, 39.1426029998286, 40.008237999684, 41.0006910003894, 40.9974500002174, 40.8136779998399, 40.8348240001276, 40.787180000057, 40.7402749998914, 40.747705999932, 40.7065499995829, 39.8996539997324, 
39.8130139999961, 39.8122659996762, 39.8641069999381, 39.9436099997018, 39.8945710000517, 39.8071080001342, 39.7768489995817, 39.9737989997241, 40.0591349995806, 40.1778170002544, 40.3123059996223, 40.4670650002496, 40.6039810000232, 40.7690929996423, 40.9218460003926, 40.8217899998087, 40.860193000007, 40.7989250002886, 40.7857519998549, 40.8731240000726, 40.9538420001083, 41.0632340004488, 41.1300180000307, 41.1429720002577, 41.2516269998862, 42.0017020000473, 41.9972259995803, 42.001515000417, 
41.9948590001428, 41.9886539999821, 41.9938729996393, 41.3419700004152, 40.7355860003937, 39.8497390001548, 38.8834799996023, 38.2660599996693, 37.5939130003847, 37.0001909997149))"
UT,Utah,8.62118372709601,UT-504,Provo/Mountainland CoC,1.436769918608293,Provo/Mountainland CoC,Largely Suburban CoC,Sheltered and Unsheltered Count,49,615,132,78,96,108,84,78,39,231,375,3,6,0,0,0,0,450,165,3,9,0,426,3,9,102,168,447,87,0,327,126,201,0,288,471,222,249,0,651,516,480,696239,467877620,13084280766,0,0,0.9219038493441463,0.9222970184314768,0.17866565952674437,0.09461769072804883,5.3211866395377536e-5,89945.66666666667,9114.666666666666,0.4702373306666667,0.002442588666574828,0.11397235899233865,0.00396713499090973,0.010843993600622773,0.31914759150037847,0.008370460527597564,7.109628670212384e-4,0.32696100048507765,0.08126950693229623,3284678,7459644,147121,0,0,0,36961101,3172496,6.59688e-5,0,0,0.002891364,0,1.78598e-4,3.99031e-4,1125165,1620007,46064104,62873215,"list(c(-112.172861999981, -112.19850399986, -112.146856000404, -112.182511999829, -112.109866999762, -112.047184000441, -111.969467000302, -111.909463999564, -111.82084400025, -111.7380000002, -111.75466499979, -110.85778199964, -110.891654999579, -110.90283900002, -110.750733000328, -110.656482000344, -110.378961999796, -110.260967000227, -110.000710999913, -110.000717000189, -110.505073999565, -111.046814999812, -111.046766000251, -111.232406999583, -111.366603999875, -111.507510000186, -111.524894999704, 
-111.486159000338, -111.527465000409, -111.64105199995, -111.60453500039, -111.553266000426, -111.68462600029, -111.787971999708, -111.946454000252, -112.03314799978, -112.172861999981, 40.4670650002496, 40.3123059996223, 40.1778170002544, 40.0591349995806, 39.9737989997241, 39.7768489995817, 39.8071080001342, 39.8945710000517, 39.9436099997018, 39.8641069999381, 39.8122659996762, 39.8130139999961, 39.8996539997324, 40.7065499995829, 40.747705999932, 40.7402749998914, 40.787180000057, 40.8348240001276, 
40.8136779998399, 40.9974500002174, 40.9948039996049, 40.9978750000313, 41.2516269998862, 41.1429720002577, 41.1300180000307, 41.0632340004488, 40.9538420001083, 40.8731240000726, 40.7857519998549, 40.7989250002886, 40.6665739996904, 40.6093130003947, 40.5313089996107, 40.5136679999783, 40.4245940004129, 40.462551999875, 40.4670650002496))"
VA,Virginia,6.501754348267188,VA-500,"Richmond/Henrico, Chesterfield, Hanover Counties CoC",0.5746095575152386,"Richmond/Henrico, Chesterfield, Hanover Counties CoC",Largely Suburban CoC,Sheltered and Unsheltered Count,51,5448,752,384,744,792,1040,1280,456,1968,3408,16,32,24,0,0,0,5192,256,8,3560,16,1496,8,688,1280,1216,4232,296,40,3800,3216,344,240,1648,3600,2856,416,328,856,8040,2112,1096347,201650804,5490438590,0,0.125,0.4524349017750548,0.8546597874352281,0.4237900957818683,0.09964531379650239,1.9968295465444774e-4,81071,14919.375,0.47317589225,8.032311444789135e-4,0.06319485217021273,0.008121091836203319,0.014460254733373649,0.4070955639267504,0.004495241556695098,6.986839806393414e-4,0.21552300477984981,0.15348790085847727,9667992,15173976,1719779,0,0,0,255000000,6694687,0.001178269,635247,924505,0.022736864,7019038,0.022225812,0.015255221,48855741,28634292,94884687,214209944,"list(c(-78.1593260003946, -78.0745450000517, -78.1320479997154, -77.9861900003682, -77.8560730002687, -77.8775559999094, -77.7586200001129, -77.7162110004373, -77.5603999998601, -77.4333590004175, -77.3050100000115, -77.2017438280152, -77.0158108799681, -76.8980068127642, -76.874339928245, -76.8941560002991, -76.7607387958587, -76.7992088018447, -77.039705999832, -77.1224689997445, -77.2795670003168, -77.3452230000414, -77.421989000392, -77.6874689996945, -77.7967539995973, -77.9091000003647, -77.9071779998648, 
-78.0624810003978, -78.1593260003946, 37.7485279997674, 37.6602829997607, 37.4546860001589, 37.4862689997146, 37.4317360003162, 37.3662470001989, 37.2687170000895, 37.2968780001196, 37.225661000255, 37.2250299999346, 37.3116529997862, 37.3268465763085, 37.3123254687454, 37.2450775637786, 37.3452327272087, 37.4272169996648, 37.4535089980419, 37.5225744733333, 37.5872889997876, 37.6602269998762, 37.7138440002005, 37.789284999703, 37.8649289995737, 38.007805999947, 37.7307290000434, 37.7762829999605, 
37.8218870003848, 37.9046850001127, 37.7485279997674))"
VA,Virginia,5.634642822915931,VA-501,"Norfolk, Chesapeake, Suffolk/Isle of Wight, Southampton Counties CoC",0.4577237418697164,"Norfolk, Chesapeake, Suffolk/Isle of Wight, Southampton
Counties CoC",Largely Suburban CoC,Sheltered and Unsheltered Count,51,4020,648,162,612,684,660,930,324,1440,2568,0,6,6,0,0,0,3882,138,6,2946,6,738,6,354,702,1020,3000,132,6,3282,3180,102,0,738,2898,2634,264,0,1782,3798,2106,641281,351494852,4439386880,0,0,0.4916749220187858,0.8705565693740451,0.4905072817262979,0.11892010308754507,1.4445260513091393e-4,67483.5,11566.333333333334,0.4832270238333334,0.0012665975947567438,0.07592301636136312,0.011030882232860478,0.015460719439760415,0.3970178439592067,0.004447570306722015,0.0014252724342230627,0.22159240643687092,0.1323865823377053,6959113,12075158,2449739,0,0,0,147745319,4899700,0.004057808,1989078,772640,0.065963929,0,0.049426513000000005,0.013312578,37995814,27098725,29880623,124120590,"list(c(-76.6717488235493, -76.7117750002161, -76.8375810002629, -77.4927180002355, -77.3962149998223, -77.3609060002117, -77.2968749998813, -76.9158990002387, -76.1223489998064, -76.1219549996235, -76.2280600003687, -76.1771125943707, -76.329554119427, -76.294331466424, -76.3756789999858, -76.4056427998753, -76.4073465421092, -76.4072212962258, -76.5854888872024, -76.6644379306659, -76.6717488235493, 37.1419968805516, 37.0553799996873, 37.0022369996379, 36.6753640002485, 36.6464669995524, 36.5647599997742, 
36.5448550000582, 36.5521490000763, 36.5505229997367, 36.6657500002623, 36.8328740000351, 36.9302699777773, 36.9418616310095, 36.8412398012758, 36.7860619996616, 36.8874583714068, 36.8908435589831, 36.8910186839652, 37.0282476559046, 37.0478726472049, 37.1419968805516))"
VA,Virginia,3.872713204076806,VA-502,"Roanoke City & County, Salem CoC",0.4329029198265928,"Roanoke City & County, Salem CoC",Largely Suburban CoC,Sheltered and Unsheltered Count,51,2807,476,168,399,560,406,644,154,1050,1729,14,7,7,0,0,0,2702,105,21,1057,21,1533,0,126,658,763,2044,91,7,2275,2275,0,0,532,2779,2779,0,0,0,994,658,277741,26497218,4219088328,0.2857142857142857,0,0.4636951051886182,0.8153977421606641,0.23067174102209614,0.12266667035726089,6.582962441358966e-5,57028.42857142857,8923.42857142857,0.3830328137142857,0.0012916097274921535,0.10653741651830245,0.020499254738526183,0.033662914589142404,0.45982048005569937,0.0017297254436003328,0.0015842095906149975,0.2056448273522382,0.1978894003030017,1940548,3603708,469912,0,0,0,31700272,1455140,0.0012297319999999999,0,316365,0.031496629,0,0.04400619,0.012913379,13488977,11915072,23595526,56785248,"list(c(-80.472782000289, -80.4309429999195, -80.3248400001659, -80.1907379997588, -80.177672999809, -80.00919999988, -79.9618899999235, -79.8472169997647, -79.8441979999377, -79.6900600000689, -79.5937070002778, -79.4986989995592, -79.6835540004167, -79.6927930001968, -79.749814000116, -79.8873289996336, -79.9353639997487, -80.0560559995847, -80.1622020004219, -80.2960770002533, -80.2589189999119, -80.2997889996626, -80.472782000289, 37.4237299998397, 37.3163780000447, 37.3688329998431, 37.2277830000854, 
37.1330919995962, 37.1727079999743, 37.1373489998565, 37.2254060001868, 37.3177500003623, 37.47637400026, 37.4488639996739, 37.5327969995819, 37.6617629996627, 37.8444579998369, 37.8854020003021, 37.8929710004114, 37.9543649996451, 37.9519590002078, 37.8751220001802, 37.6917300002394, 37.5954989997791, 37.5082709999067, 37.4237299998397))"
VA,Virginia,4.065552743465607,VA-503,Virginia Beach CoC,0.0687031799650374,Virginia Beach CoC,Major City CoC,Sheltered and Unsheltered Count,51,311,52,19,50,56,43,68,23,130,177,1,1,2,0,0,0,275,36,1,160,0,125,1,25,63,76,235,20,0,228,215,13,0,83,170,154,16,0,388,224,186,450882,654697226,633818766,0,0,0.453818755,0.9818530049999998,0.389483279,0.07197727,7.113736988973911e-4,78136,22994,0.476632467,8.930019999999999e-4,0.071515869,0.005497079,0.009201281,0.41193704800000003,0.002786257,0.001062362,0.22155685999999997,0.141924051,3040149,3982646,1247659,0,0,0,44932966,2337415,2.9276e-4,0,344503,0.004209527,2676916,0.002643707,0,0,0,32996335,46625623,"list(c(-76.1771125943707, -76.2280600003687, -76.1219549996235, -76.1223489998064, -76.0359559386156, -76.0135939541976, -75.9841854829736, -75.9664382338374, -75.914194134052, -75.8863746488709, -75.8674653362562, -75.9958401013396, -76.1771125943707, 36.9302699777773, 36.8328740000351, 36.6657500002623, 36.5505229997367, 36.5504973312869, 36.550433631407, 36.5504881096386, 36.6936176684207, 36.6642065918608, 36.5504812639992, 36.5504107121847, 36.9211005954162, 36.9302699777773))"
VA,Virginia,5.484775809116667,VA-504,Charlottesville CoC,0.5756258340580483,Charlottesville CoC,Largely Rural CoC,Sheltered and Unsheltered Count,51,750,42,0,198,180,138,150,42,330,420,0,0,0,0,0,0,744,6,6,360,0,330,0,192,78,84,666,0,0,636,552,84,0,114,480,360,120,0,480,786,210,254109,73503994,5541550391,0,0.16666666666666666,0.7934822655585949,0.47928338923189656,0.2449696785789602,0.11144432098312534,4.58552177767249e-5,69937,9631,0.43329936983333334,3.8510248431037285e-4,0.12966528948086276,0.012368624888768205,0.019456625735298633,0.44960233574448366,0.005745605511473423,0.00102711852093393,0.1940151670063398,0.18043831581959713,999110,825375,0,0,0,6000000,15882543,1533111,6.00207e-4,129241,0,0.026251832000000003,0,0.0086113,0.006014783,3944600,2532669,6294657,22258763,"list(c(-78.7493959999254, -78.7792000001798, -78.8736919995861, -78.9022819996146, -79.0051290003031, -79.1459359996466, -79.1721309998457, -79.0743780002445, -79.0673550001331, -78.9669260003346, -78.8999400004307, -78.8252379999337, -78.6120229997616, -78.4641490000762, -78.2374939997483, -78.1593260003946, -78.0624810003978, -77.9071779998648, -77.9091000003647, -77.7967539995973, -77.6874689996945, -77.8397169996398, -77.9470539996423, -78.1017479999702, -78.2093840002714, -78.3689840002114, 
-78.2885099997367, -78.3653829996257, -78.42962599984, -78.452801000166, -78.5590809999881, -78.6512140003258, -78.7493959999254, 38.2066480001052, 38.0834699998406, 38.0286240003974, 37.9514019997026, 37.8816899999936, 37.8888819998045, 37.8030969999267, 37.7811519996651, 37.7202549999683, 37.6770040001346, 37.5467439997358, 37.5525420000133, 37.756321000314, 37.7602000002299, 37.691110999573, 37.7485279997674, 37.9046850001127, 37.8218870003848, 37.7762829999605, 37.7307290000434, 38.007805999947, 
38.1060380000537, 38.1200349998155, 38.1525669999671, 38.1311279996575, 38.1841460002378, 38.272274000245, 38.2927399997512, 38.3667040003893, 38.4755269996713, 38.3310639999037, 38.2934629998176, 38.2066480001052))"
VA,Virginia,6.138772776328252,VA-505,"Newport News, Hampton/Virginia Peninsula CoC",0.10636589599550046,"Newport News, Hampton/Virginia Peninsula CoC",Other Largely Urban CoC,Sheltered and Unsheltered Count,51,2472,438,132,384,540,312,450,216,912,1554,0,0,0,0,0,6,2328,144,6,1722,0,558,0,234,384,702,1770,84,36,2172,2052,120,0,300,1302,1194,108,0,2100,3108,552,486327,895521054,1014630549,0,0,0.2920630581987654,0.9634183996195194,0.4815669293760495,0.12031151393354678,4.7931436765758173e-4,76094.5,12664.333333333334,0.4833482535,0.0030088543128366585,0.09699519297171369,0.011063895549765898,0.010613517240332123,0.4315964361227384,0.002715084765201192,0.0012810307297846924,0.21729001272142198,0.1626415972527168,3699464,4383536,667772,0,0,0,116214314,2876128,0.0015104469999999998,365737,0,0.04458483,0,0.021756485,0.013501994,13259114,11697456,46672551,83621758,"list(c(-76.874339928245, -76.869582857263, -76.7580489640884, -76.6599419139881, -76.625447853036, -76.4653519066651, -76.4294859757971, -76.2945940675621, -76.2702019742417, -76.4126899539781, -76.6157899526441, -76.7607387958587, -76.8941560002991, -76.874339928245, 37.3452327272087, 37.2422084746414, 37.1919385971885, 37.2229266133726, 37.1270444932089, 37.0283785207522, 36.9700985661959, 37.0302255546657, 37.0875035169738, 37.1609495620727, 37.3001544794457, 37.4535089980419, 37.4272169996648, 
37.3452327272087))"
VA,Virginia,0.6070519175512533,VA-507,Portsmouth CoC,0.009615337008706992,Portsmouth CoC,Other Largely Urban CoC,Sheltered and Unsheltered Count,51,123,29,4,21,16,22,20,11,53,70,0,0,0,0,0,0,120,3,0,103,0,11,0,6,34,45,78,2,2,71,63,8,0,52,85,75,10,0,89,148,92,94961,34658275,86248205,0,0,0,1,0.629784859,0.157492708,0.0011010200154310458,53213,23498,0.555490235,3.54707e-4,0.10345165,0.019594413,0.031189607999999997,0.430481987,0.001529913,0.0016954330000000003,0.233358958,0.147397353,2624761,3084587,0,0,0,0,38271266,975726,0,0,0,0.019565927,0,0.007897979,0.00592875,5254447,4388663,15135678,31463862,"list(c(-76.4056427998753, -76.3756789999858, -76.294331466424, -76.40470984948, -76.4047177059574, -76.4056427998753, 36.8874583714068, 36.7860619996616, 36.8412398012758, 36.8918706989736, 36.8911497610527, 36.8874583714068))"
VA,Virginia,4.471091949449289,VA-508,Lynchburg CoC,0.5655816571845851,Lynchburg CoC,Largely Rural CoC,Sheltered and Unsheltered Count,51,735,80,40,125,145,165,125,55,340,395,0,0,0,0,0,0,710,25,5,315,0,325,0,50,35,130,605,35,0,370,370,0,0,365,435,435,0,0,0,395,485,262937,68485365,5491999817,0,0,0.7143202519812388,0.527261264395125,0.24360588268610733,0.12041612661958187,4.7876367218021704e-5,56296.2,5585.2,0.4408018734,2.7212381998604167e-4,0.13613647816380442,0.01855638883652738,0.020894441167161718,0.4451978991237749,0.002879233759037336,8.443088007127183e-4,0.1969521215424037,0.18821618884923763,856161,1423688,370091,0,0,0,13736684,799117,0.003027703,0,0,0.020117874,0,0.016211397,0.004050883,3234328,2383486,13433467,22500338,"list(c(-79.4986989995592, -79.5937070002778, -79.6900600000689, -79.8441979999377, -79.8472169997647, -79.7182749998913, -79.5643109999526, -79.4041650000147, -79.3321609998303, -79.205975000246, -78.9045869997902, -78.8242090001452, -78.7270249998039, -78.6014339997792, -78.8252379999337, -78.8999400004307, -78.9669260003346, -79.0673550001331, -79.0743780002445, -79.1721309998457, -79.2646740002049, -79.3452350001951, -79.4575040001095, -79.4986989995592, 37.5327969995819, 37.4488639996739, 37.47637400026, 
37.3177500003623, 37.2254060001868, 37.1897200002778, 37.0347020002971, 37.0641609999303, 37.1255679997634, 37.0765880001362, 37.0222879997914, 37.2053610003099, 37.2254369998178, 37.3513670001869, 37.5525420000133, 37.5467439997358, 37.6770040001346, 37.7202549999683, 37.7811519996651, 37.8030969999267, 37.7946940000281, 37.6606250002436, 37.5993229998566, 37.5327969995819))"
VA,Virginia,4.788256119678251,VA-513,"Harrisonburg, Winchester/Western Virginia CoC",0.6759150893143547,"Harrisonburg, Winchester/Western Virginia CoC",Largely Rural CoC,Sheltered and Unsheltered Count,51,3357,504,162,585,702,693,558,153,1350,1989,9,9,0,0,0,0,3123,234,27,513,9,2349,54,72,945,864,2493,144,0,2475,2475,0,0,882,2574,2574,0,0,0,1071,558,401410,49234654,6497072239,0.2222222222222222,0.1111111111111111,0.7053473107874791,0.5740179613809571,0.19957151058353556,0.11767583388257394,6.178321330497984e-5,65389.88888888889,9687.222222222223,0.4622493568888889,9.819371315783418e-4,0.11582940639768113,0.01390202420171645,0.020162997766328693,0.4202810092523829,0.004087534895874542,9.840312613088862e-4,0.2113001669924491,0.16718816165879274,965278,1975327,0,0,0,8820000,12390627,1401365,0,88353,0,0.038568204,0,0.035301779000000005,0,0,0,7828930,21079253,"list(c(-77.8282990000988, -78.3470870003648, -78.340415000252, -78.4194219996256, -78.403907000008, -78.6804559998445, -78.7880310000306, -78.8692610002949, -78.9937610003698, -79.0473490002561, -79.2245830004051, -78.7493959999254, -78.6512140003258, -78.5590809999881, -78.452801000166, -78.3258700004002, -78.3187749996665, -78.1847019996975, -78.1685870002898, -77.9622030003681, -77.8282990000988, 39.13242599996, 39.4660119995542, 39.3536279997325, 39.2574760002173, 39.1677379997089, 38.9253129996952, 
38.8851229998266, 38.7629799996273, 38.8500209998693, 38.7918099999316, 38.4775880002861, 38.2066480001052, 38.2934629998176, 38.3310639999037, 38.4755269996713, 38.6307180004354, 38.7378659998161, 38.7928359995818, 38.8336929996323, 39.0137329996783, 39.13242599996))"
VA,Virginia,5.034681252961179,VA-514,"Fredericksburg/Spotsylvania, Stafford Counties CoC",0.378256566089342,"Fredericksburg/Spotsylvania, Stafford Counties CoC",Largely Suburban CoC,Sheltered and Unsheltered Count,51,852,252,68,124,160,104,116,28,344,504,0,0,4,0,0,0,792,60,8,432,0,324,0,12,92,392,460,36,0,796,748,48,0,56,808,752,56,0,0,864,480,342128,107019403,3569429507,0,0,0.8391774850535559,0.624649316018952,0.35951749026182306,0.06330157320511329,9.58494906060068e-5,91943,6364.5,0.49086701774999997,3.471828869881031e-4,0.06010983047500858,0.012306333923303558,0.013374892855302696,0.35448136345655723,0.005404892837321119,8.213298721969555e-4,0.252186316140503,0.1260726978315952,489406,0,0,0,0,0,0,0,2.89569e-4,216564,0,0.009100035,0,0.002065145,0,0,0,4409780,5115750,"list(list(c(-77.3452230000414, -77.1864139997063, -77.1200820002841, -77.1701000001149, -77.0481729999839, -77.0291780062599, -77.0014969995868, -77.0015170697569, -77.0280138113882, -77.0281629738421, -77.0164946012448, -77.0165358108789, -77.0168047846131, -77.0145384381983, -77.0124908374821, -77.0116560831617, -77.012138177335, -77.0121033870616, -77.0901327424321, -77.0911993078018, -77.0968806372316, -77.098073086104, -77.0988077539747, -77.101667659235, -77.124408008223, -77.1270511498906, 
-77.2499098926274, -77.2579270698783, -77.2581421805172, -77.2652232084843, -77.2716091108717, -77.2735469439363, -77.2883091957128, -77.2879076250368, -77.2882815550497, -77.2885062191866, -77.2883894907823, -77.2893036300584, -77.289649963475, -77.2902128590362, -77.2904621879795, -77.2908752834675, -77.2930628888412, -77.2933658452575, -77.2935352343636, -77.293943564344, -77.2988744715796, -77.2999234354182, -77.3012760544463, -77.3049811992229, -77.3180386664512, -77.3152944247979, -77.3155809074329, 
-77.307506919109, -77.3342493060606, -77.4768470003887, -77.5313280000871, -77.6341169998996, -77.6321190003915, -77.8344149997524, -77.9470539996423, -77.8397169996398, -77.6874689996945, -77.421989000392, -77.3452230000414, 37.789284999703, 37.9112489997416, 38.0131299999496, 38.0795430004092, 38.1860489998615, 38.26640068984, 38.2807059996822, 38.2810682223206, 38.3052458255345, 38.3055189793175, 38.3406179728413, 38.340838637693, 38.3416813456177, 38.360590207672, 38.3740228819505, 38.3743855641425, 
38.3748499065979, 38.375120960464, 38.3672770205181, 38.3673262916751, 38.3683851777338, 38.3688086298145, 38.368959949742, 38.369518580718, 38.3669959392113, 38.3672155077895, 38.3316429906316, 38.3323717346678, 38.3323935612139, 38.333156267248, 38.3359917972837, 38.3367281289001, 38.3514294686951, 38.3555302720045, 38.3569084191882, 38.3579788480454, 38.3596235911559, 38.360467076994, 38.3607727034975, 38.3613917293449, 38.3616659218449, 38.3621202296649, 38.3645735109588, 38.3649272511917, 38.3651250336934, 
38.3656018101755, 38.3718047032245, 38.3723807918401, 38.3734770033611, 38.3754293991475, 38.4750688301625, 38.4788994888204, 38.4795883650111, 38.4970922153335, 38.5137670184332, 38.5922859997991, 38.5565500002824, 38.4663730002138, 38.3927770003583, 38.2316370004473, 38.1200349998155, 38.1060380000537, 38.007805999947, 37.8649289995737, 37.789284999703)), list(c(-77.3072672264013, -77.303870963674, -77.3022777607101, -77.2994060941159, -77.3010510908351, -77.3120690881179, -77.3072672264013, 38.4971794162971, 
38.4986264308652, 38.5001209997844, 38.5032168538747, 38.5046091869645, 38.5017125749754, 38.4971794162971)))"
VA,Virginia,84.91348787446442,VA-521,Virginia Balance of State CoC,6.357305555510215,Virginia Balance of State CoC,Largely Rural CoC,Sheltered and Unsheltered Count,51,94359,23217,4615,17608,17608,14555,12283,4473,44588,49132,213,71,355,0,0,0,91022,3337,355,24282,213,60492,284,2627,2059,34648,59711,3408,1136,63545,50552,12993,0,30814,77816,62338,15478,0,6887,33299,16685,1688700,5978324968,61896887552,0.5352112676056338,0.09859154929577464,0.8697243338215171,0.3357076274485835,0.24191685912653227,0.15529777111982887,2.728247035977878e-5,51568.23943661972,3589.6197183098593,0.45477033023943664,9.274593029816416e-4,0.18970797801264497,0.042492804177010124,0.042848080912737604,0.4874299756933292,0.002270301693044946,0.0013844969246224906,0.19364067031722984,0.20660804169956476,439013,6798104,4057187,0,0,0,81605817,1950005,0.056651803,1220252,0,0.388441887,0,0.251527549,0.157278332,23508628,19935165,53256653,111165007,"list(list(c(-80.8379844335348, -80.2947799997971, -79.54338700001, -78.5108970001963, -77.2968749998813, -77.3609060002117, -77.3962149998223, -77.4927180002355, -76.8375810002629, -76.7117750002161, -76.6717488235493, -76.8034778530205, -76.9038588110353, -77.1206657825998, -77.2963638701964, -77.2971595795509, -77.3050100000115, -77.4333590004175, -77.5603999998601, -77.7162110004373, -77.7586200001129, -77.8775559999094, -77.8560730002687, -77.9861900003682, -78.1320479997154, -78.0745450000517, 
-78.1593260003946, -78.2374939997483, -78.4641490000762, -78.6120229997616, -78.8252379999337, -78.6014339997792, -78.7270249998039, -78.8242090001452, -78.9045869997902, -79.205975000246, -79.3321609998303, -79.4041650000147, -79.5643109999526, -79.7182749998913, -79.8472169997647, -79.9618899999235, -80.00919999988, -80.177672999809, -80.1907379997588, -80.3248400001659, -80.4309429999195, -80.472782000289, -80.5113910000945, -80.9510180001805, -81.1041470002838, -81.2251039997498, -81.3621560003991, 
-81.5606309998208, -81.6782209995994, -81.789294000118, -81.8535530001708, -81.9965780001745, -81.9680120003535, -82.3491460000878, -82.5508429997046, -82.7151489999264, -82.742758999728, -82.8670819997345, -82.879079999942, -83.0728360002811, -83.1942520002296, -83.4186819995746, -83.5324039999446, -83.6753950001791, -83.4721080000841, -82.6226030003282, -81.9341439997457, -81.9226440000206, -81.6774900000634, -80.901641000232, -80.8379844335348, 36.5591445816572, 36.544052999946, 36.5408560000045, 
36.5410489999115, 36.5448550000582, 36.5647599997742, 36.6464669995524, 36.6753640002485, 37.0022369996379, 37.0553799996873, 37.1419968805516, 37.2021015802238, 37.200384576587, 37.2959105328449, 37.3108216628895, 37.3107865938263, 37.3116529997862, 37.2250299999346, 37.225661000255, 37.2968780001196, 37.2687170000895, 37.3662470001989, 37.4317360003162, 37.4862689997146, 37.4546860001589, 37.6602829997607, 37.7485279997674, 37.691110999573, 37.7602000002299, 37.756321000314, 37.5525420000133, 37.3513670001869, 
37.2254369998178, 37.2053610003099, 37.0222879997914, 37.0765880001362, 37.1255679997634, 37.0641609999303, 37.0347020002971, 37.1897200002778, 37.2254060001868, 37.1373489998565, 37.1727079999743, 37.1330919995962, 37.2277830000854, 37.3688329998431, 37.3163780000447, 37.4237299998397, 37.4816719999629, 37.2949700002654, 37.280604999721, 37.2348739997353, 37.3376869997553, 37.2066630000974, 37.2015400003708, 37.2844160000984, 37.2877059998321, 37.4767050002356, 37.5380350001152, 37.2679050004155, 
37.204481000198, 37.1218479999853, 37.0427960003352, 36.9782470003988, 36.8892550001182, 36.8544569997908, 36.7395190000019, 36.6687290000434, 36.6646889998975, 36.6007839999817, 36.597283999557, 36.5937969997318, 36.59421300003, 36.6162130001299, 36.5881370004223, 36.5617660002008, 36.5591445816572)), list(c(-79.4986989995592, -79.4575040001095, -79.3452350001951, -79.2646740002049, -79.1721309998457, -79.1459359996466, -79.0051290003031, -78.9022819996146, -78.8736919995861, -78.7792000001798, 
-78.7493959999254, -79.2245830004051, -79.3122760001373, -79.4766380002435, -79.5368699998506, -79.6490750004109, -79.6896669999321, -79.7889449997119, -79.8973349997104, -80.0088879998813, -80.0560559995847, -79.9353639997487, -79.8873289996336, -79.749814000116, -79.6927930001968, -79.6835540004167, -79.4986989995592, 37.5327969995819, 37.5993229998566, 37.6606250002436, 37.7946940000281, 37.8030969999267, 37.8888819998045, 37.8816899999936, 37.9514019997026, 38.0286240003974, 38.0834699998406, 
38.2066480001052, 38.4775880002861, 38.4118759997776, 38.457228000272, 38.5509170004193, 38.5915150002172, 38.4314620000713, 38.2687030001434, 38.1933809998333, 37.9908300004042, 37.9519590002078, 37.9543649996451, 37.8929710004114, 37.8854020003021, 37.8444579998369, 37.6617629996627, 37.5327969995819)), list(c(-77.9470539996423, -77.8344149997524, -77.6321190003915, -77.6341169998996, -77.5313280000871, -77.7157150000472, -77.6551690003491, -77.9622030003681, -78.1685870002898, -78.1847019996975, 
-78.3187749996665, -78.3258700004002, -78.452801000166, -78.42962599984, -78.3653829996257, -78.2885099997367, -78.3689840002114, -78.2093840002714, -78.1017479999702, -77.9470539996423, 38.1200349998155, 38.2316370004473, 38.3927770003583, 38.4663730002138, 38.5565500002824, 38.8321359997766, 38.9426559999745, 39.0137329996783, 38.8336929996323, 38.7928359995818, 38.7378659998161, 38.6307180004354, 38.4755269996713, 38.3667040003893, 38.2927399997512, 38.272274000245, 38.1841460002378, 38.1311279996575, 
38.1525669999671, 38.1200349998155)), list(c(-76.7992088018447, -76.7370208388406, -76.5059959643422, -76.3865380636806, -76.3084850417512, -76.252047112784, -76.4313430092724, -76.3061140025591, -76.3070599976207, -76.2397471580049, -76.2422770606378, -76.2437002251852, -76.2444454115265, -76.2472583892632, -76.2496571050913, -76.249752474597, -76.2518898789148, -76.2549628137828, -76.2555514236593, -76.2620856836074, -76.2631817035727, -76.2653041908357, -76.2721284605599, -76.2722461791178, -76.2732561096817, 
-76.2738747128477, -76.2906023448223, -76.2935268384928, -76.2961202044838, -76.2973957624044, -76.3000905899087, -76.3002340209832, -76.3015074780876, -76.3022504269156, -76.3069911545181, -76.3153870587657, -76.3170270129862, -76.3180083289212, -76.3183906684945, -76.3263569522115, -76.3271643140818, -76.337100490795, -76.3462381198933, -76.350211101661, -76.3518439467407, -76.3538152912427, -76.3555705160665, -76.3659149732973, -76.3746392820772, -76.5169509677129, -76.5633065720406, -76.5637284628982, 
-76.5961519778315, -76.5960714138646, -76.6118648408897, -76.7774441057608, -76.7851498846594, -76.797106583502, -76.7978169399997, -76.824588304007, -76.8292221642714, -76.8306091454957, -76.8310310966078, -76.8514301667688, -76.8537943063621, -76.8540383095203, -76.8545968055981, -76.8606036887092, -76.861492043523, -76.8677022993216, -76.8684958035385, -76.8688621567631, -76.8695236467988, -76.8700662311716, -76.8732047095297, -76.902323373325, -76.904157191701, -76.9210368342825, -76.9215820752526, 
-76.9380696691799, -76.9389438407856, -76.9393883361028, -76.9396623802147, -76.9714515349604, -76.9728824309794, -76.9796060431843, -76.9796811230853, -76.9846178822095, -76.9860801447828, -77.0291780062599, -77.0481729999839, -77.1701000001149, -77.1200820002841, -77.1864139997063, -77.3452230000414, -77.2795670003168, -77.1224689997445, -77.039705999832, -76.7992088018447, 37.5225744733333, 37.485991512998, 37.2473775331467, 37.2671614661288, 37.329599472138, 37.4364025410445, 37.6121055101612, 
37.7317064857658, 37.8086104412189, 37.8902797486115, 37.8915837619811, 37.8923484069535, 37.892792314114, 37.8946695148862, 37.8969155501126, 37.8970387419444, 37.899517947995, 37.9030795456845, 37.9035180470203, 37.9087896129503, 37.9093926488517, 37.9106819996746, 37.9141294796918, 37.9141791996104, 37.9146057489562, 37.9148828013003, 37.9222498658387, 37.9237207412193, 37.924928440795, 37.9255634412998, 37.926788838634, 37.9268395469076, 37.9272897610137, 37.927628657037, 37.9298987221484, 37.9340323543097, 
37.9348517616995, 37.9352751517269, 37.9354401152692, 37.9394854861663, 37.9398605322378, 37.9445928754609, 37.9480477047379, 37.9493978191541, 37.9499168889533, 37.9504218456917, 37.9508714446615, 37.9535157536492, 37.9551169380963, 38.0265583296033, 38.087744634907, 38.0879015423223, 38.1066723440535, 38.1068539225705, 38.1480083607973, 38.1676606744007, 38.1687236613679, 38.1682975661798, 38.168449440989, 38.1636130381113, 38.1633294378034, 38.1632943219755, 38.1632890699347, 38.1670053717006, 
38.1671830336701, 38.1672493748588, 38.1674349913318, 38.1709566375388, 38.1709650884681, 38.1713550956612, 38.1713628514145, 38.1713664451054, 38.1713733429055, 38.1714100001714, 38.1718292749011, 38.1904399397515, 38.1923884531647, 38.2004670397222, 38.2006630127879, 38.2029228301246, 38.203566098097, 38.2038931851225, 38.2040738679147, 38.2660162161755, 38.2668138329921, 38.272872204089, 38.2729142033279, 38.2743738830483, 38.2742703405038, 38.26640068984, 38.1860489998615, 38.0795430004092, 38.0131299999496, 
37.9112489997416, 37.789284999703, 37.7138440002005, 37.6602269998762, 37.5872889997876, 37.5225744733333)), list(c(-75.6339790002306, -75.6301841525765, -75.628352156227, -75.6289431547028, -75.6418451912025, -75.644863198178, -75.643208201897, -75.6777841650072, -75.7299251431308, -75.6786942339517, -75.7113222115508, -75.8360071832848, -75.9236601011327, -76.0252361133559, -75.9235792268998, -75.9164832198247, -75.7540381363509, -75.5146392920697, -75.3775137169844, -75.6339790002306, 37.9835530002708, 
37.9810262803386, 37.9773423964345, 37.9752302747575, 37.9736972876997, 37.9651573813081, 37.9360972948543, 37.9423963865841, 37.9200443801441, 37.8872514363048, 37.7908533642914, 37.7087403970517, 37.6006603960605, 37.2592364460052, 37.2268215672616, 37.3113575347225, 37.5070774187879, 37.8444583002104, 38.0151963677183, 37.9835530002708)), list(c(-75.2528589184043, -75.2415365464744, -75.250404633467, -75.2510568407006, -75.2528589184043, 38.0264491977723, 38.0270438537909, 38.0266479515418, 38.0265964033014, 
38.0264491977723)), list(c(-76.0465303884666, -76.0378658756096, -76.0414011411497, -76.0415941203723, -76.0416901221014, -76.0416954631751, -76.0465303884666, 37.9536276176205, 37.9539685569034, 37.9540088231487, 37.9539368647945, 37.9539934240573, 37.9539966184493, 37.9536276176205)), list(c(-75.6482271806398, -75.6409192474253, -75.6357341306256, -75.6320091306168, -75.6288440539099, -75.632008000169, -75.63573500027, -75.6409139998811, -75.6482271806398, 37.9667674195808, 37.9772223909007, 37.9795293938665, 
37.9760133162616, 37.9771509082879, 37.9760179999308, 37.979534000194, 37.9772350002951, 37.9667674195808)))"
VA,Virginia,0.4207401545005236,VA-600,Arlington County CoC,0.007014055278974717,Arlington County CoC,Other Largely Urban CoC,Sheltered and Unsheltered Count,51,243,42,10,39,52,33,45,22,87,153,3,0,0,0,0,0,194,49,3,122,7,60,1,13,35,74,169,8,1,212,201,11,0,31,234,220,14,0,13,259,177,236434,273562,67332992,0,0,0,1,0.391855655,0.064121587,0.0035114138400384764,122604,130244,0.38520896,0.001279879,0.06575597,0.003819421,0.007767876,0.491672095,0.007025523,0.001065837,0.179627296,0.107560672,4627138,2673890,2804596,0,0,0,46418231,1685391,5.16e-4,0,0,0.006543052,0,0.003988428,0,0,0,53151658,64942673,"list(c(-77.1197920004005, -77.1107990002736, -77.0480200001228, -77.0447942704392, -77.0446523906953, -77.0430153062114, -77.0429048388872, -77.0428525963702, -77.0423646098388, -77.0418905771883, -77.041709662371, -77.040510037808, -77.0405022191021, -77.0404131304616, -77.0403213249691, -77.0372236605435, -77.0367178728315, -77.0343023666609, -77.0342108723339, -77.034083835001, -77.0340618573688, -77.0323411242434, -77.0322739916514, -77.0328322008453, -77.0328898734688, -77.0335616769298, -77.03386299658, 
-77.034222495172, -77.0348098927623, -77.0350519380964, -77.0351127763335, -77.0351641914742, -77.0351914031607, -77.0353252654486, -77.0366395562705, -77.0367574322097, -77.0367628299406, -77.0367939024166, -77.0368368774199, -77.0374489730916, -77.0375613505759, -77.0376258373624, -77.037678776854, -77.0376813857873, -77.0376817473148, -77.0376825315236, -77.0376974557729, -77.0378506489882, -77.0383570167629, -77.0398198683922, -77.0398205734606, -77.0408971213051, -77.0409616656483, -77.0410666435108, 
-77.0411982287152, -77.0412255150454, -77.0414307565242, -77.0415218551495, -77.0417162705894, -77.0417926679972, -77.0418809562411, -77.0420497841702, -77.0423835675476, -77.0377339997243, -77.0377374252419, -77.0377351391653, -77.037766395103, -77.0377801088649, -77.0378110932073, -77.037877836393, -77.0379063107276, -77.0381397459525, -77.0382021598018, -77.0382618918728, -77.0383248489126, -77.0401792248913, -77.0402357140069, -77.0412195624328, -77.0438053732194, -77.0453907224039, -77.0455726156836, 
-77.0459571055359, -77.0470491792761, -77.0470885524946, -77.0471345510187, -77.0469276107206, -77.0468950750476, -77.0465660850567, -77.0465633987818, -77.0463869401052, -77.0462846134441, -77.0469416626276, -77.0488199165059, -77.0489596756485, -77.0493641385441, -77.0494263284622, -77.0498198124344, -77.0515577199128, -77.0515524166107, -77.0514952763859, -77.0520739505523, -77.0524633156295, -77.0524780303368, -77.0525585862097, -77.0528286265398, -77.0532105227474, -77.0536485384492, -77.0537778933351, 
-77.0554639647901, -77.0554745255289, -77.0556684256573, -77.0563992183492, -77.0564079084982, -77.0588160744023, -77.0606933471202, -77.061010130613, -77.0643662224232, -77.0643510904304, -77.0640407397883, -77.064000308967, -77.0640415905469, -77.0652910420479, -77.0663702455903, -77.0671346927119, -77.0672185877676, -77.0672306296898, -77.0672678157571, -77.0674959998405, -77.0675038419287, -77.0675492531955, -77.0676043096911, -77.067877792626, -77.0704147135681, -77.0708567816151, -77.0714249490022, 
-77.0717512868923, -77.0721738999055, -77.0723961088933, -77.0748440886837, -77.0751522998387, -77.0776314393394, -77.0779693245246, -77.0782623569222, -77.0783668923182, -77.0791582678398, -77.0793024183719, -77.0795104315611, -77.0796326503265, -77.0802365073089, -77.0804361586018, -77.0845450270313, -77.0864321626142, -77.0865956323825, -77.088524224913, -77.0890093120301, -77.089883654507, -77.0913072264473, -77.0925027689876, -77.0947306711835, -77.0997671192571, -77.101953965603, -77.1025094975153, 
-77.119758999778, -77.1197920004005, 38.9343740002599, 38.8434459997331, 38.8412609996954, 38.8402378958622, 38.8402092398646, 38.839766603446, 38.8397270971279, 38.8397119111758, 38.8396265574198, 38.8395436435244, 38.8395119999789, 38.8393817304825, 38.8393790873751, 38.8393489717777, 38.8393191529566, 38.8393678989095, 38.8394539010768, 38.8408795999136, 38.8408842206304, 38.8416102199358, 38.8416215864671, 38.8479083772698, 38.8480058484911, 38.8549037124365, 38.8551274628622, 38.8563341920694, 
38.8568900018722, 38.8577449918379, 38.858672493241, 38.8592653551121, 38.8594045746614, 38.8594655891657, 38.8594973037576, 38.85967723022, 38.8607217891793, 38.8608284442773, 38.8608344895201, 38.8611032312292, 38.8611236260546, 38.8611656918433, 38.8612387293839, 38.8613280833245, 38.861544089688, 38.8616339022828, 38.8616463174237, 38.8616481214637, 38.861665276931, 38.8621301284028, 38.8633734195477, 38.8627871802842, 38.8627808346678, 38.8626399091046, 38.8626951193843, 38.8627783462437, 38.8628551384539, 
38.8628634266059, 38.8630327284777, 38.8631056949719, 38.8632321675306, 38.863262191397, 38.8632924778656, 38.8633503915074, 38.8634510085573, 38.8648522395393, 38.864939214773, 38.8651088547899, 38.865384764995, 38.8654779788257, 38.8656761570291, 38.8661037477898, 38.8662861671729, 38.8670413242978, 38.8671992947117, 38.8673504788416, 38.8675045470972, 38.8708375461159, 38.870915625256, 38.8719904850729, 38.8742700560183, 38.8753876075521, 38.8755040670591, 38.8756160002782, 38.8751835459839, 38.8751458212227, 
38.8746449483058, 38.8744380214976, 38.8744020180388, 38.8740581640531, 38.8740554993619, 38.8736726606648, 38.8723095150721, 38.8718140165037, 38.8714016188896, 38.8713520671442, 38.8713273627676, 38.8713404047359, 38.8714900051597, 38.8752941320186, 38.8753235038766, 38.8758608712822, 38.8772157170318, 38.8776866757995, 38.8777034850278, 38.8777955135521, 38.8780774725973, 38.8784419552321, 38.8788320721425, 38.8789439307179, 38.8802496833762, 38.8802543022942, 38.8803294586377, 38.8804232066657, 
38.8804223451152, 38.8805956678559, 38.8833990381352, 38.883910807238, 38.8892908700776, 38.8896943680007, 38.8904862138677, 38.8905703940085, 38.8908434137925, 38.893797441199, 38.8956381106104, 38.8970182461952, 38.8972205262064, 38.8972534440912, 38.8973550980594, 38.8981000002149, 38.898129897277, 38.8984333402265, 38.8989671112432, 38.8996329530984, 38.901069137131, 38.9011573219529, 38.9011375899279, 38.9010899429466, 38.9010690004341, 38.9010664445608, 38.901474927426, 38.9015547206739, 38.9022548132091, 
38.9022605463871, 38.9023691485174, 38.9023576848593, 38.9023993954158, 38.9024255099294, 38.9023969996219, 38.9023751164186, 38.9023105172167, 38.9023237426467, 38.9026836567255, 38.9029879998963, 38.9030273605243, 38.9037048773782, 38.9039043110352, 38.9042732803877, 38.9049595647322, 38.9055308329816, 38.9067818870745, 38.9104167714169, 38.9118617184436, 38.9123459278223, 38.9343429997297, 38.9343740002599))"
VA,Virginia,2.2223683330432524,VA-601,Fairfax County CoC,0.10894181818150411,Fairfax County CoC,Largely Suburban CoC,Sheltered and Unsheltered Count,51,3834,1257,264,618,582,510,417,186,1728,2103,0,3,0,0,0,0,2823,1011,186,1878,30,1182,15,78,552,2082,1752,114,60,3576,3168,408,0,258,1917,1467,450,0,2238,1932,984,1187060,40155928,1034202494,0,0,0.19743849775344463,0.9850710274723739,0.4963514898417409,0.05919787638675467,0.00114780229876336,128165.33333333333,60789.666666666664,0.4402382343333333,0.0028059255693000393,0.040007158425585033,0.0030271198960920252,0.005912732155135376,0.3624484017546981,0.001610328067245969,NA,0.23485249239860242,0.13545145166344752,19020243,11601395,0,0,0,0,165000000,4856602,0,788970,1035346,0.013208871,0,0.002643898,0,0,0,77381351,114683907,"list(c(-77.051378270091, -77.1107990002736, -77.1197920004005, -77.2449110002424, -77.3283180001756, -77.5359910001845, -77.415944999562, -77.2507921680241, -77.2038096418015, -77.2034958404606, -77.2020520058953, -77.1999686562285, -77.1985426633132, -77.1984062775276, -77.1983694502899, -77.1980986770123, -77.1979100541056, -77.1955131279285, -77.1923086878956, -77.1916408495455, -77.1914377349635, -77.175422999172, -77.1748867010604, -77.1746592310386, -77.1307634415795, -77.1312331871618, -77.1326990317349, 
-77.1328054880828, -77.1335416092578, -77.136264331034, -77.1362735895545, -77.1364157678734, -77.1324887315697, -77.122238425263, -77.1045495133493, -77.101024258163, -77.1008677509459, -77.0960304028807, -77.0958247531098, -77.0937273938042, -77.0936738877397, -77.0885281378632, -77.0880507030774, -77.0863909997448, -77.0745073357449, -77.0743596185015, -77.0742534993994, -77.0742250214676, -77.0741456544983, -77.073893510677, -77.0738801008859, -77.0738536797035, -77.0738223275383, -77.0738175548362, 
-77.046165506333, -77.0425243627091, -77.0431470451999, -77.0422731856589, -77.051378270091, 38.7899449004369, 38.8434459997331, 38.9343740002599, 38.9826139999362, 39.0576780000397, 38.8473679998334, 38.7581879998763, 38.6749047484554, 38.6181065016138, 38.6180459538577, 38.6176645810556, 38.6189549750921, 38.6193369117691, 38.6193553568643, 38.6193592887003, 38.619386503984, 38.6194054625921, 38.6195091751084, 38.619268318678, 38.6191679228614, 38.6192069264586, 38.6240938856243, 38.624214175344, 
38.6242823097808, 38.6363070900002, 38.6373862251942, 38.6407534065445, 38.6443477197715, 38.6453328110604, 38.6494993916836, 38.6496667060537, 38.650262204737, 38.673816862858, 38.6855170786503, 38.6971559085184, 38.6980724930511, 38.6981109993232, 38.7005485244949, 38.7007011439427, 38.7021613030018, 38.7022017643999, 38.7051844702871, 38.7053629389486, 38.7062270003758, 38.7127968303095, 38.7128821813676, 38.7119920045274, 38.7119799554106, 38.7119463738262, 38.7117333082456, 38.7117119394545, 
38.711677877632, 38.7116399451274, 38.7116341705806, 38.7144595274852, 38.7379923536643, 38.7386573501566, 38.741462974137, 38.7899449004369))"
VA,Virginia,1.954792164509103,VA-602,Loudoun County CoC,0.14058192364876487,Loudoun County CoC,Largely Suburban CoC,Sheltered and Unsheltered Count,51,303,53,69,60,43,36,28,14,125,174,1,2,1,0,0,0,222,81,12,111,4,111,1,9,41,92,211,63,3,174,149,25,0,129,113,87,26,0,0,14,37,405312,14496364,1335753247,0,0,0.748242473,0.880534684,0.448994848,0.032287752,3.0343328822916946e-4,147111,23617,0.442395492,6.71369e-4,0.028101585,0.005593923999999999,0.008504524,0.336525936,0.009148377,9.79492e-4,0.281486855,0.093801812,354487,2784764,0,0,0,0,18304108,515805,0,0,0,0.001120125,0,4.76176e-4,0,0,0,5807477,9462533,"list(c(-77.5359910001845, -77.3283180001756, -77.460602000382, -77.5273219997105, -77.4588080003888, -77.5687530001508, -77.7195190001017, -77.8282990000988, -77.9622030003681, -77.6551690003491, -77.5359910001845, 38.8473679998334, 39.0576780000397, 39.0748430002043, 39.14696100025, 39.2202700003603, 39.3064470003288, 39.3213139997413, 39.13242599996, 39.0137329996783, 38.9426559999745, 38.8473679998334))"
VA,Virginia,0.3665336557650207,VA-603,Alexandria CoC,0.004066836442592375,Alexandria CoC,Other Largely Urban CoC,Sheltered and Unsheltered Count,51,187,55,5,27,39,20,26,15,87,100,0,0,0,0,0,0,169,18,2,133,5,31,1,2,18,84,103,1,4,169,153,16,0,18,175,147,28,0,30,50,102,158309,1069028,38682338,0,0,0,1,0.48408492300000006,0.094209741,0.004092539597787497,102227,81414,0.42939809,0.002987838,0.066421341,0.001781014,0.004989458,0.48235413,0.0036484070000000006,0.001756059,0.183508202,0.116379991,1196803,2237847,19457079,0,0,0,55556420,1405842,0,1760584,0,0.009083501,0,0.00744746,0.004535434,9040922,4188913,67716314,107004304,"list(c(-77.1107990002736, -77.051378270091, -77.0403853647927, -77.0394274015533, -77.0391385959694, -77.0390540228249, -77.0376267510737, -77.0374810366205, -77.0373574670734, -77.03752080644, -77.0375609009148, -77.0376107971006, -77.0377075839378, -77.0377586834165, -77.0377778012045, -77.0380668343169, -77.0381180057414, -77.0394416333247, -77.0396479009298, -77.03870537905, -77.0387605362697, -77.0388277192238, -77.0388771999228, -77.0388974922254, -77.0389199411023, -77.0421473866925, -77.0421215518681, 
-77.0420749049329, -77.0421071780038, -77.0425697209158, -77.0426886877327, -77.0480200001228, -77.1107990002736, 38.8434459997331, 38.7899449004369, 38.7902988915806, 38.791097295304, 38.8007717657045, 38.8012154183569, 38.8086581275706, 38.8094620279503, 38.814399612652, 38.8150419390343, 38.8150680220716, 38.8151004813022, 38.8151633439132, 38.8151965235008, 38.8152111419807, 38.8154960957683, 38.8155698608604, 38.8198491481197, 38.8198901158362, 38.8316890070421, 38.8317320665817, 38.8317844565875, 
38.8318422811964, 38.8318709156103, 38.8319025942294, 38.8319768053853, 38.8319141028536, 38.8314267080762, 38.8313483078782, 38.8312142954035, 38.8312022669711, 38.8412609996954, 38.8434459997331))"
VA,Virginia,2.127674471933606,VA-604,Prince William County CoC,0.09474171924020353,Prince William County CoC,Largely Suburban CoC,Sheltered and Unsheltered Count,51,1035,273,54,135,222,138,135,78,444,588,0,0,0,0,0,3,882,153,6,585,3,294,0,48,147,423,612,33,12,768,684,84,0,267,831,708,123,0,27,648,264,525420,30989944,901656332,0,0,0.4796982147958509,0.9591740757141183,0.5876498798201134,0.061270806675981115,5.827275663162537e-4,91857.66666666667,23137,0.5579620493333334,0.0010864279958185724,0.042365960070327204,0.0015663301644132314,0.005705694943332952,0.3216093793136881,0.0036577950461878115,7.118113673937041e-4,0.2698393666379848,0.09892847631009097,2200390,5233278,1014863,0,0,0,62455832,2003045,0.004387964,427094,458540,0.01408936,0,8.39699e-4,0,0,0,4857189,16194399,"list(c(-77.2507921680241, -77.415944999562, -77.5359910001845, -77.6551690003491, -77.7157150000472, -77.5313280000871, -77.4768470003887, -77.3342493060606, -77.3120690881179, -77.3010510908351, -77.2911076296134, -77.2910880001111, -77.2858907181821, -77.2837499998626, -77.2801054064393, -77.2792571640868, -77.2791815131163, -77.278679946822, -77.2741974271695, -77.2710281506286, -77.2659775157497, -77.2645082591488, -77.2608978309701, -77.2581414223887, -77.2566339463995, -77.2570299997346, -77.2507921680241, 
38.6749047484554, 38.7581879998763, 38.8473679998334, 38.9426559999745, 38.8321359997766, 38.5565500002824, 38.5922859997991, 38.5137670184332, 38.5017125749754, 38.5046091869645, 38.5157130281338, 38.5157429998396, 38.5231380189045, 38.5249980003575, 38.533834120948, 38.5339611492877, 38.5342512202177, 38.5367973286338, 38.549840922021, 38.5523766396702, 38.55469597414, 38.5553020326627, 38.5595724867809, 38.5603037803952, 38.5608841713675, 38.5611969996419, 38.6749047484554))"
VT,Vermont,11.26994937236304,VT-500,Vermont Balance of State CoC,2.6162569661038124,Vermont Balance of State CoC,Largely Rural CoC,Sheltered and Unsheltered Count,50,34411,7657,2366,5421,7449,4901,4394,2223,16328,17810,91,78,104,0,0,0,33345,1066,52,1742,13,30758,52,1053,8840,13481,20930,1222,507,33371,32474,897,0,1040,36010,34528,1482,0,2171,10738,832,460926,813683331,22482136526,0.15384615384615385,0,0.9897357327465319,0.21233180951620215,0.06094036799729024,0.10617457020625219,2.0501877099934483e-5,61076.46153846154,2713.230769230769,0.480731597,0.0018953572146966188,0.263838592932554,0.023138804943698122,0.02258104824677714,0.578734981410758,0.002192245839113003,8.396141373495964e-4,0.18783492365523968,0.20874934364391462,3404036,0,1666107,0,0,0,93075216,0,0.003660782,182407,0,0.109805818,1497540,0.07098217799999999,0.007216813,3558343,2323896,35900991,48533320,"list(c(-72.4584120002136, -72.5415130004246, -72.5320219998154, -72.4730760001572, -72.3988710000966, -72.271104999596, -72.1833800001868, -72.1169560001193, -72.0323289996836, -72.0684780002595, -71.9814240003173, -71.8730530002957, -71.6001569998456, -71.553756000439, -71.6299189999618, -71.4960929996922, -71.5010800003417, -72.3119469998541, -72.6346599998591, -73.3431780000646, -73.3350439999806, -73.3898199997931, -73.3628560001043, -73.2573390003945, -73.2288559999045, -73.0380740000151, -72.9104479996754, 
-72.8270419997884, -72.8048570001504, -72.8612509999336, -72.9758830000004, -73.3132830001103, -73.3906250000437, -73.4379050004154, -73.3740999997152, -73.3792810003179, -73.3512649997799, -73.4279099999465, -73.302552999921, -73.2468440002503, -73.2742939998682, -73.2909439996658, -73.2648270003658, -72.4584120002136, 42.7269330002578, 42.8070939997883, 42.9549430001194, 42.9725279998673, 43.5126530002358, 43.7339180002156, 43.8101270000611, 43.9926359997517, 44.0808690001043, 44.2708010003659, 
44.3373659997412, 44.3367560003892, 44.4858329997932, 44.6304260001598, 44.7535780001247, 44.9078489998315, 45.0134430003942, 45.0037870002699, 45.0146910003894, 45.0107130004047, 44.8041090002303, 44.617210999588, 44.5642639995839, 44.6026869998053, 44.7228060001968, 44.6511499998726, 44.6310880001112, 44.5506919996361, 44.4518819998544, 44.3669000001349, 44.2950360001114, 44.2641300002993, 44.1910679998883, 44.0451250002187, 43.8753040001795, 43.8084809996984, 43.7698230003313, 43.6344279996525, 
43.6257089995707, 43.5172520000798, 42.9436520001398, 42.8019200004077, 42.7458510003235, 42.7269330002578))"
VT,Vermont,2.14127708475263,VT-501,Burlington/Chittenden County CoC,0.1817768412617386,Burlington/Chittenden County CoC,Other Largely Urban CoC,Sheltered and Unsheltered Count,50,811,148,61,151,193,123,107,28,366,433,1,5,5,0,1,0,765,46,11,146,0,609,5,27,226,268,543,37,13,724,719,5,0,87,808,798,10,0,128,139,56,163414,217071279,1390433438,0,0,0.874283898,0.739346376,0.12024673500000001,0.112449721,1.1752738069580286e-4,76316,13667,0.541355904,0.001654683,0.056514334,0.00556344,0.010346296,0.431174808,0.004066749,0.001272841,0.177793824,0.150868347,2122909,1467476,1356477,0,0,0,54469945,874846,6.73137e-4,711152,0,0.017942159,0,0.004412107,0,0,0,27932679,34465539,"list(c(-73.3132830001103, -72.9758830000004, -72.8612509999336, -72.8048570001504, -72.8270419997884, -72.9104479996754, -73.0380740000151, -73.2288559999045, -73.2573390003945, -73.3628560001043, -73.3386360001513, -73.2960519996001, -73.3336129996402, -73.3132830001103, 44.2641300002993, 44.2950360001114, 44.3669000001349, 44.4518819998544, 44.5506919996361, 44.6310880001112, 44.6511499998726, 44.7228060001968, 44.6026869998053, 44.5642639995839, 44.5468440002505, 44.4283340003139, 44.372300000045, 
44.2641300002993))"
WA,Washington,6.36124503112023,WA-500,Seattle/King County CoC,0.6775267106281079,Seattle/King County CoC,Major City CoC,Sheltered and Unsheltered Count,53,16868,2109,883,3623,4259,3119,2298,577,5510,11169,29,82,41,3,20,14,13305,3563,335,4008,57,6469,584,1017,8397,3701,13167,828,83,7058,5601,1399,58,9810,6991,5173,1742,76,1505,7768,1990,2225064,496550780,5479725584,0,0,0.760629638,0.9670565170000001,0.417814049,0.08424871,4.060539101623743e-4,99158,68219,0.450839678,0.002332064,0.05489928,0.006837865,0.016710348,0.428007464,0.006548929,0.002022414,0.201900709,0.131781378,114000000,36700711,12824046,0,0,0,937000000,15605740,2.8179e-4,1452145,2203737,0.00946175,5607136,0.00186107,0.003410239,120000000,49028066,242000000,599421581,"list(c(-121.119179000211, -121.991775000016, -122.394974191706, -122.411892093245, -122.325772198428, -122.419504274303, -122.334830000104, -122.143975999593, -122.094764000059, -121.928194999799, -121.796463999914, -121.3799609996, -121.315533999894, -121.341203000118, -121.432836999928, -121.463951000338, -121.379120000388, -121.172191999661, -121.119179000211, 47.7799329999081, 47.7753489998565, 47.777921006949, 47.570764361686, 47.3928884038768, 47.3214577277919, 47.2631100003263, 47.2575260000249, 
47.1949769996888, 47.1473579998719, 47.173058999773, 47.0872479995955, 47.1338439999007, 47.2812610000951, 47.2941700000455, 47.3705780000747, 47.4544109998678, 47.5902329995533, 47.7799329999081))"
WA,Washington,67.89688981421949,WA-501,Washington Balance of State CoC,18.257982162307872,Washington Balance of State CoC,Largely Rural CoC,Sheltered and Unsheltered Count,53,255170,41412,16660,46308,55454,40970,34850,19516,106182,145758,1054,1020,1156,0,0,0,189040,66130,1564,10200,0,173638,2652,12138,86802,66878,188292,16150,1666,137564,106556,31008,0,117606,218246,167552,50694,0,83300,63614,108834,2588615,11299691028,150717923440,0.23529411764705882,0,0.9197485006308022,0.6590716201672308,0.2930215579072863,0.1259472384179011,1.7175229998643883e-5,59443.794117647056,4279.441176470588,0.4514858584117647,0.0026732714532091144,0.12002667532355539,0.013994687022413915,0.02149301321358989,0.4350330195890752,0.004019558359706252,0.0012879475000975426,0.2253965924621595,0.1845473351944449,7161280,15880619,4124340,0,0,0,269451431,11373206,0.0059249128,1283904,0,0.169569633,2975001,0.065029816,0.023647944,14031170,14180464,59813627,130823611,"list(list(c(-121.922027999593, -121.867020999919, -121.532933999704, -121.084862999628, -120.94401800033, -120.635051000203, -120.50574299964, -120.21077400022, -120.170603000328, -119.965772000078, -119.6699740002, -119.623627999732, -119.257071999573, -119.12632199996, -118.987258000057, -117.479751000408, -116.916071000176, -116.959694000078, -116.921349999903, -116.984803999705, -117.056646999659, -117.039766000001, -117.03987799977, -117.823628999778, -117.820947000204, -117.69777400017, -117.53379999997, 
-117.537068999635, -117.041877000223, -117.032344959952, -118.173217999911, -119.157535999587, -120.001185170859, -120.669568000163, -121.759572000148, -122.757515709083, -122.818124747659, -122.647391830568, -122.490195872242, -122.497041859694, -122.42570377331, -122.497914849591, -122.469960899576, -122.505581837132, -122.388009764439, -121.001658000017, -120.907424999964, -121.118183000145, -121.180775999813, -121.119179000211, -121.172191999661, -121.379120000388, -121.463951000338, -121.432836999928, 
-121.341203000118, -121.315533999894, -121.3799609996, -121.497344999772, -121.455217999611, -121.758592999967, -121.841890000223, -122.177876999924, -122.318575999683, -122.490888000381, -122.497795999686, -122.638210999838, -122.692253889405, -122.862489083904, -122.966505135803, -122.927951092669, -122.80107220232, -122.63511004839, -122.626979988236, -122.551253123932, -122.531973100878, -122.614432019322, -122.488307131369, -122.52484893513, -122.682823958159, -122.755330050741, -122.987516931161, 
-122.77083508677, -122.730756912202, -122.636460911942, -122.651254935867, -122.800673937552, -123.022695816858, -123.12516081432, -123.248588765859, -123.594920735404, -123.672429725052, -123.864987714212, -124.050733658132, -124.236375626934, -124.384649604596, -124.659487512039, -124.690847629015, -124.661164685602, -124.430531748242, -124.368342808574, -124.318856863853, -124.236344945663, -124.151202993423, -124.026329975248, -123.991874022168, -124.049033006868, -124.13598194621, -124.094514086156, 
-123.938893079052, -123.893229047982, -123.907541077559, -124.014313080284, -124.039915039647, -123.871869000054, -123.479643999671, -123.43098699965, -123.280165999861, -123.11590399987, -122.904118999992, -122.813998999854, -122.785515000217, -122.76938700021, -122.615730000039, -122.478753000151, -122.332662999997, -122.245855999755, -122.249217000064, -121.922027999593, 45.6492049999109, 45.6933909996949, 45.7265039996599, 45.6479319996621, 45.6563920003906, 45.745710999563, 45.6999489999465, 
45.725915000377, 45.7619799997772, 45.8243760002522, 45.856908000404, 45.9056020003321, 45.9398670003619, 45.9327840001815, 45.999855000408, 45.9977830001853, 45.9953569998257, 46.09901300005, 46.1645139998213, 46.2930879998114, 46.3458110002775, 46.4258870003848, 47.2592719996031, 47.2602200001529, 47.8257749996166, 47.85627799973, 47.7951809998033, 48.0478649998699, 48.045465999856, 48.9991817322512, 49.0000669996923, 49.000083999577, 48.9994130891428, 49.0001010003609, 48.9972989997491, 49.0019094380702, 
48.9390253350512, 48.7739223736187, 48.7426212818467, 48.6556893801608, 48.6004093652001, 48.5419662826179, 48.4692123458731, 48.384135342672, 48.2977159331439, 48.2960090001153, 48.1631840001415, 47.9971029999036, 47.8987689995897, 47.7799329999081, 47.5902329995533, 47.4544109998678, 47.3705780000747, 47.2941700000455, 47.2812610000951, 47.1338439999007, 47.0872479995955, 46.8628659997661, 46.7837970002314, 46.7837909999548, 46.728455000398, 46.7552019999724, 46.8283629995528, 46.8674519999099, 
46.9088430003043, 46.9781389997151, 47.1000219933204, 47.1614633859266, 47.1688254853079, 47.2806375226036, 47.3574145162669, 47.4032409918783, 47.4034967617662, 47.4034371942711, 47.5655254402469, 47.7020113824194, 47.7434234458354, 47.9118054694469, 47.8011654151518, 47.6653314940532, 47.6061244418896, 47.6931714792804, 47.809807448555, 47.866223480829, 47.9220463526571, 48.0899204562641, 48.0826904322177, 48.1534805077193, 48.1157103766326, 48.1350564539922, 48.1627104216487, 48.1544944492595, 
48.1776965461588, 48.2621476427995, 48.2852885633166, 48.3913435743465, 48.2126376196305, 47.9469676664247, 47.7462436118532, 47.5905675707369, 47.3565826047035, 47.287281562794, 47.0222166428838, 47.0301815830137, 46.9802635221439, 46.8913206230484, 46.9053546955628, 46.7369646499986, 46.6432405825869, 46.5139596219391, 46.4366466710071, 46.3785796534283, 46.2640214049639, 46.2349489995967, 46.2691310002955, 46.1815710004014, 46.1448430001044, 46.1852680000183, 46.0837339996244, 45.9609830001654, 
45.8505359997367, 45.9238999996853, 45.9357019998475, 45.9879380003385, 45.9650640004033, 46.0538530003158, 45.5486529998361, 45.6492049999109)), list(c(-122.595470895865, -122.673540817854, -122.76302794978, -122.611808847101, -122.599490987719, -122.358509018277, -122.376468957077, -122.539107929887, -122.58560697698, -122.673717850299, -122.612285823232, -122.595470895865, 48.3972743936984, 48.3550273043667, 48.2153363447965, 48.1547563804027, 48.0270983318226, 47.9373023277403, 48.0342954298902, 
48.0504183999892, 48.181817332404, 48.2236663179463, 48.2960603972696, 48.3972743936984)), list(c(-122.512178937208, -122.556818911164, -122.669920909023, -122.642391830219, -122.558613823069, -122.512178937208, 48.3711662832974, 48.4976872974309, 48.50419131138, 48.4086304128633, 48.4260264452643, 48.3711662832974)), list(c(-122.903394682419, -123.01037276659, -122.934768823422, -122.749279746563, -122.903394682419, 48.7150853690945, 48.6550454556833, 48.5927784098957, 48.6644633099339, 48.7150853690945
)), list(c(-122.405818697175, -122.394639153774, -122.403696628996, -122.404205463611, -122.405818697175, 48.2526164353003, 48.2302315901159, 48.2488175038248, 48.2495355621165, 48.2526164353003)), list(c(-123.145445711051, -123.133632776032, -123.000542771931, -123.017177807909, -123.145445711051, 48.6235364784258, 48.4988203892496, 48.4658823523887, 48.5621744779698, 48.6235364784258)))"
WA,Washington,3.2950473932334,WA-502,Spokane City & County CoC,0.5519179000403553,Spokane City & County CoC,Other Largely Urban CoC,Sheltered and Unsheltered Count,53,1993,224,151,404,470,367,271,106,688,1268,6,6,24,0,0,1,1813,180,14,142,0,1433,40,121,531,348,1645,135,25,1550,1280,270,0,443,1643,1381,262,0,923,1131,822,513402,43407953,4569318506,0,0,0.900822642,0.853739485,0.161405682,0.129125664,1.1235854960118204e-4,60101,18033,0.50132833,8.08709e-4,0.061200924,0.009056027,0.018421196,0.428443987,0.00492493,8.49237e-4,0.22070229599999996,0.161871204,6333005,9623970,2274195,0,0,0,85581930,4781938,4.71366e-4,2489613,704317,0.008698836,0,0.004135161,0,0,0,22944393,49151431,"list(c(-117.03987799977, -117.041877000223, -117.537068999635, -117.53379999997, -117.69777400017, -117.820947000204, -117.823628999778, -117.03987799977, 47.2592719996031, 48.045465999856, 48.0478649998699, 47.7951809998033, 47.85627799973, 47.8257749996166, 47.2602200001529, 47.2592719996031))"
WA,Washington,7.801562659131243,WA-503,"Tacoma, Lakewood/Pierce County CoC",0.5178566724668351,"Tacoma, Lakewood/Pierce County CoC",Largely Suburban CoC,Sheltered and Unsheltered Count,53,2661,294,174,566,647,439,385,156,1025,1627,6,3,0,0,0,0,2429,232,59,617,5,1414,85,203,651,483,2178,151,13,1445,1311,134,0,1216,2007,1831,176,0,809,1432,878,891862,356079568,4320041415,0,0,0.791376386,0.932183297,0.342961131,0.095252691,2.0644755786444237e-4,76438,19210,0.505071609,0.001262844,0.057911574,0.007707502,0.015563006,0.393946597,0.004212666,0.001011367,0.23386577699999997,0.137568368,8187859,12148403,2768877,0,0,0,197000000,6164761,3.91316e-4,0,967528,0.007762412,0,0.001771575,1.44641e-4,620734,822177,27186131,58866470,"list(list(c(-121.3799609996, -121.796463999914, -121.928194999799, -122.094764000059, -122.143975999593, -122.334830000104, -122.419504274303, -122.529538136975, -122.624863224258, -122.692253889405, -122.638210999838, -122.497795999686, -122.490888000381, -122.318575999683, -122.177876999924, -121.841890000223, -121.758592999967, -121.455217999611, -121.497344999772, -121.3799609996, 47.0872479995955, 47.173058999773, 47.1473579998719, 47.1949769996888, 47.2575260000249, 47.2631100003263, 47.3214577277919, 
47.283960347592, 47.1432424944456, 47.1000219933204, 46.9781389997151, 46.9088430003043, 46.8674519999099, 46.8283629995528, 46.7552019999724, 46.728455000398, 46.7837909999548, 46.7837970002314, 46.8628659997661, 47.0872479995955)), list(c(-122.626979988236, -122.69726111311, -122.588376173921, -122.551253123932, -122.626979988236, 47.4034967617662, 47.2857913609826, 47.2545883852458, 47.4034371942711, 47.4034967617662)))"
WA,Washington,5.073108448168525,WA-504,Everett/Snohomish County CoC,0.6588353269546238,Everett/Snohomish County CoC,Largely Suburban CoC,Sheltered and Unsheltered Count,53,1161,174,55,228,247,223,166,68,446,702,4,4,3,2,0,0,1048,113,22,119,2,755,63,43,649,263,898,62,4,536,514,22,0,625,546,525,21,0,676,1483,766,811572,282924414,5404046467,0,0,0.890940356,0.882039768,0.319206429,0.072078083,1.501785754352582e-4,89273,21333,0.500995798,0.001338621,0.048632558,0.008478462,0.011831004000000001,0.387014338,0.004872716,8.62524e-4,0.226125347,0.134812438,16098480,8792249,2682634,0,0,0,243000000,4460908,6.55518e-4,569233,544661,0.008563627,0,0.00116071,0,0,1746600,18682954,53577719,"list(c(-122.394974191706, -121.991775000016, -121.119179000211, -121.180775999813, -121.118183000145, -120.907424999964, -121.001658000017, -122.388009764439, -122.403696628996, -122.394639153774, -122.342510044903, -122.239268023301, -122.394974191706, 47.777921006949, 47.7753489998565, 47.7799329999081, 47.8987689995897, 47.9971029999036, 48.1631840001415, 48.2960090001153, 48.2977159331439, 48.2488175038248, 48.2302315901159, 48.0974974315613, 48.0307083022464, 47.777921006949))"
WA,Washington,2.250607883246779,WA-508,Vancouver/Clark County CoC,0.1976988212581945,Vancouver/Clark County CoC,Largely Suburban CoC,Sheltered and Unsheltered Count,53,1366,267,87,290,257,193,187,85,577,766,3,9,6,4,0,1,1202,164,11,104,4,886,187,39,343,472,894,72,10,697,483,214,0,669,685,448,237,0,72,638,304,481950,70187041,1627806032,0,0,0.7922625,0.8651887200000001,0.22528063100000004,0.090532737,2.9607335918755215e-4,77184,22013,0.490176835,0.0016136439999999998,0.042073455,0.004143476,0.017330678,0.386589895,0.006333449,0.001149497,0.23936093,0.15448283,3217444,5775381,4699063,0,0,0,60274448,2787708,5.58149e-4,433433,0,0.005033717,0,0.001776118,3.92157e-4,1228607,1297636,9847015,29286287,"list(c(-122.249217000064, -122.245855999755, -122.332662999997, -122.478753000151, -122.615730000039, -122.76938700021, -122.785515000217, -122.762436999868, -122.763810000231, -122.438674000005, -122.249217000064, 45.5486529998361, 46.0538530003158, 45.9650640004033, 45.9879380003385, 45.9357019998475, 45.9238999996853, 45.8505359997367, 45.7286650003895, 45.6571379997189, 45.5635850004475, 45.5486529998361))"
WI,Wisconsin,34.86047845811473,WI-500,Wisconsin Balance of State CoC,15.962818396107942,Wisconsin Balance of State CoC,Largely Rural CoC,Sheltered and Unsheltered Count,55,220869,59961,13110,34362,43608,31326,28497,10005,101775,117990,759,276,0,69,0,0,193683,27186,1863,45126,690,133722,1242,12075,35397,94875,125994,8556,2622,197340,157389,39951,0,23529,218937,169947,48990,0,77832,64032,64653,4119477,25591415508,135706715268,0.10144927536231885,0.014492753623188406,0.8960265728137742,0.5643448669522648,0.11693765978192935,0.09219634574128609,3.03557343633634e-5,59816.884057971016,4401.420289855072,0.3924190121449275,6.175726842679856e-4,0.14255576619248575,0.016166483875612366,0.021222478876261233,0.4784478708741,0.0028065430712794367,8.450102018571776e-4,0.2162468682486597,0.18131913343177058,7429618,20312429,5705515,0,582887,0,160109748,8268106,0.017360918,2696932,0,0.170408582,0,0.345123771,0.146005723,27383314,37629209,171581203,281589213,"list(c(-89.4014230001713, -88.7074210002789, -88.2140440000305, -87.8007613262741, -87.8057685724616, -88.1883060002217, -88.3058909997698, -88.3063840000215, -88.0699239998926, -88.0633529999409, -87.8953030626861, -87.9119679759413, -87.8640480467799, -87.7916499573796, -87.7885259760929, -87.706396954156, -87.6962979767702, -87.7360779307519, -87.6466180653714, -87.519126009158, -87.5411470695815, -87.4839359421899, -87.3060790563034, -87.2045580430192, -87.1894110010168, -87.1233840363442, -87.057483102663, 
-87.0288590650937, -87.2427620340406, -87.2623940481467, -87.362538016816, -87.4200750513225, -87.6100408732876, -87.7544668443693, -87.8552489368889, -87.9283819306815, -88.0403408560456, -87.9834879106385, -87.8280338563773, -87.8131438747899, -87.6300609556486, -87.5921808941329, -87.7352820001641, -87.6477679996934, -87.8848549999582, -87.7927689999893, -87.7746819995746, -87.8123380003984, -87.9945390002746, -88.094754000097, -88.1024610002749, -88.4234930001018, -88.5074799998021, -88.6164709996369, 
-88.7820730002687, -89.0916380000936, -90.120571999598, -90.216171999738, -90.4183918615951, -90.5518048581077, -90.7051688222833, -90.9131357288308, -90.8845496237661, -90.7520267087656, -90.8558677427021, -90.9684116563728, -91.0970235403041, -91.3113776100886, -91.364189483358, -91.5772865113634, -91.7901254816056, -92.0148404221477, -92.0994002738036, -92.1693843876793, -92.1773073924222, -92.1924843413792, -92.2041568931261, -92.2019510000386, -92.2016255749603, -92.2922609999451, -92.2928599996892, 
-92.2940329998231, -92.3504069995833, -92.6378409995625, -92.7125030000134, -92.7846169998746, -92.8691929997571, -92.8837490001162, -92.7734120002636, -92.6466019997824, -92.7456830003702, -92.765668000178, -92.8084150001521, -92.7320429999844, -92.6225369997826, -92.4364860004285, -92.3475669999171, -92.2210830000803, -92.0535490002861, -91.9282239999376, -91.8751579998418, -91.7105969995518, -91.5826040002743, -91.4405409996674, -91.2841379996689, -91.24413500033, -91.2687480004199, -91.2177060001318, 
-91.201846999939, -91.0579100001464, -91.1752530002257, -91.1434909996099, -91.1005650003744, -91.0512749999413, -90.9524149996525, -90.7202089996456, -90.6428430004041, -89.4014230001713, 42.5005540000671, 42.4935960002553, 42.4951150001572, 42.4919682930024, 42.6678926985892, 42.6697089999705, 42.6108170001045, 42.8420949995846, 42.8433229995568, 43.1921169998997, 43.1957584133202, 43.247085990626, 43.3938819702768, 43.4931879083953, 43.5664038016942, 43.6792418863041, 43.7627128550143, 43.8803778870299, 
44.1046587931688, 44.1802507106019, 44.2931367704456, 44.5102217269512, 44.8034855901879, 44.8756256119325, 44.9687546411138, 45.0668225895909, 45.0870275428869, 45.2332895185965, 45.1504135728282, 45.0852565628401, 44.9839865899093, 44.8761646448825, 44.8383656005921, 44.6506036446426, 44.6202487466824, 44.5363027758525, 44.5645377100473, 44.7201886510854, 44.8890486562705, 44.9539596387264, 44.9836026909115, 45.0947594021247, 45.1765649999748, 45.3405630003822, 45.3627920002506, 45.4999670002769, 
45.6020239996079, 45.7113030001334, 45.7956369996479, 45.7857549998934, 45.921545999948, 45.9820719996231, 46.0185160003132, 45.987731999832, 46.0161849998379, 46.138447000129, 46.3370390004496, 46.5012720000029, 46.56609864044, 46.5840226261433, 46.6664946261262, 46.5826415912365, 46.7494936117408, 46.8863555847425, 46.9622236309159, 46.9439014892624, 46.8609735572839, 46.8281876479417, 46.7959086567591, 46.7570056712748, 46.6946676213137, 46.6839556057666, 46.7480106836462, 46.7106326542736, 46.6822927638, 
46.6767327583102, 46.6623996783026, 46.6592509998338, 46.6568386880551, 46.6639299997697, 46.4172200000031, 46.0743769997987, 46.0163680001831, 45.9344689996447, 45.891704999786, 45.7641989995842, 45.717568000363, 45.5754829996408, 45.5682349999453, 45.4416350001552, 45.296042000438, 44.8410100004112, 44.7516039999247, 44.7143450003215, 44.616054000192, 44.5528839999967, 44.5571489997266, 44.4403860003137, 44.4013749999563, 44.3354729996793, 44.2005750003361, 44.1204800002519, 44.027381000333, 44.0015180001556, 
43.8470650001497, 43.7746669997823, 43.6153480002101, 43.5005499996828, 43.3491029998037, 43.253968000423, 43.1346649998899, 42.904697999713, 42.8830780000497, 42.7370009995965, 42.6867780002046, 42.6407580003815, 42.5084809995985, 42.5005540000671), c(-89.369128000157, -89.383391999641, -89.8381670004067, -89.8381349998303, -89.7204629998675, -89.009138999765, -89.0135819996096, -89.369128000157, 42.8450360003112, 42.8562529995763, 42.8573970001715, 43.2060569997308, 43.2930840002265, 43.2848300000045, 
42.8476300003243, 42.8450360003112))"
WI,Wisconsin,1.3037611934149853,WI-501,Milwaukee City & County CoC,0.06948909016952443,Milwaukee City & County CoC,Major City CoC,Sheltered and Unsheltered Count,55,885,174,59,140,132,131,163,86,321,555,2,0,7,0,0,0,794,91,4,560,0,270,3,94,40,245,640,60,7,824,641,142,41,61,825,614,164,47,33,2024,683,949180,2455452227,625371984,0,0,0.07098911,0.997230409,0.497079584,0.183408627,0.0015177846534295658,52260,45126,0.48676656,0.001834752,0.08491808,0.014469009,0.036664997,0.441760256,0.001057254,6.68999e-4,0.23985124,0.136022672,26491547,39977522,5642533,0,0,0,122000000,14607769,6.9323e-4,1414931,2962535,0.007785668,5793224,0.009806359,0.002501106,15185094,16903362,130000000,258978517,"list(c(-88.0699239998926, -87.8263545613139, -87.8926445246251, -87.8952489342909, -87.8953030626861, -88.0633529999409, -88.0699239998926, 42.8433229995568, 42.8422281010461, 43.1920191527618, 43.1956603305599, 43.1957584133202, 43.1921169998997, 42.8433229995568))"
WI,Wisconsin,1.5548706131475662,WI-502,Racine City & County CoC,0.0969693885031922,Racine City & County CoC,Largely Suburban CoC,Sheltered and Unsheltered Count,55,227,54,11,30,30,26,49,27,90,136,1,0,0,0,0,0,194,33,0,96,0,102,1,36,18,76,151,9,3,208,151,57,0,19,251,176,75,0,184,132,46,195859,1190103013,861537604,0,0,0.7818894,0.8565294569999999,0.291097167,0.12342676399999998,2.2733656556678865e-4,62556,12975,0.46394488,4.89388e-4,0.064222616,0.009219422,0.021343264,0.42365681400000005,0.001257323,6.48426e-4,0.231584967,0.164965613,1858098,3673003,0,0,0,0,19149708,1364974,0,293629,323898,0.006902925,0,0.006913136,0,0,0,11638885,19152487,"list(c(-88.0699239998926, -88.3063840000215, -88.3058909997698, -88.1883060002217, -87.8057685724616, -87.7578420683568, -87.8263545613139, -88.0699239998926, 42.8433229995568, 42.8420949995846, 42.6108170001045, 42.6697089999705, 42.6678926985892, 42.7820769630814, 42.8422281010461, 42.8433229995568))"
WI,Wisconsin,2.5702706437821567,WI-503,Madison/Dane County CoC,0.35445332272364216,Madison/Dane County CoC,Other Largely Urban CoC,Sheltered and Unsheltered Count,55,736,125,32,119,140,127,123,70,232,483,6,4,11,0,0,0,650,86,10,297,0,362,1,46,208,217,519,23,3,647,620,27,0,89,538,506,32,0,877,909,395,542459,106222414,3098893820,0,0,0.862544158,0.864230709,0.212640955,0.110006998,1.7504923740820522e-4,75179,25734,0.455450168,7.59047e-4,0.040651646,0.004110888,0.010846648,0.4354283,0.005894044,6.3968e-4,0.203659631,0.137225117,8302897,6067527,839490,0,0,3780000,91040755,4217444,1.14294e-4,1109233,334402,0.005032638,2049567,0.004098006,0.001577999,4650822,5203061,78704522,115258965,"list(c(-89.369128000157, -89.0135819996096, -89.009138999765, -89.7204629998675, -89.8381349998303, -89.8381670004067, -89.383391999641, -89.369128000157, 42.8450360003112, 42.8476300003243, 43.2848300000045, 43.2930840002265, 43.2060569997308, 42.8573970001715, 42.8562529995763, 42.8450360003112))"
WV,West Virginia,3.7421690660601623,WV-500,"Wheeling, Weirton Area CoC",0.2626611845699978,"Wheeling, Weirton Area CoC",Largely Rural CoC,Sheltered and Unsheltered Count,54,645,30,75,105,225,140,60,10,265,375,0,5,0,0,0,0,625,20,0,60,0,550,0,45,280,45,600,70,0,435,340,95,0,210,445,320,125,0,0,150,60,139346,56745615,2437526325,0.4,0,0.8822852702177457,0.5889082067471331,0.058860677688186244,0.14871344914357784,5.7166972340288466e-5,47416.4,5600,0.421513503,9.815366027667465e-4,0.1692668489410358,0.10559267548059506,0.11011211619750119,0.5018515065018946,5.773555700558323e-4,0.0014496289759591233,0.1908056206310766,0.22632153036639013,823056,3086515,329913,0,0,0,8954457,731641,0.001165049,373680,0,0.019897733,0,0.047822627,0.032571617,7122833,5858675,7605101,25931414,"list(c(-80.5189909998347, -80.664371999668, -80.5946640001434, -80.599895000354, -80.7052459996032, -80.756112999915, -80.8260789996461, -80.880360000014, -80.9437820001392, -80.8437309997857, -80.6057879996164, -80.4717820000392, -80.498157999592, -80.3952479995955, -80.4213879999562, -80.5193419998334, -80.5190380002035, -80.5189909998347, 40.6388009995665, 40.5700160003382, 40.4713890000024, 40.3176660003857, 40.1541600001839, 39.9134019997026, 39.7985840000516, 39.620705999882, 39.6069260002348, 
39.583884999793, 39.4436170001245, 39.4863440000756, 39.5628989996891, 39.6805060002517, 39.7211890003721, 39.7214030003482, 40.4773630003023, 40.6388009995665))"
WV,West Virginia,2.8927832059284175,WV-501,"Huntington/Cabell, Wayne Counties CoC",0.2132693228608061,"Huntington/Cabell, Wayne Counties CoC",Other Largely Urban CoC,Sheltered and Unsheltered Count,54,556,48,30,92,162,160,50,14,202,344,6,4,0,0,0,0,550,6,0,50,0,464,0,42,64,82,474,30,0,416,402,0,14,140,440,424,0,16,196,734,296,133280,33929110,2038395725,0.5,0,0.8966233890412966,0.6664306664141657,0.08053721472352941,0.2149839143637455,6.538475251168416e-5,42591,7407.5,0.54185269,5.809035980696973e-5,0.17033385032514936,0.06508052582208884,0.057582625879831935,0.49308223272448976,0.0012218932406962786,0.0013130253016806724,0.20009753894657864,0.19368997563433377,5629936,3318318,444928,0,0,0,19205347,1494018,9.077670000000001e-4,1048910,292625,0.030156375,0,0.015698192,0.008539774,6387639,4309189,8453459,31379022,"list(c(-82.4147570004352, -82.2022359998915, -82.2856930003317, -82.1957510003084, -82.047128000257, -82.0551270004107, -82.2189669998272, -82.2934710001865, -82.3239989996541, -82.5376900001933, -82.593480000002, -82.5745179997059, -82.6347019997974, -82.5492400004256, -82.5021980002375, -82.4147570004352, 37.8555090004401, 38.0361929996073, 38.1449520004345, 38.3234989999789, 38.3744319997371, 38.4745470003438, 38.5916829998706, 38.5753830000255, 38.4492680001181, 38.4041569999457, 38.4218209997394, 
38.2645049999059, 38.1369409997274, 38.0679520000848, 37.93305199975, 37.8555090004401))"
WV,West Virginia,5.125229965009669,WV-503,"Charleston/Kanawha, Putnam, Boone, Clay Counties CoC",0.5627125101348119,"Charleston/Kanawha, Putnam, Boone, Clay Counties CoC",Largely Suburban CoC,Sheltered and Unsheltered Count,54,1340,108,64,200,384,356,188,40,500,832,4,4,0,0,0,0,1308,32,8,212,0,1048,0,136,324,112,1228,92,0,772,712,60,0,568,852,792,60,0,0,524,228,268114,45447687,5415317922,0.75,0.25,0.925407663311345,0.616270366604519,0.09851033527367088,0.16303205331044632,4.951029724603489e-5,47881.75,4487.25,0.5567288905000001,0.0011923820991887753,0.15501072209600236,0.05309901341406641,0.04216622783966894,0.49395406418259397,0.001235985229756745,9.883853988005102e-4,0.20685603898417462,0.2001648550268804,2865041,2986066,711326,0,0,0,51693569,1646834,4.64053e-4,624788,0,0.033916467,1505483,0.008679516,0.011418984,13179050,8909735,25464391,57892714,"list(c(-82.047128000257, -82.0491510000186, -81.9151970001414, -81.8025580002515, -81.8519419996235, -81.9324439995909, -81.9797060000319, -81.815347000064, -81.7221360003761, -81.65873500032, -81.5628299996048, -81.5713339996643, -81.4628319998968, -81.3808289999583, -81.3308090000353, -81.2314340002789, -80.9113609997103, -80.8787240001125, -81.0316770001934, -81.1941129996152, -81.4653720001177, -81.5221660003606, -81.6328360002811, -81.7476830003702, -81.9557909997548, -82.0645620002361, -82.0551270004107, 
-82.047128000257, 38.3744319997371, 38.2917089998705, 38.3255969996019, 38.264304999676, 38.1745680001131, 38.150084999723, 37.9913599996643, 37.9472220002951, 37.8095069996484, 37.8344080004289, 37.7677100003163, 37.928107000138, 37.9900070002229, 37.9691089996807, 38.1683720003676, 38.2637160003932, 38.4147849999279, 38.5040290001383, 38.6678389999699, 38.5276339996095, 38.5498980001926, 38.612745999928, 38.5543699995759, 38.6841339995844, 38.657355000333, 38.607984999808, 38.4745470003438, 38.3744319997371
))"
WV,West Virginia,24.18684965436147,WV-508,West Virginia Balance of State CoC,5.455227103084241,West Virginia Balance of State CoC,Largely Rural CoC,Sheltered and Unsheltered Count,54,45628,2816,2860,9944,13904,9416,5324,1364,17424,27368,264,132,308,88,44,0,44660,968,264,4576,44,38456,88,2992,9548,4796,40832,2464,88,22132,19536,2596,0,23496,33924,28776,5148,0,6116,22264,11968,1266686,352923451,52375216951,0.7045454545454546,0.25,0.9474309583733144,0.36611089981329153,0.08478581117153501,0.17065445415343344,2.41848353809218e-5,46027.25,2956.9772727272725,0.42425912525,0.0012050850208791867,0.185154988618621,0.06341520517314314,0.052005823726310234,0.4938319363299002,NA,0.0012252443520043641,0.20249611986343183,0.19675515467568522,1999182,4165369,4915321,0,0,0,108705122,1826985,0.009018319,1838522,0,0.237542503,0,0.234056987,0.082102306,20494980,17583637,67085885,119909881,"list(c(-81.9680120003535, -81.9965780001745, -81.8535530001708, -81.789294000118, -81.6782209995994, -81.5606309998208, -81.3621560003991, -81.2251039997498, -81.1041470002838, -80.9510180001805, -80.5113910000945, -80.472782000289, -80.2997889996626, -80.2589189999119, -80.2960770002533, -80.1622020004219, -80.0560559995847, -80.0088879998813, -79.8973349997104, -79.7889449997119, -79.6896669999321, -79.6490750004109, -79.5368699998506, -79.4766380002435, -79.3122760001373, -79.2245830004051, -79.0473490002561, 
-78.9937610003698, -78.8692610002949, -78.7880310000306, -78.6804559998445, -78.403907000008, -78.4194219996256, -78.340415000252, -78.3470870003648, -77.8282990000988, -77.7195190001017, -77.7972520000797, -77.8891349996804, -78.0067190000818, -78.1715490001862, -78.2666479997054, -78.3553229997566, -78.4689229998965, -78.6546969999665, -78.7952680001181, -78.9573009998412, -79.0546939999281, -79.2538779996699, -79.4868750001811, -79.4766619995516, -80.4213879999562, -80.3952479995955, -80.498157999592, 
-80.4717820000392, -80.6057879996164, -80.8437309997857, -80.9437820001392, -81.211654000032, -81.3845560000593, -81.4561429998995, -81.5575469996942, -81.5652470004487, -81.6775950004089, -81.756282000314, -81.7642530000759, -81.8444860002287, -82.0059899998386, -82.0901650001146, -82.1441670002068, -82.2215660000708, -82.1719659997311, -82.2189669998272, -82.0551270004107, -82.0645620002361, -81.9557909997548, -81.7476830003702, -81.6328360002811, -81.5221660003606, -81.4653720001177, -81.1941129996152, 
-81.0316770001934, -80.8787240001125, -80.9113609997103, -81.2314340002789, -81.3308090000353, -81.3808289999583, -81.4628319998968, -81.5713339996643, -81.5628299996048, -81.65873500032, -81.7221360003761, -81.815347000064, -81.9797060000319, -81.9324439995909, -81.8519419996235, -81.8025580002515, -81.9151970001414, -82.0491510000186, -82.047128000257, -82.1957510003084, -82.2856930003317, -82.2022359998915, -82.4147570004352, -82.2580679998383, -82.1173039997797, -81.9680120003535, 37.5380350001152, 
37.4767050002356, 37.2877059998321, 37.2844160000984, 37.2015400003708, 37.2066630000974, 37.3376869997553, 37.2348739997353, 37.280604999721, 37.2949700002654, 37.4816719999629, 37.4237299998397, 37.5082709999067, 37.5954989997791, 37.6917300002394, 37.8751220001802, 37.9519590002078, 37.9908300004042, 38.1933809998333, 38.2687030001434, 38.4314620000713, 38.5915150002172, 38.5509170004193, 38.457228000272, 38.4118759997776, 38.4775880002861, 38.7918099999316, 38.8500209998693, 38.7629799996273, 
38.8851229998266, 38.9253129996952, 39.1677379997089, 39.2574760002173, 39.3536279997325, 39.4660119995542, 39.13242599996, 39.3213139997413, 39.4894650001097, 39.5974529995563, 39.6014830001404, 39.6956430004242, 39.6189509998888, 39.6406630001974, 39.5164829995908, 39.5346049998209, 39.6106999998052, 39.4400949995846, 39.4731010000112, 39.3371000001649, 39.2058960003002, 39.7210779997499, 39.7211890003721, 39.6805060002517, 39.5628989996891, 39.4863440000756, 39.4436170001245, 39.583884999793, 
39.6069260002348, 39.3929770003883, 39.3434489997716, 39.4092740000951, 39.3387740000201, 39.2761750000763, 39.2741710002915, 39.1769930002269, 39.015278999926, 38.9287459997282, 39.0293870003099, 38.9752779997799, 38.8418800003618, 38.7871869998802, 38.6253839999717, 38.5916829998706, 38.4745470003438, 38.607984999808, 38.657355000333, 38.6841339995844, 38.5543699995759, 38.612745999928, 38.5498980001926, 38.5276339996095, 38.6678389999699, 38.5040290001383, 38.4147849999279, 38.2637160003932, 38.1683720003676, 
37.9691089996807, 37.9900070002229, 37.928107000138, 37.7677100003163, 37.8344080004289, 37.8095069996484, 37.9472220002951, 37.9913599996643, 38.150084999723, 38.1745680001131, 38.264304999676, 38.3255969996019, 38.2917089998705, 38.3744319997371, 38.3234989999789, 38.1449520004345, 38.0361929996073, 37.8555090004401, 37.6568830003503, 37.5592259997801, 37.5380350001152))"
WY,Wyoming,21.999323375709583,WY-500,Wyoming Statewide CoC,27.970848643366384,Wyoming Statewide CoC,Largely Rural CoC,Sheltered and Unsheltered Count,56,11523,1978,1518,1265,2323,2070,1748,621,4876,6509,69,23,23,0,0,23,10051,1472,46,529,23,8533,46,851,2898,2346,9177,1840,115,9476,5957,3519,0,2047,16192,11040,5152,0,0,5842,1679,581348,1867504105,251458711911,0.043478260869565216,0,0.9957521332254846,0.6188620639633954,0.16432842283384994,0.10807465170979344,2.3119024017181768e-6,63452.391304347824,2464.391304347826,0.3522750036521739,0.001101909050302727,0.16253074567114648,0.03334771421556968,0.03048792361823899,0.479050413853862,0.003469446261356365,0.001324507870715991,0.23187488388786065,0.16438690794011676,117229,917617,1076290,0,0,0,33954395,0,0.005937532,200172,0,0.04523337,0,0.088013068,0.027898676,5065468,4180849,24497832,36055457,"list(c(-111.046766000251, -111.046814999812, -110.505073999565, -110.000717000189, -109.0500259999, -108.526029000438, -107.241194000003, -106.190553999567, -105.726440999852, -104.855273000249, -104.053249000241, -104.052966999827, -104.053027999942, -104.054688000051, -104.057878999716, -105.160531000205, -105.913148999826, -105.92817400023, -106.625610000201, -108.014393999983, -109.083094999635, -109.103227999972, -110.183220999649, -110.704476000367, -111.05455599976, -111.052433999929, -111.049076999804, 
-111.044014000146, -111.043547000194, -111.046713999651, -111.046766000251, 41.2516269998862, 40.9978750000313, 40.9948039996049, 40.9974500002174, 41.0006910003894, 40.9995920000708, 41.0028039998048, 40.9975779998249, 40.9968359997816, 40.9980479999153, 41.0014060000869, 41.9169720002577, 43.0005849995981, 43.9999790002307, 44.9976050002706, 45.0001069996384, 45.0002380002836, 44.993487000125, 44.9949269999811, 45.0005369996828, 44.9995510000787, 45.0058150002621, 44.9969529998811, 44.9921739998303, 
45.0009550000732, 44.4784110001676, 44.0201299995999, 43.2333690001793, 42.7195020002172, 42.0017020000473, 41.2516269998862))"
NA,NA,NA,NA,NA,NA,NA,NA,NA,12,NA,NA,NA,NA,NA,NA,NA,NA,NA,NA,NA,NA,NA,NA,NA,NA,NA,NA,NA,NA,NA,NA,NA,NA,NA,NA,NA,NA,NA,NA,NA,NA,NA,NA,NA,NA,NA,NA,NA,NA,NA,60701,902081654,3972574504,0.6666666666666666,0,0.993175221503682,0.1819198875057742,0.22177558860539365,0.13815374099836905,1.528001550100066e-5,53037.333333333336,1680.3333333333333,0.357740885,0.0054591154282164584,0.212902959835751,0.02158830164601901,0.014619337168168564,0.399120278024283,0.0021636432226651947,7.248645074545723e-4,0.20670170182730105,0.16915701564745228,0,0,0,0,0,0,1558386,0,0,0,0,0.003312528,0,0.006793564,0.012325912,1542256,1153563,0,2695819,list()
NA,NA,NA,NA,NA,NA,NA,NA,NA,25,NA,NA,NA,NA,NA,NA,NA,NA,NA,NA,NA,NA,NA,NA,NA,NA,NA,NA,NA,NA,NA,NA,NA,NA,NA,NA,NA,NA,NA,NA,NA,NA,NA,NA,NA,NA,NA,NA,NA,NA,NA,563301,357457333,1432549560,0,0,0.49357075,0.895561119,0.198598973,0.106559559,3.932157153432095e-4,71450,17604,0.470189667,8.3044e-4,0.066420101,0.009608419,0.020703855,0.419035294,0.001385192,0.001288831,0.206910693,0.169532808,10112623,12921626,1465322,0,0,0,130000000,6091301,1.77525e-4,181256,949409,0.010631971,0,0.006335867,0.00760517,44277782,27544597,36259493,139803409,list()
NA,NA,NA,NA,NA,NA,NA,NA,NA,35,NA,NA,NA,NA,NA,NA,NA,NA,NA,NA,NA,NA,NA,NA,NA,NA,NA,NA,NA,NA,NA,NA,NA,NA,NA,NA,NA,NA,NA,NA,NA,NA,NA,NA,NA,NA,NA,NA,NA,NA,NA,1995,29090018,6016818946,1,0,1,0,0.693734336,0.139311044,3.3157055545543416e-7,31532,504,0.674074074,0,0.461613217,0.034985423,0.031098154,0.515789474,NA,0.003508772,0.426566416,0.145363409,0,0,0,0,0,0,0,0,0,0,0,0,0,0,0.023558897,273471,303199,0,576670,list()
NA,NA,NA,NA,NA,NA,NA,NA,NA,40,NA,NA,NA,NA,NA,NA,NA,NA,NA,NA,NA,NA,NA,NA,NA,NA,NA,NA,NA,NA,NA,NA,NA,NA,NA,NA,NA,NA,NA,NA,NA,NA,NA,NA,NA,NA,NA,NA,NA,NA,NA,47401,13203700,1926268077,0,0,0.978350855,0.38042579,0.22782219800000003,0.13138161,2.4607686004859228e-5,70456,2763,0.481953291,0.00248915,0.106472769,0.01140576,0.021271742,0.36992890400000006,5.44481e-4,6.11801e-4,0.229615409,0.158119027,0,0,0,0,0,0,0,0,0,0,0,0.00223624,0,0.001476762,0.004620156,1418506,1088622,614429,3121557,list()
NA,NA,NA,NA,NA,NA,NA,NA,NA,72,NA,NA,NA,NA,NA,NA,NA,NA,NA,NA,NA,NA,NA,NA,NA,NA,NA,NA,NA,NA,NA,NA,NA,NA,NA,NA,NA,NA,NA,NA,NA,NA,NA,NA,NA,NA,NA,NA,NA,NA,NA,643519,NA,NA,1,1,0.40762888470495195,0.9211635516412399,0.9893709430580092,0.4429318576015999,NA,18392.25,NA,0.5511260680625,0.0015504577700795987,0.23801315504796822,0.05967799354920834,0.1278908860888614,0.47959733904591634,NA,NA,0.18640786038027782,0.21120588495991727,906700,15013545,0,0,0,0,51962541,3660674,0,264567,377753,0.107582037,0,0.086350364,0.214703964,0,0,61844919,82068158,list()
