"","coc_num","coc_name","CoC Category","Count Types","fips_state","state_full","state_abv","Overall Homeless","Overall Homeless - Under 18","Overall Homeless - Age 18 to 24","Overall Homeless - Age 25 to 34","Overall Homeless - Age 35 to 44","Overall Homeless - Age 45 to 54","Overall Homeless - Age 55 to 64","Overall Homeless - Over 64","Overall Homeless - Woman","Overall Homeless - Man","Overall Homeless - Transgender","Overall Homeless - Non Binary","Overall Homeless - More Than One Gender","Overall Homeless - Gender Questioning","Overall Homeless - Culturally Specific Identity","Overall Homeless - Different Identity","Overall Homeless - Non-Hispanic/Latina/e/o","Overall Homeless - Hispanic/Latina/e/o","Overall Homeless - American Indian, Alaska Native, or Indigenous","Overall Homeless - Asian or Asian American","Overall Homeless - Black, African American, or African","Overall Homeless - Middle Eastern or North African","Overall Homeless - White","Overall Homeless - Native Hawaiian or Other Pacific Islander","Overall Homeless - Multi-Racial","Overall Homeless Veterans","Overall Chronically Homeless","Overall Homeless People in Families","Overall Homeless Individuals","Overall Homeless Unaccompanied Youth (Under 25)","Overall Homeless Parenting Youth (Under 25)","Sheltered Total Homeless","Sheltered ES Homeless","Sheltered TH Homeless","Sheltered SH Homeless","Unsheltered Homeless","Total Year-Round Beds (ES, TH, SH)","Total Year-Round Beds (ES)","Total Year-Round Beds (TH)","Total Year-Round Beds (SH)","Total Year-Round Beds (OPH)","Total Year-Round Beds (PSH)","Total Year-Round Beds (RRH)","total_population","AWATER","ALAND","disadvantaged_county","persistent_poverty_county","percent_rural","percent_urban","percent_poc","poverty_rate","pop_density","med_hh_income","employment_access_index","housing_cost_burden","overcrowded_housing","vacancy_rate","incomplete_plumbing","incomplete_kitchen","housing_units","permits","ind_hud_202","ind_hud_hcv","ind_hud_pbs8","ind_hud_ph","capacity_housing","age_under_18","age_over_64","coc","cdbg_entitlement","elderly","hcv","home","hud_disability","hud_esg","hud_hopwa","public_hsg","public_hsg_cap","s8_project","funding_tot"
"1","AK-500","Anchorage CoC","Other Largely Urban CoC","Sheltered and Unsheltered Count","02","Alaska","AK",1709,241,169,305,407,254,241,92,649,1047,6,1,2,1,0,3,1612,97,690,28,169,0,463,125,207,70,384,388,1321,141,8,1363,1107,256,0,346,921,617,304,0,288,723,268,292090,621079537,4420814008,0,0,0.935919918,0.957307715,0.432616659,0.08848853,6.60715423610737e-05,84813,22028,0.456706282,0.004907918,0.09571995,0.011784298,0.008360596,0.404988189,0.00266685,0.000612825,0.008428909,0.001595399,0.001660447,0.001547468,0.242760793,0.110845972,7236937,3767125,2175033,1.1e+08,1552291,596528,330308,924965,20591074,7004695,10722774,54901730
"2","AK-501","Alaska Balance of State CoC","Largely Rural CoC","Sheltered and Unsheltered Count","02","Alaska","AK",977,202,59,190,217,136,127,46,445,523,3,4,2,0,0,0,920,57,517,11,31,6,304,4,101,36,267,279,698,56,2,844,635,209,0,133,1118,821,297,0,86,409,115,444900,244756652020,1474522847639,0.482758620689655,0.103448275862069,28.97265468,5.004620682,0.383564846149458,0.112875520219506,3.01724724518424e-07,73053.0648505282,899.827586206897,0.334517244172414,0.0104758953339075,0.25927018083361,0.15366275228944,0.126916557851767,0.449712294983844,NA,0.000146100346826253,0.00450663075255114,0.00160260737344797,0.00163857061168802,0.00285457387457856,0.252755675483493,0.124189705685653,668896,0,1488421,1708344,0,2837540,0,0,0,0,6792821,11787678
"3","AL-500","Birmingham/Jefferson, St. Clair, Shelby Counties CoC","Largely Suburban CoC","Sheltered and Unsheltered Count","01","Alabama","AL",911,89,50,151,174,192,170,85,309,585,13,1,3,0,0,0,886,25,3,1,569,0,308,3,19,80,228,126,785,48,6,516,436,70,10,395,563,473,80,10,0,1376,164,1278404,327352206,12950322388,0.571428571428571,0,6.209462647,3.288897517,0.364063316250023,0.141372952927805,9.87159980808348e-05,57401.72127121,6753.42857142857,0.426216381142857,0.000396304058283744,0.146738785910054,0.0325193279940426,0.0417324480802407,0.456412057723049,0.00252050959340631,0.000491237635267099,0.00746477632954997,0.00396666438980713,0.00735057175606694,0.00133995201452123,0.227205171482912,0.16452780206624,18486616,20902921,5662199,164408484,5837417,1249069,1449779,7021825,108462469,62448496,61407982,292928773
"4","AL-501","Mobile City & County/Baldwin County CoC","Other Largely Urban CoC","Sheltered and Unsheltered Count","01","Alabama","AL",675,155,20,96,113,112,127,52,290,383,1,1,0,0,0,0,648,27,10,6,398,0,222,8,19,83,120,234,441,11,4,324,167,157,0,351,445,246,199,0,10,242,120,632266,2206898517,7301789038,0.5,0,1.734211357,1.400172128,0.343749308152376,0.148657757561291,8.65905597531726e-05,53813.2117004552,7421,0.497670696,0.00134658256772614,0.197510196720557,0.027990080791303,0.0440101523165298,0.476173003564794,0.0048478193150889,0.00100274221683595,0.0100052826060203,0.00463570706755068,0.00447912730649916,0.00124156637049122,0.228030607626803,0.176961911901505,7128370,8054879,4642542,116334797,3253864,1914568,563344,0,19714253,19441168,27416195,92129183
"5","AL-502","Florence/Northwest Alabama CoC","Largely Rural CoC","Sheltered and Unsheltered Count","01","Alabama","AL",210,50,13,47,42,32,20,6,108,102,0,0,0,0,0,0,192,18,0,2,42,0,165,0,1,6,0,74,136,17,4,156,97,59,0,54,211,125,86,0,0,0,35,265913,366041044,10207020632,0.666666666666667,0,5.902453718,1.3849723993,0.173752317388958,0.15665438554267,2.60519704610312e-05,45809.8846352002,2926.66666666667,0.4045972965,0.000487276131625877,0.18940770637007,0.0796724042484948,0.075587643642996,0.4883852992875,0.00141903178338968,0.000146664561491917,0.00391481407616401,0.00688195021921832,0.00897285943820723,0.00121092219123924,0.210196568104455,0.195985152954421,813711,690980,451483,11692831,0,673090,0,0,17897466,13987254,19623237,54137221
"6","AL-503","Huntsville/North Alabama CoC","Other Largely Urban CoC","Sheltered and Unsheltered Count","01","Alabama","AL",621,86,45,105,111,119,119,36,211,405,0,0,5,0,0,0,586,35,7,4,257,2,308,2,10,22,71,113,508,59,0,376,364,12,0,245,407,377,30,0,0,153,4,583959,192380403,5036681653,0,0,2.573255775,1.934473387,0.314820047244142,0.123450090208319,0.000115941216902636,63598.6294380256,7845.33333333333,0.41171581,0.00139431215160314,0.0866300383037332,0.0175500153491701,0.0244113085540475,0.432609138325615,0.00523384628553888,0.000352764338777209,0.00388554690282194,0.00244023946238691,0.00439585654174351,0.00102404490630507,0.221782693465834,0.155541741796479,1534203,3623065,1033200,40686095,1706163,317130,0,0,21599617,17748783,15232812,62794973
"7","AL-504","Montgomery City & County CoC","Other Largely Urban CoC","Sheltered and Unsheltered Count","01","Alabama","AL",340,62,10,41,64,65,46,52,129,209,1,1,0,0,0,0,326,14,2,0,221,0,104,0,7,38,60,94,246,8,0,199,145,54,0,141,228,169,59,0,0,154,24,383725,192460420,8643375119,0.4,0.4,4.79382829,1.757223306,0.529532868367592,0.168897607976353,4.43952732256743e-05,54082.6541846374,4636.6,0.549094671,0.0008777698625534,0.141256201425604,0.0428110934067731,0.0417227708004561,0.450671705398056,0.00242397418833592,0.000377874707316438,0.00992377356130562,0.00227506656923578,0.00361717368644733,0.000964232004292136,0.232025539054617,0.152963711011657,3992053,3334005,1511158,51964335,1956825,257655,293015,8112463,12778905,8847650,63392277,104476006
"8","AL-506","Tuscaloosa City & County CoC","Other Largely Urban CoC","Sheltered-Only Count","01","Alabama","AL",86,13,8,15,15,18,6,11,25,61,0,0,0,0,0,0,85,1,0,0,53,0,15,0,0,7,5,18,68,7,0,69,56,13,0,17,73,65,8,0,0,285,29,208854,78703449,3420980041,0,0,0.933255464,0.689097764,0.389516121,0.172146282,6.10509261956843e-05,54283,10544,0.507376396,0.000682612,0.185414145,0.022001984,0.013486846,0.439153667,0.005117657,0.000201097,0.008168386,0.005420054,0.006262748,0.001086884,0.209557873,0.132700355,365846,1644018,239026,27008879,1052427,708,0,0,11325670,10216033,15938152,40781880
"9","AL-507","Alabama Balance of State CoC","Largely Rural CoC","Sheltered and Unsheltered Count","01","Alabama","AL",1291,280,109,222,220,223,170,67,661,621,4,0,0,4,1,0,1171,120,11,2,651,0,530,0,82,35,284,473,818,12,8,153,34,69,50,1138,166,135,31,0,0,0,7,1540065,1218497142,83624873679,0.86046511627907,0.418604651162791,42.31145415,8.829028304,0.327055026884505,0.190889202408428,1.84163506890503e-05,45035.54573281,2170.67441860465,0.467690706906977,0.00253770812271613,0.2015611123907,0.0616222340176057,0.0594898855950288,0.479657676916553,0.00184921451731187,0.000217523216490213,0.00518030082786636,0.00463811591893005,0.00692957768403087,0.00133111264386373,0.220814705914174,0.179121011181784,0,2920594,1972879,120767840,0,231073,0,0,82513853,70086292,78484511,236209202
"10","AR-500","Little Rock/Central Arkansas CoC","Other Largely Urban CoC","Sheltered-Only Count","05","Arkansas","AR",1016,160,88,201,200,147,125,95,446,563,3,4,0,0,0,0,986,30,2,3,248,0,242,0,27,75,694,481,535,42,9,552,410,142,0,464,705,469,236,0,0,402,0,595369,300301974,7513163983,0.25,0,3.631276496,1.999397808,0.373363410022131,0.137344216898989,7.92434454175549e-05,56405.0767607988,6830.5,0.36895610225,0.00133293152611018,0.115929578858585,0.0341265903939372,0.0300941562183973,0.45164595386724,0.00399613722683915,0.000297294677512601,0.00980736298013501,0.00438719543689544,0.00137729743318681,0.00100945762682975,0.235022313789084,0.158699898458328,5387549,4804506,3265484,89120062,2468998,2131037,0,5669747,5961246,6544732,31568048,67801347
"11","AR-501","Fayetteville/Northwest Arkansas CoC","Other Largely Urban CoC","Sheltered and Unsheltered Count","05","Arkansas","AR",412,55,28,64,78,79,80,28,173,237,0,1,0,0,1,0,386,26,13,2,36,0,284,10,41,50,150,81,331,16,5,219,176,43,0,193,237,195,42,0,0,180,68,554163,152950853,8426125325,0.5,0,3.751351364,1.698890982,0.291527943899272,0.123221999693583,6.57672392262929e-05,61311.7810391527,6077.5,0.3697503035,0.00407474623197263,0.0867397408782997,0.025531665561075,0.0381092579351833,0.406799082360419,0.00716651753429948,0.000494439268431851,0.00207881109352663,0.00185144088044312,0.000813839849842014,0.000784967297571292,0.251308730479922,0.133455319285066,870240,4511169,941274,13439000,1039815,55690,0,0,2591808,1923036,7000098,18933130
"12","AR-503","Arkansas Balance of State CoC","Largely Rural CoC","Sheltered-Only Count","05","Arkansas","AR",820,63,92,142,192,163,129,39,267,547,2,0,0,4,0,0,811,9,3,8,60,0,253,0,14,60,130,115,705,60,2,338,272,66,0,482,668,564,104,0,0,0,200,1306808,1765207344,78671757563,0.91304347826087,0.260869565217391,45.4314562,11.769408703,0.221495430003365,0.177279195599416,1.6610891131465e-05,44984.8984594523,2251.95652173913,0.457547621130435,0.00230454828749765,0.178508359861078,0.0515378241793163,0.0515713824605451,0.474060458727662,NA,0.000613709071850647,0.00797592304804302,0.00369679403842569,0.00531524132224015,0.00115778286818951,0.226591052328069,0.184946067056069,159291,4242134,5152693,118057081,0,4546260,0,0,40884253,44009394,37693137,136687162
"13","AR-505","Southeast Arkansas CoC","Largely Rural CoC","Sheltered and Unsheltered Count","05","Arkansas","AR",102,3,8,28,25,16,14,8,50,52,0,0,0,0,0,0,102,0,0,0,26,0,74,0,2,1,0,7,95,0,0,70,55,15,0,32,118,95,23,0,0,12,0,295073,732358066,29186720267,0.933333333333333,0.333333333333333,14.856728875,4.516516261,0.425596377865352,0.195946966728498,1.0109837532298e-05,42781.4441883873,1812.86666666667,0.412428892866667,0.00583928931781374,0.22652924939798,0.0489365776523877,0.0659718449398589,0.502448546723807,0.000708097973464194,0.000850637069589559,0.00743205904851681,0.006374693607043,0.00493098314645528,0.00145048843520756,0.222612709272058,0.184144262741989,455960,1315613,1345460,24853266,510971,396328,0,0,8801598,7888055,17180760,37894745
"14","AR-508","Fort Smith CoC","Largely Rural CoC","Sheltered and Unsheltered Count","05","Arkansas","AR",433,47,9,78,108,78,89,24,178,251,3,1,0,0,0,0,405,28,19,16,56,0,286,6,24,40,120,64,369,7,0,270,201,69,0,163,308,256,52,0,8,0,40,260460,171156490,10862975929,0.833333333333333,0,5.847368132,1.597079702,0.222287491502346,0.177874236923639,2.39768551180042e-05,46255.9994778469,3250,0.456793862166667,0.00274327843921989,0.121809251977277,0.0474819589459879,0.0450016603154342,0.451831375255636,0.0020095381637142,0,0.00794747774484758,0.00341703151690087,0.00231513468721493,0.00101359140496429,0.237437610568686,0.175270674793581,50000,1661982,0,21290451,941280,0,0,0,3841013,3670343,11264809,21429427
"15","AZ-500","Arizona Balance of State CoC","Largely Rural CoC","Sheltered and Unsheltered Count","04","Arizona","AZ",3160,386,160,482,603,596,599,334,1186,1947,11,10,0,2,3,1,2470,690,425,12,181,5,2117,22,148,373,907,687,2473,107,11,1226,962,244,20,1934,1644,1327,295,22,125,1728,611,1722809,786754409,246734164025,0.692307692307692,0.153846153846154,12.916286035,6.725351662,0.451372728830874,0.166784352546974,6.98245014754195e-06,52317.448151246,2787.23076923077,0.393893945230769,0.00613089120995877,0.21661065785583,0.0389506788049511,0.0353072115191643,0.471020873457478,0.00435141714292995,0.000138146506017208,0.00232295053717679,0.000874153647131516,0.00048351273380218,0.000987341001670528,0.216080250301097,0.223929640574456,0,8908809,1230648,79095973,2010983,0,154171,643013,6573310,4962837,14587709,39071480
"16","AZ-501","Tucson/Pima County CoC","Major City CoC","Sheltered and Unsheltered Count","04","Arizona","AZ",2142,194,167,433,543,356,317,132,685,1424,8,8,9,1,1,6,1333,809,144,9,248,4,1163,14,125,181,798,321,1821,140,17,861,660,185,16,1281,1051,742,290,19,0,1468,374,1038476,5112015,23798578892,0,0,0.957756481,0.911580331,0.488535123,0.159437086,4.36360509050853e-05,55023,16398,0.510438505,0.002961488,0.112888463,0.010864872,0.018154893,0.446072899,0.003285669,0.000617251,0.004577862,0.001099688,0.001614866,0.001245094,0.208345691,0.197712802,20728807,16296071,4399125,1e+08,7664604,590651,1450679,3393984,15865504,7199208,8387861,85976494
"17","AZ-502","Phoenix, Mesa/Maricopa County CoC","Major City CoC","Sheltered and Unsheltered Count","04","Arizona","AZ",9435,1324,690,1874,2024,1561,1383,579,3413,5954,30,13,19,0,5,1,6880,2555,565,58,2707,29,4577,69,296,440,2135,2089,7346,574,21,5359,4174,1151,34,4076,6189,4898,1246,45,1145,6164,1663,4412779,62124304,23833110968,0,0,0.866974996,0.976953414,0.454448546,0.127186641,0.000185153293916388,67799,37785,0.474288515,0.0029478,0.095757356,0.006360002,0.011625932,0.400174131,0.005028472,0.000227748,0.002621251,0.001422006,0.000381846,0.00074035,0.238175988,0.152080129,75018464,65777807,10865494,3.61e+08,26797655,3672544,4747996,11385347,17469390,10643392,1.08e+08,334378089
"18","CA-500","San Jose/Santa Clara City & County CoC","Major City CoC","Sheltered-Only Count","06","California","CA",10394,868,1074,1432,2035,2362,1705,918,3776,6414,105,65,13,21,0,0,5747,4647,201,162,402,4,1577,42,170,450,4137,1375,9019,772,49,2993,2691,298,4,7401,3337,2938,379,20,1964,5000,1675,1924379,33595850,3343892723,0,0,0.756275338,0.986811165,0.693592582,0.071701641,0.000575490650990002,130890,60144,0.452764679,0.007237366,0.050205114,0.004797457,0.012876441,0.347590573,0.003290326,0.000104449,0.008933791,0.002799864,0,0.00130016,0.219285286,0.135102285,63175580,27843185,6260420,9.65e+08,10874827,1225786,1490412,4776371,38565,17262,1.69e+08,284702408
"19","CA-501","San Francisco CoC","Major City CoC","Sheltered and Unsheltered Count","06","California","CA",8323,618,1137,1676,2201,1435,850,406,2700,4878,208,199,167,31,79,61,5500,2823,363,373,2104,102,3061,242,671,587,2989,1103,7220,1118,39,3969,3644,325,0,4354,4370,3922,448,0,9253,5758,1372,874784,479608103,121045788,0,0,0.004485862,1,0.601674242,0.101188008,0.00722688508583215,119136,237819,0.367147478,0.009598471,0.091497267,0.028250458,0.046859987,0.4556702,0.003709054,0.001172861,0.014764788,0.009067381,0.000378379,0.001297463,0.134162262,0.157932701,97023019,37040938,18428488,7.99e+08,10832928,2773389,3190089,23459597,19243063,15686934,4.45e+08,672678445
"20","CA-502","Oakland, Berkeley/Alameda County CoC","Major City CoC","Sheltered and Unsheltered Count","06","California","CA",9450,425,429,1696,2439,2069,1733,659,2897,6298,33,31,114,34,9,34,7321,2129,258,453,3912,46,2810,129,382,524,3832,699,8751,397,30,3107,2271,825,11,6343,3472,2440,1018,14,166,5129,1196,1661584,216909647,1910010507,0,0,0.624743382,0.995094371,0.693916769,0.092989465,0.000869934481465133,104888,54445,0.483595357,0.006118561,0.053804516,0.007768664,0.015814661,0.364571999,0.002880533,0.000627714,0.013076077,0.003617632,0.000947891,0.001210893,0.205581541,0.139135909,80630064,37560159,13444959,1.14e+09,14410179,3666124,2447697,8675629,22979771,12678933,2.72e+08,468493515
"21","CA-503","Sacramento City & County CoC","Major City CoC","Sheltered and Unsheltered Count","06","California","CA",6615,665,438,1181,1693,1331,997,310,2249,4037,8,23,107,13,4,174,5626,989,167,141,2293,27,3030,76,422,318,1574,1080,5535,360,54,2671,2174,497,0,3944,3261,2490,771,0,657,4323,930,1537948,75323438,2500063008,0,0,0.669979765,0.976007773,0.563076905,0.138526181,0.000615163695906339,70684,35813,0.545999775,0.003528645,0.044329361,0.00435666,0.014120744,0.372519747,0.002108767,8.06269e-05,0.007327296,0.003004653,0.00125882,0.001030594,0.236582771,0.140784344,59232328,25120609,1881571,3.24e+08,12959543,1061848,1822443,14902784,19846715,20342645,65079025,222249511
"22","CA-504","Santa Rosa, Petaluma/Sonoma County CoC","Other Largely Urban CoC","Sheltered and Unsheltered Count","06","California","CA",2522,131,150,359,528,526,524,304,923,1565,9,4,8,1,4,8,1749,773,244,63,208,15,1347,34,233,162,606,198,2324,151,5,945,748,197,0,1577,1244,1001,243,0,152,1518,410,496801,497303747,4080091725,0,0,0.915584243,0.863677554,0.37478588,0.087967235,0.000121762213568863,86173,14586,0.546872965,0.004307836,0.08494029,0.010731339,0.019467501,0.415655363,0.002424886,0.000658211,0.008796279,0.002504021,0,0.001501607,0.196458944,0.196177141,7520447,6790369,3501637,1.41e+08,3311548,222478,306553,1000007,0,0,30074167,52727206
"23","CA-505","Contra Costa County CoC","Largely Suburban CoC","Sheltered and Unsheltered Count","06","California","CA",2843,190,210,345,641,618,608,231,1092,1721,18,6,2,0,0,4,2240,603,93,30,949,5,1203,29,105,146,1627,328,2515,155,16,884,685,199,0,1959,1036,763,273,0,422,1569,344,1147788,225364427,1856752855,0,0,0.575352948,0.989998516,0.573845519,0.081718082,0.000618169508617775,103997,26193,0.524506486,0.003991976,0.040398297,0.006483291,0.012884667,0.361623401,0.001983773,0.000649075,0.008042426,0.002226892,0.00118663,0.000766692,0.226689075,0.158198204,30354767,16087852,11217632,4.4e+08,7744635,619754,797277,0,18163703,10711996,97264487,192962103
"24","CA-506","Salinas/Monterey, San Benito Counties CoC","Largely Rural CoC","Sheltered and Unsheltered Count","06","California","CA",3057,259,266,561,655,616,542,158,1119,1865,39,13,1,6,0,14,1286,1771,106,97,311,35,1000,52,205,167,1099,435,2622,257,3,678,533,145,0,2379,875,677,198,0,0,494,120,494524,1272526150,12096200782,0,0,1.964788338,1.630115639,0.700319903315028,0.117001448481572,4.08825885840029e-05,78046.3117806214,9530.5,0.521366719,0.0174545564555163,0.0914383246986869,0.00672240924703958,0.00817134562818185,0.325818362573533,0.00163383421259231,0,0.00710177853538959,0.00198574753154549,0,0.00126586336745638,0.261249201453768,0.1352270064279,8480231,7689032,0,1.48e+08,1723248,931216,361167,0,0,0,11628573,30813467
"25","CA-507","Marin County CoC","Largely Suburban CoC","Sheltered and Unsheltered Count","06","California","CA",1090,111,124,201,211,190,181,72,411,660,5,5,2,2,2,3,774,316,33,36,200,11,515,19,48,44,217,204,886,108,3,302,186,116,0,788,312,205,107,0,248,751,176,259441,797077336,1347890152,0,0,0.836484426,0.939871379,0.293639016,0.069035077,0.000192479334918384,121671,21252,0.505370157,0.002793136,0.066052939,0.007701279,0.018135845,0.432926947,0.000936676,0.000235121,0.008263921,0.00275978,0.001904094,0.001746062,0.200330711,0.222917735,10112769,3219742,2035011,1.27e+08,1701123,1465634,0,0,8812731,3310742,51222280,81880032
"26","CA-508","Watsonville/Santa Cruz City & County CoC","Largely Suburban CoC","Sheltered and Unsheltered Count","06","California","CA",1850,96,208,316,471,278,294,187,608,1187,15,10,16,9,5,0,1106,744,68,48,99,9,1023,15,43,72,710,171,1679,194,5,365,300,65,0,1485,430,338,92,0,1132,650,444,273170,419720203,1152818088,0,0,0.833099563,0.867068349,0.43109053,0.119132842,0.000236958461047325,89986,14985,0.55476343,0.01012724,0.090191743,0.006860772,0.015044557,0.387374163,0.001178273,0.000131786,0.01638174,0.004118315,0,0.001039646,0.19140462,0.164414101,10071253,2521827,4051983,2.33e+08,914269,1127583,0,0,0,0,41976489,60663404
"27","CA-509","Mendocino County CoC","Largely Rural CoC","Sheltered and Unsheltered Count","06","California","CA",774,51,62,104,194,181,121,61,275,471,7,2,19,0,0,0,719,55,291,0,7,0,438,4,15,19,154,92,682,54,8,222,147,75,0,552,257,140,117,0,56,594,7,87110,961786019,9082586851,1,0,0.992193636,0.515354636,0.358891057,0.162685852,9.59087993641471e-06,52915,3088,0.576468671,0.001697693,0.164163038,0.024563292,0.030092479,0.469222822,0.001479471,0.000252554,0.010136609,0.005131443,0,0.001492366,0.213431294,0.220801286,3820512,0,231767,18011911,0,113264,0,0,0,0,6244955,10410498
"28","CA-510","Turlock, Modesto/Stanislaus County CoC","Largely Suburban CoC","Sheltered and Unsheltered Count","06","California","CA",2052,153,115,340,503,411,409,121,721,1308,1,10,9,1,0,2,1440,612,70,30,223,4,1045,26,195,79,554,265,1787,89,14,1072,880,192,0,980,1309,1076,233,0,424,730,124,546235,46378767,3875010966,1,0,0.931095825,0.918294814,0.59182037,0.134874681,0.00014096347205021,62873,16696,0.520581042,0.006080331,0.040677352,0.007687707,0.017948957,0.333627468,0.000883126,0.000144626,0.007851932,0.001942387,0.001349236,0.001012385,0.271269692,0.13040175,8031286,9566756,859896,96909785,5382138,0,736162,0,4516050,5335204,13351412,47778904
"29","CA-511","Stockton/San Joaquin County CoC","Largely Suburban CoC","Sheltered and Unsheltered Count","06","California","CA",4732,313,303,664,1201,952,921,378,1798,2830,37,7,33,1,10,16,3092,1640,195,111,947,5,2027,89,273,249,1087,454,4278,305,13,1263,1044,219,0,3469,1772,1412,360,0,532,807,412,751615,89000661,3605878834,1,0,0.88327343,0.922486599,0.692852059,0.137065684,0.000208441557412575,68628,17094,0.541302613,0.004418154,0.057505955,0.007483931,0.019437828,0.326220206,0.002832721,0.00022618,0.005469556,0.001981067,0.001319825,0.00088077,0.270976497,0.127657112,13403726,13279082,353301,1.06e+08,6149545,0,1046148,0,10225241,9282693,44116564,97856300
"30","CA-512","Daly City/San Mateo County CoC","Largely Suburban CoC","Sheltered and Unsheltered Count","06","California","CA",2130,325,107,345,430,367,378,178,667,1432,21,0,10,0,0,0,952,1178,56,56,265,9,809,106,41,42,712,563,1567,71,17,985,837,148,0,1145,1112,954,158,0,671,1232,439,765623,757162988,1161882953,0,0,0.685512432,0.982948347,0.614468217,0.061797546,0.000658950196337032,128091,48020,0.481168959,0.008133632,0.055263384,0.004419636,0.012218571,0.36409042,0.001566049,0.000237715,0.005554953,0.001910862,0.00010449,0.000990043,0.204760045,0.161720586,28293094,10942528,16449310,2.5e+08,4446253,566182,455083,0,32885,826827,78602126,140614288
"31","CA-513","Visalia/Kings, Tulare Counties CoC","Largely Suburban CoC","Sheltered and Unsheltered Count","06","California","CA",1672,145,101,266,450,350,264,96,623,1033,4,1,5,0,0,6,856,816,74,13,153,4,802,11,66,82,468,232,1440,83,9,331,223,108,0,1341,462,313,149,0,419,315,188,615045,40425153,16096442781,1,0,1.953121845,1.690300729,0.71308115667882,0.203495167114333,3.82099951130811e-05,54750.315846808,8296.5,0.4821335875,0.00619521994406992,0.0697645992161686,0.0140416115375054,0.0275411878212163,0.31923842928402,0.00266641414435529,0.000260143542757034,0.00461592271854092,0.00122592704868749,0.0015901276272224,0.000959279434675512,0.29867733243996,0.111195115466998,6808716,6424443,1839537,64935366,1085767,0,0,0,6332957,7514382,10523191,40528993
"32","CA-514","Fresno City & County/Madera County CoC","Major City CoC","Sheltered-Only Count","06","California","CA",4305,269,184,693,988,1074,818,279,1465,2812,12,3,7,6,0,0,2482,1823,54,49,286,1,769,6,65,212,1701,447,3858,163,23,1547,1376,171,0,2758,1716,1531,185,0,54,1433,599,1146129,178881729,20966730844,1,0,1.953923238,1.501275828,0.706596726542334,0.205493406235296,5.46641728998007e-05,57764.0561716875,13985.5,0.532491375,0.0132536857679893,0.0762328801396248,0.0108890485076235,0.024325713221229,0.334898602006785,0.00258018168332099,0.000243427990252406,0.0105878138307102,0.00285831672359132,0.00102344543837474,0.000944047264292239,0.28284076220103,0.124756462461356,18151173,23277428,3971958,242101409,10074470,665847,1768159,2580393,11054479,9018589,40147565,120710061
"33","CA-515","Roseville, Rocklin/Placer County CoC","Largely Suburban CoC","Sheltered and Unsheltered Count","06","California","CA",702,70,33,100,142,153,132,72,266,424,7,4,0,0,0,1,606,96,14,14,45,3,499,8,49,45,261,115,587,29,0,336,238,98,0,366,354,251,103,0,20,180,86,391799,246435971,3644336873,0,0,0.903547375,0.854187513,0.284668925,0.071406144,0.000107508996465926,93677,17901,0.518667323,0.000679413,0.122643498,0.00399198,0.013041672,0.423898479,0.00522907,0.000676367,0.0023558,0.001087292,0,0.001135786,0.222348704,0.195554353,3041566,1990082,1561398,23811123,0,0,0,0,0,0,7702097,14295143
"34","CA-516","Redding/Shasta, Siskiyou, Lassen, Plumas, Del Norte, Modoc,
Sierra Counties CoC","Largely Rural CoC","Sheltered-Only Count","06","California","CA",2404,215,162,423,582,443,439,140,913,1473,6,7,3,2,0,0,2306,98,118,2,55,1,665,7,72,144,746,375,2029,137,9,970,591,378,1,1434,1453,1140,313,0,237,141,168,311670,2246917501,59715940471,0.428571428571429,0,6.96342826,1.803155894,0.242288317634103,0.151974957398556,5.21920943623683e-06,54918.7342670132,2011.42857142857,0.497489079857143,0.00188811244650639,0.186730028042731,0.0166803699025444,0.0239251799354574,0.482077197101585,0.00144963143003176,0.00108127207528796,0.00925337679021722,0.00230692700214971,0.000308018109667276,0.00148233730967369,0.204597811789874,0.210838386679016,493988,1473559,5045460,48553275,908997,281942,0,0,676799,750450,8679920,18311115
"35","CA-517","Napa City & County CoC","Other Largely Urban CoC","Sheltered and Unsheltered Count","06","California","CA",414,25,15,66,108,79,88,33,140,242,0,32,0,0,0,0,278,136,33,4,13,1,279,4,10,16,211,45,369,11,0,211,184,27,0,203,266,230,36,0,143,90,97,138572,104444864,1947606240,0,0,0.955691003,0.852744912,0.481735127,0.075131219,7.11499055373739e-05,92219,14952,0.525621891,0.005094464,0.123872856,0.010498925,0.027629701,0.399351961,0.002030745,0.000555668,0.007223682,0.002677309,0,0.001407211,0.206066161,0.192030136,1604648,1188801,1113045,30785658,0,177892,0,0,0,0,7424941,11509327
"36","CA-518","Vallejo/Solano County CoC","Largely Suburban CoC","Sheltered and Unsheltered Count","06","California","CA",1725,41,69,311,564,373,274,93,466,1191,0,5,38,12,2,11,1409,316,40,31,458,7,845,31,61,86,504,72,1653,63,4,289,169,120,0,1436,339,183,156,0,15,384,82,444538,218615209,2128287124,0,0,0.873296784,0.955436822,0.628094786,0.090827962,0.000208871253782955,84638,15040,0.533569229,0.003498886,0.049442017,0.004966835,0.011555751,0.357798433,0.002060187,0.000267694,0.008363739,0.002676937,0.000168714,0.000798582,0.221859549,0.157394868,2553497,4711957,942375,1.18e+08,1192344,118622,0,0,595945,266589,38552017,48933346
"37","CA-519","Chico, Paradise/Butte County CoC","Other Largely Urban CoC","Sheltered-Only Count","06","California","CA",1381,108,68,221,360,282,248,94,497,867,2,9,5,1,0,0,1215,166,34,12,50,0,618,5,57,79,513,174,1207,60,5,801,641,160,0,580,818,589,229,0,142,287,479,223344,105260548,4238488704,0,0,0.957224836,0.789833296,0.288433985,0.182210629,5.26942539186722e-05,54972,9269,0.578233238,0.001490242,0.107366337,0.009577729,0.015952239,0.420732144,0.003415661,0.000438785,0.009147324,0.002220789,0.001544702,0.000814886,0.200878466,0.182064439,1004719,2009650,1420945,35822213,1188359,47095,0,0,2643897,2490074,5455762,16260501
"38","CA-520","Merced City & County CoC","Largely Suburban CoC","Sheltered and Unsheltered Count","06","California","CA",837,57,39,111,231,209,143,47,290,545,2,0,0,0,0,0,553,284,21,11,124,2,269,8,124,23,288,99,738,33,4,409,311,98,0,428,466,352,114,0,68,40,326,273661,105277636,5019407132,1,0,0.96908244,0.832010441,0.731101618,0.187528761,5.4520582372237e-05,56330,7933,0.483279579,0.006248001,0.062117175,0.015826326,0.030106932,0.316782443,0.001609564,0,0.008057414,0.001198563,0.0015384,0.000884306,0.294996364,0.112420111,1617589,2134284,0,45706104,1176392,0,0,0,3316368,2970202,6547028,17761863
"39","CA-521","Davis, Woodland/Yolo County CoC","Largely Suburban CoC","Sheltered and Unsheltered Count","06","California","CA",942,51,29,166,222,202,183,89,339,599,4,0,0,0,0,0,680,262,30,13,124,0,563,15,13,23,385,83,859,18,2,309,289,20,0,633,307,278,29,0,66,300,310,218774,22888380,2623627933,0,0,0.955093964,0.919520524,0.541727993,0.185921973,8.33860614335821e-05,73746,20512,0.522505883,0.003752647,0.050289569,0.006656908,0.012842869,0.359114886,0.002685726,0.000635359,0.006710121,0.00261457,0.00192436,0.000905044,0.210157514,0.124850302,1026417,3436440,1419139,36039552,876880,256317,0,0,2301316,2635048,10923238,22874795
"40","CA-522","Humboldt County CoC","Largely Rural CoC","Sheltered and Unsheltered Count","06","California","CA",1573,142,96,281,424,365,187,78,508,1043,2,2,18,0,0,0,1459,114,217,18,26,6,1143,10,80,87,551,223,1350,92,2,379,329,50,0,1194,426,350,76,0,60,436,293,136101,1254150035,9241141220,0,0,0.988669759,0.684654448,0.266272841,0.197302058,1.47277264528157e-05,49235,5118,0.619936403,0.002291205,0.140993286,0.031141374,0.026554291,0.462913572,0.001895494,0.00014695,0.006091065,0.003585572,0.001432759,0.001219682,0.190630488,0.178448358,1209974,0,418792,17122657,0,0,0,0,966237,1583532,7870460,12048995
"41","CA-523","Colusa, Glenn, Trinity Counties CoC","Largely Rural CoC","Sheltered and Unsheltered Count","06","California","CA",248,40,7,34,58,53,42,14,95,152,1,0,0,0,0,0,191,57,16,1,5,0,186,1,7,13,68,68,180,3,4,119,95,24,0,129,140,115,25,0,0,0,0,62092,121797458,14617670825,1,0,2.990180942,1.160855272,0.487003156855456,0.156595591339673,4.24773554852573e-06,52362.7127005089,1663,0.479029090666667,0.00230218412519879,0.17046500112443,0.0276924988257908,0.0260587251683148,0.455098885678847,0.00162393385585905,0.0009502029520067,0.00215808805483798,0.00301166039908523,0,0.00215808818364685,0.249871158782967,0.181053920073391,50001,0,816520,0,0,0,0,0,0,0,2968213,3834734
"42","CA-524","Yuba City & County/Sutter County CoC","Largely Suburban CoC","Sheltered-Only Count","06","California","CA",928,89,32,167,233,196,161,50,342,580,0,3,0,3,0,0,857,71,7,3,31,0,150,1,36,51,403,166,762,17,3,246,238,8,0,682,307,284,23,0,66,179,347,173839,45895634,3197863370,0.5,0,1.945394128,1.55421992,0.508257640619752,0.139806881690231,5.43609841592451e-05,61683.4042188462,7954,0.4974930245,0.00369388782645467,0.0635610697056028,0.00997868825662826,0.0195544628731412,0.362553857408533,0.00187991159686837,0,0.00630468414822336,0.00334217281437422,0,0.00101818369723135,0.266533976918258,0.140238956644171,50000,1196344,0,33188088,0,0,0,0,440491,1193007,7410141,10289983
"43","CA-525","El Dorado County CoC","Largely Rural CoC","Sheltered and Unsheltered Count","06","California","CA",284,30,19,41,59,53,59,23,95,186,2,1,0,0,0,0,240,44,18,4,26,1,190,3,14,12,60,32,252,27,0,149,91,58,0,135,198,117,81,0,139,29,50,190345,203364019,4423288012,0,0,0.960008257,0.633276669,0.228143634,0.084914862,4.30324680381676e-05,83710,5473,0.515171269,0.002476806,0.201935153,0.005099979,0.008496325,0.481068586,0.002342869,0.000546376,0.001665397,0.00165489,0,0.001213586,0.199169928,0.21234075,273182,0,1765982,8884047,0,217545,0,0,0,0,5145611,7402320
"44","CA-526","Amador, Calaveras, Mariposa, Tuolumne Counties CoC","Largely Rural CoC","Sheltered and Unsheltered Count","06","California","CA",719,73,30,133,163,154,107,59,281,406,2,2,0,0,0,28,629,90,16,3,14,0,587,6,78,27,92,134,585,7,6,194,168,26,0,525,267,240,27,0,48,49,80,156317,248116311,13686414654,0.25,0,3.968875531,1.009585204,0.209644504244011,0.108990333463545,1.14213257417504e-05,62537.6643359327,2260,0.556956345,0.000694357039685761,0.292337091195667,0.0143193981468554,0.0255078914409181,0.56576699904171,0.00163261115899102,0,0.00243735520892801,0.00153534157557399,0,0.00141379372045267,0.162554296546722,0.27103258125344,832981,0,0,0,0,68874,0,0,0,0,1214321,2116176
"45","CA-527","Tehama County CoC","Largely Rural CoC","Sheltered-Only Count","06","California","CA",324,34,14,53,81,67,56,19,127,196,0,0,1,0,0,0,300,24,2,1,4,0,61,0,6,22,106,51,273,14,0,77,22,55,0,247,84,27,57,0,0,18,164,64176,33767224,7638229338,1,0,0.995576265,0.429673852,0.325713662,0.188183669,8.40194725245104e-06,48895,2155,0.577421095,0.001946393,0.107067854,0.020566297,0.020566297,0.430347794,0.001497515,0.000623286,0.005422588,0.004051359,0,0.000638868,0.238858763,0.198002368,160656,0,91967,0,0,49555,0,0,0,0,1337062,1639240
"46","CA-529","Lake County CoC","Largely Rural CoC","Sheltered and Unsheltered Count","06","California","CA",604,66,41,80,157,110,104,46,238,359,0,2,3,0,1,1,520,84,135,0,19,0,377,7,26,20,169,135,469,27,1,169,103,66,0,435,213,150,63,0,303,15,77,64276,189100323,3250647503,1,0,0.980218251,0.59212476,0.307828739,0.175438318,1.9773291302942e-05,49254,2198,0.530091349,0.007605457,0.260144444,0.017373901,0.025553267,0.536389943,0.001475064,0.000342274,0.002831539,0.003204929,0,0.000886801,0.21046736,0.228467857,97184,0,416934,3594851,0,97698,0,0,0,0,1684250,2296066
"47","CA-530","Alpine, Inyo, Mono Counties CoC","Largely Rural CoC","Sheltered and Unsheltered Count","06","California","CA",106,7,5,36,25,11,16,6,44,61,1,0,0,0,0,0,87,19,16,0,0,0,73,0,1,3,16,11,95,5,0,37,1,36,0,69,38,6,32,0,12,0,0,33484,304533384,36219700923,0.333333333333333,0,2.998228426,1.113058241,0.376328993171007,0.109330738809581,9.24469256971065e-07,62631.182355752,1786.66666666667,0.298969477666667,4.70916780119997e-05,0.466653543390881,0.02449018435399,0.0335838599308924,0.758571257974734,0.00162151770036435,0,0.000507705374507227,0,0,0.00415123602640067,0.20777087573459,0.200304623252658,50001,0,0,0,0,0,0,0,0,0,0,50001
"48","CA-531","Nevada County CoC","Largely Rural CoC","Sheltered and Unsheltered Count","06","California","CA",516,61,18,99,118,75,97,48,188,324,1,3,0,0,0,0,481,35,11,2,14,1,437,6,21,14,181,103,413,11,1,258,187,71,0,258,254,178,76,0,0,72,2,99417,41531993,2480587300,0,0,0.947543922,0.51795268,0.151885492,0.095095146,4.00780089457041e-05,68333,3797,0.569413746,0.002346213,0.240942399,0.006121881,0.016677488,0.542211091,0.002885695,0,0.004878441,0,0,0.001046099,0.170996912,0.274097991,434222,0,0,0,0,0,0,0,0,0,0,434222
"49","CA-600","Los Angeles City & County CoC","Other Largely Urban CoC","Sheltered and Unsheltered Count","06","California","CA",75308,6412,3167,14847,16431,15691,13652,5108,24397,49137,137,172,1379,31,19,36,43133,32175,1623,1247,23342,102,21777,369,2589,3411,31847,10983,64325,2485,375,22943,20401,2191,351,52365,28036,24130,3550,356,2194,29111,9728,10040682,1785003207,10515988166,0,0,0.664311169,0.991090481,0.740726775,0.141808623,0.000954801568954143,71358,92382,0.571036972,0.01378573,0.063848148,0.008198517,0.02981159,0.354536674,0.001731312,0.000439412,0.008297245,0.003594377,0.00093908,0.001044152,0.21697321,0.136458958,3.52e+08,2.2e+08,52209912,2.87e+09,1.16e+08,15267642,14878128,50312187,71599267,73256772,1.55e+09,2515523908
"50","CA-601","San Diego City and County CoC","Major City CoC","Sheltered and Unsheltered Count","06","California","CA",10605,965,839,1614,2309,2000,1984,894,3555,6919,31,35,57,0,3,5,6826,3779,268,205,1990,51,5287,166,439,865,3760,1563,9042,735,70,4495,3177,1258,60,6110,5740,3746,1921,73,1988,7287,2383,3323970,817287145,10904539456,0,0,0.827776112,0.956053627,0.55108951,0.109210354,0.000304824427791038,82426,36846,0.56331403,0.005070297,0.069784489,0.004675335,0.013164649,0.365685611,0.002456922,0.000176897,0.008734435,0.002473247,9.3262e-05,0.000689537,0.216081974,0.140716372,61933270,52736341,12784236,1.01e+09,26017718,2316655,3235745,11860863,2023151,1718503,2.44e+08,418626482
"51","CA-602","Santa Ana, Anaheim/Orange County CoC","Largely Suburban CoC","Sheltered and Unsheltered Count","06","California","CA",7322,691,308,1344,1624,1450,1395,510,2534,4717,15,7,40,3,2,4,4089,3233,230,282,572,43,4372,115,162,328,2477,1128,6194,233,25,3149,2522,627,0,4173,3871,3030,841,0,2082,2990,808,3170345,406263283,2053491982,0,0,0.338961188,0.997501717,0.601734196,0.101395585,0.00154387990203509,94441,66262,0.559014787,0.008371146,0.055612562,0.00340524,0.020420543,0.34735778,0.00253825,0,0.006406558,0.00138313,0,0.000569654,0.220075418,0.14788359,57904551,54468389,819725,7.76e+08,18896518,866466,2989493,9688976,0,0,3.47e+08,492634118
"52","CA-603","Santa Maria/Santa Barbara County CoC","Largely Suburban CoC","Sheltered and Unsheltered Count","06","California","CA",2119,220,93,315,421,353,401,316,715,1380,4,5,11,4,0,0,1233,886,65,49,118,6,1359,11,52,90,688,364,1755,78,12,787,696,91,0,1332,910,801,109,0,881,770,506,444895,2729215451,7080858282,0,0,0.963540694,0.944305255,0.560954832,0.128651376,6.28306601095169e-05,78925,15411,0.559100387,0.010255615,0.069094949,0.007293635,0.020562777,0.358100226,0.001767708,0.000251745,0.013920138,0.001350881,0.000388856,0.001225008,0.222612077,0.152890008,3644456,8662858,1066073,2.28e+08,3836294,56630,0,0,1261794,1575485,9415893,29519483
"53","CA-604","Bakersfield/Kern County CoC","Major City CoC","Sheltered and Unsheltered Count","06","California","CA",2669,146,147,595,744,488,406,143,883,1776,3,2,3,0,1,1,1613,1056,64,25,421,4,1375,23,73,93,788,216,2453,61,3,1006,848,158,0,1663,1155,948,207,0,186,1335,451,892458,78332288,21068705437,1,0,0.976796245,0.866471264,0.667765878,0.204284704,4.23594132382098e-05,54851,13978,0.546530089,0.007344017,0.08564438,0.019988034,0.031095097,0.335230341,0.002441016,0.000142304,0.003902705,0.001120501,0.000963631,0.00069359,0.289267394,0.109656701,13293568,17954509,1786799,65107523,7668570,317942,1471097,2011733,8488948,5432063,16124636,74549865
"54","CA-608","Riverside City & County CoC","Largely Suburban CoC","Sheltered-Only Count","06","California","CA",4249,465,293,802,931,746,686,326,1539,2684,8,10,4,3,0,1,2749,1500,29,12,424,0,822,27,23,266,997,756,3493,282,7,1808,1426,382,0,2441,1915,1467,448,0,0,2063,830,2437864,242807981,18671846195,0,0,0.905461964,0.945265147,0.65631922,0.125262576,0.000130563629034863,70732,18272,0.583518832,0.006572399,0.12857339,0.007960325,0.021386495,0.346641978,0.002846331,0.000419219,0.00330043,0.001035743,0,0.001465627,0.25178722,0.144542518,25350652,39619573,13475651,2.01e+08,10283329,795714,2106532,8520317,0,0,17807566,117959334
"55","CA-609","San Bernardino City & County CoC","Largely Suburban CoC","Sheltered and Unsheltered Count","06","California","CA",4255,311,165,773,1039,844,788,335,1514,2720,8,4,3,0,3,3,2760,1495,93,53,910,12,1828,20,136,246,1938,475,3780,166,10,1200,844,356,0,3055,1308,890,418,0,0,1649,1237,2162532,96418406,51976311092,1,0,0.970577389,0.946185325,0.724275988,0.14980888,4.16061077549778e-05,65761,26354,0.568514511,0.00585074,0.112681875,0.014702458,0.034985916,0.333579341,0.001818367,0.000514212,0.00447161,0.001399286,2.45083e-05,0.000724151,0.26397066,0.115620023,19708967,41064405,12928434,2.88e+08,15444292,387344,2469387,0,696838,1148281,42177831,136025779
"56","CA-611","Oxnard, San Buenaventura/Ventura County CoC","Other Largely Urban CoC","Sheltered and Unsheltered Count","06","California","CA",2358,210,104,345,437,477,523,262,828,1504,8,3,14,1,0,0,1270,1088,50,30,141,1,1314,18,114,107,1042,371,1987,75,9,927,689,229,9,1431,1308,1043,255,10,523,635,433,845599,947376202,4767585001,0,0,0.885336825,0.966331415,0.550648712,0.089352775,0.000177364221051672,89295,19539,0.588223413,0.005459452,0.061452881,0.006229593,0.016460223,0.342272164,0.001455522,0.000130085,0.007136953,0.000611401,0.00139073,0.001195602,0.229242229,0.15571447,5088272,11738144,5771444,1.96e+08,5383847,929902,419357,0,4128302,9086163,93427904,135973335
"57","CA-613","Imperial County CoC","Largely Suburban CoC","Sheltered and Unsheltered Count","06","California","CA",1508,66,111,225,371,281,271,183,433,991,28,12,4,26,8,6,850,658,67,15,103,30,754,0,44,37,503,108,1400,78,4,133,79,54,0,1375,437,325,112,0,423,32,320,180580,790216760,10814595263,1,1,0.992263775,0.815945287,0.898144867,0.225313114,1.66978047359589e-05,46222,6666,0.545338015,0.013044048,0.208918849,0.00884971,0.021830438,0.320384317,0.001613733,0.000210433,0.009574704,0.002087717,0.004247425,0.001395503,0.286698416,0.129061912,402958,1126700,0,24191208,0,0,0,0,4848172,5900843,3436114,15714787
"58","CA-614","San Luis Obispo County CoC","Largely Suburban CoC","Sheltered and Unsheltered Count","06","California","CA",1175,88,45,172,275,255,239,101,424,740,4,4,2,0,0,1,831,344,41,7,59,4,771,9,74,49,355,143,1032,28,6,375,337,38,0,800,363,317,46,0,313,363,346,282517,815630594,8549160509,0,0,0.974799683,0.80912033,0.317000393,0.11086472,3.30461686504288e-05,77948,7117,0.543731116,0.003162532,0.130971077,0.00368898,0.013398115,0.432738561,0.00280924,0.000208837,0.008413653,0.001072502,0,0.001143294,0.17679998,0.200695887,1944253,3479790,992708,73954109,1903333,102290,313155,0,0,289711,8001875,17027115
"59","CO-500","Colorado Balance of State CoC","Largely Rural CoC","Sheltered-Only Count","08","Colorado","CO",2395,263,136,433,560,476,390,137,816,1547,15,6,10,1,0,0,1941,454,74,4,66,0,708,2,38,197,767,440,1955,108,14,1053,675,378,0,1342,1387,919,468,0,83,1180,396,1185056,861189886,234343648408,0.381818181818182,0.0363636363636364,53.971411599,15.884438604,0.280103218780021,0.122119424923292,5.05691538068392e-06,62507.0966891016,2210,0.461974295945455,0.00182841129328861,0.230654850930411,0.0217712864710579,0.0257983773217122,0.508482299464845,0.00394578027897331,0.000520650638401898,0.00424790049504749,0.00365974278238159,0.00183620014470287,0.0017602543584742,0.207402856932969,0.183913671545028,385347,4270107,3002265,67852313,2005536,358108,0,0,15867222,13621788,40493068,80003441
"60","CO-503","Metropolitan Denver CoC","Major City CoC","Sheltered and Unsheltered Count","08","Colorado","CO",14281,4110,965,2836,2847,1961,1201,361,5769,8281,17,119,73,7,5,10,10797,3484,621,87,3836,6,7059,190,903,647,3336,7405,6876,380,106,11362,9878,1443,41,2919,8479,6301,2115,63,4715,4896,1285,3123459,136130028,11523767988,0,0,4.518956988,5.683152404,0.357958276385054,0.0870652032991731,0.000271044939749962,84152.9612500116,39095.6666666667,0.519951622666667,0.00150308618411176,0.0461405928818504,0.00446214196396751,0.00963944450511308,0.394315084620744,0.00562831440084278,0.000152715410077097,0.00644573846083877,0.00322559049422003,0.000990888635767014,0.00132097139945554,0.221498665607275,0.130037243816897,60950458,36013484,5922063,647620033,17495122,1566345,1620631,6013759,41610069,21885244,412818012,605895187
"61","CO-504","Colorado Springs/El Paso County CoC","Major City CoC","Sheltered and Unsheltered Count","08","Colorado","CO",1146,269,113,173,206,179,153,53,445,668,6,7,3,0,3,14,992,154,32,6,152,2,614,7,276,89,282,451,695,74,12,887,537,350,0,259,984,582,402,0,441,577,110,710499,7070359,5507386922,0,0,0.901029467,0.897495191,0.315689396,0.098385024,0.000129008368226648,71517,17670,0.526171641,0.000745871,0.049750848,0.005048131,0.008653422,0.389216593,0.005974604,0.000211119,0.003414502,0.001258271,0.001047151,0.000682619,0.240331091,0.128170483,4642181,8314235,1145686,47712805,3530066,308561,536785,0,4685685,4193104,7203039,34559342
"62","CO-505","Fort Collins, Greeley, Loveland/Larimer, Weld Counties CoC","Other Largely Urban CoC","Sheltered and Unsheltered Count","08","Colorado","CO",893,139,50,135,191,177,146,55,313,569,5,4,1,0,1,0,633,260,36,6,67,0,586,20,43,45,254,223,670,29,11,622,530,92,0,271,542,413,129,0,28,604,244,665912,181388403,17043932874,0,0,1.931035503,1.697423045,0.26005388065483,0.107018026040872,3.90703251956494e-05,75402.6576574683,11759,0.5256128465,0.00159669494679313,0.0574399410087277,0.00809788225258443,0.0130420862872992,0.376366547146633,0.00805593932327094,0.000330373580856029,0.00480994462538894,0.002234529560951,0.000336380650180504,0.00158429338079206,0.226231093391822,0.139895361276936,2430910,6848076,682859,66138375,2343484,428242,0,0,1655672,1692725,12554415,28636383
"63","CT-503","Bridgeport, Stamford, Norwalk, Danbury/Fairfield County CoC","Other Largely Urban CoC","Sheltered and Unsheltered Count","09","Connecticut","CT",713,148,42,114,129,106,122,52,291,420,2,0,0,0,0,0,450,263,7,2,293,2,288,0,22,50,22,249,464,38,2,604,506,98,0,109,532,418,114,0,284,2026,321,933112,553975592,1741244241,0,0,0.825522595,1.869873262,0.381323899750677,0.0887314450749171,0.000535888060978804,95674.0921063054,28684.475,0.5397467715,0.0021580888665059,0.0809923611574449,0.00931334687746916,0.0138782807184432,0.399259426128286,0.00187996599901191,0.00026285880022441,0.00841557132161841,0.00480625151341747,0.00449835085703002,0.000955941122332582,0.223306569892035,0.160700633553875,25825893,14400555,1743750,168757924,3773506,549388,557696,985588,50603406,32932259,120207493,251579534
"64","CT-505","Connecticut Balance of State CoC","Largely Suburban CoC","Sheltered and Unsheltered Count","09","Connecticut","CT",2697,529,221,371,487,470,459,160,1103,1580,8,1,4,1,0,0,1840,857,25,18,895,4,1297,13,111,124,62,859,1838,136,32,2232,1961,251,20,465,1959,1623,308,28,682,5617,1149,2637463,1262472089,10800422757,0,0,4.907658789,5.199408025,0.324856017202196,0.101096426156282,0.000244199978032397,76690.0885673081,16277.0955804286,0.501781673285714,0.00108755715538511,0.091924183874921,0.0126045879313886,0.0154760961059689,0.43551610907692,0.00119955110149716,0.000624359003298625,0.0118137504291074,0.00718312563273873,0.00323323402709649,0.000904278030545642,0.199914164462158,0.176528383614172,51983775,37708948,26935092,662144516,9624491,3592890,1974590,2769620,91751590,49677504,324822758,600841258
"65","DC-500","District of Columbia CoC","Major City CoC","Sheltered and Unsheltered Count","11","District of Columbia","DC",5616,1044,583,1018,947,708,870,446,2167,3350,38,27,24,3,1,6,5005,611,40,54,4633,8,634,21,144,213,1416,1656,3960,420,139,4716,3308,1404,4,900,5218,3505,1693,20,5842,11856,10156,701974,18709787,158316184,0,0,0,1,0.632761327,0.154525033,0.00443400025356852,90842,189361,0.455247071,0.002948246,0.096759944,0.011864332,0.014201484,0.4547063,0.006792129,0.000586916,0.016953619,0.013962056,0.010510361,0.004437486,0.179562206,0.122386299,16811109,0,4576463,5.8e+08,0,2303529,0,22932070,1.29e+08,48797936,2.85e+08,509421107
"66","DE-500","Delaware Statewide CoC","Largely Suburban CoC","Sheltered and Unsheltered Count","10","Delaware","DE",1358,353,75,184,239,201,217,89,589,767,1,0,1,0,0,0,1258,100,7,6,818,3,409,2,59,89,238,555,803,29,27,1120,888,232,0,238,1166,849,317,0,311,728,295,967679,1399207462,5046703789,0,0,2.215842068,2.298522541,0.384882796937478,0.114344687074664,0.000191744758650031,70001.7185481963,13965,0.518048041,0.000882315935692097,0.153921421167805,0.00920177647191683,0.0125188490802043,0.453082065274704,0.00569468560912451,0.00043609475382229,0.00457589748317572,0.00485801552373256,0.00214430646725825,0.000766783439443245,0.211027623961467,0.188103699756489,7900472,9898989,5102957,105896710,3669063,3331185,804414,3358155,26060842,14528762,119689737,194344576
"67","FL-500","Sarasota, Bradenton/Manatee, Sarasota Counties CoC","Largely Suburban CoC","Sheltered and Unsheltered Count","12","Florida","FL",1157,104,48,183,231,215,265,111,425,721,1,2,8,0,0,0,1034,123,15,6,231,1,776,4,50,93,289,161,996,53,14,503,258,245,0,654,811,440,371,0,213,388,158,821613,1659702737,3363793695,0,0,1.357467245,1.928980329,0.229976886715755,0.0976162088729828,0.000244251899639761,62400.1238600168,13253,0.5472191725,0.00116417796409822,0.22801509534285,0.00504311700464209,0.0134629561618073,0.535373709587121,0.00829205048613276,0.000466156181998094,0.00369273625678391,0.000733921957595608,0.000569611503576501,0.00126823680910842,0.161692914112764,0.323085199842926,2405460,8767562,4590962,74457388,3278545,1726305,616939,0,5697840,3627480,15145141,45856234
"68","FL-501","Tampa/Hillsborough County CoC","Major City CoC","Sheltered and Unsheltered Count","12","Florida","FL",1893,400,47,281,326,330,343,166,672,1216,0,5,0,0,0,0,1558,335,23,5,918,3,744,16,79,152,245,640,1253,31,11,871,828,43,0,1022,931,878,53,0,280,1156,732,1451358,790775123,2648267124,0,0,0.507990149,0.96327689,0.520741953,0.139940397,0.000548040636402206,60566,30018,0.527483292,0.003237523,0.085989159,0.008471104,0.015068206,0.407007782,0.006423295,0.000488508,0.007211177,0.001952654,0.000221172,0.000992174,0.222996669,0.142504468,11387766,20819714,8969278,2.65e+08,10251261,2022626,1823925,12214115,5799601,4530148,1.23e+08,200818434
"69","FL-502","St. Petersburg, Clearwater, Largo/Pinellas County CoC","Other Largely Urban CoC","Sheltered and Unsheltered Count","12","Florida","FL",2110,351,89,247,370,370,475,208,767,1332,3,2,3,1,0,2,1942,168,25,11,822,0,1111,8,95,231,576,515,1595,53,21,1389,1060,259,70,721,1919,1480,354,85,187,1649,691,970985,1535985874,709087754,0,0,0.072839656,0.998095103,0.265045289,0.11587663,0.00136934391339101,56419,26438,0.541362687,0.001393867,0.190993309,0.012960113,0.021114022,0.52606168,0.002123584,0.000415042,0.008056767,0.002501583,0.000677662,0.001622064,0.161621446,0.248383858,13078348,12275641,4833899,1.83e+08,5543353,5619866,746725,0,8152644,4558552,54348125,109157153
"70","FL-503","Lakeland/Polk County CoC","Largely Suburban CoC","Sheltered and Unsheltered Count","12","Florida","FL",1207,319,61,155,215,170,200,87,498,704,2,3,0,0,0,0,1031,176,5,2,446,2,643,5,38,45,53,457,750,76,0,549,311,238,0,658,813,469,344,0,72,71,283,705735,549789492,4657154151,1,0,0.790041333,0.891153113,0.424218722,0.151100553,0.000151537822695532,51535,10328,0.502839733,0.004450367,0.198661992,0.008825799,0.010046707,0.425933247,0.005862147,0.000194124,0.002546282,0.001987998,0.001010294,0.001204418,0.221209094,0.202720568,3272257,9775212,1336191,40681985,4044424,0,692285,0,7178880,3631124,10470257,40400630
"71","FL-504","Deltona, Daytona Beach/Volusia, Flagler Counties CoC","Largely Suburban CoC","Sheltered and Unsheltered Count","12","Florida","FL",1164,212,61,149,229,189,226,98,497,666,0,0,1,0,0,0,1051,113,12,1,337,1,710,0,21,75,184,359,805,38,6,378,174,188,16,786,502,250,232,20,41,114,100,658961,1077327124,4111106255,0.5,0,1.626867271,1.838098884,0.285693690573139,0.128434553182375,0.000160288000145596,53285.3951796844,6578.5,0.551316753,0.000445721874260498,0.161228723109817,0.0078999603141931,0.0137968848457208,0.47841071038565,0.00426422690149948,0.000505341304716061,0.0039865784300907,0.00133695320111357,0.00136123424688259,0.00124134798453475,0.175175769351673,0.255370196515671,4083761,7305893,3298503,62465393,2433580,0,145833,0,10449471,5758646,7026500,40502187
"72","FL-505","Fort Walton Beach/Okaloosa, Walton Counties CoC","Largely Suburban CoC","Sheltered and Unsheltered Count","12","Florida","FL",391,45,15,54,76,83,84,34,152,235,2,0,2,0,0,0,375,16,7,1,72,0,276,0,22,29,120,70,321,17,0,141,141,0,0,250,150,150,0,0,0,158,63,278479,1781854585,5097510501,0.5,0,1.846492278,1.33211141,0.242941119461022,0.10948400249784,5.46303926093668e-05,65142.7342815796,4999,0.544799518,0.00168202889183074,0.287699998425703,0.012016868069463,0.0139875357073352,0.543807611978799,0.00828640003414261,0.00019031964507198,0.00364479931599869,0.000865415283719778,0.00200015087098129,0.00133582759812769,0.217273115995723,0.169107903876016,993762,591709,0,17712572,0,0,0,0,4418722,3376634,2953062,12333889
"73","FL-506","Tallahassee/Leon County CoC","Other Largely Urban CoC","Sheltered and Unsheltered Count","12","Florida","FL",840,144,48,118,137,139,173,81,322,505,7,4,0,0,1,1,796,44,12,6,494,0,273,1,23,112,209,218,622,49,4,624,438,186,0,216,753,580,173,0,65,442,144,445296,4668251893,14270130152,0.75,0.125,7.778684011,1.659997805,0.430616937695052,0.193165387042071,3.12047609416926e-05,51991.8252398405,3563.375,0.499089939,0.0013347616729269,0.158762352606497,0.0326100397340061,0.0297139919361099,0.459501096191275,0.00418824498038608,0.000231306618552603,0.00602520583739805,0.00386259894945609,0.000931964521394758,0.00222099435230948,0.1898849306605,0.152271747396145,3968726,3770524,928507,43320016,2130997,1477227,320558,27070025,6053155,3907024,13718140,63344883
"74","FL-507","Orlando/Orange, Osceola, Seminole Counties CoC","Largely Suburban CoC","Sheltered and Unsheltered Count","12","Florida","FL",2776,497,173,427,521,475,492,191,965,1794,12,3,2,0,0,0,2267,509,22,14,1413,12,990,7,69,218,719,766,2010,135,14,1682,1147,535,0,1094,1981,1280,701,0,673,1672,1062,2204145,815601393,6578172621,0.333333333333333,0,1.817458967,2.88102204,0.579246828310372,0.131207169958834,0.000335069498322914,62326.5977814527,25275.3333333333,0.546378113,0.00144607025991383,0.15454734561949,0.00542480979143341,0.00992281798929517,0.405586746757706,0.00730569853076091,0.000251344465108239,0.00285779761428581,0.000874261905521189,0.000655582760630312,0.000991768051287915,0.22277391007294,0.128747881548689,20237457,29924040,12829133,139960808,13221435,794254,2062845,15080178,12016125,10355974,32093561,148615002
"75","FL-508","Gainesville/Alachua, Putnam Counties CoC","Largely Rural CoC","Sheltered and Unsheltered Count","12","Florida","FL",752,82,15,101,179,154,144,77,293,457,1,1,0,0,0,0,700,52,9,1,348,1,340,0,20,77,232,119,633,21,0,308,270,38,0,444,333,278,55,0,175,801,132,428836,1752123676,8717685031,0.8,0.2,4.846934,1.33330825,0.340451827909499,0.204938354323403,4.91914996326506e-05,46764.4889211727,4559,0.4949432722,0.00162492761742006,0.158310604099359,0.0117915710484078,0.0158584581654339,0.456552154967925,0.00337260988618726,0,0.00563385518080572,0.00346286209156881,0.0032343368930337,0.00161367084569626,0.189499016061072,0.171503791813959,1740125,2662988,0,44811882,1237021,93830,0,0,16404263,9980240,18350462,50468929
"76","FL-509","Fort Pierce/St. Lucie, Indian River, Martin Counties CoC","Largely Suburban CoC","Sheltered and Unsheltered Count","12","Florida","FL",701,172,26,99,129,91,122,62,310,391,0,0,0,0,0,0,613,88,4,4,252,0,378,2,20,35,113,256,445,29,4,147,114,33,0,554,195,152,43,0,150,294,203,638298,1138370704,4191178667,0,0,2.393689099,2.818971564,0.336040532801055,0.116932441338604,0.000152295583346459,58562.9446089444,8054,0.569476594,0.0019847655750503,0.20027491399321,0.00736533182996657,0.00939790278316084,0.478694904334812,0.00477880059332475,0.000354066511695164,0.00174839945945311,0.000482533376789525,0.00140059977600431,0.00106220010346578,0.180094563822716,0.280907977127711,4401777,3410903,3115007,24031223,2092666,126750,0,0,9458887,5326498,3763288,31695776
"77","FL-510","Jacksonville-Duval, Clay Counties CoC","Major City CoC","Sheltered and Unsheltered Count","12","Florida","FL",1339,193,97,228,241,244,242,94,493,823,5,3,11,0,4,0,1272,67,1,7,777,1,478,1,42,122,121,239,1100,125,6,779,477,302,0,560,1159,686,473,0,612,1019,277,1249707,704559611,5221146001,0,0,2.192146844,2.391537962,0.423749727191718,0.133347566945826,0.000239354923183655,59930.7383674733,11672,0.487682004,0.00170991963808318,0.105457665760196,0.0113592244409938,0.0153649443932962,0.428063537996965,0.00543866449387576,7.9218784650322e-05,0.00579735915412253,0.00545487894745488,0.00189724455073309,0.000936219641535976,0.225241596387292,0.149110151868219,12101262,15202559,1866641,152219706,7299424,822767,1143098,6587080,23025765,13302282,85064887,166415765
"78","FL-511","Pensacola/Escambia, Santa Rosa Counties CoC","Largely Suburban CoC","Sheltered and Unsheltered Count","12","Florida","FL",1123,71,28,138,238,253,278,117,284,832,2,3,0,0,0,2,1081,42,11,1,376,0,675,8,24,123,365,98,1025,29,1,579,275,304,0,544,601,297,304,0,92,235,180,496278,1757264742,4323713105,0,0,1.61787763,1.724711774,0.297025054363673,0.125529671819696,0.000114780511090363,59406.346995031,8069.5,0.4855022635,0.00035174525029337,0.128147058218746,0.0117311654739541,0.0175354437215391,0.434190111239912,0.0050497244202987,0.000419120161022653,0.00408238968468681,0.00344363433118534,0.00129161478579143,0.00103570989382967,0.213136588549398,0.165485876636417,1651356,4676976,795089,43211160,2763054,209079,0,0,7038133,1796989,27898741,46829417
"79","FL-512","St. Johns County CoC","Largely Suburban CoC","Sheltered and Unsheltered Count","12","Florida","FL",442,34,38,83,100,80,58,49,181,261,0,0,0,0,0,0,393,49,2,6,82,0,317,0,6,16,133,80,362,28,2,175,109,66,0,267,232,154,78,0,60,1,17,255410,572113481,1555652807,0,0,0.754002069,0.852069123,0.1813124,0.077411645,0.000164181878405469,83803,7178,0.552655036,0.000690388,0.18152872,0.006682094,0.007543142,0.436521671,0.014432034,0,0.000442426,0.000912259,0,0.000841784,0.217563917,0.201652245,355118,2144662,0,0,0,0,0,0,0,0,2651776,5151556
"80","FL-513","Palm Bay, Melbourne/Brevard County CoC","Largely Suburban CoC","Sheltered and Unsheltered Count","12","Florida","FL",1116,104,49,155,236,245,241,86,386,719,1,2,5,1,2,0,1052,64,12,3,307,1,720,4,36,161,356,157,959,42,8,337,81,246,10,779,381,81,283,17,514,328,385,594001,1403935673,2628767901,0,0,0.709114732,0.961195954,0.262098885,0.111760052,0.00022596175180549,59359,8984,0.513557716,0.000572022,0.15907115,0.004824549,0.00911462,0.472470585,0.003950727,0.000326599,0.004449487,0.002498312,0.001372052,0.001321547,0.182935719,0.23709556,1637062,6347883,1236773,59769661,2597769,0,0,0,6496081,4946528,11769069,35031165
"81","FL-514","Ocala/Marion County CoC","Largely Suburban CoC","Sheltered and Unsheltered Count","12","Florida","FL",378,66,19,61,76,71,59,26,147,231,0,0,0,0,0,0,329,49,2,2,148,1,194,0,0,14,72,96,282,18,4,179,104,75,0,199,265,161,104,0,186,203,146,360210,192281277,4113994500,1,0,0.878215369,0.706547879,0.303356375,0.155329993,8.75572390774951e-05,46587,6443,0.493223845,0.000850113,0.146630706,0.020997391,0.019803892,0.474517642,0.004165257,0.000377558,0.003081536,0.002021043,0.000516365,0.001052164,0.186571722,0.288503928,950308,5240016,1524871,18585943,2089433,0,354265,0,1942981,1128500,4056964,17287338
"82","FL-515","Panama City/Bay, Jackson Counties CoC","Largely Rural CoC","Sheltered and Unsheltered Count","12","Florida","FL",499,45,16,85,125,120,71,37,159,333,3,2,1,1,0,0,475,24,5,7,127,0,321,1,25,51,59,66,433,19,0,126,67,59,0,373,202,115,87,0,5,70,38,301506,2678020887,10000356489,0.666666666666667,0,5.865801647,0.975407182,0.248820918701164,0.153649218106946,3.0149525202591e-05,50122.8804468236,2240.5,0.505759876833333,0.000526973919025374,0.26715626762143,0.032488621309493,0.0259067263085444,0.532457065636919,0.00439162184355535,0,0.00427188835305102,0.0036417187964684,0.00225534472216473,0.00139300703468919,0.201213242864504,0.182925049620674,119865,817676,0,35144234,0,172804,0,0,8577920,6296721,47764027,63749013
"83","FL-517","Hendry, Hardee, Highlands Counties CoC","Largely Rural CoC","Sheltered and Unsheltered Count","12","Florida","FL",641,141,64,69,83,90,103,91,316,325,0,0,0,0,0,0,394,247,2,0,176,0,326,0,17,30,104,283,358,0,0,0,0,0,0,641,5,0,5,0,18,60,18,265832,1110180949,13012053768,1,0.166666666666667,5.862684062,3.14682419,0.43775391999324,0.203302161255037,2.04296727280477e-05,41431.558965813,2740.5,0.506160067166667,0.00289367078504205,0.21601780285083,0.0146830973316079,0.0234653218709185,0.45809759534292,0.00175538103940459,0.000109091460110145,0.000504077915751302,0.00175674879302717,0.000489030642823287,0.00107962911695733,0.203180956391627,0.254709741331288,572070,0,0,797183,0,525254,0,0,738954,0,6159071,7995349
"84","FL-518","Columbia, Hamilton, Lafayette, Suwannee Counties CoC","Largely Rural CoC","Sheltered and Unsheltered Count","12","Florida","FL",527,127,26,213,41,49,48,23,206,319,0,0,2,0,0,0,510,17,4,4,170,0,319,0,21,24,21,186,341,18,1,72,59,13,0,455,111,84,27,0,0,93,64,138161,43861403,6587902028,0.75,0.25,3.956497567,0.516861484,0.293816634129458,0.155060284626088,2.09719269371017e-05,45036.7589117045,1800,0.42524524275,0.000580288244690743,0.186015534596952,0.0383145386011754,0.0491695081627015,0.41840316734163,0.00131348428029618,0,0.00171538999127829,0.00206281055664044,0.00209176286524417,0.000376372574648417,0.212042472049399,0.18939498097191,628226,0,0,0,0,0,0,0,1000009,1120713,2370343,5119291
"85","FL-519","Pasco County CoC","Largely Suburban CoC","Sheltered and Unsheltered Count","12","Florida","FL",731,90,27,104,167,141,146,56,264,466,0,0,1,0,0,0,650,81,5,1,96,0,581,3,23,66,112,138,593,10,11,304,120,184,0,427,423,216,207,0,511,426,250,539885,694082240,1933694374,0,0,0.602204207,0.927551785,0.266966113,0.122539727,0.000279198723055291,53431,9255,0.519948275,0.000954731,0.151973088,0.009626595,0.008962692,0.457549293,0.00586126,0.000351927,0.002239366,0.000444539,0.000301916,0.001081712,0.202837641,0.226005538,2796964,5936668,2413965,27103379,2767162,968444,511113,0,2269181,1129078,1265113,20057688
"86","FL-520","Citrus, Hernando, Lake, Sumter Counties CoC","Largely Suburban CoC","Sheltered and Unsheltered Count","12","Florida","FL",786,140,53,108,143,150,149,43,315,468,2,1,0,0,0,0,740,46,4,2,130,1,591,1,40,49,99,221,565,46,5,341,115,226,0,445,363,108,255,0,117,161,202,824691,2198659357,6640292645,0.25,0,3.257531556,3.154586859,0.233967631488661,0.121780517628992,0.000124194978156719,53307.9020457359,5634.25,0.5736996495,0.000367950552135463,0.157216089730164,0.00577252269750367,0.0140858295040736,0.486091154417988,0.00799031299446581,0,0.0011846863337541,0.000485030331467907,7.27545659828954e-05,0.000850015197916553,0.163173843188336,0.335389861049429,815112,2977906,0,22145377,1315673,423544,0,0,489210,1054981,4943256,12019682
"87","FL-600","Miami-Dade County CoC","Major City CoC","Sheltered and Unsheltered Count","12","Florida","FL",3800,801,196,526,568,585,649,475,1452,2321,14,2,3,6,2,0,2266,1534,13,6,2105,1,1422,2,49,134,1110,1254,2546,129,67,2767,2410,343,14,1033,2940,2488,432,20,367,4975,738,2705528,1267531174,4920781681,1,0,0.791166586,0.99136454,0.864756159,0.160098084,0.000549816711122649,53975,52533,0.635773132,0.005584128,0.126037721,0.008008253,0.012143639,0.381555837,0.003174768,0.000766579,0.009798457,0.003391205,0.002964671,0.001166131,0.204047787,0.162705025,72548323,48131312,20327534,8.38e+08,24042266,2144956,3555835,26782691,1.28e+08,50773833,1.97e+08,573306750
"88","FL-601","Ft Lauderdale/Broward County CoC","Largely Suburban CoC","Sheltered-Only Count","12","Florida","FL",2469,281,91,416,398,446,588,249,859,1595,3,9,3,0,0,0,2266,203,3,7,650,0,153,2,15,107,713,415,2054,80,7,845,664,181,0,1624,1139,960,179,0,0,1301,266,1942273,273292462,3115520740,0,0,0.67904784,0.999921826,0.644863003,0.127133812,0.000623418414476676,60922,39722,0.618870098,0.002411546,0.14695383,0.004862158,0.010086134,0.4254716,0.001999939,0.000320758,0.005251064,0.001692862,7.98034e-05,0.001235151,0.211601047,0.16668872,25204662,28296418,8745042,3.55e+08,12782988,275338,490944,11582329,964959,690669,56090246,145123595
"89","FL-602","Charlotte County CoC","Largely Suburban CoC","Sheltered and Unsheltered Count","12","Florida","FL",343,42,21,47,60,56,68,49,115,224,0,4,0,0,0,0,324,19,3,0,52,0,265,0,23,54,0,76,267,18,3,134,111,23,0,209,138,115,23,0,0,68,127,185926,689242502,1764086777,0,0,0.797442704,0.935000294,0.164624636,0.105988557,0.000105395042026325,52724,5683,0.588104913,0.000300793,0.246256743,0.002928479,0.012233485,0.569350172,0.006368993,0.000295817,0.001635059,0.001328486,0.000968127,0.001538246,0.120279036,0.400955219,1249228,0,928667,5884322,0,200833,0,0,1055844,629596,3749628,7813796
"90","FL-603","Ft Myers, Cape Coral/Lee County CoC","Largely Suburban CoC","Sheltered and Unsheltered Count","12","Florida","FL",941,116,43,127,203,186,189,77,387,553,0,0,1,0,0,0,818,123,9,5,360,1,420,1,33,60,276,172,769,46,1,197,197,0,0,744,336,336,0,0,71,340,480,756570,1900537643,2022848995,0,0,0.480849851,0.960720116,0.337099013,0.118142613,0.000374012099701985,59608,11355,0.533361095,0.000695704,0.279963714,0.004854804,0.008483447,0.530356742,0.007626607,0.000437501,0.002894643,0.000941089,0.001342903,0.000888219,0.1760921,0.285422367,3570513,9585165,2735127,55713194,2226848,1737205,555501,0,10538598,7331035,7658043,45938035
"91","FL-604","Monroe County CoC","Largely Rural CoC","Sheltered and Unsheltered Count","12","Florida","FL",450,17,9,54,73,97,130,70,102,341,2,0,3,0,2,0,367,83,5,0,51,0,356,1,11,40,42,25,425,10,0,267,157,110,0,183,361,229,132,0,16,167,13,75137,11153864839,2546044689,0,0,0.963610102,0.868873229,0.346407229,0.105577959,2.95112651889513e-05,72012,3816,0.597578461,0.003628713,0.389981212,0.007645231,0.008928738,0.715479724,0.003989826,0,0.005935824,0.003340565,0.008491156,0.003274019,0.153333245,0.224163861,756006,0,0,13975051,0,473344,0,1519564,752322,3396052,5690491,12587779
"92","FL-605","West Palm Beach/Palm Beach County CoC","Largely Suburban CoC","Sheltered and Unsheltered Count","12","Florida","FL",2126,189,151,337,407,387,469,186,694,1416,4,1,9,1,1,0,1906,220,12,12,1232,3,661,5,64,119,532,301,1825,140,7,546,411,135,0,1580,667,511,156,0,119,1053,582,1482057,1084969380,5087491660,0,0,0.760726069,0.99151181,0.460774451,0.116236686,0.000291313892787787,65015,23576,0.59807911,0.001432113,0.180381843,0.004834257,0.009732275,0.465619743,0.003252913,0.000331296,0.004694826,0.000903474,0.000796191,0.001110619,0.190744351,0.239957033,17148153,19545562,7268905,2.26e+08,6418482,228356,1148348,6796223,9510498,13346309,40799291,122210127
"93","FL-606","Naples/Collier County CoC","Largely Suburban CoC","Sheltered and Unsheltered Count","12","Florida","FL",660,128,63,126,99,152,38,54,230,402,9,1,15,1,1,1,482,178,17,12,149,7,315,7,24,96,5,195,465,107,1,254,131,123,0,406,263,192,71,0,33,59,163,379345,1575210651,5171811319,0,0,0.90302796,0.883771743,0.373976196,0.109610532,7.33485768528285e-05,70217,10622,0.567540209,0.001412382,0.322288274,0.004589005,0.013409786,0.575592139,0.008904147,0.000100173,0.001001727,0.001086083,0,0.001481501,0.171390159,0.321670247,1319235,5207995,520000,11026353,1687267,288671,433016,0,0,0,5966021,15422205
"94","GA-501","Georgia Balance of State CoC","Largely Suburban CoC","Sheltered and Unsheltered Count","13","Georgia","GA",6633,1119,324,1152,1490,1221,993,334,2770,3801,21,8,27,3,0,3,6232,401,26,40,3109,7,3040,31,82,206,516,1817,4816,243,55,2226,1414,812,0,4407,3384,2072,1312,0,31,3307,1311,7138892,3840618900,143717220802,0.611842105263158,0.289473684210526,141.302114196,43.908423518,0.425019316775412,0.145044961019772,4.96731843279609e-05,61036.2751652497,3514.34210526316,0.463893387986842,0.0014763697695939,0.121509735639885,0.0237924763349954,0.0292416322609492,0.403320151164073,NA,0.000164731486269718,0.00247097170707961,0.00314908812236297,0.00258849699939164,0.000968357548012913,0.244411317495734,0.145229820011785,1632786,31324865,9245800,124205614,12395733,2949206,1666290,0,150475620,115555903,218493663,543739866
"95","GA-502","Fulton County CoC","Other Largely Urban CoC","Sheltered and Unsheltered Count","13","Georgia","GA",3206,305,255,476,546,566,779,279,888,2274,24,4,14,0,2,0,3080,126,42,16,2679,6,348,5,63,300,861,450,2756,253,16,2012,1300,712,0,1194,2618,1703,915,0,534,2034,1021,1051550,19520065,1364327945,0,0,0.177324972,0.993676819,0.607023917,0.133679303,0.000770745775496081,72741,64011,0.484120576,0.001478781,0.109062823,0.013616957,0.020829859,0.456179925,0.006581398,0.000633351,0.017481813,0.007325377,0.002752128,0.001764063,0.21795635,0.117094765,22248213,19745173,8007251,6.31e+08,6533051,310263,1211139,50400707,27798419,19227520,1.83e+08,338481736
"96","GA-503","Athens-Clarke County CoC","Other Largely Urban CoC","Sheltered and Unsheltered Count","13","Georgia","GA",386,40,29,56,67,77,90,27,156,228,0,0,1,0,0,1,362,24,1,1,204,0,153,1,26,15,103,66,320,24,0,205,122,83,0,181,271,179,92,0,0,255,43,126952,4776726,308985572,0,1,0.450382836,0.940755881,0.450894826,0.2652527,0.000410867080874572,40363,15515,0.560412981,0.000477289,0.059268128,0.005425428,0.010345731,0.421041023,0.003861835,0.000354465,0.001945617,0.005537526,0.009838364,0.001024009,0.172600668,0.109356292,1238095,2523856,638122,0,1711543,0,0,0,10643483,7089678,3477920,27322697
"97","GA-504","Augusta-Richmond County CoC","Other Largely Urban CoC","Sheltered and Unsheltered Count","13","Georgia","GA",474,37,21,80,114,88,100,34,130,340,1,1,2,0,0,0,465,9,6,0,319,0,135,0,6,28,57,57,417,16,4,155,148,7,0,319,219,212,7,0,0,13,87,202178,10995252,840036611,1,0,0.661172254,0.916667877,0.661649635,0.231953672,0.000240677605419271,43882,12846,0.56527977,0.001530486,0.185604402,0.024614003,0.041513671,0.440478192,0.002587927,0.000539129,0.016712995,0.006306324,0.009239383,0.001835017,0.228605486,0.139446428,1051582,3505047,1343919,59378328,2242265,1236491,303755,1916052,18487247,11436890,11582291,53105539
"98","GA-505","Columbus-Muscogee CoC","Other Largely Urban CoC","Sheltered and Unsheltered Count","13","Georgia","GA",272,50,19,36,53,48,58,8,127,145,0,0,0,0,0,0,266,6,1,3,139,0,115,0,8,14,34,77,195,15,3,220,196,24,0,52,353,319,34,0,0,108,333,195418,11683933,560731675,1,0,0.585051273,0.96243512,0.602027449,0.200432167,0.000348505370237913,47418,12276,0.487939061,0.000651749,0.133675246,0.007916529,0.044452548,0.435026456,0.002885395,0.000624303,0.015622921,0.002973114,0.002200411,0.001069502,0.247459292,0.132746216,3220774,3293852,995202,63845485,2143343,0,0,0,6042288,4602136,6519655,26817250
"99","GA-506","Marietta/Cobb County CoC","Largely Suburban CoC","Sheltered and Unsheltered Count","13","Georgia","GA",418,76,12,77,90,83,57,23,163,251,1,0,3,0,0,0,387,31,6,2,230,0,137,0,24,26,26,114,304,9,1,268,176,92,0,150,374,240,134,0,6,369,92,756653,12407750,880018859,0,0,0.000293866,0.999947791,0.489715894,0.086042455,0.000859814528133879,80830,33148,0.460433899,0.000748168,0.063390594,0.008574158,0.012662914,0.399835856,0.003505303,0.000227317,0.003477155,0.000622478,0,0.000614549,0.235678706,0.123076232,4679617,7726975,1624898,59554271,3277603,232581,555707,0,0,0,12762995,30860376
"100","GA-507","Savannah/Chatham County CoC","Other Largely Urban CoC","Sheltered and Unsheltered Count","13","Georgia","GA",579,42,22,112,133,100,129,41,183,390,2,0,0,0,0,4,559,20,6,6,292,0,255,0,9,42,52,63,516,15,1,386,227,159,0,193,674,358,316,0,42,911,0,289649,509854701,1121770892,0,0,0.557062136,0.969833148,0.521355157,0.144162744,0.000258206913787526,57739,12883,0.488853857,0.000719045,0.129648114,0.014853368,0.02245037,0.435817144,0.00426638,0.000134646,0.009870567,0.006069415,0.003165901,0.001760752,0.212484766,0.154231501,7156763,4433728,0,55961025,1803510,223030,391645,954752,7474959,8924018,19098191,50460596
"101","GA-508","DeKalb County CoC","Largely Suburban CoC","Sheltered and Unsheltered Count","13","Georgia","GA",322,55,5,38,76,51,68,29,130,189,1,0,1,1,0,0,306,16,0,0,266,0,35,0,5,15,59,84,238,3,2,145,124,21,0,177,223,185,38,0,73,1091,261,755287,8858826,693176061,0,0,0.041725502,0.998420947,0.709123817,0.143938597,0.00108960341029434,65116,41610,0.529912457,0.000880905,0.097417549,0.010285278,0.014419744,0.416305325,0.002433338,0.000467372,0.007934732,0.003165684,0.000296576,0.000981084,0.231612619,0.123971417,31067316,9691219,2936704,3.86e+08,4705962,767,802254,12268348,614001,458866,78503093,141048530
"102","HI-500","Hawaii Balance of State CoC","Largely Rural CoC","Sheltered and Unsheltered Count","15","Hawaii","HI",7140,1573,360,1133,1309,1080,1012,673,3329,3771,6,2,1,0,0,31,6256,884,49,1640,76,5,1385,2043,1545,74,713,3369,3771,217,117,5864,5824,40,0,1276,700,645,55,0,54,574,421,440392,7722938967,15078370676,0,0.25,3.912912123,1.768934647,0.70343693794576,0.110956239375136,2.92068691944923e-05,75433.2205466948,2509.25,0.36972651375,0.00860033943105817,0.220757238823834,0.0234353010306136,0.034835979713805,0.440023887785151,NA,0.00061081941365874,0.00989572903864739,0.00231157678778679,0.00262266349679831,NA,0.216168776866169,0.197476339567971,2301715,10504715,3064458,132371282,0,343136,0,1520103,0,0,21823765,39557892
"103","HI-501","Honolulu City and County CoC","Largely Suburban CoC","Sheltered and Unsheltered Count","15","Hawaii","HI",4497,680,345,609,852,747,871,393,1729,2722,27,12,6,0,1,0,4138,359,28,412,225,2,746,1826,1201,209,1049,1123,3374,134,16,1731,1151,545,35,2766,2464,1528,888,48,946,2303,446,979682,4054602618,1555887020,0,0,0.691199424,0.983111791,0.820598929,0.084241296,0.000629661400478809,87722,38815,0.565373314,0.00970883,0.101647448,0.008228738,0.020680976,0.360104605,0.002156648,0.000319491,0.007533057,0.002210922,0.003637915,0.001000325,0.211342048,0.17785363,26938217,15761808,3640787,2.63e+08,6558132,1921136,1394681,4223041,60510409,29928216,48374590,199251017
"104","IA-500","Sioux City/Dakota, Woodbury Counties CoC","Other Largely Urban CoC","Sheltered and Unsheltered Count","19","Iowa","IA",295,47,7,72,86,52,24,7,89,205,1,0,0,0,0,0,261,34,72,3,65,0,127,3,13,9,96,68,227,5,1,275,253,22,0,20,190,134,56,0,0,71,64,102687,12793700,2260790944,0,0,0.952740537,0.838721553,0.281837039,0.123967852,4.54208294988641e-05,60768,10270,0.397707305,0.002859095,0.069061359,0.010010599,0.020256742,0.413440845,0.002178641,0.001548395,0.009864929,0.008004908,0,0.000769328,0.260665907,0.150476691,611435,3222592,167790,12226646,1054826,0,0,0,0,0,12116929,17173572
"105","IA-501","Iowa Balance of State CoC","Largely Rural CoC","Sheltered and Unsheltered Count","19","Iowa","IA",1621,347,130,287,323,277,190,67,703,903,5,6,4,0,0,0,1509,112,37,10,441,1,1007,8,75,72,301,548,1073,99,25,1324,963,355,6,297,1609,1076,520,13,385,635,1168,2468428,1002433007,138452522790,0.114583333333333,0,94.742530021,29.918351667,0.129349529305307,0.112843295396663,1.78286964387354e-05,61344.7094336963,2989.63541666667,0.373209140958333,0.000706415156895084,0.102391854599491,0.0201757749928286,0.0260354818358012,0.454225118236688,0.00285584077570624,0.000247525989755828,0.00583164667432836,0.00357717545749197,0.00130893019313344,0.00117605209212746,0.226518253645373,0.179127363627026,3913242,13064261,1266827,173724307,4762537,731846,0,0,15308523,15322535,70153434,124523205
"106","IA-502","Des Moines/Polk County CoC","Other Largely Urban CoC","Sheltered and Unsheltered Count","19","Iowa","IA",715,70,42,145,156,147,130,25,248,462,1,3,1,0,0,0,668,47,11,17,162,1,470,4,31,54,175,112,603,33,8,568,400,154,14,147,593,387,192,14,468,521,431,485418,50475974,1482507931,0,0,0.65655691,0.955266135,0.23022014,0.103560081,0.000327430288802954,69747,24649,0.428295342,0.001470242,0.063617657,0.005237372,0.014369703,0.420482965,0.008114388,0.000444977,0.005584877,0.003285828,0.000873474,0.000634505,0.248672278,0.130683246,11951673,8197956,1289323,50353450,2227674,343707,663068,1852511,3182560,6856022,25750036,62314530
"107","ID-500","Boise/Ada County CoC","Other Largely Urban CoC","Sheltered and Unsheltered Count","16","Idaho","ID",789,82,52,118,162,137,158,80,203,579,1,3,2,0,0,1,680,109,31,2,67,0,594,16,32,119,208,131,658,39,6,672,568,104,0,117,819,667,152,0,0,338,117,469473,22159040,2724705387,0,0,0.857954887,0.944341744,0.15814115,0.092793413,0.000172302298164025,69952,23814,0.441769061,0.001307677,0.039590415,0.003810471,0.014189059,0.398566052,0.009482966,0.000240695,0.003900118,0.001695518,0.000362108,0.000607064,0.235766487,0.144613215,3413283,3873447,800550,83283301,1682617,247489,0,0,650238,803265,37263061,48733950
"108","ID-501","Idaho Balance of State CoC","Largely Rural CoC","Sheltered and Unsheltered Count","16","Idaho","ID",1961,517,161,304,337,259,228,155,979,969,5,4,1,1,2,0,1447,514,147,3,32,4,1310,14,77,90,312,988,973,49,6,704,463,241,0,1257,1193,839,354,0,299,601,153,1284894,2369433747,211325203010,0.558139534883721,0.0232558139534884,42.660983552,12.066040458,0.196588201099651,0.129256224094527,6.08017397687865e-06,55344.9805921734,2355.11627906977,0.440862309953488,0.00193701787876077,0.146655884492507,0.0143030913705706,0.0206884953446533,0.428280465193427,0.00529039858372208,0.000202351372637743,0.00353258716990896,0.00233637944620023,0.000342440730797249,0.00130049635044136,0.259875133668941,0.163322421949986,0,5886856,983204,25898348,0,824790,0,0,1693079,2626655,24867347,36881931
"109","IL-500","McHenry County CoC","Largely Suburban CoC","Sheltered and Unsheltered Count","17","Illinois","IL",160,26,12,21,28,22,33,18,65,94,1,0,0,0,0,0,133,27,0,1,22,0,121,0,4,19,32,41,119,9,1,140,99,41,0,20,151,75,76,0,124,40,113,307291,19871804,1562790267,0,0,0.795870909,0.859104081,0.196891546,0.065473748,0.000196629711925381,90014,11784,0.474001966,0.000326656,0.047359125,0.004852817,0.010933558,0.386929653,0.001652524,0.000192,0.002753091,0.001757292,8.78646e-05,0.000647595,0.235044307,0.145956113,1178568,2767866,995548,18426515,1417953,328278,0,0,255716,133749,17754535,24832213
"110","IL-501","Rockford/DeKalb, Winnebago, Boone Counties CoC","Largely Suburban CoC","Sheltered and Unsheltered Count","17","Illinois","IL",486,110,37,99,81,76,52,31,238,247,0,0,0,1,0,0,449,37,2,2,262,3,182,1,14,19,26,172,314,31,7,477,325,152,0,9,576,386,190,0,139,490,161,441516,27795048,3691062689,0,0,2.632989371,2.39152521,0.294727710660859,0.149229005956382,0.000119617583661148,58799.3219770065,10759,0.475619519333333,0.00125878907308614,0.0740213979131197,0.0132411200634473,0.0208739656115226,0.423601862868077,0.000633347444466339,0.000400891177295953,0.00603149179228839,0.00685365896878256,0.00402476907302793,0.000713450753406445,0.231323439784545,0.160841283157799,4496806,5163339,3623152,48884414,2216353,819104,379070,0,17919982,20344912,44845997,99808715
"111","IL-502","Waukegan, North Chicago/Lake County CoC","Largely Suburban CoC","Sheltered and Unsheltered Count","17","Illinois","IL",705,277,62,115,110,67,57,17,369,329,3,4,0,0,0,0,522,183,10,3,397,0,147,2,23,8,73,428,277,33,16,630,558,72,0,75,649,566,83,0,361,422,159,699682,2395026214,1148932536,0,0,0.262389713,0.985847115,0.39161219,0.075683712,0.000608984407766828,92654,22314,0.46352453,0.001121906,0.060438792,0.005663421,0.012369607,0.378287565,0.001194061,8.71825e-05,0.005182354,0.004459169,0.001286299,0.000647437,0.241838435,0.142589062,4688790,7064284,554992,89236499,3613107,467593,442649,0,7577927,5802034,78469756,108681132
"112","IL-503","Champaign, Urbana, Rantoul/Champaign County CoC","Other Largely Urban CoC","Sheltered and Unsheltered Count","17","Illinois","IL",279,64,33,45,49,44,30,14,120,156,0,2,0,0,1,0,253,26,1,4,160,1,84,3,15,10,22,111,168,16,10,237,152,85,0,42,212,113,99,0,19,125,16,210006,6110542,2579898018,0,0,0.937358906,0.840492556,0.334952335,0.191451726,8.14008920254925e-05,53936,16575,0.531674406,0.009992897,0.113365856,0.005817739,0.011688852,0.446077731,0.004702259,0,0.008914031,0.003171338,0,0.000928545,0.188727941,0.127891584,925972,3573971,0,44009416,1571427,165635,0,0,0,0,6014553,12251558
"113","IL-504","Madison County CoC","Largely Suburban CoC","Sheltered and Unsheltered Count","17","Illinois","IL",121,17,9,26,24,21,19,5,50,69,1,0,0,0,0,1,115,6,1,0,46,1,66,0,6,4,16,28,93,6,2,61,57,4,0,60,76,64,12,0,0,149,107,264403,63522162,1853175882,0,0,0.792662609,0.835608349,0.155009588,0.124282473,0.000142675610322885,64045,9870,0.493704747,0.000710142,0.093857597,0.022856427,0.041392278,0.452566726,0.001836568,0,0.003963646,0.005151227,0.003033248,0.0010779,0.218367416,0.172569903,2247053,5714459,0,15684306,2059558,1223469,0,0,5248197,4945547,8938466,30376749
"114","IL-506","Joliet, Bolingbrook/Will County CoC","Largely Suburban CoC","Sheltered and Unsheltered Count","17","Illinois","IL",357,70,30,69,70,40,59,19,139,212,5,1,0,0,0,0,302,55,2,0,150,1,160,1,9,12,41,111,246,18,8,319,256,63,0,38,325,250,75,0,0,285,183,868085,71833334,4077266184,0,0,2.412628055,2.587267349,0.349633964699452,0.0647363972215417,0.000212908591400419,90810.0694609399,12587,0.434877082,0.000702837514625409,0.0481736883066852,0.00846566091259151,0.013159456165493,0.355652960392248,0.00201610124504282,0,0.00263338259269196,0.00144340687019013,0.000723431212353629,0.000513774485526187,0.254549957396908,0.127193765754859,10716953,5858097,0,64715433,2794488,1038901,0,887238,5465978,6591729,31105084,64458468
"115","IL-507","Peoria, Pekin/Fulton, Tazewell, Peoria, Woodford Counties CoC","Largely Suburban CoC","Sheltered and Unsheltered Count","17","Illinois","IL",492,64,26,77,115,97,83,30,223,268,1,0,0,0,0,0,477,15,3,5,183,1,276,2,18,8,141,92,400,25,1,436,434,2,0,56,490,452,38,0,38,370,49,386792,143417717,6885236218,0,0,3.756163819,2.302803226,0.177883720236926,0.121559283385481,5.61770123425561e-05,60907.2626941612,7020.5,0.431279419,0.00102879452439262,0.1050828818184,0.0206796987547209,0.0348279381917491,0.451369211163248,0.00134263201100333,0.000455025045967859,0.00603166557342189,0.0108249396058114,0.00309468653758092,0.000698049478246706,0.23065368423577,0.18037860172448,4028487,4678871,2978361,33105639,1466348,842176,325766,0,9394227,8524464,43442890,75681590
"116","IL-508","East St. Louis, Belleville/St. Clair County CoC","Largely Suburban CoC","Sheltered and Unsheltered Count","17","Illinois","IL",237,49,16,33,45,28,46,20,91,145,1,0,0,0,0,0,225,12,1,0,174,0,58,0,3,25,9,50,187,19,6,218,143,75,0,19,208,66,142,0,96,322,116,261186,41843531,1703526437,0,0,0.763924008,0.858442113,0.389833299,0.144152813,0.000153320778784016,57473,12176,0.495868021,0.002026168,0.132542407,0.038410519,0.046527052,0.461808826,0.002366128,0.001064376,0.008664324,0.003304159,0.009303715,0.00111032,0.234790532,0.157347637,6930716,7106278,2178049,33405017,2116505,0,0,0,23583433,26655244,6662618,75232843
"117","IL-511","Cook County CoC","Other Largely Urban CoC","Sheltered and Unsheltered Count","17","Illinois","IL",20024,5990,2681,5448,3000,1468,1044,393,7781,12200,23,12,6,1,1,0,6076,13948,62,51,4607,27,4606,29,98,341,2903,11508,8516,1539,539,18276,16999,1225,52,1748,21392,19706,1621,65,840,10819,3478,5169517,1786339408,2447342616,0,0,0.064398867,0.999452189,0.580431982,0.136770522,0.00211229803551135,67886,98187,0.476837418,0.002635736,0.0941624,0.01856002,0.029208697,0.425279383,0.001318863,0.000706642,0.012397096,0.0063445,0.002998539,0.00063178,0.218323104,0.146568432,1.98e+08,1.9e+08,86662335,1.96e+09,57227249,15253061,15745357,31880723,3.42e+08,1.2e+08,9.07e+08,1963768725
"118","IL-512","Bloomington/Central Illinois CoC","Largely Rural CoC","Sheltered and Unsheltered Count","17","Illinois","IL",396,89,46,77,54,61,46,23,210,178,4,0,1,2,0,1,371,25,8,1,190,0,170,0,19,23,79,136,260,34,4,334,278,56,0,62,381,286,95,0,0,159,35,521882,127550291,19977150137,0.181818181818182,0,10.82499663,4.296923794,0.189240096617527,0.140018129363552,2.61239464298471e-05,60398.7611203299,4666.54545454545,0.422274933636364,0.000338808634218419,0.107258801521718,0.0266792275627651,0.033543130228475,0.440310261831134,0.00127080540727406,0.000172452816151927,0.00261744975816372,0.0051295118497304,0.0041695249553424,0.000871844444039074,0.220555604589271,0.168764203420756,2532571,5325032,899555,32179885,0,348087,0,0,19224397,13940617,18841624,61111883
"119","IL-513","Springfield/Sangamon County CoC","Other Largely Urban CoC","Sheltered and Unsheltered Count","17","Illinois","IL",388,82,31,49,75,77,62,12,159,227,1,1,0,0,0,0,370,18,6,2,173,0,180,0,19,28,78,117,271,26,3,362,257,105,0,26,440,307,133,0,55,208,68,195963,22731649,2248720954,0,0,0.905858747,0.811157006,0.201481912,0.139908114,8.71442050875291e-05,61743,19393,0.471868478,0.001272401,0.085468505,0.01228902,0.015301462,0.469231437,0.001847014,0.00030618,0.009782459,0.004873369,0.00392421,0.001260442,0.222633865,0.17857963,712852,2675683,1497675,30183680,1376889,186892,0,4825794,7195678,4796195,14419068,37686726
"120","IL-514","DuPage County CoC","Largely Suburban CoC","Sheltered and Unsheltered Count","17","Illinois","IL",480,142,94,57,61,57,42,27,245,225,4,1,3,2,0,0,373,107,2,9,246,1,180,4,19,10,100,251,229,63,11,454,356,98,0,26,534,407,127,0,273,339,150,926005,22153880,849088844,0,0,0.098440354,0.998121939,0.338301629,0.061600725,0.00109058669954684,94930,46916,0.440247245,0.001123974,0.046805141,0.004581683,0.008706581,0.390085367,0.001361221,0.0002311,0.003462184,0.002796961,0,0.000686821,0.227036571,0.155532638,9963721,8399276,4910600,79345653,3823187,394422,584207,0,0,0,49673081,77748494
"121","IL-515","South Central Illinois CoC","Largely Rural CoC","Sheltered and Unsheltered Count","17","Illinois","IL",266,83,21,53,50,36,20,3,134,129,1,1,0,0,1,0,254,12,1,0,23,0,231,1,2,4,13,127,139,16,3,186,133,53,0,80,186,135,51,0,15,58,160,393715,259828175,24694497085,0.111111111111111,0,17.838258636,5.200159862,0.0567847301642178,0.130430332872392,1.59434305807002e-05,54981.934874211,2582.05555555556,0.403103636111111,0.00189391525557248,0.129554172623262,0.0305878637335331,0.0420915675421993,0.468127960509214,0.00100359632955183,5.84178593144787e-05,0.00177031613130056,0.00450579736662306,0.00431022450549001,0.00121407615993803,0.210863187815326,0.193718806920732,2410222,0,538041,6556117,0,0,0,0,9875862,10508066,13616619,36948810
"122","IL-516","Decatur/Macon County CoC","Other Largely Urban CoC","Sheltered and Unsheltered Count","17","Illinois","IL",140,21,10,29,27,28,25,0,48,92,0,0,0,0,0,0,121,19,1,0,51,0,69,0,15,7,26,30,110,6,4,113,94,19,0,27,96,73,23,0,62,73,47,104688,13406665,1503684113,0,0,0.905082381,0.829698648,0.242797646,0.151778468,6.96210055655486e-05,53725,8822,0.457419933,9.13034e-05,0.130132634,0.036871575,0.041339052,0.481086657,0.000538139,0.000563579,0.008587422,0.009361149,0.006485939,0.000821489,0.222747593,0.198752484,1507563,2694504,820250,13265444,963417,362508,0,0,5752247,3836218,8256308,24193015
"123","IL-517","Aurora, Elgin/Kane County CoC","Largely Suburban CoC","Sheltered and Unsheltered Count","17","Illinois","IL",563,102,37,97,106,103,82,36,274,283,5,1,0,0,0,0,358,205,12,11,158,2,274,0,26,15,113,174,389,19,4,441,422,19,0,122,454,436,18,0,0,124,193,531756,12474714,1345145387,0,0,0.605109748,0.959775189,0.432999346,0.084692371,0.000395314889482649,83374,22906,0.494445324,0.000841376,0.039387008,0.006333828,0.015927016,0.355992222,0.002414434,0.000351665,0.00311233,0.00398491,0.000915834,0.000819925,0.255103845,0.137066625,3721708,6779037,4084657,50590303,3493721,399183,0,0,4659252,3731711,28940685,55809954
"124","IL-518","Rock Island, Moline/Northwestern Illinois CoC","Largely Rural CoC","Sheltered and Unsheltered Count","17","Illinois","IL",334,38,43,63,87,56,32,15,126,207,0,1,0,0,0,0,321,13,3,1,97,0,225,1,5,7,15,62,272,42,0,142,118,24,0,192,158,122,36,0,7,14,96,643029,361208690,23686840877,0.0666666666666667,0,14.67471082,5.208937993,0.169239645358152,0.127373370246188,2.71470983969155e-05,56748.8896239516,4020.93333333333,0.4131061642,0.00120052660400551,0.113747433491144,0.0330938396521214,0.0371768997966779,0.474140357534828,0.000878570316335655,0.000446325076957649,0.00361570008959316,0.00584110510050247,0.00683794973740687,0.00104505383715042,0.214455335774677,0.205328219929572,1339960,3824446,1830429,31673137,0,2404421,0,0,28947026,27811673,16206260,82364215
"125","IL-519","West Central Illinois CoC","Largely Rural CoC","Sheltered and Unsheltered Count","17","Illinois","IL",143,32,14,41,30,20,5,1,76,64,2,0,0,0,0,1,138,5,0,0,44,0,96,0,3,7,12,48,95,16,0,136,93,43,0,7,202,138,64,0,0,104,21,217700,235913316,15356759729,0,0,10.91959273,3.06449709,0.109090491533413,0.138857364684525,1.41761676188038e-05,52655.4574552136,3030.36363636364,0.374230306818182,0.00072296591796209,0.14794725258893,0.0311778885389297,0.0389406485456913,0.473389986050616,NA,0.000610932545787781,0.0027836473216169,0.00372531012384015,0.00876894804175011,0.00136885635319706,0.207179605059536,0.200757923768966,1126900,0,1629436,6935214,0,1252148,0,0,11208874,14116876,5535480,34869714
"126","IL-520","Southern Illinois CoC","Largely Rural CoC","Sheltered and Unsheltered Count","17","Illinois","IL",261,24,26,50,60,42,42,17,116,141,2,1,0,1,0,0,255,6,5,0,47,0,193,1,9,12,28,36,225,29,1,206,180,26,0,55,308,259,49,0,0,96,53,572948,605512525,28167397753,0.407407407407407,0.111111111111111,26.656806106,7.534111784,0.11509421447986,0.149756442369405,2.03408211516088e-05,53055.3027115899,2496.14814814815,0.425034537666667,0.00112843296230717,0.141668626595248,0.0513026762954369,0.0448282391044702,0.474961078527077,NA,0,0.00232656365093865,0.00282922708933446,0.0114792267605158,0.00129854722750232,0.21012727150851,0.192940720746068,2390805,0,0,15468196,0,97272,0,0,42680515,65024405,13986585,124179582
"127","IN-502","Indiana Balance of State CoC","Largely Rural CoC","Sheltered and Unsheltered Count","18","Indiana","IN",4584,831,262,780,931,858,717,205,1952,2609,7,1,8,1,6,0,4303,281,42,22,1006,1,3193,36,171,252,365,1282,3302,194,44,3446,2733,700,13,1138,4840,3702,1113,25,7,2828,713,5739556,1525298420,91761525844,0.175824175824176,0,85.878503623,36.794702031,0.175218954137177,0.123968299445427,6.25486111658342e-05,61045.6169250723,5834.65934065934,0.413862225208791,0.00104975238244949,0.102433674171676,0.0232936884631121,0.030631078234619,0.431916510562797,NA,0.000269707297571101,0.0051575417872142,0.00418969699893894,0.00175693035736684,0.00092184833108798,0.232552483113096,0.16219582140422,8207435,53467932,15338340,364875328,16708801,5950505,2191161,0,84726768,80070991,236729371,503391304
"128","IN-503","Indianapolis CoC","Major City CoC","Sheltered and Unsheltered Count","18","Indiana","IN",1701,278,96,287,309,310,318,103,634,1056,2,1,7,0,1,0,1579,122,25,12,899,1,660,9,44,170,324,419,1282,79,6,1362,1167,195,0,339,1343,1143,200,0,1161,1195,788,957337,16703563,1027084080,1,0,0.106465777,0.991205512,0.457269488,0.164196686,0.000932092141862427,51219,36564,0.506289621,0.001286753,0.110701159,0.027018372,0.039721128,0.443637925,0.001771135,0.000698813,0.007528175,0.006646562,0.000586001,0.000237116,0.246793971,0.125236986,29329781,18111627,6271005,2.09e+08,9163024,1038686,1596014,10643750,3573252,3268706,1.51e+08,233995845
"129","KS-502","Wichita/Sedgwick County CoC","Other Largely Urban CoC","Sheltered and Unsheltered Count","20","Kansas","KS",691,127,49,123,135,126,101,30,215,462,1,2,8,0,1,2,609,82,25,11,196,3,348,4,66,43,111,191,500,38,8,503,452,51,0,188,390,305,85,0,724,615,228,515416,31558986,2582051703,0,0,0.780893607,0.925801414,0.324559191,0.133521436,0.000199614902908859,57540,17821,0.445413924,0.001700783,0.096619803,0.023422982,0.034790018,0.428077514,0.002951993,0.000799354,0.005178341,0.002871467,0,0.000651901,0.257120462,0.144830583,5635092,5881242,1835041,42164656,3441716,512693,504588,0,3204985,2648340,10389073,34052770
"130","KS-503","Topeka/Shawnee County CoC","Other Largely Urban CoC","Sheltered and Unsheltered Count","20","Kansas","KS",537,73,25,97,124,109,89,20,198,338,0,1,0,0,0,0,487,50,12,2,133,0,337,3,29,47,250,117,420,17,3,334,276,58,0,203,317,242,75,0,0,326,21,177293,30313507,1409020132,0,0,0.845903039,0.831685382,0.269542509,0.110957253,0.000125827158869863,58652,15325,0.447962248,0.003193443,0.089409181,0.0130794,0.036667249,0.451941137,0.001352132,0.000231256,0.004760481,0.0059224,0.004140039,0.002132064,0.236523721,0.180447057,3716385,3677118,0,9227586,1163640,185636,320963,1485054,7044363,3932770,10553533,32079462
"131","KS-505","Overland Park, Shawnee/Johnson County CoC","Largely Suburban CoC","Sheltered and Unsheltered Count","20","Kansas","KS",250,52,26,51,51,29,33,8,107,140,1,1,0,1,0,0,217,33,6,1,60,1,134,1,26,9,54,84,166,16,7,192,166,26,0,58,201,156,45,0,0,127,64,597574,16319024,1226679687,0,0,0.531254425,0.959626998,0.206702434,0.048752013,0.000487147546611327,91650,31070,0.399957042,0.000577913,0.045740126,0.00301067,0.014273109,0.409649684,0.004778386,0.000179057,0.002918467,0.001947876,0.000217546,0.000953857,0.243256902,0.145396219,1784239,4697814,771464,34645950,2419627,18718,0,0,593251,603609,17824201,28712923
"132","KS-507","Kansas Balance of State CoC","Largely Rural CoC","Sheltered and Unsheltered Count","20","Kansas","KS",1089,160,83,208,286,178,140,34,438,633,5,2,7,2,1,1,990,99,45,4,163,0,754,6,62,79,308,270,819,68,6,787,590,190,7,302,1089,845,233,11,60,324,201,1456889,1255850854,206143150481,0.297029702970297,0.0099009900990099,100.447690239,22.860259127,0.192830750961057,0.128042780912516,7.06736554962218e-06,55924.0599208313,1909.17821782178,0.362831427079208,0.00120620977222932,0.136327836178666,0.0339770766010678,0.0418602855625322,0.457534513547659,NA,8.30536553807462e-05,0.0025341669740392,0.00442998746176133,0.00345187586097156,0.00175579606613682,0.233504405666763,0.169395883934972,1427726,3252150,382114,53341955,1038789,520418,0,0,26865532,41616940,59568416,134672085
"133","KS-507","Kansas Balance of State CoC","Largely Rural CoC","Sheltered and Unsheltered Count","40","Oklahoma","KS",1089,160,83,208,286,178,140,34,438,633,5,2,7,2,1,1,990,99,45,4,163,0,754,6,62,79,308,270,819,68,6,787,590,190,7,302,1089,845,233,11,60,324,201,72511,14845673,2040375640,1,0,0.976011872,0.472644713,0.282715726,0.157848477,3.55380639615948e-05,51150,4168,0.406684815,0.000652191,0.127439494,0.044454859,0.038864526,0.411978872,0.00170059,0.000262029,0.008081532,0.000399939,0.007198908,0.001158445,0.236860614,0.163244197,0,679794,138103,7424288,0,106695,0,0,3902739,2558788,760647,8146766
"134","KY-500","Kentucky Balance of State CoC","Largely Rural CoC","Sheltered and Unsheltered Count","21","Kentucky","KY",2678,416,184,496,587,538,361,96,1100,1555,10,4,9,0,0,0,2601,77,10,8,367,6,2160,2,90,148,389,658,2020,157,19,1639,1336,303,0,1039,2072,1680,392,0,560,1456,1383,3371333,2336369370,100545055009,0.711864406779661,0.347457627118644,114.503648717,29.261476594,0.106208137832986,0.173772231622006,3.3530569948947e-05,52104.3126276758,3497.24576271186,0.423240575067797,0.00102498923300815,0.135489299564941,0.0378508953789501,0.0416613349871152,0.44628311708117,NA,0.000243523836821815,0.0055298600877638,0.00475865184329344,0.00473403250350351,0.000577219717750338,0.228467493450211,0.166925960768953,7609624,7943975,5921056,247595574,1970017,1362336,0,4093822,98426228,96156997,173227499,396711554
"135","KY-501","Louisville-Jefferson County CoC","Major City CoC","Sheltered and Unsheltered Count","21","Kentucky","KY",1728,203,95,279,378,365,314,94,629,1082,8,3,5,1,0,0,1640,88,40,6,633,1,931,5,91,186,549,304,1424,84,6,1133,881,252,0,595,1038,678,360,0,913,1907,285,768419,43437019,986344428,0,0,0.257936024,0.983672406,0.333830892,0.137164915,0.00077905747544812,58196,31135,0.432520353,0.000742705,0.088604496,0.017463966,0.031546323,0.451800385,0.002972679,0.000633769,0.014472573,0.006227071,0.004865835,0.000930482,0.221318057,0.161354678,25853199,22304353,3414500,2.22e+08,7058527,3193613,1971663,4051729,35836875,27356004,62984383,194024846
"136","KY-502","Lexington-Fayette County CoC","Other Largely Urban CoC","Sheltered and Unsheltered Count","21","Kentucky","KY",825,108,55,107,180,151,153,71,315,504,3,2,0,1,0,0,775,50,10,1,253,0,523,2,27,57,127,164,661,49,4,743,706,37,0,82,546,484,62,0,136,359,97,322200,4434380,735181664,0,0,0.711207011,0.970725734,0.296800124,0.158020471,0.000438259026003129,58954,30278,0.470524387,0.000374257,0.08323472,0.007835421,0.016160994,0.443243327,0.004088603,0.000335196,0.00983861,0.006247672,0.002836747,0.00069522,0.208919926,0.134006828,3665145,4669456,1143307,58957361,2926460,233047,409772,1506791,7161895,4739775,36398831,62854479
"137","LA-500","Lafayette/Acadiana Regional CoC","Largely Rural CoC","Sheltered and Unsheltered Count","22","Louisiana","LA",441,89,21,68,98,88,64,13,182,257,1,0,0,0,0,1,418,23,2,3,248,1,157,1,18,28,102,136,305,16,3,259,210,41,8,182,265,214,43,8,112,359,55,656517,3887671847,14383044745,0.75,0.75,7.243679714,4.34969059,0.353727321683629,0.198923216567029,4.56452031985944e-05,50051.5248226626,4532.125,0.50395519175,0.00132739994790061,0.142622830925687,0.0257046574278655,0.037456264195707,0.437403753218083,0.00326853382522463,0.000738747120996105,0.00576375039751446,0.00382929930418253,0.00578355190060882,0.000871264579986505,0.247822980833282,0.146983246432881,5222308,3145522,5452182,49099679,1419491,5427837,0,0,29918488,23072109,23562581,97220518
"138","LA-502","Shreveport, Bossier/Northwest Louisiana CoC","Other Largely Urban CoC","Sheltered and Unsheltered Count","22","Louisiana","LA",292,47,15,33,56,47,66,28,101,190,1,0,0,0,0,0,273,19,0,0,172,0,115,0,2,55,75,66,226,12,3,205,160,31,14,87,317,238,54,25,76,421,89,474110,417547935,13322716977,0.857142857142857,0.714285714285714,6.74733845,2.280486198,0.470173588680511,0.222476044004269,3.55865849900205e-05,43734.057543608,3907.57142857143,0.558956484571429,0.000837373875818492,0.16128009719934,0.0478390491004999,0.0451705832875788,0.472428339203231,0.00282774171878636,0.000350129899040307,0.0083250720048512,0.00648372746297906,0.00315538593041277,0.0012444372238046,0.237198118737171,0.167068823368136,7478021,4990534,1435957,56361261,2161495,1497781,335719,0,13915364,10835890,28762395,71413156
"139","LA-503","New Orleans/Jefferson Parish CoC","Other Largely Urban CoC","Sheltered and Unsheltered Count","22","Louisiana","LA",1454,109,105,198,342,295,291,114,444,993,6,5,2,1,0,3,1399,55,18,7,960,3,409,4,17,79,83,172,1282,88,17,970,812,133,25,484,1166,956,176,34,20,3332,1062,826152,1350729980,1218235145,0.5,0.5,1.195146345,1.979982261,0.58116060978234,0.188881920390697,0.000678154790879884,49347.1010383077,36716,0.5623487725,0.0012047305210054,0.145469641601945,0.0332203317142511,0.0411797098991227,0.460675517624426,0.00172097597754408,0.000325605727046597,0.02726132733898,0.00461779392041295,0.00342794076684315,0.000777096865621581,0.210768720457883,0.1602380671554,47581354,32033353,1709219,5e+08,9079928,315247,2687588,17375684,24884886,18625506,61466450,215759215
"140","LA-505","Monroe/Northeast Louisiana CoC","Largely Rural CoC","Sheltered and Unsheltered Count","22","Louisiana","LA",142,23,8,20,32,29,22,8,53,88,1,0,0,0,0,0,141,1,1,0,97,0,43,0,0,5,20,28,114,8,3,96,42,54,0,46,131,71,60,0,73,64,67,348850,494992574,18235247367,0.916666666666667,0.75,11.764774262,3.15940646,0.422746166030558,0.258796123242715,1.91305329167789e-05,40879.3766174574,2075.08333333333,0.536253918916667,0.00522786147601484,0.203720718183741,0.0553523737684707,0.0520517702643342,0.464878887745432,0.00252769580955712,0.000710907066415365,0.00986097180955425,0.00527160687971621,0.00779418100840763,0.00131001848736706,0.235516697690621,0.162304715448835,2952923,1478116,771544,41719951,733009,994164,0,0,21014567,17301853,24888698,70134874
"141","LA-506","Slidell/Southeast Louisiana CoC","Largely Suburban CoC","Sheltered and Unsheltered Count","22","Louisiana","LA",209,26,22,45,48,34,25,9,100,108,0,0,1,0,0,0,202,7,0,4,83,4,113,0,4,4,17,44,165,17,3,42,14,28,0,167,59,30,29,0,0,313,72,589276,916219177,8709442472,0.6,0.4,4.601325034,2.165111915,0.248243607363678,0.143820108030531,6.76594399577774e-05,62012.1131371378,3663.6,0.4936913578,0.00151172142977166,0.128495146774014,0.0376726007667035,0.0414391059642188,0.41664517128451,0.00517653995447125,0.000390309432501918,0.00329047870164066,0.000806073748616947,0.000580373227545327,0.000828134943254095,0.244055417460991,0.156673612940656,3852492,2878747,1639262,30049870,506300,268473,0,0,2219146,1376889,8776309,21517618
"142","LA-507","Alexandria/Central Louisiana CoC","Largely Rural CoC","Sheltered and Unsheltered Count","22","Louisiana","LA",148,11,3,30,42,31,20,11,55,91,1,1,0,0,0,0,145,3,2,0,85,0,55,1,4,13,58,18,130,3,0,31,14,17,0,117,42,12,30,0,0,221,32,300729,610553012,18395711914,0.75,0.5,7.908995619,2.190509494,0.348629496947956,0.1952021506021,1.63477772105754e-05,45645.3602545814,2024,0.519559820625,0.000695493337543184,0.207129941057573,0.0877744260561502,0.077552544864343,0.457890658977126,0.00171540766095388,0.000505438314931383,0.00661725341055568,0.00285306693755507,0.0034316610003824,0.00126359592866667,0.2389393770674,0.157607014693767,1047640,956275,1290019,30878865,641757,739505,0,0,7100802,5745896,10003253,27525147
"143","LA-509","Louisiana Balance of State CoC","Largely Suburban CoC","Sheltered and Unsheltered Count","22","Louisiana","LA",783,88,68,150,193,121,121,42,312,463,2,1,5,0,0,0,761,22,9,7,431,1,313,4,2,39,125,144,639,61,3,308,261,47,0,475,488,402,86,0,282,880,453,1468982,16053029106,37656498033,0.636363636363636,0.0909090909090909,20.473790735,11.152314862,0.415326396160044,0.168127746612842,3.90100534232543e-05,55960.0952789074,5084.36363636364,0.487644211090909,0.00142408195520183,0.152392723840858,0.0409929831396777,0.045015006901299,0.433999191208521,0.00357354919248432,0.000339010360109246,0.00452149852075451,0.00211983543349272,0.00237034905217559,0.00104766414447284,0.238561125995769,0.146438826385288,17709518,9854012,2306534,169132844,4836158,1227445,556796,4544354,77176749,32696076,38668587,189576229
"144","MA-503","Cape Cod Islands CoC","Largely Suburban CoC","Sheltered and Unsheltered Count","25","Massachusetts","MA",570,166,18,88,112,60,79,47,265,287,1,0,0,0,0,17,539,31,2,3,266,0,254,3,40,9,76,305,265,1,9,494,397,97,0,76,360,244,116,0,11,211,29,242147,4031480247,1407903892,0,0,1.865495995,2.497365011,0.127496933423297,0.0676134202339529,0.000171991143270453,78536.8492155591,4259.33333333333,0.526889428,0.000913166330063218,0.452932288727137,0.00568269397892189,0.0134203563613342,0.803611029961342,0.00353111759243765,0.00109024714815794,0.00769780317185429,0.00286189826894407,0.00142888415448054,0.00194922914403234,0.151998579104639,0.293776095016783,3979961,894212,5783541,31445246,980670,780989,0,0,1423732,2085733,12297591,28226429
"145","MA-504","Springfield/Hampden County CoC","Largely Suburban CoC","Sheltered and Unsheltered Count","25","Massachusetts","MA",3018,1423,205,535,508,206,99,42,1597,1414,2,3,1,1,0,0,1638,1380,4,9,1201,9,1299,7,29,29,382,2469,549,33,61,2841,2706,128,7,177,3436,3241,187,8,567,1099,545,466647,44416923,1598035087,0,0,0.696162259,0.904726024,0.379826721,0.157275365,0.000292012987572156,57623,23533,0.531448935,0.002194003,0.068250453,0.013318672,0.017546577,0.41511678,0.000636145,0.000790748,0.019693687,0.012351949,0.006190975,0.001358629,0.2152505,0.169149271,8095034,13083371,3889053,1.23e+08,5620457,2327332,664347,1605800,35532655,20133513,1.17e+08,207951562
"146","MA-506","Worcester City & County CoC","Largely Suburban CoC","Sheltered and Unsheltered Count","25","Massachusetts","MA",1927,718,132,356,344,206,141,30,936,983,6,2,0,0,0,0,1319,608,12,12,804,1,765,3,30,52,307,1323,604,32,30,1785,1636,137,12,142,1899,1728,158,13,146,986,983,826655,177372507,3912614264,0,0,0.759347688,0.788241885,0.243271982,0.096659315,0.000211279452617157,77155,18987,0.476708059,0.001531452,0.066715597,0.012295971,0.018221096,0.407102116,0.001701833,0.000290327,0.009115048,0.006694449,0.003688359,0.001114129,0.211095318,0.156678421,16988878,11049719,4313705,1.36e+08,4750791,92335,764005,2226871,33449085,19770494,1.37e+08,230405883
"147","MA-507","Pittsfield/Berkshire, Franklin, Hampshire Counties CoC","Largely Suburban CoC","Sheltered and Unsheltered Count","25","Massachusetts","MA",961,258,55,187,214,119,81,47,431,515,5,9,1,0,0,0,701,260,9,2,368,0,468,1,8,109,155,507,454,32,8,875,731,139,5,86,621,443,171,7,218,578,475,357817,162933896,5577065934,0,0,2.764186654,1.819125813,0.138626728234721,0.102815382264901,6.41586461832208e-05,67094.4913796717,7798.33333333333,0.515665812,0.000887396788613727,0.132857902228109,0.0148652421830964,0.0161261249355481,0.467912368585802,0.00142855428629439,0.000262704186290758,0.0107513054953817,0.00657878191903962,0.00165168224480391,0.00117657900063999,0.159181928264303,0.202994827058236,1845395,3825638,1366578,62762302,0,333366,0,0,5732926,3623084,43681859,60408846
"148","MA-511","Quincy, Brockton, Weymouth, Plymouth City and County CoC","Largely Suburban CoC","Sheltered and Unsheltered Count","25","Massachusetts","MA",1885,734,100,402,364,139,110,36,1014,867,2,2,0,0,0,0,1568,317,3,13,1180,0,515,4,40,20,293,1430,455,38,29,1781,1781,0,0,104,1062,1062,0,0,0,1246,691,518597,1126101572,1705525076,0,0,0.507037581,0.875349225,0.200178559,0.066531726,0.000304068821559795,92906,14434,0.511883089,0.001339602,0.085078056,0.009579152,0.011660322,0.401190134,0.002288946,7.71312e-05,0.008765959,0.004658723,0.003625166,0.00096414,0.214679221,0.181202359,7042402,3281529,464660,96263376,1331911,195125,0,0,22551068,10594624,68791664,114252983
"149","MA-516","Massachusetts Balance of State CoC","Other Largely Urban CoC","Sheltered and Unsheltered Count","25","Massachusetts","MA",19297,7893,1137,3935,3473,1430,988,441,10061,9194,10,11,19,0,1,1,13275,6022,61,196,11263,6,5326,85,337,283,1438,15179,4118,403,257,18546,17763,726,57,751,12650,11720,869,61,5262,6061,1297,3897839,1230946449,4570647907,0.25,0,0.870565368,3.892809734,0.342106228808068,0.0968675332178856,0.000852797913842896,94763.6866658679,84435.5,0.49305350275,0.00197577154680374,0.0549242218499991,0.00632566569739643,0.0130274457801469,0.404492078715097,0.0024785641687671,0.000698848844677782,0.014253539058722,0.00999759105488195,0.00470260561642207,0.00132971116016901,0.196358033491055,0.152616103236835,123781046,85922739,45905572,2.639e+09,34939552,12284445,5313209,18557165,251205687,144366792,2.005e+09,2727276207
"150","MD-501","Baltimore CoC","Major City CoC","Sheltered-Only Count","24","Maryland","MD",1600,196,85,209,286,292,364,168,519,1063,9,4,5,0,0,0,1473,127,10,11,1070,0,278,8,32,127,234,311,1289,58,13,1487,851,615,21,113,2018,1102,886,30,2269,2945,457,602274,28758743,209649330,1,0,0,1,0.727006313,0.200337405,0.00287276854164046,52164,79535,0.503772432,0.001356707,0.174993876,0.060036879,0.074332508,0.488043648,0.001565399,0.001049356,0.022896555,0.018991356,0.0114599,0.001100828,0.204626134,0.140399552,54973960,42796394,9101986,6.6e+08,9438492,3093381,3776989,24931016,1.57e+08,42533607,1.68e+08,515645825
"151","MD-503","Annapolis/Anne Arundel County CoC","Largely Suburban CoC","Sheltered and Unsheltered Count","24","Maryland","MD",254,36,10,49,48,37,54,20,90,161,1,1,1,0,0,0,228,26,1,3,107,1,124,1,8,10,50,60,194,6,0,156,145,11,0,98,144,128,16,0,105,189,196,575421,448054686,1074343715,0,0,0.460200956,0.92517607,0.329417939,0.057195869,0.000535602332815807,103225,24503,0.466201931,0.001121423,0.058357266,0.002262184,0.005885212,0.393329406,0.003883755,0.000385804,0.005197933,0.001908168,0.002050672,0.000563066,0.223151397,0.147777019,4733889,4825303,238495,65251665,1765837,123704,367280,0,9999273,8483673,33452852,63990306
"152","MD-504","Howard County CoC","Largely Suburban CoC","Sheltered and Unsheltered Count","24","Maryland","MD",130,28,7,15,28,18,25,9,62,68,0,0,0,0,0,0,124,6,1,6,77,0,32,0,11,5,28,49,81,2,1,68,68,0,0,62,61,61,0,0,25,111,40,322407,6336170,649957177,0,0,0.559554477,0.881224855,0.493177878,0.051142056,0.000496043449336355,124042,33163,0.440294547,0.001554222,0.036223248,0.002697916,0.012728206,0.374787148,0.004862173,0,0.005800122,0.003002416,0,0.000626537,0.243645454,0.138188687,2208557,2641325,0,27864877,1113619,796666,0,0,0,0,20096980,26857147
"153","MD-505","Baltimore County CoC","Largely Suburban CoC","Sheltered and Unsheltered Count","24","Maryland","MD",565,133,29,100,95,84,87,37,235,328,1,1,0,0,0,0,545,20,3,6,327,3,199,1,19,15,165,205,360,14,3,450,450,0,0,115,572,572,0,0,0,578,111,828193,215957832,1549740652,0,0,0.592533743,0.928708596,0.438504068,0.092789338,0.00053440748226562,78724,33039,0.500201702,0.000989386,0.065859944,0.004869957,0.010596007,0.407610303,0.001480323,0.001710954,0.009515898,0.002234986,0,0.001133794,0.216237037,0.172031157,5104286,8598079,21617995,1.57e+08,4600927,1840207,731273,0,0,0,47722730,90215497
"154","MD-506","Carroll County CoC","Largely Suburban CoC","Sheltered-Only Count","24","Maryland","MD",134,17,7,41,14,15,24,16,49,81,3,0,1,0,0,0,125,9,1,1,15,0,85,0,4,10,25,30,104,5,2,111,111,0,0,23,107,107,0,0,0,65,41,168233,13112464,1159355858,0,0,0.867029829,0.577612484,0.116629912,0.047629461,0.000145109026567751,99569,10087,0.443117978,0.000130589,0.039299324,0.006570797,0.012184986,0.379039784,0.001961531,0,0.005094125,0.002229051,0,0.000600358,0.217686185,0.168617334,805146,0,0,18225809,0,0,0,0,0,0,2918141,3723287
"155","MD-511","Mid-Shore Regional CoC","Largely Rural CoC","Sheltered and Unsheltered Count","24","Maryland","MD",129,45,6,23,12,15,20,8,64,63,0,1,0,1,0,0,125,4,0,0,58,0,51,0,16,2,27,80,49,2,4,126,91,35,0,3,176,145,31,0,0,82,89,171960,2414992803,4603499099,0,0,4.870347103,1.804883315,0.23427541308848,0.104563186436346,3.73541943425935e-05,71962.1014712724,5406,0.5340048486,0.000972923999733025,0.157482980831312,0.0296178859109793,0.0278928884072401,0.480931611834002,0.00279401911951035,0,0.00400674570067458,0.00612933250455338,0.000732728566404978,0.000878111453442661,0.204570830450489,0.220138404385636,1406338,0,0,5802467,0,75325,0,0,294956,694864,10526708,12998191
"156","MD-513","Wicomico, Somerset, Worcester Counties CoC","Largely Rural CoC","Sheltered and Unsheltered Count","24","Maryland","MD",275,60,16,33,43,48,60,15,99,176,0,0,0,0,0,0,251,24,0,0,173,0,102,0,0,8,40,90,185,13,3,243,216,27,0,32,275,252,23,0,0,293,119,180888,1405948603,3011068930,0.333333333333333,0,2.810787859,1.72443403,0.342886206045531,0.145368826524993,6.00743470857706e-05,59625.1503914024,5435.33333333333,0.557528873666667,0.00130917699457456,0.372247832920423,0.0165796494653929,0.0226801811927602,0.610394277517989,0.00277498799715846,0.000326168816035337,0.00465481439026359,0.00607558286545266,0.00279731125982376,0.00112776966290743,0.198669895077401,0.193108442782855,2275322,730880,446378,4068618,0,0,0,0,3421166,2968296,11842657,21684699
"157","MD-514","Maryland Balance of State CoC","Largely Suburban CoC","Sheltered and Unsheltered Count","24","Maryland","MD",1188,219,63,192,257,212,159,86,472,710,2,0,0,0,0,4,1118,70,18,6,457,2,623,0,59,84,216,357,831,45,12,859,677,182,0,329,1148,878,270,0,5,938,338,1230036,2368574781,10366868980,0,0,7.979739387,5.047083261,0.279051995360153,0.0820502170149955,0.000118650674796123,89773.9439268444,8707.88888888889,0.462033738888889,0.000479503412380994,0.089770375856605,0.0127520290834886,0.0144946082949028,0.405847471097635,0.00403090764731601,0.000180482536739575,0.00605104259201926,0.00348038582612216,0.00156336883973477,0.000817862276766696,0.225477953564687,0.154043458865802,2328210,6295588,1445595,145103973,1039856,2022585,0,0,15349266,11520380,63907644,103909124
"158","MD-600","Prince George's County CoC","Largely Suburban CoC","Sheltered and Unsheltered Count","24","Maryland","MD",650,224,92,109,82,61,55,27,337,304,4,2,3,0,0,0,568,82,1,9,534,1,73,2,18,19,73,365,285,70,7,542,378,164,0,108,572,408,164,0,0,369,97,910551,41926971,1250040419,0,0,0.392615933,0.975654492,0.876684557,0.085942465,0.000728417246482652,86994,39435,0.507064991,0.002902095,0.056138179,0.00796036,0.008020167,0.367257847,0.001932271,0.000500796,0.006024923,0.002471031,0.000595244,0.000377793,0.222840895,0.133115004,15179353,10735384,5036657,2.37e+08,4755191,3583059,883909,4709211,5846225,2822658,63635823,117187470
"159","MD-601","Montgomery County CoC","Largely Suburban CoC","Sheltered and Unsheltered Count","24","Maryland","MD",1144,251,58,203,194,173,162,103,448,687,4,1,2,2,0,0,885,259,37,42,676,0,254,2,31,32,104,396,748,39,7,991,938,41,12,153,961,894,49,18,0,2316,303,1047661,35632258,1277247584,0,0,0.464282844,0.97320587,0.568989396,0.065855847,0.000820248958090807,111812,51575,0.503515546,0.001998257,0.045201357,0.005109162,0.007081119,0.372711211,0.002512274,0.000151767,0.007319161,0.003723533,7.63606e-05,0.000393257,0.232412011,0.155025337,18429448,10741098,4122765,2.62e+08,4490018,1573741,863434,0,1456351,1410505,3e+08,343087360
"160","ME-500","Maine Statewide CoC","Largely Rural CoC","Sheltered and Unsheltered Count","23","Maine","ME",2702,656,210,465,630,400,232,109,1138,1528,14,10,11,1,0,0,2582,120,41,11,1179,1,1342,4,95,115,494,1154,1548,181,16,2429,1682,732,15,273,2833,2048,770,15,361,2290,486,1340825,11745192141,79888173952,0.3125,0,15.509178164,3.850306516,0.0736203457540567,0.110785532971799,1.67837732879665e-05,60575.6617716704,3675.3125,0.44623599775,0.00112151762256175,0.237337521965817,0.0323827423469103,0.0326026268551101,0.556965301312902,0.00281953869130423,0.00054742429561203,0.00864616952116794,0.00602986957200008,0.00254917677252662,0.00123058564545112,0.187173568330783,0.20626629141559,13244316,11969162,7395080,245093383,3169626,3115577,326054,1470555,37563034,24138218,447510475,549902097
"161","MI-500","Michigan Balance of State CoC","Largely Rural CoC","Sheltered and Unsheltered Count","26","Michigan","MI",1937,558,138,225,473,275,207,61,913,1005,6,8,0,0,0,5,1861,76,66,1,197,0,1581,5,55,54,149,869,1068,101,17,1284,927,357,0,653,1856,1427,429,0,279,385,633,2443584,89608492265,112558063167,0.459016393442623,0,59.880793279,15.421701334,0.110962831695937,0.13692260356504,2.17095420021088e-05,53931.0159581173,2615.11475409836,0.460919308016393,0.000869178198228299,0.239662445979583,0.0282929912066878,0.029665157110836,0.53576345236325,0.00148747280121084,0.000109265770268998,0.00343348124314122,0.00480932924886601,0.00267107659410931,0.000887221438440422,0.205751060720411,0.201685311514202,881174,5753044,1558642,30712208,1052821,1647210,0,0,38057802,42004340,122800475,213755508
"162","MI-502","Dearborn, Dearborn Heights, Westland/Wayne County CoC","Other Largely Urban CoC","Sheltered and Unsheltered Count","26","Michigan","MI",1949,546,185,302,276,252,253,135,812,1121,9,0,6,0,1,0,1828,121,81,4,1546,8,190,3,32,136,382,843,1106,122,35,1601,1325,263,13,348,1417,1118,281,18,351,3613,714,1753059,157708871,1584692687,1,0,0.128355654,0.991031808,0.507891064,0.213328007,0.00110624540289811,49359,31827,0.531039489,0.000934004,0.147365373,0.081838975,0.096253285,0.464875398,0.000791391,0.000803167,0.009904401,0.008681396,0.003398631,0.000710187,0.236792373,0.154268624,69901257,92074318,10857391,1.9e+08,22406342,467483,7283302,9870500,64245732,50647532,3.59e+08,686753857
"163","MI-503","St. Clair Shores, Warren/Macomb County CoC","Largely Suburban CoC","Sheltered and Unsheltered Count","26","Michigan","MI",436,110,21,57,114,41,70,23,197,236,2,1,0,0,0,0,431,5,4,1,261,3,156,0,7,25,50,163,273,15,6,417,327,90,0,19,269,176,93,0,94,272,81,870893,237173297,1241505063,0,0,0.460682397,0.967900075,0.218549236,0.099039248,0.000701481633828826,64641,27579,0.482087716,0.001050552,0.049890667,0.006815635,0.012298604,0.422191934,0.001993408,0.000362846,0.003256428,0.004821488,0.001306705,0.000370884,0.210816943,0.169965771,2056347,10294238,2956292,8395585,4869732,0,319985,2608956,7163557,5421991,43736508,79427606
"164","MI-504","Pontiac, Royal Oak/Oakland County CoC","Largely Suburban CoC","Sheltered and Unsheltered Count","26","Michigan","MI",357,131,32,41,54,49,33,17,176,176,1,0,3,1,0,0,331,26,2,5,222,1,106,0,10,15,34,179,178,29,9,327,249,78,0,30,327,249,78,0,351,654,139,1255340,103163034,2246569961,0,0,0.39616223,0.944577623,0.288895439,0.077737386,0.00055878072875203,81587,33023,0.423034711,0.000576936,0.059961925,0.007015388,0.011999764,0.43183042,0.001975424,0.000239776,0.002959358,0.004978731,0.000399892,0.000679497,0.209510571,0.168392627,13112372,14956597,4870547,29632600,5727718,1553855,651288,0,4646847,2283198,1.63e+08,210802422
"165","MI-505","Flint/Genesee County CoC","Largely Suburban CoC","Sheltered and Unsheltered Count","26","Michigan","MI",423,65,32,65,82,77,60,42,168,250,0,2,0,2,1,0,401,22,19,6,230,2,147,1,9,21,85,94,329,27,6,398,327,71,0,25,354,257,97,0,0,36,26,406770,32748546,1649674147,1,0,0.640168377,0.818008375,0.282892052,0.18041709,0.000246575968193311,50269,9817,0.512604151,9.96594e-05,0.114246844,0.054573872,0.06011434,0.473444453,0.000832497,0.000432677,0.004582442,0.006502446,0.002431349,0.000712934,0.225709861,0.174386017,4854580,11605273,938489,9076386,3778273,0,1007238,0,10862793,7309936,17715420,58072002
"166","MI-506","Grand Rapids, Wyoming/Kent County CoC","Largely Suburban CoC","Sheltered and Unsheltered Count","26","Michigan","MI",1089,270,101,137,187,146,184,64,420,654,14,1,0,0,0,0,972,117,15,12,583,0,373,3,55,51,94,403,686,74,17,979,796,183,0,110,1115,873,242,0,322,1052,307,652617,59599778,2198720086,0,0,0.713220585,0.838113664,0.270821937,0.111067128,0.00029681677270128,65722,28440,0.475844922,0.000735309,0.047916302,0.006887968,0.013974292,0.393975333,0.002765495,0.000468881,0.009561504,0.004701073,0.000689532,0.000530173,0.241700722,0.136490468,15429873,11802768,1470456,91948505,4842551,866853,942984,0,2795842,2381466,31537182,72069975
"167","MI-507","Portage, Kalamazoo City & County CoC","Other Largely Urban CoC","Sheltered and Unsheltered Count","26","Michigan","MI",664,159,45,95,118,94,122,31,278,385,0,0,0,0,1,0,625,39,8,3,332,4,286,3,9,24,96,232,432,30,15,542,452,90,0,122,666,544,122,0,140,426,171,264322,47507421,1455457976,0,0,0.804027604,0.783612948,0.232205416,0.14414432,0.000181607442027581,58836,14831,0.477896341,0.001285027,0.073784252,0.008029489,0.017471244,0.425938817,0.0019358,0.00034806,0.004498301,0.01024508,0,0.000775569,0.216039528,0.149851318,3695739,3653919,667354,0,1133172,453855,0,0,0,0,39448425,49052464
"168","MI-508","Lansing, East Lansing/Ingham County CoC","Other Largely Urban CoC","Sheltered and Unsheltered Count","26","Michigan","MI",648,135,34,103,141,114,89,32,257,386,2,1,1,1,0,0,582,66,17,7,223,1,319,8,50,35,95,218,430,23,8,558,526,12,20,90,592,527,41,24,127,425,126,290923,11990765,1440251655,0,0,0.822535599,0.854324324,0.308603995,0.183784775,0.000201994560457561,55253,24292,0.506357415,0.001020426,0.083330645,0.010910234,0.019667452,0.426270869,0.001844559,0,0.009786095,0.009215497,0.001203067,0.000725278,0.197354626,0.135950062,17840991,5084226,0,5.21e+08,1670260,0,357072,4756555,4991299,3639733,67682418,106022554
"169","MI-509","Washtenaw County CoC","Largely Suburban CoC","Sheltered and Unsheltered Count","26","Michigan","MI",330,85,23,39,68,44,48,23,131,192,3,2,2,0,0,0,313,17,3,1,172,1,122,0,19,20,88,129,201,16,4,317,294,23,0,13,392,351,41,0,62,640,195,368385,42523115,1828539918,0,0,0.821303903,0.82805205,0.304016179,0.138672811,0.000201464018572221,75730,25029,0.508884246,0.000377517,0.057415669,0.004665476,0.010464373,0.411941311,0.001662923,0.000293172,0.009120893,0.006360194,0,0.000798078,0.186277943,0.139356923,10927680,4343753,213393,40607919,2840165,77636,376962,0,8151,7236,36922477,55717453
"170","MI-510","Saginaw City & County CoC","Largely Suburban CoC","Sheltered and Unsheltered Count","26","Michigan","MI",383,129,37,39,75,43,40,20,171,211,0,0,0,0,1,0,337,46,4,1,200,6,119,1,15,18,12,183,200,34,8,372,249,117,6,11,410,277,127,6,0,255,84,191166,39262561,2074078765,0,0,0.904181531,0.673849698,0.310782252,0.175547674,9.21691129700178e-05,49565,9495,0.53675798,0.000101291,0.100342868,0.020879609,0.035516978,0.459229152,0.001302482,0.000287708,0.00971407,0.007150853,0.003300796,0.00074281,0.214692989,0.191634496,3572957,4344413,191253,14137706,1045634,138122,376242,0,4653859,3224463,6632777,24179720
"171","MI-511","Lenawee County CoC","Largely Rural CoC","Sheltered and Unsheltered Count","26","Michigan","MI",202,38,13,25,39,41,25,21,96,103,1,2,0,0,0,0,169,33,0,1,18,0,139,0,32,7,8,56,146,8,0,194,91,103,0,8,251,127,124,0,0,14,0,98310,30470381,1941553343,0,0,0.968647763,0.431389115,0.13774794,0.112810892,5.06347149072381e-05,57314,5096,0.432309443,0.000206756,0.118489999,0.017565043,0.019683784,0.446485607,0.001083329,0,0.001769912,0.003824636,0,0.000732377,0.210955142,0.188017496,255642,1196214,0,0,0,0,0,0,0,0,4306351,5758207
"172","MI-512","Grand Traverse, Antrim, Leelanau Counties CoC","Largely Rural CoC","Sheltered and Unsheltered Count","26","Michigan","MI",202,36,17,32,40,30,33,14,70,130,2,0,0,0,0,0,176,26,10,0,10,0,154,2,21,8,55,54,148,14,3,185,178,7,0,17,132,124,8,0,26,284,69,173018,7766685004,5611607432,0.2,0,4.871258132,0.837288436,0.073564600217486,0.103589064649719,3.08321638846956e-05,63354.7828954213,2482.2,0.4794114034,0.00139346869200579,0.308953158700737,0.0152222198423979,0.0191939885206337,0.597330913584436,0.00414336190673803,0,0.0033060147007768,0.00169346525195644,0.000236969565074154,0.000786045106358876,0.192453964503653,0.229369198492492,2186807,0,0,3939556,0,0,0,0,659422,611043,1555845,5013117
"173","MI-514","Battle Creek/Calhoun County CoC","Other Largely Urban CoC","Sheltered and Unsheltered Count","26","Michigan","MI",252,41,22,31,67,38,43,10,95,155,0,1,0,0,0,1,242,10,5,1,88,0,144,0,10,23,13,56,196,19,4,223,179,44,0,29,267,220,47,0,4,182,29,133943,31256789,1829210175,0,0,0.920326321,0.676576577,0.229694721,0.166506567,7.32244997489149e-05,50219,7333,0.485741749,0,0.111103812,0.012974429,0.032551035,0.454588892,0.000479233,0.000328498,0.006823798,0.004277939,0.004210746,0.000895903,0.228537512,0.177149982,742648,2457499,0,7830860,658353,0,0,0,3337434,2684495,4441841,14322270
"174","MI-515","Monroe City & County CoC","Largely Suburban CoC","Sheltered and Unsheltered Count","26","Michigan","MI",121,34,16,37,15,9,7,3,69,52,0,0,0,0,0,0,116,5,0,1,55,2,56,5,2,3,15,65,56,14,1,121,101,20,0,0,135,116,19,0,0,46,27,150000,338203448,1422818203,0,0,0.875064009,0.622786789,0.090853333,0.112346895,0.0001054245719402,65453,7801,0.493287373,0.000296033,0.061087091,0.014561458,0.022297715,0.431733333,0.001954145,0.000293333,0.00372,0.003273333,0.003766667,0.000506667,0.213646667,0.181066667,291932,897967,580906,0,0,0,0,0,3627185,3044523,6682731,15125244
"175","MI-516","Norton Shores, Muskegon City & County CoC","Largely Suburban CoC","Sheltered and Unsheltered Count","26","Michigan","MI",203,66,10,29,36,30,21,11,99,102,1,1,0,0,0,0,201,2,1,1,97,0,87,0,17,7,14,97,106,5,2,170,131,39,0,33,245,209,36,0,616,93,0,173679,2476314283,1305130153,0,0,0.831096181,0.739864865,0.239217177,0.140912955,0.000133074084297859,53478,7729,0.47655869,0.000272463,0.111266564,0.006511065,0.023273021,0.428002234,0.001194708,0.000264856,0.005095607,0.005648351,0.002913421,0.000823358,0.230759044,0.169467811,1261961,2974663,0,3810461,665145,0,0,0,5467611,2892725,9842829,23104934
"176","MI-517","Jackson City & County CoC","Largely Rural CoC","Sheltered and Unsheltered Count","26","Michigan","MI",99,16,7,16,26,12,14,8,46,53,0,0,0,0,0,0,75,24,0,1,19,0,68,3,6,2,8,32,67,4,0,87,87,0,0,12,90,90,0,0,0,76,74,158174,55933446,1817904856,0,0,0.925678851,0.527156629,0.158496339,0.123884688,8.70089540043563e-05,54511,9355,0.470102389,0.000192876,0.107617723,0.02099858,0.023709462,0.440774084,0.000911671,0.000252886,0.005184164,0.006486527,0.003401318,0.000442551,0.215534791,0.176546082,1688291,2570181,0,5531490,687422,0,0,0,2666055,2738231,13797044,24147224
"177","MI-518","Livingston County CoC","Largely Suburban CoC","Sheltered and Unsheltered Count","26","Michigan","MI",69,25,7,2,14,1,15,5,31,37,0,0,0,1,0,0,69,0,0,0,0,0,68,0,1,2,2,39,30,3,0,66,25,41,0,3,66,25,41,0,11,16,24,190832,52118264,1464076021,0,0,0.804233032,0.604871406,0.0595288,0.052557028,0.000130342958468548,84274,7887,0.435171386,0.000630958,0.053427681,0.007907037,0.009854583,0.403601073,0.003091359,0,0.001624465,0.000450658,0,0.000539742,0.212920265,0.171894651,503468,0,1522,0,0,0,0,0,0,0,0,504990
"178","MI-519","Holland/Ottawa County CoC","Largely Suburban CoC","Sheltered and Unsheltered Count","26","Michigan","MI",320,67,28,73,54,50,38,10,151,167,0,0,2,0,0,0,271,49,4,3,64,0,216,1,7,5,14,100,220,26,2,225,155,70,0,95,268,150,118,0,45,129,67,289162,2765824533,1459508866,0,0,0.750935815,0.788011479,0.167584261,0.07942432,0.000198122811540358,72418,11282,0.465951339,0.000305968,0.053931324,0.008204581,0.010357492,0.382304729,0.004248692,0,0.00163922,0.002064587,0,0.000466866,0.23911164,0.150735574,2965978,658775,0,0,0,0,0,0,0,0,6143485,9768238
"179","MI-523","Eaton County CoC","Largely Suburban CoC","Sheltered and Unsheltered Count","26","Michigan","MI",55,25,4,9,8,7,0,2,26,27,0,1,0,0,1,0,50,5,0,0,24,0,28,0,2,0,2,45,10,1,1,50,30,20,0,5,59,37,22,0,4,42,48,109730,10942073,1489783241,0,0,0.921418267,0.620151134,0.175904493,0.08599092,7.36550103264318e-05,67440,9762,0.373953488,0.000999178,0.054777845,0.008479023,0.014670388,0.434220359,0.001084464,0.000337191,0.003645311,0.00436526,0.000492117,0.000400984,0.20873052,0.184133783,2178818,0,189167,272453,0,357129,0,0,103851,94309,4602855,7526129
"180","MN-500","Minneapolis/Hennepin County CoC","Major City CoC","Sheltered and Unsheltered Count","27","Minnesota","MN",3866,1296,378,920,590,331,260,91,1772,2063,10,13,7,1,0,0,2489,1377,435,48,1394,3,1139,54,205,113,643,2187,1679,205,119,3370,2953,417,0,496,3492,2963,529,0,5609,2436,1074,1255296,136605077,1434868069,0,0,0.342061627,0.976119042,0.321239771,0.101508314,0.000874851163755321,81169,66982,0.445872318,0.001377721,0.046976854,0.00390562,0.008091272,0.429558447,0.00432766,0.00044133,0.007881806,0.00710908,0.004418081,0.001639454,0.219540252,0.140856021,27448975,29703358,6740543,3.51e+08,9412146,3077557,2406505,7169004,48225162,41200210,2.74e+08,449383460
"181","MN-501","Saint Paul/Ramsey County CoC","Other Largely Urban CoC","Sheltered and Unsheltered Count","27","Minnesota","MN",1640,348,200,283,303,237,195,74,646,967,9,14,3,0,0,1,1491,149,75,95,791,4,445,11,169,65,573,569,1071,177,22,1230,748,482,0,410,1539,955,584,0,2504,1747,276,546598,46008727,394323905,0,0,0.012697806,0.999799041,0.391545523,0.134144351,0.00138616501071625,67238,50633,0.484530741,0.003165038,0.048251407,0.004156641,0.008625369,0.404487393,0.002132857,0.000826933,0.010440946,0.014912239,0.000786684,0.001136118,0.232928039,0.144513884,18105858,15820910,5281018,99003522,3880273,1201895,1173624,1307800,1989333,3689476,1.25e+08,177450187
"182","MN-502","Rochester/Southeast Minnesota CoC","Largely Rural CoC","Sheltered and Unsheltered Count","27","Minnesota","MN",608,176,37,100,130,74,65,26,275,330,0,2,1,0,0,0,532,76,21,11,150,3,350,0,36,24,106,270,338,28,5,487,340,147,0,121,533,341,192,0,1128,254,152,742188,630295353,30780023314,0,0,19.687223774,8.175198946,0.14036201059683,0.0989439117741718,2.41126523014173e-05,67488.0227004479,4758.75,0.421358954,0.000506234526479233,0.0767827621889938,0.013432440219214,0.0203579208093057,0.433588255213106,0.0030617949187726,0.000432505064910777,0.00401515519351566,0.00621405894870033,0.0030127138397239,0.00141743071624305,0.226829320808076,0.174791292903018,4091820,2228166,1569350,45314724,0,475340,0,0,9750687,12125939,41549912,71791214
"183","MN-503","Dakota, Anoka, Washington, Scott, Carver Counties CoC","Largely Suburban CoC","Sheltered and Unsheltered Count","27","Minnesota","MN",758,196,87,135,136,101,63,40,391,356,8,2,0,0,1,0,670,88,12,22,236,6,369,1,71,17,202,327,431,72,9,516,391,125,0,242,687,512,175,0,982,476,238,1714151,377260396,6842189685,0,0,4.522762339,5.18016308,0.205275964677671,0.0538891035723726,0.000250526670395868,91211.2282179341,17247.1666666667,0.458397586666667,0.000954908680747994,0.0310959357832694,0.00320799205362655,0.00705113163061306,0.385286943430168,0.0039141920373561,0.000249102807972577,0.00481754527867848,0.00252486495314007,0.000619548805196275,0.000996411716426383,0.247052330692941,0.138325619932924,8420694,12668013,2522710,125364479,10648654,1425772,661474,0,5650089,8591229,43875456,94464091
"184","MN-503","Dakota, Anoka, Washington, Scott, Carver Counties CoC","Largely Suburban CoC","Sheltered and Unsheltered Count","31","Nebraska","MN",758,196,87,135,136,101,63,40,391,356,8,2,0,0,1,0,670,88,12,22,236,6,369,1,71,17,202,327,431,72,9,516,391,125,0,242,687,512,175,0,982,476,238,40248,16287638,1368944202,1,0,1.938137028,1.587897322,0.534237726,0.140983607,2.94007600464639e-05,61227,11264,0.369244136,0,0.065717554,0.006609889,0.041057582,0.390926257,0.001764914,0.001242298,0.010981912,0.007056251,0.000993838,0.00129199,0.290250447,0.136901212,1708446,0,283400,5554666,0,0,0,0,163388,159036,4122002,6436272
"185","MN-504","Northeast Minnesota CoC","Largely Rural CoC","Sheltered and Unsheltered Count","27","Minnesota","MN",113,24,25,16,18,12,12,6,50,62,1,0,0,0,0,0,111,2,24,0,2,0,81,0,6,3,33,34,79,28,0,62,30,32,0,51,75,32,43,0,129,23,57,125043,8464384258,31122326464,0.166666666666667,0,5.98275358,1.139913785,0.0948153836728725,0.114060141268604,4.0177908982685e-06,58510.3408027639,1342.83333333333,0.444613887166667,0.000624257362667097,0.341483450206434,0.0721735875885895,0.0613055377448398,0.662012267715546,0.0037474060031909,0.000183936711083387,0.00357477034600897,0.00672568630997337,0.00438249239342466,0.00176739203132522,0.199419399810017,0.235215086127764,698799,0,203688,4955840,0,0,0,0,2263534,2365101,4208063,9739185
"186","MN-505","St. Cloud/Central Minnesota CoC","Largely Rural CoC","Sheltered and Unsheltered Count","27","Minnesota","MN",881,207,88,176,169,120,95,26,404,467,3,7,0,0,0,0,751,130,52,17,128,3,544,9,47,38,152,309,572,82,8,542,381,161,0,339,721,468,253,0,588,269,234,751895,2394713268,29244024071,0.153846153846154,0,12.718684281,3.796284399,0.102471754808957,0.0875532729849088,2.57110648717329e-05,71767.4390493353,3798.30769230769,0.413485008769231,0.00122730790517745,0.169217052451289,0.0194185290088696,0.0174381424309751,0.457945590818854,0.00384889775762041,0.000631737237502577,0.0024724196050007,0.00397395917132711,0.00167576595469713,0.00110387761878853,0.242350328230208,0.160094162034236,3251827,1327059,2327751,29785907,0,830211,0,0,5877778,5707641,27809986,47132253
"187","MN-506","Northwest Minnesota CoC","Largely Rural CoC","Sheltered and Unsheltered Count","27","Minnesota","MN",260,91,40,44,33,33,12,7,136,121,1,1,0,1,0,0,235,25,96,0,22,0,108,0,30,5,35,136,124,44,5,225,141,84,0,35,291,160,131,0,460,91,122,171047,3221327930,38134770408,0.25,0,11.980896123,1.491374577,0.167410126861027,0.130360587690717,4.48532921976416e-06,55939.1007091618,1336.83333333333,0.421665449083333,0.00125426172851153,0.240347351133836,0.0417317708107421,0.0374254889471315,0.526481025636024,0.00234689250345227,0.000309856506831456,0.00661806392397996,0.00577034385495215,0.00358381017358971,0.00182406000851228,0.240080211712453,0.191842008317609,2673078,0,358268,19035456,0,208937,0,0,2701350,2741949,4788655,13472237
"188","MN-508","Moorhead/West Central Minnesota CoC","Largely Rural CoC","Sheltered and Unsheltered Count","27","Minnesota","MN",184,61,31,15,28,24,18,7,86,98,0,0,0,0,0,0,169,15,23,0,40,0,110,1,9,4,26,97,87,21,8,174,99,75,0,10,199,125,74,0,332,379,68,244558,1487782518,22315322182,0.1,0,9.916105875,3.433460031,0.0968481914077561,0.104987275088752,1.09591964662408e-05,61729.6817401189,2663.4,0.4574110988,0.00195677024404704,0.224078120861881,0.0222872853257837,0.0195338281330237,0.535145037402939,0.00412491434101931,0.000310764697045282,0.00583501628538833,0.00558967588385577,0.0036637525489986,0.00150884452901561,0.229233965125001,0.199187922610718,1608364,598132,764391,22466511,0,198864,0,0,4808635,4364870,13661773,26005029
"189","MN-509","Duluth/St. Louis County CoC","Largely Rural CoC","Sheltered and Unsheltered Count","27","Minnesota","MN",736,139,80,209,128,86,67,27,301,424,3,1,1,0,6,0,698,38,147,3,91,0,379,4,108,28,281,178,558,95,9,360,211,149,0,376,426,257,169,0,843,486,65,199499,1586178745,16182544691,0,0,0.989527859,0.607123772,0.096717277,0.137672567,1.2328036400292e-05,57480,8352,0.506714764,0.001507613,0.178849633,0.0550519,0.047643082,0.526368553,0.002204564,0,0.009503807,0.01266673,0.008320844,0.001759407,0.189890676,0.193745332,6921637,8663887,0,31170543,2438359,1446638,754526,0,11624135,11043682,24024731,66917595
"190","MN-511","Southwest Minnesota CoC","Largely Rural CoC","Sheltered and Unsheltered Count","27","Minnesota","MN",155,50,47,16,19,10,11,2,87,66,1,0,1,0,0,0,98,57,16,6,4,0,113,0,9,2,4,81,74,30,14,151,58,93,0,4,215,111,104,0,64,220,156,275162,655624833,31251459998,0.111111111111111,0,17.913968102,3.781918752,0.146331978858244,0.097211679322759,8.80477264158569e-06,59733.3625355245,1927.61111111111,0.367430412277778,0.000899813871664418,0.132393115924392,0.0152848669344132,0.0198132520189888,0.474916594477406,0.00168654767640154,0.000272566651877803,0.00313633420981822,0.00612729966610942,0.00502976423894288,0.00188252723082766,0.240432908783865,0.200282015662966,2502492,0,242944,12695462,0,525882,0,0,6616988,6008231,15875145,31771682
"191","MO-500","St. Louis County CoC","Largely Suburban CoC","Sheltered and Unsheltered Count","29","Missouri","MO",452,106,112,73,65,45,39,12,230,219,1,1,1,0,0,0,440,12,3,1,321,0,107,3,12,23,95,161,291,101,16,360,199,161,0,92,379,219,160,0,375,474,81,996179,39811029,1315699985,0,0,0.257128942,0.986453878,0.351900612,0.092998416,0.000757147534663839,68661,31720,0.455518738,0.000466243,0.072317722,0.012882903,0.02058683,0.443286799,0.001177642,0.000954648,0.007486606,0.003632881,0.000728785,0.00086631,0.220520609,0.180683391,3695326,11844561,9783251,1.19e+08,8216580,610570,978539,0,4033686,4429376,44405302,87997191
"192","MO-501","St. Louis City CoC","Other Largely Urban CoC","Sheltered and Unsheltered Count","29","Missouri","MO",1235,193,94,217,236,213,203,79,432,787,8,4,3,0,1,0,1200,35,6,3,863,4,304,0,39,122,273,302,933,74,12,1081,715,366,0,154,1106,714,392,0,495,1699,425,304709,11534970,159853177,1,1,0,1,0.560666078,0.204324678,0.00190618044457133,45782,54058,0.473464354,0.000863714,0.188686389,0.068881919,0.092159023,0.580734406,0.001733766,0.002953638,0.014764907,0.014945407,0.009208786,0.000203473,0.191087234,0.136563081,19598855,36180390,6751085,1.06e+08,6279385,2824539,3168818,5089546,31231818,19406657,58076697,188607790
"193","MO-503","St. Charles, Lincoln, Warren Counties CoC","Largely Suburban CoC","Sheltered and Unsheltered Count","29","Missouri","MO",578,196,48,86,96,80,55,17,314,259,1,2,2,0,0,0,541,37,11,1,149,0,363,1,36,18,49,312,266,35,8,421,400,21,0,157,109,86,23,0,120,261,8,491152,142441416,4184524271,0.333333333333333,0,2.706784749,1.487711631,0.123599211588237,0.0609224609427876,0.000117373437980472,83988.1529098935,7476.66666666667,0.433823458666667,0.00107893748968522,0.0598024965535306,0.0080417889509439,0.0115606652292406,0.395034530891146,0.00520872652687559,0.000502899057868033,0.00389492487380281,0.00110556443877252,0.000142522019073525,0.00060062914097876,0.235831270150471,0.15190613068073,950193,2786589,919704,13846771,0,128568,0,0,423533,312542,10512568,16033697
"194","MO-600","Springfield/Greene, Christian, Webster Counties CoC","Other Largely Urban CoC","Sheltered and Unsheltered Count","29","Missouri","MO",621,123,30,98,122,121,110,17,279,336,1,2,3,0,0,0,585,36,18,1,65,0,467,1,56,39,212,175,446,26,7,448,418,30,0,173,354,336,18,0,171,197,170,418025,12766210,4741031793,0.333333333333333,0,2.760573359,1.628929729,0.112684647720959,0.142276500420917,8.81717352364526e-05,51506.7463883739,8722.33333333333,0.412817525666667,0.00404710784497313,0.056209320538637,0.0137836223674876,0.0209726109623731,0.440313378020362,0.00438713017680043,0,0.00311464604969798,0.00205250913799414,0.00121523844227498,0.000641110165669517,0.22345553497692,0.162023802197335,1997487,3193765,0,19272829,2467439,349267,0,0,2371844,2952947,3166787,16499536
"195","MO-602","Joplin/Jasper, Newton Counties CoC","Largely Rural CoC","Sheltered and Unsheltered Count","29","Missouri","MO",292,34,13,39,73,53,66,14,105,186,0,1,0,0,0,0,284,8,11,1,19,0,244,3,13,42,43,55,237,13,1,163,98,65,0,129,277,196,81,0,0,249,48,178816,11878888,3271829836,0.5,0,1.875787697,1.133051912,0.162496644581872,0.164065721414549,5.46532090491029e-05,50104.2140300644,5684,0.425902261,0.00038020508277538,0.104331814194224,0.032737587545723,0.0369675847791697,0.428222306466893,0.00291846433321403,0.000363502299749463,0.00470875118146027,0.00425577114253758,0.00257247714164281,0.000855628432086614,0.245844890522369,0.164381263310755,982436,1107728,0,9053386,1167379,569130,0,0,2144445,1964392,3412702,11348212
"196","MO-603","St. Joseph/Andrew, Buchanan, DeKalb Counties CoC","Other Largely Urban CoC","Sheltered and Unsheltered Count","29","Missouri","MO",268,54,9,44,79,52,24,6,109,154,3,1,0,1,0,0,253,15,4,0,28,0,210,2,18,8,85,79,189,10,0,187,128,43,16,81,178,74,86,18,82,205,107,117330,39180933,3269184162,0.333333333333333,0,2.887304222,1.559208024,0.153404926113577,0.138633551673741,3.58896881258046e-05,53634.6944685929,4568.66666666667,0.362097021666667,0.00079925444215068,0.124166056465506,0.0359320263240433,0.0550316040315861,0.430520753482571,0.00117394657262422,0.00046876323013722,0.00707406484766045,0.00736384547087701,0.00215631139111907,0.000809682430529276,0.220574448606784,0.168047387853047,2764975,3108913,399606,11598802,842609,272955,0,0,1358354,742501,6444294,15934207
"197","MO-604","Kansas City (MO&KS), Independence, Lees Summit/Jackson,
Wyandotte Counties CoC","Major City CoC","Sheltered and Unsheltered Count","20","Kansas","MO",2181,367,175,360,494,385,300,100,778,1338,14,14,30,1,0,6,1957,224,33,12,885,4,984,9,93,154,383,508,1673,161,31,1305,611,681,13,876,NA,NA,NA,NA,NA,NA,NA,330894,23603194,785478762,1,0,0.860449214,1.89422435,0.59902567,0.184810513,0.000421264095234697,48093,24163,0.493037671,0.002201987,0.114875658,0.051993728,0.051773912,0.412452326,0.001750184,0.000241769,0.006993176,0.008171801,0.012608267,0.001106094,0.277792888,0.124517217,21210726,8924112,940732,49054498,3842856,1055322,775872,0,41336510,27560282,24981764,130628176
"198","MO-604","Kansas City (MO&KS), Independence, Lees Summit/Jackson,
Wyandotte Counties CoC","Major City CoC","Sheltered and Unsheltered Count","29","Missouri","MO",2181,367,175,360,494,385,300,100,778,1338,14,14,30,1,0,6,1957,224,33,12,885,4,984,9,93,154,383,508,1673,161,31,1305,611,681,13,876,NA,NA,NA,NA,NA,NA,NA,700733,30621016,1565698756,0,0,0.558837175,0.957310612,0.382171241,0.136192923,0.000447552888009065,56960,28143,0.469507534,0.001269157,0.105068471,0.022780645,0.031851768,0.464883201,0.004550738,0.00077633,0.012325665,0.008876419,0.003045382,0.000941871,0.235768831,0.149784583,18316123,18266226,4752730,1.64e+08,6360708,2028886,1346530,6385220,21369532,13368952,94489186,186684093
"199","MO-606","Missouri Balance of State CoC","Largely Rural CoC","Sheltered and Unsheltered Count","29","Missouri","MO",1911,367,147,349,426,301,251,70,914,956,3,4,9,0,25,0,1822,89,50,8,332,2,1383,10,86,140,616,580,1331,98,35,1036,829,199,8,875,1526,1224,294,8,404,1113,474,2917216,2199291740,159544431259,0.603960396039604,0.108910891089109,99.414426538,23.017134809,0.121058570908683,0.141594581615327,1.82846620028014e-05,54911.4466888979,2432.36633663366,0.405138569445545,0.00125266033403171,0.168752356677423,0.0387105764336378,0.0421926507933358,0.464548048499865,NA,9.90670129164244e-05,0.00383276386089957,0.00260248127542253,0.0031612332140246,0.000976273199127867,0.225292881949892,0.176665012149858,11930144,4854492,3254512,152651517,1234464,3132784,0,2239532,51107583,52317159,70450644,200521314
"200","MS-500","Jackson/Rankin, Madison Counties CoC","Largely Suburban CoC","Sheltered and Unsheltered Count","28","Mississippi","MS",273,9,26,38,51,68,54,27,82,184,2,0,0,5,0,0,262,11,4,0,157,1,91,0,13,8,5,15,258,10,2,160,93,67,0,113,224,146,78,0,0,382,58,569574,253578270,9649047871,0.4,0.2,4.626380061,2.989945214,0.539777096523044,0.155744537146864,5.90290366070047e-05,56511.6796588327,6774.2,0.4758210812,0.000852822751587314,0.124877444539692,0.0413320807081802,0.0421303657297331,0.427981263286551,0.00269786271868449,0.000482817109882122,0.00938420635169618,0.00724401043208257,0.000537243709451274,0.000816399645547374,0.239612412004904,0.14669384491188,4023850,3224999,1812352,99930166,1902918,745678,306270,8225666,1990658,1718093,72217056,96167540
"201","MS-501","Mississippi Balance of State CoC","Largely Rural CoC","Sheltered and Unsheltered Count","28","Mississippi","MS",469,54,25,69,132,92,79,18,189,278,1,0,1,0,0,0,463,6,1,1,238,0,225,0,3,25,74,77,392,21,4,250,210,40,0,219,429,376,53,0,0,200,516,1917989,1521427931,102804577023,0.873239436619718,0.591549295774648,70.036001624,13.031217997,0.441207952800435,0.217004006013801,1.86566498840893e-05,43901.3626209535,2193.95774647887,0.469123917,0.00311045406337442,0.174218565232754,0.058134262121056,0.0602500018504705,0.449631358649356,NA,0.000307092447991099,0.006426522644877,0.00682120707985082,0.00402296363022676,0.00112044440277603,0.237621279277625,0.161736068280645,1842843,1065754,5491303,129014485,680253,2642708,0,0,54293787,46046365,145933650,257996663
"202","MS-503","Gulf Port/Gulf Coast Regional CoC","Largely Rural CoC","Sheltered and Unsheltered Count","28","Mississippi","MS",299,47,17,41,80,39,52,23,138,158,3,0,0,0,0,0,284,15,6,2,100,0,172,2,7,7,5,75,224,13,3,145,75,70,0,154,112,42,70,0,126,30,374,494272,2139345065,9080303327,0.833333333333333,0,5.625856714,2.412590238,0.297856240920983,0.164773097692214,5.44334238846733e-05,50879.3324910171,2893.33333333333,0.467109609,0.00117310179959664,0.149226565401344,0.0192800614478829,0.0231748485381531,0.454632267114409,0.00473968864782144,0.000226595626875486,0.0151819238923427,0.00285874995453718,0.000795108570948789,0.00131506515325974,0.23264315992422,0.162883998937571,3603740,2918303,1015574,152742296,1103472,363934,0,0,2885554,2230597,19404045,33525219
"203","MT-500","Montana Statewide CoC","Largely Rural CoC","Sheltered and Unsheltered Count","30","Montana","MT",2008,336,154,338,420,335,312,113,809,1172,6,8,9,1,0,3,1829,179,414,11,79,2,1244,16,123,168,451,542,1466,122,19,1432,927,505,0,576,2102,1426,676,0,26,708,315,1061705,3867186457,376973177040,0.428571428571429,0.0535714285714286,55.878736823,10.616707145,0.144035301639938,0.127889524871798,2.81639401597887e-06,57258.5687380204,1734.89285714286,0.372628839375,0.00101396049132739,0.153232509190465,0.0279681327629115,0.0311995849231302,0.48502738529177,0.00404441571094515,0.000427614103558898,0.00511347320252707,0.00401900706967284,0.00133558745033696,0.00108410530804885,0.215303685887961,0.186604565282299,2943398,3936843,3564567,86858643,2192175,1552150,0,1512514,10760386,9108313,49000528,84570874
"204","NC-500","Winston-Salem/Forsyth County CoC","Other Largely Urban CoC","Sheltered and Unsheltered Count","37","North Carolina","NC",627,120,32,79,156,120,87,33,231,395,0,0,0,1,0,0,600,27,5,2,341,0,255,0,8,47,90,188,439,20,0,393,366,27,0,234,450,416,34,0,90,325,58,378499,11652284,1056284390,0,0,0.431665944,0.924185159,0.439076457,0.158251347,0.000358330581785839,53583,17876,0.467694818,0.001961179,0.10718676,0.013689923,0.023140347,0.440595616,0.004768753,0.000615589,0.009144014,0.003822996,0.003801859,0.000956409,0.230359922,0.159390117,4791859,4093499,1698443,61969975,2963436,887135,363905,1577762,13660071,8339009,21035927,59411046
"205","NC-501","Asheville/Buncombe County CoC","Largely Suburban CoC","Sheltered and Unsheltered Count","37","North Carolina","NC",739,49,38,133,168,130,148,73,220,509,2,4,3,0,1,0,713,26,12,7,138,0,556,0,18,191,230,79,660,31,3,520,270,250,0,219,544,242,302,0,130,586,173,259576,8942802,1700318977,0,0,0.741261625,0.776965842,0.16687213,0.114939301,0.000152663119985868,55032,11240,0.514017632,0.004706352,0.164413055,0.024437524,0.035782382,0.48491386,0.006050445,0.000192622,0.011183623,0.003582766,0,0.001105649,0.185063334,0.199848984,4593625,2063713,0,58024193,2729939,264110,0,0,0,0,7796309,17447696
"206","NC-502","Durham City & County CoC","Other Largely Urban CoC","Sheltered and Unsheltered Count","37","North Carolina","NC",405,106,12,68,76,66,56,21,168,236,0,0,1,0,0,0,375,30,2,1,281,1,93,2,9,43,102,170,235,2,5,233,223,10,0,172,231,211,20,0,327,306,134,317665,26723652,744736824,0,0,0.491754683,0.948869111,0.573909622,0.135030831,0.000426546653479297,62812,26017,0.479451069,0.002551334,0.065165698,0.006163837,0.014446943,0.438194324,0.009295952,0.00024869,0.008307494,0.003988478,0.003500543,0.001164749,0.207854186,0.130760392,3065767,4116065,276702,55324398,2632535,75038,362295,2032066,15871657,9433993,12739549,50605667
"207","NC-503","North Carolina Balance of State CoC","Largely Rural CoC","Sheltered and Unsheltered Count","37","North Carolina","NC",4180,798,286,714,860,722,629,171,1853,2313,3,2,4,1,1,3,3961,219,71,13,1620,5,2227,7,135,134,573,1254,2926,187,32,2053,1752,301,0,2127,2937,2510,427,0,1189,1712,592,5182234,12123967570,100180674868,0.582278481012658,0.0632911392405063,74.829318996,24.759178806,0.334588905060721,0.152933652983174,5.17288789163001e-05,52751.3369488912,3728.94936708861,0.467507983924051,0.00182332562594239,0.160035175169976,0.0292127774286586,0.0333318970999959,0.460155214929915,0.00407564439678583,0.000330552420118621,0.00441913662041486,0.00314516865832921,0.00303170410629972,0.00100632277010359,0.221637232114834,0.180125984287392,2569111,12325874,18315152,297159088,13004870,1948921,0,0,144391156,105970632,181157823,479683539
"208","NC-504","Greensboro, High Point/Guilford County CoC","Other Largely Urban CoC","Sheltered and Unsheltered Count","37","North Carolina","NC",665,108,66,97,97,86,133,78,259,403,3,0,0,0,0,0,627,38,7,1,481,0,141,1,29,61,116,168,497,50,4,431,376,50,5,234,457,390,61,6,0,2161,96,532956,30337205,1673033183,0,0,0.634906923,0.85843314,0.503717005,0.152779862,0.000318556741979457,54794,18760,0.487420638,0.004562175,0.094890574,0.014195988,0.025440636,0.431677287,0.003743234,0.000375266,0.010595621,0.003026516,0.002735685,0.001206479,0.222536194,0.151828669,4643458,6511986,1073669,79117510,4844611,1111662,405711,2377675,15437823,10574044,31277355,78257994
"209","NC-505","Charlotte/Mecklenburg County CoC","Major City CoC","Sheltered and Unsheltered Count","37","North Carolina","NC",2095,429,102,374,333,328,400,129,870,1206,11,1,7,0,0,0,1974,121,26,8,1539,2,375,5,82,116,445,645,1450,77,11,1711,1243,450,18,384,1878,1265,593,20,895,1409,1027,1095170,58206612,1356132970,0,0,0.112828127,0.991556117,0.537340322,0.108956439,0.000807568302096512,69240,37348,0.454289757,0.001324802,0.073862714,0.003913503,0.010307242,0.4160103,0.008599108,0.00011779,0.004673247,0.001716628,0,0.001152333,0.235341545,0.112110449,13905110,13176217,1185328,1.87e+08,6993126,1153521,994928,6927069,1075508,1255165,26178936,72844908
"210","NC-506","Wilmington/Brunswick, New Hanover, Pender Counties CoC","Largely Suburban CoC","Sheltered and Unsheltered Count","37","North Carolina","NC",593,80,52,126,99,108,93,35,246,343,2,1,0,1,0,0,564,29,12,0,227,0,330,2,6,35,165,128,465,42,11,274,197,77,0,319,310,221,89,0,0,199,22,430642,1033272076,4956251577,0,0,2.256484797,2.008992232,0.21799313593992,0.134191967106197,8.68886482676624e-05,58151.2673287789,6135,0.51780644,0.000213489821804632,0.232636759822023,0.0106549424679711,0.0157239601247092,0.545381082264157,0.0114183418029918,0.000206668388424724,0.00397546024292103,0.00177873959877346,0.00233372496445772,0.00104495145026495,0.179782742965791,0.221316081671818,711976,1957936,869045,32163358,1478850,68745,0,0,11296362,6191422,5066407,27640743
"211","NC-507","Raleigh/Wake County CoC","Major City CoC","Sheltered and Unsheltered Count","37","North Carolina","NC",992,176,46,196,193,161,147,73,415,555,10,1,9,0,0,2,913,79,16,7,621,1,256,3,57,32,144,269,723,38,8,851,763,88,0,141,860,739,121,0,92,695,409,1091662,58017921,2161634072,0,0,0.383317907,0.948426169,0.407082962,0.085219075,0.000505017021215791,83567,27977,0.43428831,0.001156979,0.070560536,0.004606991,0.00783528,0.404630737,0.009669554,0.000140153,0.003597267,0.000864737,0.00144825,0.0006513,0.23899522,0.116458208,8907786,11354121,1820518,86370897,5336237,3178544,885972,10863256,14850066,10306909,26573630,94077039
"212","NC-509","Gastonia/Cleveland, Gaston, Lincoln Counties CoC","Largely Suburban CoC","Sheltered and Unsheltered Count","37","North Carolina","NC",466,83,44,74,110,78,51,26,205,259,1,0,0,1,0,0,444,22,6,2,159,1,275,2,4,13,112,121,345,34,1,250,227,23,0,216,261,236,25,0,0,99,0,404464,54076920,2890030147,0.333333333333333,0,2.461648163,1.451983174,0.255231615378456,0.146570138194158,0.000139951481274289,52345.4088522093,7366.33333333333,0.471583978666667,0.00142952701147641,0.110578081710521,0.0244293752912521,0.0263477005375855,0.430856639663854,0.00422045471997508,0.000615629551794474,0.00571126240077238,0.00225978075248971,0.00189139224910993,0.00105571825295453,0.221258257514518,0.170081886025523,1932093,1192781,1485202,27380141,1662332,525912,0,0,5221085,5174712,9863224,27057341
"213","NC-511","Fayetteville/Cumberland County CoC","Other Largely Urban CoC","Sheltered and Unsheltered Count","37","North Carolina","NC",380,51,29,77,96,55,54,18,145,231,0,0,3,0,1,0,346,34,3,2,222,2,112,2,12,7,16,86,294,20,0,127,82,45,0,253,172,126,46,0,0,435,104,334562,15331092,1690118408,0,0,0.745475494,0.861583136,0.575026452,0.187492317,0.000197951811196414,48177,9511,0.508504204,0.00228178,0.132305515,0.033093388,0.021384153,0.439314686,0.004112986,0.000271997,0.005702979,0.003449286,0.002394175,0.000992342,0.247433958,0.119290296,1476661,5197793,329029,31522287,3120362,43489,0,1617957,7555867,5185538,12413651,36940347
"214","NC-513","Chapel Hill/Orange County CoC","Other Largely Urban CoC","Sheltered and Unsheltered Count","37","North Carolina","NC",148,20,4,22,28,26,32,16,45,102,1,0,0,0,0,0,137,11,2,2,85,0,52,1,5,6,27,32,116,3,1,115,65,50,0,33,101,49,52,0,220,44,56,146354,8829147,1029651668,0,0,0.879871785,0.709555065,0.30630526,0.123964484,0.000142139331725921,74803,15234,0.51162532,0.000526098,0.097825166,0.02330785,0.026935399,0.403084302,0.003734444,0.00054662,0.003436872,0.001141069,0.002295803,0.001223062,0.194740151,0.140754609,1435098,840980,508522,10945476,872994,41047,0,0,2741985,2343275,1374244,10158145
"215","NC-516","Northwest North Carolina CoC","Largely Rural CoC","Sheltered and Unsheltered Count","37","North Carolina","NC",336,50,26,60,80,65,39,16,157,177,1,0,0,0,0,1,293,43,4,2,47,0,251,5,18,3,65,90,246,20,2,145,115,30,0,191,167,134,33,0,0,54,32,212443,24477941,6496718644,0.714285714285714,0,6.888779282,0.812469272,0.101415438340063,0.179415668189265,3.27000462296763e-05,44757.6332757493,2731.57142857143,0.469045979857143,0.0012683761981189,0.315902813521845,0.0307204787777098,0.0291136368553965,0.603295942741766,0.00332365123593623,0.000235357281214255,0.00857641838451255,0.00132270788541868,0.00133212191825101,0.000917893305521952,0.170982334079292,0.215187132451702,906902,0,172392,24735831,0,103677,0,0,2216788,2625095,2505476,8530330
"216","ND-500","North Dakota Statewide CoC","Largely Rural CoC","Sheltered and Unsheltered Count","38","North Dakota","ND",865,145,90,161,188,144,104,33,316,535,4,4,5,0,1,0,774,91,234,5,150,6,384,5,49,44,116,219,646,83,12,675,544,131,0,190,917,757,160,0,103,544,51,760394,4414779344,178694311361,0.0943396226415094,0.0754716981132075,52.876261187,8.282963112,0.163218015906446,0.10542569443023,4.2552781574778e-06,65356.3838220712,2061.18867924528,0.336755691075472,0.00153501951246157,0.147967190380237,0.0223574757393956,0.0193172081809943,0.495265612362423,0.00862549653461574,7.10158169882982e-05,0.00785513832084814,0.00323121969568408,0.00171358541984813,0.00127302428834394,0.234127307696832,0.153086426289303,1693707,3332500,330687,97653668,1070086,866521,0,0,9858955,8944676,25280534,51377666
"217","NE-500","Nebraska Balance of State CoC","Largely Rural CoC","Sheltered and Unsheltered Count","31","Nebraska","NE",612,134,70,114,111,85,71,27,261,350,0,1,0,0,0,0,471,141,20,0,68,0,473,1,23,18,63,210,402,62,7,582,375,207,0,30,925,596,329,0,100,139,418,838031,1284912717,194639274699,0.269662921348315,0.0112359550561798,88.691680912,16.157971903,0.156982259602922,0.105330769277616,4.30555961172776e-06,58322.2697871558,1497.7191011236,0.33084801994382,0.000824133795719872,0.132186837510461,0.0321339967443376,0.0414471679864993,0.472870335454089,NA,0.00022552860002315,0.00326718225573636,0.00433754836295316,0.00470865634729622,0.00185196009695465,0.241061488249056,0.191169539123418,3425984,704907,666515,31209991,0,737864,0,0,18554050,19225884,30267610,73582814
"218","NE-501","Omaha, Council Bluffs CoC","Major City CoC","Sheltered and Unsheltered Count","19","Iowa","NE",1609,202,82,265,324,311,319,106,565,1032,0,7,5,0,0,0,1414,195,62,16,424,0,924,16,111,92,518,309,1300,62,12,1385,1178,197,10,224,1588,1267,311,10,281,859,168,93478,20387191,2463774735,0,0,0.963025765,0.730748289,0.129238965,0.103151957,3.79409686575912e-05,59901,14630,0.443452664,0,0.07886191,0.01578737,0.036970424,0.428250497,0.001625433,0.000395815,0.008397698,0.006054901,0.003155823,0.000984189,0.233916002,0.174907465,2132364,1962979,118011,9964277,0,110480,0,0,1130616,1287559,7449635,14191644
"219","NE-501","Omaha, Council Bluffs CoC","Major City CoC","Sheltered and Unsheltered Count","31","Nebraska","NE",1609,202,82,265,324,311,319,106,565,1032,0,7,5,0,0,0,1414,195,62,16,424,0,924,16,111,92,518,309,1300,62,12,1385,1178,197,10,224,1588,1267,311,10,281,859,168,749695,57909334,1462079589,0,0,1.199608294,1.924070732,0.283976817497941,0.0948199423979538,0.000512759363881661,70636.6551144132,24418.5,0.421452021,0.000623743719275859,0.059507523702882,0.00730616458800579,0.0171108474066867,0.409526540669043,0.00517095869082493,0.000496201659604239,0.00721493401729903,0.00196213105756074,0.00345473839139517,0.000697616761663076,0.260431242383359,0.126887600784803,7580831,9288307,2962352,105238512,4768680,1242769,774793,0,18175727,19226422,21717677,85737558
"220","NE-502","Lincoln CoC","Other Largely Urban CoC","Sheltered and Unsheltered Count","31","Nebraska","NE",499,124,39,77,84,86,70,19,207,289,1,0,2,0,0,0,422,77,40,6,138,6,260,0,39,19,103,181,318,30,10,452,348,104,0,47,521,368,153,0,296,297,301,315976,22847034,2169272978,0,0,0.887561459,0.902696151,0.194622376,0.118674778,0.000145659860794154,62464,23708,0.433473192,0.000765794,0.048203726,0.00852864,0.015937662,0.421174393,0.005775561,0,0.008576601,0.003326202,0.000632959,0.000557004,0.227868572,0.139070689,8757592,3702410,0,38523267,2563667,310480,324148,1602313,562944,1340030,12137697,31301281
"221","NH-500","New Hampshire Balance of State CoC","Largely Rural CoC","Sheltered and Unsheltered Count","33","New Hampshire","NH",1258,207,93,226,298,195,160,79,562,679,8,0,9,0,0,0,1195,63,6,9,44,0,1146,0,34,36,436,348,910,68,10,871,717,154,0,387,1075,776,299,0,4,466,166,1355244,1025960758,23190126218,0.1,0,9.094528068,4.291904065,0.104198948665834,0.0745230013893609,5.84405616105733e-05,78913.8071247687,6513.2,0.4611022785,0.000721186820882767,0.155799070188014,0.0135987329540245,0.0144843749452541,0.471214777490006,0.00258390002234505,0.000860361425196496,0.00741268709070618,0.00427007959560419,0.00258698782024787,0.000953333827739507,0.190173134707874,0.180884032795207,13343004,6733384,9539133,240806888,2676476,703021,298183,2808804,28051201,20718783,106288254,191160243
"222","NH-502","Nashua/Hillsborough County CoC","Other Largely Urban CoC","Sheltered and Unsheltered Count","33","New Hampshire","NH",987,216,78,178,194,118,134,69,405,572,6,2,1,0,0,1,874,113,1,6,96,0,816,8,37,92,199,381,606,50,20,795,465,326,4,192,1100,581,514,5,498,374,61,415305,41309760,2270202106,0,0,0.79584241,0.755627907,0.163157198,0.074307447,0.000182937456934947,82099,19861,0.481735669,0.000755329,0.054343471,0.008095191,0.01063873,0.414637435,0.002236588,0.000951108,0.01013472,0.00341195,0.00429323,0.000895727,0.204606253,0.157005093,8454118,4595763,2657216,1.64e+08,2676476,301999,298183,2044562,15452208,10578480,29760051,76819056
"223","NJ-500","Atlantic City & County CoC","Largely Suburban CoC","Sheltered and Unsheltered Count","34","New Jersey","NJ",427,43,45,56,99,61,95,28,153,273,1,0,0,0,0,0,385,42,0,6,190,1,185,1,13,42,120,74,353,38,2,259,232,27,0,168,313,241,72,0,79,143,66,264650,301106094,1438939253,0,0,0.792109541,0.850648736,0.441859059,0.134567249,0.000183920203336061,63680,13830,0.58579844,0.003254107,0.213034747,0.014470079,0.016525002,0.485441149,0.002664275,0.000725486,0.009408653,0.010651804,0.005512942,0.001216701,0.212582656,0.181016437,918313,6215159,1339889,29511443,2504140,671856,0,0,19138271,9578640,52606531,92972799
"224","NJ-501","Bergen County CoC","Largely Suburban CoC","Sheltered and Unsheltered Count","34","New Jersey","NJ",303,70,18,51,50,30,53,31,127,175,0,0,1,0,0,0,220,83,3,8,100,2,172,0,3,16,12,105,198,18,3,263,171,92,0,40,372,202,170,0,203,495,62,931275,35387155,602918746,0,0,0.068455348,0.99878941,0.445072616,0.064375202,0.00154461112078277,104623,98048,0.478218358,0.002622355,0.04744679,0.005232569,0.013475468,0.385597165,0.002991616,0.000201874,0.008507691,0.002439666,0.000724813,0.000607769,0.212057663,0.173114279,11796661,18251871,773755,1.87e+08,6142228,1085595,1620734,0,3194422,3709725,1.66e+08,212574991
"225","NJ-502","Burlington County CoC","Largely Suburban CoC","Sheltered-Only Count","34","New Jersey","NJ",1054,335,65,172,208,142,97,35,508,545,1,0,0,0,0,0,986,68,7,6,592,1,348,7,24,10,195,536,518,29,19,994,978,16,0,60,1007,984,23,0,0,258,38,446301,54133685,2070137467,0,0,0.753229829,0.902303728,0.334178055,0.059134361,0.000215590030669205,90329,26735,0.483806577,0.000481584,0.065349671,0.012736517,0.012275291,0.403214423,0.002479878,0.000358502,0.002027779,0.000815593,0.000470534,0.000835759,0.208471413,0.170111651,1114466,2904967,230548,0,1906809,170491,0,0,1307110,1090413,32497950,41222754
"226","NJ-503","Camden City & County/Gloucester, Cape May, Cumberland
Counties CoC","Largely Suburban CoC","Sheltered and Unsheltered Count","34","New Jersey","NJ",1359,266,96,207,261,235,217,77,593,762,0,3,1,0,0,0,1147,212,6,3,676,7,515,15,33,120,214,430,929,68,16,1125,959,137,29,234,882,667,185,30,0,1027,196,1041252,1512742861,3310706651,0.25,0,2.508607231,3.442887789,0.368333506109984,0.111415541059521,0.000314510498743671,73957.4011545716,20244.25,0.574791128,0.00142572754830944,0.183496954805135,0.0178943326723781,0.0238073848429256,0.457139098103094,0.00236071520080538,0.000769266038377837,0.00807201337542497,0.00675148773822956,0.00304441226736947,0.00085089860633449,0.222358276640298,0.166300761043931,7794971,17178237,10268193,105589707,7202708,2064886,862940,2529353,31903383,16969828,94944448,191718947
"227","NJ-504","Newark/Essex County CoC","Largely Suburban CoC","Sheltered and Unsheltered Count","34","New Jersey","NJ",2451,429,163,413,452,402,457,135,988,1444,5,3,11,0,0,0,2032,419,32,7,1813,1,453,8,19,62,251,721,1730,111,37,2167,1761,406,0,284,2385,1687,698,0,428,1331,393,798698,8653266,326552231,1,0,0.028057068,0.999862225,0.699811443,0.152958744,0.00244585069149321,63959,92788,0.539898977,0.008239301,0.08701729,0.021087677,0.033559998,0.39863002,0.002552197,0.000346814,0.015327445,0.015865822,0.008332311,0.001151875,0.237922218,0.13691533,10349540,31243021,8125364,2.48e+08,11278023,1082658,2171235,11147869,1.2e+08,67325152,2.57e+08,519722862
"228","NJ-506","Jersey City, Bayonne/Hudson County CoC","Largely Suburban CoC","Sheltered and Unsheltered Count","34","New Jersey","NJ",1168,208,73,184,216,210,196,81,439,720,0,3,6,0,0,0,721,447,7,13,540,6,302,3,19,25,250,350,818,33,29,956,917,39,0,212,442,380,62,0,353,623,243,671923,41836491,119640821,1,0,0,1,0.714264879,0.142123089,0.00561616841462497,75062,310434,0.452199602,0.00574077,0.081782114,0.012099339,0.033753747,0.423502395,0.00633266,0.000388437,0.014971954,0.010370236,0.009865714,0.001211448,0.204435627,0.119640197,15481364,20606675,1020222,2.08e+08,10328337,0,1334898,4892444,67779912,52944106,2.02e+08,376387958
"229","NJ-507","New Brunswick/Middlesex County CoC","Largely Suburban CoC","Sheltered and Unsheltered Count","34","New Jersey","NJ",689,152,37,159,112,114,80,35,276,410,1,2,0,0,0,0,486,203,1,19,297,1,305,1,34,4,199,280,409,16,8,540,538,2,0,149,495,490,5,0,453,551,83,825015,35297517,800946846,0,0,0.203516081,0.990234742,0.580299752,0.086693498,0.00103004962703855,91731,44600,0.471376972,0.002812783,0.048501569,0.007077482,0.011396002,0.366841815,0.00266211,0.00046787,0.008051975,0.002496924,0.000783016,0.00058908,0.217736647,0.150657867,6047316,10624797,4823053,1.36e+08,5905565,511088,147551,0,7690527,4477224,56764690,96991811
"230","NJ-508","Monmouth County CoC","Largely Suburban CoC","Sheltered and Unsheltered Count","34","New Jersey","NJ",497,126,34,72,75,78,91,21,217,276,2,0,2,0,0,0,412,85,1,0,232,3,237,1,6,12,103,197,300,19,10,428,305,123,0,69,332,213,119,0,0,857,96,620821,500430336,1212586195,0,0,0.409706,0.948711574,0.249980268,0.064955919,0.000511980923549934,103523,24507,0.530465888,0.00143136,0.091011416,0.015376515,0.018165654,0.422163554,0.002445123,0.000333429,0.007635051,0.005065872,0.002387162,0.000758673,0.211959647,0.176799754,10421407,7306546,3670765,1.17e+08,3314798,1416413,417065,0,13450040,9204657,72738594,121940285
"231","NJ-509","Morris County CoC","Largely Suburban CoC","Sheltered and Unsheltered Count","34","New Jersey","NJ",680,157,41,106,136,106,99,35,260,415,1,2,2,0,0,0,494,186,3,6,209,7,364,0,10,14,90,247,433,31,5,589,477,112,0,91,617,492,125,0,84,208,56,492715,53103740,1194048303,0,0,0.477289737,0.914450651,0.294569883,0.047902217,0.000412642435621802,117298,33122,0.422246174,0.00145524,0.052791293,0.005940564,0.016829025,0.394601342,0.002863867,0.000322702,0.003383295,0.001788052,0.001140619,0.000598723,0.211310798,0.170841156,3285281,4285273,1235836,47240477,1997154,3169254,335390,0,4827147,4223199,13090762,36449296
"232","NJ-510","Lakewood Township/Ocean County CoC","Largely Suburban CoC","Sheltered and Unsheltered Count","34","New Jersey","NJ",553,156,29,91,113,61,63,40,281,270,0,0,1,0,1,0,478,75,2,8,167,0,318,0,17,5,109,243,310,18,7,516,508,8,0,37,74,62,12,0,178,295,236,602018,742151361,1627263273,0,0,0.60484269,0.963068222,0.157000289,0.09884018,0.000369957344941564,72679,14325,0.603982513,0.00081062,0.194256478,0.011384506,0.015254255,0.473030707,0.003859216,0.000416931,0.007107761,0.001413579,0,0.000793996,0.240790142,0.225923477,836124,6807212,3992740,72349115,2985271,344495,0,4243726,0,0,80094894,99304462
"233","NJ-511","Paterson/Passaic County CoC","Largely Suburban CoC","Sheltered and Unsheltered Count","34","New Jersey","NJ",710,124,37,77,155,155,125,37,238,469,0,0,3,0,0,0,466,244,13,5,289,0,218,48,7,21,109,191,519,17,13,616,603,13,0,94,280,265,15,0,477,557,80,502763,31997851,482081967,1,0,0.504205356,0.971687673,0.592684824,0.148335655,0.00104289941216573,73562,68652,0.530933604,0.00578607,0.048161566,0.008656103,0.022413326,0.352484172,0.001276542,0.000159121,0.013590897,0.005233082,0.002597645,0.000763779,0.238464247,0.146130483,8305885,12112969,1445668,1.36e+08,5090771,1888279,437941,3995961,12079181,11290402,47328329,103975386
"234","NJ-512","Salem County CoC","Largely Suburban CoC","Sheltered and Unsheltered Count","34","New Jersey","NJ",83,11,3,14,20,20,12,3,33,44,0,0,0,0,0,6,69,14,0,0,43,0,31,0,1,1,34,24,59,0,1,22,14,8,0,61,43,32,11,0,0,0,46,62754,105389623,859515222,0,0,0.941132363,0.468420809,0.263361698,0.137681278,7.30109233597727e-05,64234,10820,0.605691057,0.001720324,0.115659072,0.038794509,0.039301626,0.439924148,0.000898355,0,0.010166683,0.005959779,0.005306435,0.000653345,0.215030118,0.185597731,173792,0,0,1353117,0,0,0,0,4544473,1425604,6249189,12393058
"235","NJ-513","Somerset County CoC","Largely Suburban CoC","Sheltered and Unsheltered Count","34","New Jersey","NJ",454,95,41,70,95,65,63,25,221,229,0,2,2,0,0,0,390,64,4,7,275,0,136,1,8,87,52,154,300,33,7,453,327,126,0,1,244,83,161,0,92,451,7,330151,7993022,781832071,0,0,0.440189886,0.924684605,0.449258067,0.050846316,0.000422278660912082,116510,31565,0.464104974,0.001478437,0.057982532,0.003422771,0.006294752,0.384945071,0.003623127,0.000433135,0.003983026,0.001926391,0.000151446,0.000499771,0.219133063,0.157782348,1138109,2096131,2147869,14409967,1359970,400292,0,0,354604,269884,28225610,35992469
"236","NJ-514","Trenton/Mercer County CoC","Largely Suburban CoC","Sheltered and Unsheltered Count","34","New Jersey","NJ",934,261,63,151,161,146,116,36,404,523,3,1,3,0,0,0,781,153,10,2,604,5,199,3,23,24,149,428,506,30,30,787,706,81,0,147,494,395,99,0,577,407,464,368085,11337168,581395408,0,0,0.443093548,0.949220323,0.511968703,0.111047928,0.00063310613557512,83306,38309,0.510136469,0.000433658,0.094235606,0.010564035,0.018447438,0.394243178,0.001702372,0.000641156,0.006042083,0.009296766,0.004333238,0.000676474,0.213263241,0.153100507,13268397,6454432,3463024,6.33e+08,3588573,830040,513383,3701935,21705213,12600525,1.35e+08,201125522
"237","NJ-515","Elizabeth/Union County CoC","Largely Suburban CoC","Sheltered and Unsheltered Count","34","New Jersey","NJ",996,246,74,169,166,125,153,63,469,513,0,0,14,0,0,0,709,287,7,5,605,1,281,3,11,10,163,434,562,40,16,926,823,103,0,70,547,311,236,0,8,491,654,555208,6841269,266163569,0,0,0,1,0.61008667,0.087945479,0.00208596541625124,82644,68189,0.512765589,0.004815961,0.054042194,0.01017143,0.024829531,0.365309938,0.002862473,0.000765479,0.006775839,0.003652685,0.003809383,0.000742064,0.234823706,0.14454943,9298056,14429514,6546928,78155374,4815646,502547,802886,0,24129705,13527107,39113904,113166293
"238","NJ-516","Warren, Sussex, Hunterdon Counties CoC","Largely Suburban CoC","Sheltered and Unsheltered Count","34","New Jersey","NJ",404,93,25,47,86,63,64,26,207,195,1,0,1,0,0,0,319,85,0,3,117,0,241,0,24,68,67,154,250,14,4,354,257,97,0,50,392,274,118,0,0,121,48,371789,84471239,3374398920,0,0,2.75700073,1.497962593,0.161486757118718,0.0539294560442267,0.000110179326396892,99881.1959901987,11453.3333333333,0.468041793,0.000564969823301479,0.0904989366782489,0.0187800642886745,0.0177915493072926,0.426255214287383,0.00205481997504499,0,0.0057532631516075,0.00160037016415494,0.00176982107749826,0.000613251222319649,0.195906818021523,0.180024153328955,2272281,1212903,-2043640,28768970,0,268113,0,0,5933587,4524990,7664012,19832246
"239","NM-500","Albuquerque CoC","Major City CoC","Sheltered and Unsheltered Count","35","New Mexico","NM",2740,296,174,506,662,503,365,234,1029,1673,15,6,10,2,3,2,1490,1250,425,16,263,3,1023,24,108,209,1280,490,2250,125,16,1509,1289,220,0,1231,1908,1504,404,0,148,2587,702,679037,15882874,3007611393,0,0,0.817679727,0.960185913,0.621748152,0.159027568,0.000225772851366506,54308,26891,0.511955987,0.001919069,0.076523749,0.009206705,0.014120111,0.434602238,0.001946684,0.000475674,0.007507691,0.002382786,0.001117759,0.001055907,0.217522756,0.163297434,11297389,8625880,3309967,90191344,4549363,1486053,766823,2650836,6971119,8148696,25334966,73141092
"240","NM-501","New Mexico Balance of State CoC","Largely Rural CoC","Sheltered and Unsheltered Count","35","New Mexico","NM",1891,277,154,369,404,316,239,132,748,1120,8,6,7,1,1,0,1121,770,475,11,79,3,687,8,85,89,591,397,1494,82,9,880,728,152,0,1011,1274,1033,241,0,0,1218,345,1415989,681490933,305174143064,0.838709677419355,0.354838709677419,30.730097647,14.773941608,0.638640554237346,0.198646611840629,4.63993766242196e-06,50231.276454125,2505.90322580645,0.442390190806452,0.00363444886521944,0.197326961345697,0.0573138009469353,0.0527018062069945,0.457226715814407,NA,0.000247883225793421,0.00414339393028406,0.00291668941329982,0.00210665486070796,0.00131710066169652,0.236511018090322,0.179185713964621,6006725,5148786,2393793,92238591,1117496,2116049,0,0,22184023,18133930,41687376,98788178
"241","NV-500","Las Vegas/Clark County CoC","Major City CoC","Sheltered and Unsheltered Count","32","Nevada","NV",7906,971,508,1243,1710,1406,1379,689,2883,4949,36,21,12,0,0,5,7004,902,109,155,3407,2,3012,115,642,495,2709,1485,6421,444,31,3704,3163,541,0,4202,4185,3482,703,0,628,2142,1872,2228866,438384090,20439308551,0,0,0.942473425,0.98731075,0.582656382,0.133552933,0.000109048013754406,61048,40777,0.517191439,0.003239698,0.113362156,0.007656184,0.016162812,0.409385311,0.004893057,0.000144019,0.004982354,0.000897766,0.000957886,0.000527623,0.231820127,0.148136766,25711365,33800294,1744704,3.12e+08,16189663,2565614,2630591,6643541,26496990,12319761,29420279,157522802
"242","NV-501","Reno, Sparks/Washoe County CoC","Other Largely Urban CoC","Sheltered and Unsheltered Count","32","Nevada","NV",1760,102,94,235,379,354,408,188,575,1160,4,3,14,2,0,2,1505,255,83,31,211,1,1258,37,44,129,385,162,1598,84,5,1397,1131,266,0,363,1516,1116,400,0,189,461,93,464182,582745905,16358036862,0,0,0.972008322,0.958282973,0.377823785,0.109112676,2.83763879441e-05,68272,21406,0.470117529,0.004491822,0.075893367,0.006906619,0.015714917,0.433883692,0.006164122,0.000204661,0.005497844,0.002759693,0.0016179,0.000827262,0.216378489,0.163560845,3933612,5409798,421924,61710571,3209876,670730,361319,0,3391081,4277715,13273287,34949342
"243","NV-502","Nevada Balance of State CoC","Largely Rural CoC","Sheltered and Unsheltered Count","32","Nevada","NV",440,33,20,49,93,89,91,65,144,294,0,0,2,0,0,0,394,46,14,4,20,1,371,2,5,20,109,55,385,17,0,91,68,23,0,349,157,98,59,0,106,141,88,337233,818378132,247740072938,0.333333333333333,0,14.802390717,5.271499693,0.284906874531603,0.114643341670421,1.36123718702705e-06,62177.706561932,2532.06666666667,0.379768527666667,0.00132389633448648,0.128004034319428,0.0280043775468771,0.0277054741049719,0.458635424347739,NA,0,0.0033804521098469,0.00124542985182352,0,0.00115647026605937,0.208692506381354,0.213267978073027,646765,374115,38688,22800651,0,324958,0,1026194,0,0,5778853,8189573
"244","NY-500","Rochester, Irondequoit, Greece/Monroe County CoC","Largely Suburban CoC","Sheltered and Unsheltered Count","36","New York","NY",1056,268,99,194,166,133,141,55,440,607,5,1,2,0,0,1,879,177,17,2,610,0,311,1,26,82,181,415,641,74,24,976,815,150,11,80,894,717,165,12,226,1453,470,743084,1838269506,1701477040,0,0,0.578374569,0.918798382,0.300529954,0.140765719,0.000436728784773963,62087,27813,0.516915697,0.000910848,0.072606007,0.009601799,0.016329135,0.44289071,0.00165073,0.000734776,0.011613761,0.005136701,0.00310732,0.00082494,0.208166237,0.17322806,24838216,22793094,3105746,1.5e+08,8264635,815717,1742645,2154720,19544418,14046437,64150257,161455885
"245","NY-501","Elmira/Steuben, Allegany, Livingston, Chemung, Schuyler
Counties CoC","Largely Rural CoC","Sheltered and Unsheltered Count","36","New York","NY",686,155,69,142,155,88,61,16,309,374,3,0,0,0,0,0,662,24,2,0,113,0,552,2,15,15,32,270,416,41,8,648,608,40,0,38,648,607,41,0,0,315,306,307325,115156780,9809272120,0.6,0,4.887455752,1.544303407,0.0926771331851916,0.13953108759822,3.13300514289331e-05,55488.6479101928,3933.2,0.4835908406,0.00117222013855699,0.184570491795572,0.0373967073436232,0.0365499548815586,0.496217359314742,0.00145747430333686,0.000253802784794599,0.00820955018121533,0.00456845374181079,0.00155535662259823,0.000855771739354104,0.203393801270795,0.189597331847952,3939727,2290644,1165209,3330195,537297,102634,0,0,3078773,2492564,11512992,25119840
"246","NY-503","Albany City & County CoC","Largely Suburban CoC","Sheltered and Unsheltered Count","36","New York","NY",1011,214,46,246,200,164,108,33,332,673,3,3,0,0,0,0,900,111,7,7,465,6,410,2,60,42,128,325,686,38,1,838,684,154,0,173,674,515,155,4,25,838,218,306165,26971925,1354273421,0,0,0.762469182,0.904318909,0.287665148,0.120703778,0.000226073254671074,68327,35944,0.447744977,0.000444888,0.099292774,0.015494285,0.01694951,0.464605686,0.00205672,0.000538925,0.013649503,0.006421374,0.005686476,0.001342413,0.18445936,0.169421717,8926528,7078418,448702,1.35e+09,2042248,351412,577203,5049858,14242002,12090966,28733682,79541019
"247","NY-505","Syracuse, Auburn/Onondaga, Oswego, Cayuga Counties CoC","Largely Suburban CoC","Sheltered and Unsheltered Count","36","New York","NY",1192,359,90,211,229,131,131,41,542,640,7,1,2,0,0,0,1085,107,17,7,440,0,602,5,94,55,83,567,625,55,27,1140,1027,113,0,52,1265,1098,167,0,881,921,497,656179,1449679512,6271865811,0.333333333333333,0,2.733251015,1.638590769,0.190217913240098,0.14210126918242,0.000104622614669011,61473.7724279503,11127,0.4800502,0.000919858000756604,0.119689117157212,0.0206601726663913,0.0310539713560202,0.458443503715258,0.00167656065100681,0.00069950438785301,0.0106602006339444,0.00536438979942973,0.00360115180007285,0.00106525850922995,0.210779375921479,0.171782394565829,20245123,16040718,3457599,94227854,4556424,506093,1214267,0,24097434,15486904,43220132,128824694
"248","NY-507","Schenectady City & County CoC","Largely Suburban CoC","Sheltered and Unsheltered Count","36","New York","NY",362,80,29,81,62,40,54,16,147,214,1,0,0,0,0,0,302,60,5,3,135,0,178,0,35,2,13,134,228,17,5,344,287,56,1,18,294,202,92,0,10,463,190,155086,12366944,530089712,0,0,0.738908798,0.911515175,0.278148898,0.11399201,0.000292565572372399,66488,18642,0.474262462,0.000434941,0.177520212,0.010474351,0.017314159,0.450620946,0.001515311,0.000631907,0.011587119,0.004578105,0.004616793,0.001134854,0.216196175,0.17207227,9796949,4230108,0,32198827,2423790,0,378473,0,7161758,6785090,4745804,35521972
"249","NY-508","Buffalo, Niagara Falls/Erie, Niagara, Orleans, Genesee,
Wyoming Counties CoC","Largely Suburban CoC","Sheltered and Unsheltered Count","36","New York","NY",1549,327,127,332,331,209,165,58,717,820,3,8,1,0,0,0,1401,148,11,7,818,8,620,3,33,66,84,523,1026,108,15,1528,1207,321,0,21,1599,1224,375,0,75,1210,389,1267223,3194758268,7878840500,0.2,0,4.530905056,2.410809349,0.219640110684634,0.132096024108997,0.000160838768090305,58919.1202621796,9789.6,0.4322139212,0.00073489168851046,0.0896388539886164,0.018519731979837,0.0373572451251051,0.467909752045448,0.0013883880097039,0.00138491788645014,0.00995010315823419,0.00574089951597864,0.00481998831730958,0.000928013743435055,0.20184292763677,0.181990857374114,34453630,44609225,12020637,176317815,12788681,3038894,3544509,1936315,62892798,39741500,71727292,286753481
"250","NY-510","Ithaca/Tompkins County CoC","Largely Rural CoC","Sheltered and Unsheltered Count","36","New York","NY",210,15,32,43,49,39,24,8,78,126,0,2,3,1,0,0,188,22,2,1,71,0,118,0,15,2,42,22,188,34,0,194,162,32,0,16,221,176,45,0,114,153,41,102237,43786803,1229315822,0,0,0.948260314,0.558937015,0.231070943,0.174709456,8.31657725137455e-05,61361,8833,0.586940147,0.000293995,0.072741316,0.00636089,0.014720916,0.430558408,0.003883865,0,0.02030576,0.000401029,0.003442981,0.000625996,0.147392823,0.14319669,1420295,1271047,0,22463066,650089,0,0,0,1853342,1987860,1421059,8603692
"251","NY-511","Binghamton, Union Town/Broome, Otsego, Chenango,
Delaware, Cortland, Tioga Counties CoC","Largely Rural CoC","Sheltered and Unsheltered Count","36","New York","NY",800,122,63,207,192,122,71,23,307,491,0,2,0,0,0,0,760,40,4,1,134,6,608,1,36,16,1,208,592,33,8,732,712,20,0,68,798,699,99,0,0,534,134,439887,157144013,13107846519,0,0,5.853880579,2.151464905,0.116709518540466,0.155944639801474,3.35590594047907e-05,54309.3417082114,5417.16666666667,0.483139663166667,0.00171719858130604,0.186277846991282,0.0277448406308029,0.0277488634903896,0.507571262842323,0.00131089934632985,0.000100025705337962,0.00565372453372571,0.00315308272192631,0.00250746220114029,0.00096615725630446,0.188914425563695,0.198905628194502,5144665,3632980,557638,21012222,1184563,74804,326798,0,8483889,7851912,14595015,41852264
"252","NY-512","Troy/Rensselaer County CoC","Largely Suburban CoC","Sheltered and Unsheltered Count","36","New York","NY",270,89,19,60,52,34,11,5,128,141,0,0,0,1,0,0,244,26,1,2,99,0,147,1,5,3,17,164,106,5,5,245,203,42,0,25,150,97,53,0,38,734,136,159013,33525770,1689859764,0,0,0.910252704,0.668683672,0.1752624,0.107914561,9.40983408135635e-05,72510,15355,0.423577377,0.000244443,0.106428581,0.022579897,0.026634449,0.460660449,0.001492095,0,0.011860665,0.00547754,0.001075384,0.001018785,0.195317364,0.1700993,7776361,3434821,0,32397962,0,0,304361,0,1195968,2117553,11554101,26383165
"253","NY-513","Wayne, Ontario, Seneca, Yates Counties CoC","Largely Rural CoC","Sheltered and Unsheltered Count","36","New York","NY",426,99,34,96,93,53,37,14,193,229,1,3,0,0,0,0,388,38,9,3,93,0,305,4,3,19,43,157,269,23,3,426,341,85,0,0,469,336,133,0,0,170,1,259153,2336346020,4946210490,0,0,3.85791358,1.538920278,0.102360381898184,0.106214559810718,5.23942522308629e-05,61595.5901764595,3905.25,0.4649762975,0.00160023345372102,0.143157143595494,0.0214683060180164,0.0225450374514978,0.475908054380131,0.00228605305719015,0.000239240798682631,0.00944229865543521,0.00455329476906692,0.00014663162874441,0.00120392192257084,0.20786948249526,0.195428955494252,760003,0,107145,5884867,0,217818,0,0,318209,230700,6264117,7897992
"254","NY-514","Jamestown, Dunkirk/Chautauqua County CoC","Largely Rural CoC","Sheltered and Unsheltered Count","36","New York","NY",219,77,18,40,49,20,11,4,125,94,0,0,0,0,0,0,186,33,0,0,19,0,161,0,29,6,17,115,104,16,7,213,194,19,0,6,237,214,23,0,52,13,20,127584,1139029655,2746450219,0,0,0.96077308,0.559311279,0.130290632,0.177593551,4.64541461983804e-05,48315,5567,0.504109941,0.000391608,0.207387371,0.025082772,0.033995507,0.530285929,0.000946311,0.000611362,0.008112302,0.006176323,0.003754389,0.000893529,0.203708929,0.201020504,614159,3154647,544480,2579852,789757,528887,0,0,2619601,2575241,4990763,15817535
"255","NY-518","Utica, Rome/Oneida, Madison Counties CoC","Largely Rural CoC","Sheltered and Unsheltered Count","36","New York","NY",369,94,36,74,75,48,31,11,164,204,1,0,0,0,0,0,339,30,3,2,115,2,219,2,21,21,69,147,222,24,6,265,229,36,0,104,288,251,37,0,22,447,126,300064,134048568,4836267564,0.5,0,1.921760559,0.96482021,0.159615948627973,0.128712096477491,6.20445407598214e-05,59601.0704449717,6469.5,0.434550314,0.000703383273999217,0.153845037925765,0.012314694598339,0.0150231762150874,0.459368668420137,0.00104972153628559,0.000176628769475845,0.00935133797603178,0.00647528526664312,0.00331595959378666,0.000949797277634105,0.207532393132958,0.186543537133571,5048842,6761395,2247,31722123,1381784,0,432018,0,9797644,6874003,24519907,54817840
"256","NY-519","Columbia, Greene Counties CoC","Largely Rural CoC","Sheltered and Unsheltered Count","36","New York","NY",158,16,8,36,46,27,19,6,65,93,0,0,0,0,0,0,138,20,0,0,20,0,117,0,10,0,7,29,129,8,0,146,137,9,0,12,33,24,9,0,0,46,6,107351,63272461,3319911216,0,0,1.972829472,0.440230132,0.147609244439213,0.107629926707595,3.23355032756996e-05,63428.3344822126,4301.5,0.5115940535,0.00150211239702557,0.321360939177419,0.0297750712350421,0.0306442383183296,0.590287933556464,0.00173892601958063,0.000996730011355274,0.00688396037215303,0.00461104207796853,0.000745218806857877,0.000987414930955464,0.169323061751935,0.2316140506912,1129058,0,963078,1922461,0,0,0,0,365395,558893,3317925,6334349
"257","NY-520","Franklin, Essex Counties CoC","Largely Rural CoC","Sheltered and Unsheltered Count","36","New York","NY",56,6,2,15,15,9,9,0,19,32,5,0,0,0,0,0,49,7,2,0,3,0,43,0,8,0,0,10,46,2,0,56,56,0,0,0,12,12,0,0,2,7,40,87670,492972817,8866610342,0,0,1.992699406,0.432980162,0.142397627379583,0.145357444035816,9.88765679537291e-06,55117.9613778944,1661.5,0.4854058715,0.00208752695056652,0.328635710845277,0.0320439298006274,0.0359464518512604,0.595699783416562,0.00201442739006502,0.000353598930603399,0.0114064105357705,0.00393521182560739,0.00431162298155583,0.00147142665452264,0.179571118971153,0.198003878279503,299322,0,336973,1091526,0,0,0,0,1728110,2391305,1112948,5868658
"258","NY-522","Jefferson, Lewis, St. Lawrence Counties CoC","Largely Rural CoC","Sheltered and Unsheltered Count","36","New York","NY",200,20,21,59,49,27,18,6,84,115,1,0,0,0,0,0,187,13,1,0,15,0,171,1,10,11,9,37,163,17,3,169,159,10,0,31,52,42,10,0,0,465,98,246262,1931418063,13529510702,0,0,2.964616251,0.836846899,0.126243593919549,0.156623196291714,1.82018408074134e-05,53715.3281789314,2593,0.450914417,0.00158254739383285,0.261924110122215,0.0405735257339013,0.0344879946687187,0.524697273625651,0.00200988493558893,9.33963900317548e-05,0.00776408842811315,0.0052464444587147,0.00644841667486661,0.00100299680050515,0.221853148177031,0.158221731111418,2100876,1818542,230511,0,1815147,0,0,0,7657130,10349762,12734525,36706493
"259","NY-523","Glens Falls, Saratoga Springs/Saratoga, Washington, Warren,
Hamilton Counties CoC","Largely Suburban CoC","Sheltered and Unsheltered Count","36","New York","NY",529,105,36,107,106,87,54,34,236,288,3,1,1,0,0,0,481,48,6,2,42,0,458,0,10,28,19,180,349,24,11,515,472,43,0,14,161,114,47,0,35,227,62,359258,526655686,10944668212,0,0,3.802348027,1.63861554,0.0911768146176146,0.0727093790524915,3.28249329299997e-05,76874.3166749244,5542.5,0.41763095525,0.000428845691635669,0.190677851904278,0.0153615669834993,0.0162157543641784,0.517280060434306,0.00401471335225381,0.000247732968894221,0.00740136607680274,0.00246619409037795,0.0004537130344961,0.00100763219375769,0.193582327995736,0.192460571339191,4245719,643225,2411,33939943,0,0,0,0,1674305,2049961,11461786,20077407
"260","NY-525","New York Balance of State CoC","Largely Rural CoC","Sheltered and Unsheltered Count","36","New York","NY",948,194,88,210,225,123,85,23,416,527,0,1,1,1,2,0,816,132,1,2,159,1,685,1,42,22,79,329,619,65,9,884,883,1,0,64,971,966,5,0,145,202,206,526786,605898029,16770914358,0.375,0,7.643036982,3.326097717,0.153483577831592,0.127494845776019,3.14106904820437e-05,65470.9562497864,4996.25,0.457776822875,0.00126311852500566,0.238711123915252,0.0328717704589302,0.0330355934271962,0.51649436387101,0.00152548447742157,0.000387253952341178,0.00875497820526931,0.00369409959845364,0.0026728122638187,0.00113138923160828,0.20390633012511,0.187685322010911,1188417,944483,1830136,28713893,0,1072408,0,0,8685705,9209439,16709743,39640331
"261","NY-600","New York City CoC","Major City CoC","Sheltered and Unsheltered Count","36","New York","NY",140134,45900,15604,34115,21934,10712,8536,3333,61277,78155,482,81,66,8,2,63,55304,84830,672,1422,51242,799,13729,1024,443,624,4280,87455,52679,6823,3734,135737,132892,2808,37,4397,112324,108962,3322,40,15886,39794,1194,8379552,445408358,778180766,0.6,0.2,0.150534913,4.999968558,0.68056382952995,0.172884131687571,0.0107681304474698,68634.7543332865,312825.6,0.5288789802,0.00869200044312157,0.0931652648308998,0.00968672112169589,0.0162738609577624,0.42002185791984,0.00243375092908535,0.000992534985169374,0.0165168731947531,0.00745576846096641,0.0189954069054936,NA,0.207346287689758,0.149472549316415,290004865,335406480,208524907,4.428e+09,161812985,14438399,29461650,89846502,2.531e+09,1518243373,2872875478,8051614639
"262","NY-601","Poughkeepsie/Dutchess County CoC","Largely Suburban CoC","Sheltered and Unsheltered Count","36","New York","NY",705,191,62,133,133,75,84,27,342,362,0,0,1,0,0,0,596,109,5,4,302,0,319,3,41,13,40,328,377,55,16,658,543,115,0,47,588,446,142,0,72,262,1,293524,76906718,2060598611,0,0,0.828577725,0.682603891,0.294606233,0.08793081,0.000142445985566085,81842,11940,0.530392603,0.001634952,0.09133302,0.01064699,0.010894595,0.412780556,0.0014121,0.000623458,0.009263297,0.002848149,0.001223069,0.00087216,0.188574018,0.175944727,3322529,4716635,171808,26150563,2138442,0,0,0,3889505,3213711,14762642,32215272
"263","NY-602","Newburgh, Middletown/Orange County CoC","Largely Suburban CoC","Sheltered and Unsheltered Count","36","New York","NY",779,261,58,146,133,87,79,15,351,426,1,1,0,0,0,0,540,239,1,1,327,0,316,0,53,10,104,412,367,25,9,666,609,57,0,113,321,264,57,0,66,305,77,382077,67953621,2103272841,0,0,0.81873093,0.724178316,0.368755513,0.113802461,0.000181658314866245,80816,12854,0.550073053,0.002162112,0.095907503,0.020199079,0.0199634,0.377578342,0.002717433,0,0.00976243,0.001978659,0.000549627,0.000704047,0.255260065,0.13983307,5756116,8334590,0,21890474,2614545,906470,148060,0,2048609,1004007,12716343,33528740
"264","NY-603","Nassau, Suffolk Counties CoC","Largely Suburban CoC","Sheltered and Unsheltered Count","36","New York","NY",4002,1396,248,605,658,421,476,198,1941,2052,9,0,0,0,0,0,3239,763,55,15,1950,18,1209,16,417,115,217,2320,1682,88,63,3793,3716,62,15,209,4001,3901,82,18,0,2130,409,2837047,4224708706,3096237894,0,0,0.427674848,1.97606727,0.368565624634579,0.0595510055716359,0.000916288443306547,112373.971370936,45783,0.566053122,0.00173439860633248,0.099432213239162,0.00668692849861564,0.0111419067241998,0.370117942878159,0.000707239755811589,0.00024003830810191,0.00424984127835069,0.00189457526246269,0.0012343819055047,0.000864279234732452,0.21370178217794,0.173506819234416,27137558,41334226,8891933,196023659,10944647,8394131,3103828,4971961,21882333,17604749,3.76e+08,520265366
"265","NY-604","Yonkers, Mount Vernon/Westchester County CoC","Largely Suburban CoC","Sheltered and Unsheltered Count","36","New York","NY",1611,584,117,276,239,182,153,60,740,867,3,1,0,0,0,0,1039,572,16,12,984,2,363,5,25,20,78,988,623,48,43,1561,1147,414,0,50,1626,1104,522,0,3756,1531,157,968738,179391718,1115811940,0,0,0.409348836,0.95466904,0.472763534,0.083791369,0.000868191103959687,99489,54665,0.532948974,0.003694641,0.06066726,0.006967567,0.011562122,0.388459005,0.001272691,0.000330327,0.013886107,0.006232851,0.001662988,0.000885688,0.219778722,0.171210379,42134860,23132518,8503175,2.29e+08,7604913,149727,1334652,0,16866512,14985239,3.85e+08,499711596
"266","NY-606","Rockland County CoC","Largely Suburban CoC","Sheltered and Unsheltered Count","36","New York","NY",130,23,9,31,28,18,13,8,35,95,0,0,0,0,0,0,87,43,2,0,59,0,45,0,1,1,25,38,92,5,6,94,94,0,0,36,45,45,0,0,170,77,44,325213,66919666,449840998,0,0,0.299516507,0.996101428,0.370720113,0.145480838,0.000722951001455852,94840,33685,0.598686976,0.001769352,0.05115315,0.004698887,0.012849251,0.327849748,0.00118305,0.000249068,0.009901203,0.006303561,0.000448937,0.000851749,0.282593254,0.157389157,5954313,4829355,1043871,81683983,2160496,2139892,397105,0,1671866,734877,91063378,109995153
"267","NY-608","Kingston/Ulster County CoC","Largely Rural CoC","Sheltered and Unsheltered Count","36","New York","NY",617,178,52,86,130,80,62,29,297,318,2,0,0,0,0,0,547,70,3,1,156,2,416,1,29,7,45,284,333,43,8,553,540,13,0,64,88,75,13,0,97,165,65,178371,94596810,2911757764,0,0,0.954396276,0.438765803,0.23049711,0.136691238,6.12588733188315e-05,65306,7329,0.569115066,0.001055816,0.179028253,0.027409455,0.026706649,0.478620404,0.00152373,0.00010652,0.011509719,0.003733791,0.001267022,0.001188534,0.176811253,0.197818031,2710396,1372713,366485,10174867,0,0,0,0,2166516,1314309,6094961,14025380
"268","OH-500","Cincinnati/Hamilton County CoC","Largely Suburban CoC","Sheltered and Unsheltered Count","39","Ohio","OH",1031,187,86,154,185,168,183,68,353,666,1,0,11,0,0,0,1009,22,5,1,618,1,346,1,48,145,107,258,773,79,8,961,758,183,20,70,894,611,263,20,0,1863,1114,815790,18612559,1050120461,0,0,0.270147732,0.976179784,0.354069062,0.14840281,0.000776853732783329,59190,35691,0.4488789,0.000786446,0.093428045,0.019392265,0.027171797,0.465928732,0.001490158,0.000612903,0.012743476,0.010523542,0.005570061,0.000887483,0.229831207,0.15405803,31302545,29411742,3135127,1.91e+08,9334307,873750,2575479,3598750,52746587,28173500,98618494,259770281
"269","OH-501","Toledo/Lucas County CoC","Other Largely Urban CoC","Sheltered and Unsheltered Count","39","Ohio","OH",563,153,34,104,88,74,78,32,255,307,0,1,0,0,0,0,506,57,0,3,232,0,243,1,66,25,64,221,342,37,2,551,503,48,0,12,588,533,55,0,172,898,117,430319,663490729,879721651,1,0,0.50754762,0.95014828,0.320699295,0.186736421,0.000489153585694801,49946,20813,0.454534705,0.000732895,0.1086224,0.038602851,0.04723311,0.473104836,0.001310624,0.000743634,0.008723761,0.01043412,0.006009495,0.001206082,0.230126952,0.162460872,7396291,14728676,3929089,57186338,4937005,1684589,1286380,0,28779900,17091103,57853647,137686680
"270","OH-502","Cleveland/Cuyahoga County CoC","Largely Suburban CoC","Sheltered and Unsheltered Count","39","Ohio","OH",1637,295,98,258,318,265,283,120,604,1018,7,0,6,2,0,0,1534,103,10,3,1151,4,401,1,33,82,317,421,1216,83,14,1522,1440,47,35,115,1585,1443,91,51,0,4495,1281,1241475,2041734546,1184169993,0,0,0.093048946,0.994344636,0.417608893,0.17104416,0.00104839255118669,51741,33220,0.47351808,0.00075563,0.113157277,0.03292678,0.052447818,0.497629835,0.000585537,0.000901347,0.01167885,0.012239473,0.00492962,0.001325037,0.207581304,0.181657303,65022883,62680583,15037651,2.64e+08,17572372,2234454,4722220,4476346,1.04e+08,50711180,2.34e+08,560457689
"271","OH-503","Columbus/Franklin County CoC","Major City CoC","Sheltered and Unsheltered Count","39","Ohio","OH",2380,479,215,371,449,372,375,119,1006,1353,10,7,2,0,0,2,2261,119,21,11,1294,4,786,4,209,91,224,760,1620,158,45,1866,1748,118,0,514,1301,1173,128,0,0,3593,443,1304715,29029553,1378950150,0,0,0.276560202,0.986273679,0.378284146,0.151076284,0.000946165457830365,62352,40740,0.429947294,0.000768435,0.071925974,0.015886237,0.023271693,0.428812423,0.004149596,0.00078178,0.009779147,0.006121643,0.000161721,0.000679842,0.232952024,0.120123552,28608664,19142067,28427932,2.64e+08,12080559,3876137,1654847,10400927,2320424,1992719,2.2e+08,328504276
"272","OH-504","Youngstown/Mahoning County CoC","Largely Suburban CoC","Sheltered and Unsheltered Count","39","Ohio","OH",253,51,22,51,36,37,37,19,91,162,0,0,0,0,0,0,233,20,1,0,108,0,124,0,6,16,68,76,177,21,1,223,207,16,0,30,273,253,20,0,45,492,40,228452,35461887,1065746923,1,0,0.736993054,0.843566011,0.247658151,0.175551856,0.000214358582764588,47092,11374,0.479605933,0.001729561,0.111625274,0.041063149,0.043282536,0.48715704,0.000580947,0.000341428,0.007585839,0.007012414,0.00540595,0.000731007,0.201114457,0.209413794,3070055,6908186,867653,24627377,1555864,277623,606509,0,13331768,7398977,20006042,54022677
"273","OH-505","Dayton, Kettering/Montgomery County CoC","Largely Suburban CoC","Sheltered and Unsheltered Count","39","Ohio","OH",781,110,103,107,143,126,145,47,330,440,5,4,1,0,0,1,754,27,6,2,375,5,355,5,19,56,38,172,609,86,12,689,595,94,0,92,593,476,117,0,0,1436,290,531988,7494894,1194894573,0,0,0.52361738,0.944763628,0.298059355,0.160190602,0.000445217521295077,53064,20030,0.452818805,0.000704607,0.109260937,0.035480189,0.039689171,0.479204418,0.000925386,0.000533847,0.007334752,0.009592322,0.004392956,0.001184237,0.22133394,0.179124341,22623721,16482574,7174080,61813139,5372371,923805,1345758,0,18623348,15214744,55183553,142943954
"274","OH-506","Akron, Barberton/Summit County CoC","Largely Suburban CoC","Sheltered and Unsheltered Count","39","Ohio","OH",695,95,75,355,57,47,49,17,278,412,3,0,2,0,0,0,674,21,5,8,309,0,314,2,57,44,136,141,554,55,14,484,363,106,15,211,483,328,133,22,0,784,281,540810,19007561,1069129523,0,0,0.275501673,0.962179976,0.237405004,0.127809438,0.000505841423668178,59253,20583,0.458144226,0.000176428,0.078980188,0.020124877,0.030479804,0.455174645,0.001026344,0.000277362,0.009019804,0.007858582,0.00796398,0.001431187,0.209752039,0.179334702,12011540,16619676,1823302,78382864,4315203,913543,1050275,0,43608715,29698603,52994520,163035377
"275","OH-507","Ohio Balance of State CoC","Largely Rural CoC","Sheltered and Unsheltered Count","39","Ohio","OH",4089,731,365,847,889,625,476,156,1746,2296,9,9,27,1,1,0,3973,116,24,4,559,8,3223,39,164,108,528,1173,2916,285,41,2819,2386,433,0,1270,3745,3034,711,0,204,3514,2014,6210210,7446256788,96511142635,0.2125,0.025,75.158632017,33.605382394,0.112611811860372,0.118647816617636,6.43470777616496e-05,62157.6574908095,5679.35,0.4102884275,0.000765524245607641,0.0970195198762517,0.0243899872376065,0.0340664168206616,0.431024071644529,0.00183177970777504,0.00045554010351212,0.00539917330808733,0.00457907221436892,0.00203294251822756,0.000891596272967581,0.223642356675344,0.177198355637145,12725878,34776762,18386327,460204411,10157528,8453553,317280,0,108311907,76169470,324424139,593722844
"276","OH-508","Canton, Massillon, Alliance/Stark County CoC","Largely Suburban CoC","Sheltered and Unsheltered Count","39","Ohio","OH",330,88,24,48,71,47,38,14,163,163,2,0,0,0,0,2,323,7,3,1,108,0,187,0,31,22,23,135,195,11,7,265,241,24,0,65,279,249,26,4,97,590,172,371516,13646459,1489745358,0,0,0.671145615,0.852416814,0.140440789,0.133247886,0.000249382216903676,55045,14505,0.430901529,0.000894234,0.0758885,0.0208629,0.034683673,0.449496119,0.001415905,0.000621777,0.002915083,0.005396807,0.006408876,0.001057828,0.214873653,0.194403471,5428141,10519886,1548876,18243934,3679002,561106,453485,0,21863417,15992245,16164821,76210979
"277","OK-500","North Central Oklahoma CoC","Largely Rural CoC","Sheltered and Unsheltered Count","40","Oklahoma","OK",267,37,59,69,46,31,18,7,72,192,1,2,0,0,0,0,245,22,34,0,22,0,189,1,11,23,45,49,218,59,10,180,75,104,1,87,333,87,246,0,0,14,20,338154,404956801,21135334639,0.5,0,7.869120933,3.2109447,0.262575631365804,0.171123614273331,1.59994627847539e-05,49671.4295025343,3635.625,0.39117825175,0.00226249806638177,0.152001255170431,0.0535339351753047,0.0510789564543285,0.452394471192977,0.00190883463371422,0.000275022629985155,0.00432643110347652,0.00259645003784666,0.00317311058962189,0.00112374836111653,0.226902535606354,0.168565209911996,504912,946456,338143,11342362,0,516712,0,0,6858739,6155581,9684962,25005505
"278","OK-501","Tulsa City & County CoC","Major City CoC","Sheltered and Unsheltered Count","40","Oklahoma","OK",1389,147,97,238,287,307,232,81,504,865,6,6,6,0,0,2,1275,114,141,13,304,7,716,5,146,81,462,228,1161,86,6,855,658,191,6,534,965,757,202,6,189,582,567,650291,42925549,1476917124,1,0,0.52787026,0.948670136,0.388616788,0.143420213,0.000440302972612836,57024,22801,0.44051679,0.001441461,0.107026422,0.016814318,0.031033161,0.437251938,0.004251387,0.000327546,0.00863152,0.005981937,0.001177934,0.00113949,0.252073303,0.143837144,7869040,9889190,605314,87203243,6446835,348231,612930,2079006,12035657,7928422,36699673,84514298
"279","OK-502","Oklahoma City CoC","Major City CoC","Sheltered and Unsheltered Count","40","Oklahoma","OK",1838,215,180,297,396,343,326,81,659,1140,15,15,4,2,2,1,1658,180,164,7,636,3,824,7,122,136,474,316,1522,171,19,1405,1146,232,27,433,1417,1128,259,30,0,1114,222,792668,24721024,1836035183,0,0,0.558583752,0.924086893,0.446034153,0.155466222,0.000431728110299507,55519,23970,0.458200609,0.001680947,0.104628827,0.01796423,0.031217058,0.430838636,0.005348872,0.000175357,0.011626557,0.002841038,0.003799825,0.000801092,0.255061388,0.136913563,11446987,11679510,878876,2.06e+08,5227343,97328,863578,3616277,28909388,17052524,29117648,108889459
"280","OK-503","Oklahoma Balance of State CoC","Largely Rural CoC","Sheltered and Unsheltered Count","40","Oklahoma","OK",148,20,9,22,51,40,5,1,57,90,0,1,0,0,0,0,124,24,11,0,12,0,101,0,2,3,57,33,115,7,0,79,50,29,0,69,96,64,32,0,0,61,8,341811,295895674,48195982622,0.625,0.0625,15.898751116,3.518024451,0.269385713270021,0.123915943666752,7.09210563628956e-06,60777.9012407442,1825.5625,0.344134523875,0.00170997540173232,0.15141160381652,0.0410660407191489,0.0483118496483203,0.408392357406385,0.00135641622268651,0.000251600973344919,0.00201280811175767,0.0010883208541621,0.00133992182887327,0.00134284733290327,0.253964910553903,0.15189973389292,380599,0,464467,2652863,0,315993,0,0,3090642,2469100,3292491,10013292
"281","OK-504","Norman/Cleveland County CoC","Largely Suburban CoC","Sheltered and Unsheltered Count","40","Oklahoma","OK",240,27,13,36,54,50,45,15,104,131,3,1,1,0,0,0,211,29,13,2,53,0,157,1,9,13,109,46,194,11,0,149,129,20,0,91,164,135,29,0,0,77,5,282189,49261324,1395713124,0,0,0.824737756,0.842850762,0.290004217,0.120425554,0.000202182665726657,65412,13111,0.436613121,0.000656982,0.068434346,0.007870079,0.017127981,0.411103906,0.004329937,0.000315391,0.005237624,0.001243847,0.000613064,0.000556365,0.214657552,0.134746571,694371,2516894,364270,16487402,923028,358574,0,0,892389,933275,5248870,11931671
"282","OK-505","Northeast Oklahoma CoC","Largely Rural CoC","Sheltered and Unsheltered Count","40","Oklahoma","OK",293,40,23,42,84,52,34,18,185,106,0,1,0,0,1,0,286,7,99,0,14,0,154,3,16,10,135,61,232,22,3,76,76,0,0,217,80,80,0,0,0,61,1,476679,665958266,17717540026,1,0.0909090909090909,10.767925235,3.795092478,0.358528485611491,0.154464988470556,2.69043557570908e-05,52356.3033341095,2717.36363636364,0.431149313181818,0.00133738022011727,0.169657385106424,0.04208295248287,0.0529716018818702,0.455125985989515,0.00241692347085145,0.00031257935838793,0.00147059125142706,0.00360410249152155,0.000776203743724813,0.000920955117462695,0.234052685548096,0.181126082765255,563923,0,676148,3790518,0,1189876,0,0,2157590,1807396,23635623,30030556
"283","OK-506","Southwest Oklahoma Regional CoC","Largely Rural CoC","Sheltered and Unsheltered Count","40","Oklahoma","OK",474,31,31,103,114,111,63,21,208,266,0,0,0,0,0,0,414,60,67,1,92,0,246,2,6,27,108,52,422,30,1,123,81,42,0,351,146,103,43,0,12,9,34,414831,368139433,36243233316,1,0.125,15.890250753,3.26731525,0.313563836849965,0.149555328616989,1.14457503386396e-05,53736.3494194021,1899,0.3814596353125,0.00177039676786188,0.180977139370765,0.0529824807833238,0.0660567018375049,0.449737362947569,NA,0.000115709807309483,0.00176939513213574,0.00315550200774773,0.00402332518315651,0.00143431928039611,0.241811725759668,0.157823306356936,153972,1474220,288182,1425128,875747,683431,0,0,10193521,8536901,15323002,37528976
"284","OK-507","Southeastern Oklahoma Regional CoC","Largely Rural CoC","Sheltered and Unsheltered Count","40","Oklahoma","OK",818,190,71,170,173,106,98,10,360,451,0,0,7,0,0,0,778,40,136,2,108,0,479,0,88,11,67,275,543,64,20,384,384,0,0,434,490,490,0,0,0,76,178,532807,1493296725,45697275878,0.952380952380952,0.428571428571429,20.857540496,4.172679588,0.347157601137904,0.18827288883378,1.16594915071624e-05,44839.6306373602,2111.90476190476,0.438546605904762,0.00243661830603498,0.206035615876984,0.060799849299906,0.0618818565300024,0.47975345682866,0.000983713695526523,0.000523641769691464,0.00289598298559141,0.00390197577747477,0.0049980575303365,0.00165350682922334,0.236900040795637,0.18589282792187,264579,0,812474,16177063,0,622515,0,0,17292155,15313494,20286772,54591989
"285","OR-500","Eugene, Springfield/Lane County CoC","Other Largely Urban CoC","Sheltered and Unsheltered Count","41","Oregon","OR",3085,252,216,459,667,627,563,301,1061,1967,15,29,5,4,2,2,2783,302,110,13,113,1,2470,12,317,151,1500,425,2660,198,13,989,920,69,0,2096,1205,1088,117,0,368,976,407,377749,436058218,11795044831,0,0,0.97878103,0.819691308,0.186459792,0.171762221,3.20260758150907e-05,54942,16666,0.536089581,0.001915659,0.055623804,0.008978285,0.023927831,0.433136818,0.002764371,0.000322966,0.008272689,0.002784918,0.00157512,0.001193914,0.183735761,0.193035587,10266424,4027418,788400,59317064,3017841,407410,0,0,4599643,3345708,11011805,37464649
"286","OR-501","Portland, Gresham/Multnomah County CoC","Major City CoC","Sheltered-Only Count","41","Oregon","OR",7384,894,361,1320,1910,1472,1051,376,2901,4222,51,135,36,30,6,3,6691,693,191,52,582,4,2022,142,270,522,2974,1425,5959,320,50,3440,2745,695,0,3944,3820,2995,825,0,887,5995,2430,809869,88031754,1116334868,0,0,0.627971811,0.987183418,0.310721857,0.131832971,0.000725471382481265,71425,67069,0.516174576,0.002039725,0.05339025,0.008192574,0.015285454,0.436780516,0.005268818,0.000579106,0.012345206,0.004676065,0.000464273,0.002065766,0.186835155,0.134569912,57125473,19391002,4040292,3.05e+08,8020572,1822484,1457132,5055967,16073028,5365509,66266345,184617804
"287","OR-502","Medford, Ashland/Jackson County CoC","Largely Suburban CoC","Sheltered-Only Count","41","Oregon","OR",1163,143,74,201,247,223,190,85,414,732,5,9,0,3,0,0,977,186,13,1,10,0,516,5,33,84,306,219,944,66,1,607,333,264,10,556,831,493,338,0,29,133,478,218781,46774848,7208589510,0,0,0.975723005,0.794046377,0.199724839,0.137015798,3.0350042778341e-05,56327,9701,0.541172936,0.000713569,0.068813721,0.010517245,0.024907079,0.440248468,0.003333751,0.000745037,0.010000868,0.002129984,0,0.001001001,0.205397178,0.219941403,485889,1792741,1073415,37764984,1072826,151441,0,0,0,0,5978669,10554981
"288","OR-503","Central Oregon CoC","Largely Rural CoC","Sheltered and Unsheltered Count","41","Oregon","OR",1799,224,109,322,435,342,266,101,682,1095,5,5,11,0,0,1,1645,154,179,5,24,0,1377,8,95,91,322,365,1434,114,5,555,489,66,0,1244,719,628,91,0,150,142,70,239530,141942148,20145537167,0.333333333333333,0,2.975827748,1.539176549,0.159696071655221,0.103089251431094,1.18899783120387e-05,66637.9339748675,4045.33333333333,0.495279992333333,0.000933143095985522,0.148086982712523,0.0132033073384169,0.0227894918956373,0.467674195150933,0.00778038313273911,0.00035486173219221,0.00498058734406964,0.000918465086248069,0,0.00137352290639586,0.203281426267194,0.203256376871106,1392932,1636945,289634,26312802,0,0,0,0,0,0,2260499,5580010
"289","OR-504","Salem/Marion, Polk Counties CoC","Largely Suburban CoC","Sheltered-Only Count","41","Oregon","OR",1755,112,84,315,445,376,299,124,622,1110,5,15,0,3,0,0,1536,219,20,4,49,2,676,35,32,65,713,172,1583,92,0,877,674,198,5,878,1146,855,286,5,146,273,494,428472,34789563,4977355091,0,0,1.905395444,1.642414002,0.330324969090223,0.131134505973025,8.60842741107136e-05,62577.9389645064,13895.5,0.4986031995,0.00288934407254958,0.0554545627704861,0.00678389934727123,0.0228443984186458,0.373599675085088,0.00300450575090088,0.000156369910257847,0.00935650384863422,0.00210282085626132,0.00114593248107228,0.00078884991078997,0.241588715009228,0.161364103089952,4628732,5670990,305802,79093795,2755971,0,0,4144662,3236360,3046564,12583558,36372639
"290","OR-505","Oregon Balance of State CoC","Largely Rural CoC","Sheltered and Unsheltered Count","41","Oregon","OR",6462,628,450,1159,1519,1365,974,367,2480,3906,15,26,25,5,3,2,5766,696,303,33,112,2,5295,40,244,389,1966,964,5498,471,22,1397,1034,363,0,5065,1686,1266,420,0,28,86,481,1091100,5383482999,196666486159,0.653846153846154,0,25.768072142,11.237674831,0.195087526318081,0.140816163859445,5.54797119382035e-06,56134.0300549904,2887.61538461538,0.439831697576923,0.00180290946334155,0.134809826645242,0.018436765360604,0.0281730122709697,0.460293281865988,NA,0.000295114985085693,0.00931995243492439,0.0022518558523985,0.000515993038136743,0.00116304648081569,0.205159013683353,0.213236183590865,2574823,2480318,2813313,181494036,747583,850825,0,0,3972724,4514213,20917654,38871453
"291","OR-506","Hillsboro, Beaverton/Washington County CoC","Largely Suburban CoC","Sheltered-Only Count","41","Oregon","OR",874,161,61,133,198,149,131,41,354,500,4,11,2,1,1,1,712,162,12,4,62,0,408,35,59,70,407,299,575,43,11,644,567,77,0,230,817,705,112,0,2382,600,911,595761,6118186,1875855586,0,0,0.836843939,0.94504907,0.353341357,0.084519669,0.000317594277750547,86626,35737,0.463184573,0.001950323,0.038753275,0.00638705,0.017010585,0.389471617,0.004534389,8.39263e-05,0.004607552,0.001134683,0.00040956,0.000854369,0.228460742,0.13344613,9154819,6842148,0,75861637,3577955,506117,317705,0,2013263,1962237,8371981,32746225
"292","OR-507","Clackamas County CoC","Largely Suburban CoC","Sheltered-Only Count","41","Oregon","OR",353,54,12,57,85,73,58,14,131,216,1,0,0,2,0,3,315,38,14,2,13,4,120,0,15,35,225,83,270,11,4,175,156,19,0,178,235,198,37,0,113,969,365,415084,31863504,4845115802,0,0,0.930570562,0.828904061,0.190137418,0.074796326,8.56706045763981e-05,82911,23006,0.505245857,0.001041863,0.056258441,0.007048594,0.018261189,0.406732131,0.004053005,0.000366191,0.004066647,0.000994979,0.001069663,0.000845612,0.215035993,0.180493587,7602296,4406852,3132888,46712696,2221169,537465,385824,0,4544926,3102840,23636703,49570963
"293","PA-500","Philadelphia CoC","Major City CoC","Sheltered and Unsheltered Count","42","Pennsylvania","PA",5191,916,374,872,1117,856,783,273,1965,3169,14,18,24,1,0,0,4602,589,34,26,3451,9,1259,19,90,236,1080,1469,3722,235,120,4215,3487,509,219,976,4751,3785,724,242,6,5362,1060,1581531,21606282,347981635,1,1,0,1,0.65866872,0.230694713,0.00454486915667259,49127,113531,0.522101436,0.001891947,0.110279617,0.03501417,0.040953621,0.435730314,0.002031586,0.001514988,0.011937167,0.005884172,0.007720367,0.001850106,0.217431084,0.137463635,71972315,87925197,28087832,5.8e+08,26376276,4170588,7682117,19169358,3.26e+08,1.1e+08,1.85e+08,866383683
"294","PA-501","Harrisburg/Dauphin County CoC","Largely Suburban CoC","Sheltered and Unsheltered Count","42","Pennsylvania","PA",382,67,34,47,58,86,70,20,146,231,1,1,0,0,2,1,326,56,4,4,192,3,130,0,25,34,82,110,272,26,5,326,211,96,19,56,324,198,101,25,57,263,110,277071,86047350,1359407361,0,0,0.78039007,0.851735853,0.354995651,0.118876163,0.000203817492790522,63123,23633,0.417693963,0.000606545,0.089009722,0.012612714,0.026706921,0.450693144,0.002251483,0,0.008034042,0.005056466,0.008023214,0.000938388,0.224884596,0.169350094,9259704,6865894,0,44046000,2250335,542308,337147,6962088,29136362,14621144,31491893,101466875
"295","PA-502","Upper Darby, Chester, Haverford/Delaware County CoC","Largely Suburban CoC","Sheltered and Unsheltered Count","42","Pennsylvania","PA",575,216,50,88,106,40,60,15,293,282,0,0,0,0,0,0,571,4,2,0,398,0,138,0,36,6,41,354,221,4,11,468,395,73,0,107,448,362,86,0,0,417,198,565328,17591835,476068778,0,0,0.1137261,0.992151934,0.340970198,0.09909637,0.00118749228289027,76238,42080,0.508190415,0.001388385,0.067409431,0.013472987,0.021090475,0.397549741,0.000579732,0.000217573,0.006911032,0.002007684,0.002418065,0.000495288,0.22021729,0.164582331,8778148,14675985,1027467,87639661,4230369,173942,780522,0,16229395,8886739,19189098,73971665
"296","PA-503","Wilkes-Barre, Hazleton/Luzerne County CoC","Largely Suburban CoC","Sheltered and Unsheltered Count","42","Pennsylvania","PA",167,40,14,28,29,29,21,6,98,67,2,0,0,0,0,0,139,28,1,7,57,0,87,1,6,8,6,62,105,13,0,160,94,66,0,7,220,110,110,0,0,380,120,317547,42104649,2304768924,0,0,0.868897806,0.777775389,0.197447937,0.146137924,0.000137778237416047,53194,13067,0.43027243,0.00069979,0.134429394,0.030558791,0.03358738,0.473111067,0.000911233,8.81759e-05,0.005778672,0.010105591,0.010165424,0.000969935,0.197945501,0.198638312,7853342,12252746,0,30267532,2461213,326411,707683,0,22499368,21630166,31157979,98888908
"297","PA-504","Lower Merion, Norristown, Abington/Montgomery County CoC","Largely Suburban CoC","Sheltered and Unsheltered Count","42","Pennsylvania","PA",467,81,18,75,126,88,51,28,210,255,1,0,1,0,0,0,426,41,2,4,198,1,225,0,21,10,86,129,338,11,3,366,339,27,0,101,264,237,27,0,0,258,281,827180,10983227,1250888781,0,0,0.238680458,0.966634873,0.251478517,0.057845904,0.000661273817915871,93518,36305,0.448610327,0.000593131,0.052176008,0.008242387,0.018439033,0.406427863,0.001961788,0,0.002543582,0.002706787,0.000715685,0.000465437,0.215868372,0.177592543,7126043,11590104,1229435,63990635,3040565,3280755,576743,0,4418435,3586319,89562170,124410569
"298","PA-505","Chester County CoC","Largely Suburban CoC","Sheltered and Unsheltered Count","42","Pennsylvania","PA",213,63,14,33,29,32,27,15,114,99,0,0,0,0,0,0,170,43,4,1,66,0,102,0,29,6,23,101,112,5,2,194,149,45,0,19,226,170,56,0,8,224,77,521980,22412287,1943905796,0,0,0.62026845,0.806877827,0.211887429,0.062628762,0.000268521242682688,104161,19958,0.449677912,0.001352675,0.043447438,0.006191904,0.013633096,0.386442009,0.002739961,0.000804629,0.003327714,0.001756772,0.000346757,0.000645619,0.227114066,0.163565654,3625671,5014125,4276874,41524220,2390284,0,441993,0,3213147,1629045,12736427,33327566
"299","PA-506","Reading/Berks County CoC","Largely Suburban CoC","Sheltered and Unsheltered Count","42","Pennsylvania","PA",761,119,78,133,130,129,119,53,252,505,3,0,1,0,0,0,430,331,5,3,161,0,447,2,40,20,109,187,574,61,14,529,453,76,0,232,510,330,180,0,71,414,103,419062,24220126,2218072315,0,0,0.861470486,0.734451987,0.294970673,0.117033041,0.000188930720232176,66154,18892,0.475182139,0.000428419,0.06641236,0.010297647,0.023460726,0.3997356,0.001083295,0.000202834,0.002500823,0.002653545,0.004333488,0.000818495,0.223628007,0.172511466,6233084,9412664,646718,18969683,3458888,0,827982,0,16368907,11168897,21697785,69814925
"300","PA-508","Scranton/Lackawanna County CoC","Largely Suburban CoC","Sheltered and Unsheltered Count","42","Pennsylvania","PA",182,40,13,30,36,23,27,13,69,113,0,0,0,0,0,0,161,21,0,0,39,0,134,4,0,29,31,68,114,7,1,133,70,56,7,49,139,67,61,11,0,252,192,210162,15908159,1188509486,0,0,0.834992967,0.824471042,0.159510283,0.138407877,0.000176828205812065,54064,15299,0.443963427,0.0009916,0.127654709,0.014884267,0.024826997,0.478564155,0.002082662,0,0.007456153,0.008174646,0.012837716,0.001541668,0.204009288,0.199455658,6546404,5576719,0,22707053,1547656,0,486648,0,25251138,16046180,24673691,80128436
"301","PA-509","Eastern Pennsylvania CoC","Largely Rural CoC","Sheltered and Unsheltered Count","42","Pennsylvania","PA",2262,540,207,362,411,342,299,101,978,1260,8,4,7,3,0,2,1886,376,16,11,512,9,1307,10,201,92,226,833,1429,137,32,1770,1362,408,0,492,2000,1414,586,0,233,1019,1252,3105522,584014477,53903355442,0.0909090909090909,0,31.198535254,12.615281278,0.161840746892025,0.114019106693585,5.76127770624881e-05,61318.4617571539,6704.66666666667,0.437715123515152,0.000978588334994645,0.142769530003303,0.0244023113960452,0.0321201458701539,0.458892579098775,0.00174484226965451,0.000158749424379412,0.00485168017772857,0.00365639009711926,0.00368794701296078,0.000889383607303056,0.200943995858184,0.193742630018094,31008762,29258838,4301010,241208065,9423629,904575,771751,0,81798321,77895106,146633681,381995673
"302","PA-510","Lancaster City & County CoC","Largely Suburban CoC","Sheltered and Unsheltered Count","42","Pennsylvania","PA",597,132,25,110,92,106,92,40,269,324,3,0,1,0,0,0,489,108,5,2,135,2,402,0,25,28,49,210,387,15,8,475,297,178,0,122,605,286,319,0,72,250,37,543050,103368819,2444751632,0,0,0.805911428,0.721245099,0.186666053,0.091097538,0.000222128903767514,69588,17294,0.471094917,0.001406842,0.038447398,0.007866704,0.018108974,0.390682258,0.002387734,0.000294632,0.002832152,0.002561458,0.001038578,0.000541387,0.235401897,0.179941074,3930199,8962086,1850820,32218817,4136793,0,512468,0,4201628,7503829,13000911,44098734
"303","PA-511","Bristol, Bensalem/Bucks County CoC","Largely Suburban CoC","Sheltered and Unsheltered Count","42","Pennsylvania","PA",407,107,16,65,74,44,68,33,194,213,0,0,0,0,0,0,384,23,1,2,118,0,243,0,33,11,70,167,240,10,1,316,233,83,0,91,240,147,93,0,136,100,243,627668,45293815,1565303838,0,0,0.560719877,0.897031574,0.173641161,0.05637672,0.000400987964612657,93181,26495,0.488290562,0.001304187,0.042208193,0.006472453,0.010116441,0.4004872,0.001271912,7.96599e-05,0.00371534,0.002243224,0.001011681,0.00043335,0.203942211,0.186836034,2878900,6301442,819061,52285216,2694083,183086,374405,0,4458852,3028915,17308766,38047510
"304","PA-512","York City & County CoC","Largely Suburban CoC","Sheltered and Unsheltered Count","42","Pennsylvania","PA",391,102,33,62,67,54,49,24,163,226,2,0,0,0,0,0,310,81,5,0,151,0,183,2,20,15,41,137,254,30,5,315,227,88,0,76,341,239,102,0,130,233,170,447628,16503210,2342295974,0,0,0.813790625,0.715433421,0.174144602,0.087385574,0.000191106506166927,68940,14843,0.47187932,0.001215422,0.056631836,0.010422075,0.019324377,0.413057271,0.002083338,4.2446e-05,0.002852815,0.001822942,0.002301018,0.000522756,0.220578248,0.17484161,3527515,7294352,262408,20674954,3039909,86863,388043,0,9124182,5615712,14151249,43490233
"305","PA-600","Pittsburgh, McKeesport, Penn Hills/Allegheny County CoC","Largely Suburban CoC","Sheltered and Unsheltered Count","42","Pennsylvania","PA",1164,196,86,186,268,176,178,74,451,699,5,4,4,1,0,0,1126,38,6,13,605,0,455,0,71,121,278,329,835,55,10,995,857,123,15,169,1103,921,170,12,0,2131,618,1218380,37045297,1890570512,0,0,0.267084354,0.975853565,0.221437483,0.112994693,0.000644450969835078,62320,37053,0.438825591,0.000415983,0.094155866,0.028976654,0.032743154,0.494440158,0.001613453,0.000783828,0.009401829,0.010262808,0.005592672,0.001068632,0.187376681,0.189386727,28043775,57507331,10517423,2.28e+08,11575764,4977755,4764070,2685751,1.71e+08,43281376,2.06e+08,540353245
"306","PA-601","Western Pennsylvania CoC","Largely Rural CoC","Sheltered and Unsheltered Count","42","Pennsylvania","PA",774,156,85,133,143,112,112,33,317,454,2,0,0,0,1,0,766,8,1,3,128,5,598,0,34,61,39,253,521,57,17,725,564,161,0,49,1071,794,277,0,100,1097,821,1695949,380040357,39451240444,0.25,0,19.246198234,7.202418462,0.0678369455689847,0.117129406488644,4.29884835283533e-05,57110.95881362,4508.6,0.43185990455,0.000878001415104761,0.149628697992639,0.0408118425790823,0.0481761317620577,0.496022580908026,0.00155657948343907,0.000440461312541828,0.00508034140405814,0.00596126414035505,0.00464282836849398,0.0009705481171981,0.191942682310545,0.211314727012628,23904520,16081031,5768120,114533990,3605268,2230554,1269065,0,64167501,49751123,110955399,277732581
"307","PA-603","Beaver County CoC","Largely Suburban CoC","Sheltered and Unsheltered Count","42","Pennsylvania","PA",101,25,6,22,25,9,9,5,44,57,0,0,0,0,0,0,98,3,1,0,48,0,47,0,3,5,6,39,62,4,1,88,79,9,0,13,101,89,12,0,0,195,101,164781,24162295,1125854815,0,0,0.803996433,0.710786791,0.11047997,0.098091803,0.000146360789867919,59014,8704,0.417024443,0.000152596,0.094249061,0.02817043,0.040609647,0.482986509,0.001292896,0.000916368,0.003629059,0.007233844,0.011184542,0.000946711,0.19368131,0.214533229,3074995,6511058,853007,8005619,1289312,55329,572758,0,16262683,11610643,14604138,54833923
"308","PA-605","Erie City & County CoC","Largely Suburban CoC","Sheltered and Unsheltered Count","42","Pennsylvania","PA",454,73,23,74,102,81,76,25,170,281,2,1,0,0,0,0,412,42,5,5,135,3,264,0,30,37,105,116,338,20,3,378,301,67,10,76,413,302,101,10,90,343,146,272046,1966272916,2069143908,0,0,0.895978678,0.760174397,0.163696581,0.154935944,0.000131477563715206,52863,14500,0.485084077,0.000561655,0.092300988,0.011191238,0.029158067,0.447031017,0.001213446,0.001389471,0.006980437,0.005208678,0.007495056,0.000746197,0.213180859,0.179271153,5221441,6151284,649509,23834932,1865967,2625127,543379,0,15945738,14108955,20700017,67811417
"309","PR-502","Puerto Rico Balance of Commonwealth CoC","Largely Suburban CoC","Sheltered and Unsheltered Count","72","Puerto Rico","PR",1067,77,30,137,259,246,212,106,282,778,3,1,0,0,2,1,89,978,34,4,273,3,479,5,110,23,312,135,932,13,6,391,144,235,12,676,591,265,314,12,255,1300,120,1217050,NA,NA,1,1,NA,NA,0.988994700248337,0.402841522910719,NA,23861.3204749189,NA,0.528598221809524,0.00161499629985097,0.212161638683364,0.0610686764671739,0.130499836351876,0.487794256668377,NA,0.000249784274770141,0.00979335274835134,0.00655683819476603,0.0199884968827361,NA,0.185330923039538,0.205573312508411,10763270,27243176,4582607,259333484,10954920,464359,1545123,17215799,5.59e+08,3.53e+08,140061920,1124831174
"310","PR-503","South-Southeast Puerto Rico CoC","Largely Rural CoC","Sheltered and Unsheltered Count","72","Puerto Rico","PR",1029,16,24,111,234,217,237,190,259,768,1,0,1,0,0,0,56,973,49,26,198,3,518,0,189,36,144,34,995,16,1,140,105,35,0,889,256,212,44,0,0,465,222,1395073,NA,NA,1,1,NA,NA,0.991770323080238,0.457196928169305,NA,20265.969604458,NA,0.516734988878049,0.00106421973574915,0.235397064777634,0.0742179929505961,0.132495698813479,0.471427660061539,NA,0.000437253163151319,0.00711002224991595,0.0043080183838731,0.0131978757109219,NA,0.190417275565321,0.201493398610422,2443395,21840813,12674129,74832878,5394790,2209224,710911,0,0,0,75181130,120454392
"311","RI-500","Rhode Island Statewide CoC","Largely Suburban CoC","Sheltered and Unsheltered Count","44","Rhode Island","RI",2442,517,142,414,494,379,334,162,1041,1373,7,8,12,0,0,1,1842,600,67,19,589,6,1310,6,256,130,936,877,1565,73,22,1908,1738,170,0,534,1886,1673,213,0,921,1355,609,1057798,1323686975,2677763373,0,0,2.641435818,4.442928951,0.285583825987879,0.115879975589441,0.000395030423772997,70141.2017360592,17817.4,0.4725809158,0.000919052306828649,0.116258851097386,0.010362262325877,0.0235852427545316,0.443647085506824,0.00100011335690084,0.00119493486035614,0.00833713061995769,0.0153441396494643,0.00854132829180713,0.00105218583907797,0.194218555648498,0.172514978887561,8498821,21530449,16580602,216215542,5517761,9683615,1431569,4921963,90785374,59790229,394243004,612983387
"312","SC-500","Charleston/Low Country CoC","Largely Suburban CoC","Sheltered and Unsheltered Count","45","South Carolina","SC",476,54,35,84,86,85,99,33,181,289,1,1,3,0,1,0,444,32,6,4,218,1,201,0,18,80,139,97,379,12,3,191,97,94,0,285,247,126,121,0,0,431,204,1067092,2709716264,14084040597,0.428571428571429,0.285714285714286,6.36346352,3.703080927,0.365900971731974,0.124113897734255,7.57660411904307e-05,64834.5260408662,6313,0.481542435714286,0.000412233986507875,0.155323065114727,0.0156021595234403,0.0169209119963696,0.451630224995562,0.00763286833508451,0.000171494217282109,0.00533787179331679,0.00297725022346808,0.00209635137563209,0.001015844979774,0.212231935086785,0.176684859702227,4800690,8768252,2180109,105023923,5391139,477583,316348,2239202,21088039,13070090,33973090,92304542
"313","SC-501","Greenville, Anderson, Spartanburg/Upstate CoC","Largely Suburban CoC","Sheltered and Unsheltered Count","45","South Carolina","SC",1669,211,101,242,324,325,345,121,587,1079,2,0,1,0,0,0,1617,52,13,4,695,0,908,3,42,101,356,344,1325,82,8,1054,850,192,12,615,1248,982,254,12,0,369,131,1537282,572117335,18933265183,0.384615384615385,0,11.850392405,5.159746141,0.294328561759689,0.142945807567635,8.11947640906816e-05,54037.851381204,5351.69230769231,0.494826467615385,0.00107266862444363,0.117652139240494,0.0257494590245355,0.0336261553287946,0.436835271456145,0.00488223502301009,0.000341511990505971,0.00525733068408334,0.00428353406420553,0.00219868570259263,0.00072205374927632,0.222359983510712,0.172490798687848,5762075,12504379,3201266,126554493,6273741,2579512,467295,1634903,31352755,24438300,80315184,168529410
"314","SC-502","Columbia/Midlands CoC","Largely Suburban CoC","Sheltered and Unsheltered Count","45","South Carolina","SC",1423,173,102,182,261,245,328,132,473,943,3,2,1,0,1,0,1381,42,19,3,864,2,490,4,20,131,344,264,1159,87,7,1044,764,262,18,379,1074,731,323,20,27,289,119,1487656,513041432,21993514053,0.461538461538462,0.307692307692308,12.038324166,4.852867927,0.417185827860614,0.145560421398632,6.76406688087699e-05,57071.1889240523,5662.53846153846,0.518938707692308,0.00256775310571391,0.114148574878255,0.0324347239776736,0.0338295632696242,0.433998854656482,0.0056046876858185,0.000407352274083525,0.00481159603886517,0.00395857655927177,0.00255704284575668,0.000942422280983641,0.223243814362475,0.160867835211545,7831260,10593847,5328395,149170899,7416261,6403328,471704,11504201,35080344,27637761,82370861,194637962
"315","SC-503","Sumter City & County CoC","Largely Rural CoC","Sheltered and Unsheltered Count","45","South Carolina","SC",1025,105,101,177,253,166,147,76,425,597,3,0,0,0,0,0,992,33,9,4,451,0,524,2,28,76,120,185,840,88,11,458,338,120,0,567,578,413,165,0,315,409,363,999487,1279509005,22855240136,0.923076923076923,0.461538461538462,12.470744771,5.033728601,0.398065207289184,0.179996177288885,4.37311966119173e-05,46873.7823423416,3297.84615384615,0.500179554230769,0.00235752451631136,0.250132211232499,0.0258160506736456,0.0347567270756918,0.520267897384671,0.00566618358224169,0.000412211309399722,0.00382596258423471,0.00317262769814215,0.00295251483051706,0.00101852223819419,0.208300858390838,0.207780591428895,5778751,5144196,2581836,52369450,4120033,2097809,340183,0,23862417,20113971,44261453,108300649
"316","SD-500","South Dakota Statewide CoC","Largely Rural CoC","Sheltered and Unsheltered Count","46","South Dakota","SD",1338,220,154,255,277,216,175,41,508,803,6,3,7,0,11,0,1227,111,723,9,116,3,383,4,55,42,151,294,1044,147,15,1111,912,199,0,227,1570,1326,244,0,194,536,376,879336,3387681983,196341552329,0.333333333333333,0.181818181818182,65.728937474,11.797122764,0.186513460264359,0.128125911724198,4.47860368612416e-06,59959.8496456417,1811.74242424242,0.340629504787879,0.00213804806923332,0.123328889616706,0.029975028063026,0.0304863614900334,0.451268912124199,NA,0.000205837057761766,0.0057918703099657,0.00557693525547913,0.00173767463478238,0.001374901071811,0.245352174799275,0.166979402631976,1269530,3153240,483234,75616536,1145634,408840,0,0,8776374,7861512,47291815,70390179
"317","TN-500","Chattanooga/Southeast Tennessee CoC","Largely Rural CoC","Sheltered and Unsheltered Count","47","Tennessee","TN",975,103,46,143,237,220,182,44,385,585,1,1,0,0,0,3,941,34,11,0,277,0,655,5,23,37,166,163,812,42,2,295,270,25,0,680,283,253,30,0,8,308,146,700948,323782615,11219460260,0.636363636363636,0.0909090909090909,10.320327051,2.641098024,0.207994030916644,0.143918360195902,6.24760892018169e-05,52803.1468539749,3999.81818181818,0.4454807,0.00167390276473156,0.110292589737523,0.0269072555779131,0.0294163904497752,0.446194296667041,0.00389418789296638,0.00023824861943254,0.00543834907151172,0.005495414523735,0.00418433292339517,0.00128968198358651,0.208548993839118,0.18207484729847,6347724,3849216,791651,68791917,1833219,487928,0,0,25674127,17562159,37074947,93620971
"318","TN-501","Memphis/Shelby County CoC","Major City CoC","Sheltered and Unsheltered Count","47","Tennessee","TN",784,197,61,122,101,99,120,84,366,406,2,4,0,1,0,5,763,21,2,3,617,0,134,0,14,76,58,284,500,53,6,626,519,107,0,158,868,635,233,0,36,1412,238,936611,51308328,1969826786,1,0,0.490767747,0.965972354,0.647691518,0.189678542,0.000475478862738949,52092,23762,0.533056853,0.000762744,0.12171388,0.038248782,0.059599632,0.433505479,0.002010669,0.000522095,0.008401567,0.007175871,0.002344623,0.000825316,0.250020553,0.135542931,16242319,15166552,5886672,1.32e+08,9364046,1574600,1140477,8746344,15627453,13968628,2.94e+08,381717091
"319","TN-502","Knoxville/Knox County CoC","Largely Suburban CoC","Sheltered and Unsheltered Count","47","Tennessee","TN",899,32,41,126,210,176,226,88,329,567,0,0,2,0,0,1,866,33,14,1,181,1,658,3,31,86,310,58,841,37,2,585,444,141,0,314,623,451,172,0,171,338,89,466184,45529220,1316601438,0,0,0.452213137,0.908067503,0.180872788,0.131998224,0.000354081338926807,59250,16966,0.465734312,0.000575089,0.087061861,0.019791822,0.028216231,0.445341324,0.004199554,0.000347502,0.007263227,0.013185781,0,0.00086232,0.21036329,0.158042747,2923547,5650805,542026,66097725,3370002,427104,301876,0,5090051,3085180,1.65e+08,186390591
"320","TN-503","Central Tennessee CoC","Largely Rural CoC","Sheltered and Unsheltered Count","47","Tennessee","TN",276,29,13,60,53,40,50,31,117,159,0,0,0,0,0,0,256,20,2,4,81,0,170,3,4,3,32,53,223,9,4,181,125,56,0,95,244,161,83,0,0,38,83,1209599,133966729,23042713421,0.368421052631579,0,18.136655389,5.940234677,0.192003300184946,0.107226626817047,5.24937744049549e-05,69299.5152798572,4021.21052631579,0.414877245684211,0.00131703167263038,0.0897067753515837,0.019049455947533,0.028477701157849,0.401624836077589,0.00647576324435305,0.000292659039614781,0.00309110706796302,0.00209160233863867,0.00281911606664688,0.00078786436111389,0.245168026805071,0.146145127372127,3171170,2829415,2316563,14869121,1210814,932684,0,0,29298784,21000885,27647181,88407496
"321","TN-504","Nashville-Davidson County CoC","Major City CoC","Sheltered and Unsheltered Count","47","Tennessee","TN",2094,191,96,281,426,462,458,180,673,1398,4,7,7,2,0,3,1950,144,34,12,879,0,1018,8,63,251,634,302,1792,80,10,1369,1091,276,2,725,1540,1104,429,7,875,1162,875,690540,56424538,1303999197,0,0,0.414122959,0.968574518,0.439884728,0.14232949,0.000529555540822929,62515,38245,0.493883009,0.002067838,0.095540425,0.007280939,0.015328127,0.463027486,0.00946769,0.000270803,0.009379616,0.015144669,0.000108611,0.001125206,0.208310887,0.122727141,15414360,9996229,1575769,2.3e+08,5473172,862012,901641,8775277,492601,153701,1.76e+08,219644762
"322","TN-506","Upper Cumberland CoC","Largely Rural CoC","Sheltered and Unsheltered Count","47","Tennessee","TN",594,67,47,116,107,126,103,28,276,315,3,0,0,0,0,0,580,14,0,0,52,0,542,0,0,35,122,127,467,30,4,272,260,12,0,322,307,277,30,0,0,130,45,593585,361873913,18086945028,0.777777777777778,0.111111111111111,17.535055371,3.27861278,0.102293689809294,0.150109027246217,3.28184222974684e-05,53053.473603612,2664.38888888889,0.413714024,0.0015156931146533,0.128083730672514,0.0365272452080561,0.0389308412204352,0.447634290088496,NA,0.000503718849192618,0.00182450702255616,0.00300546681542155,0.00437342587140174,0.00105123957940649,0.214671866753038,0.193724572014022,1481433,0,1358544,3123953,0,725024,0,0,17117076,13669876,13197142,47549095
"323","TN-507","Jackson/West Tennessee CoC","Largely Rural CoC","Sheltered and Unsheltered Count","47","Tennessee","TN",819,112,73,157,130,203,96,48,321,497,1,0,0,0,0,0,795,24,4,0,258,0,447,0,86,13,123,179,640,58,14,54,45,9,0,765,32,23,9,0,0,115,159,664901,734455447,28714138850,0.826086956521739,0.0434782608695652,22.683706403,5.224777798,0.246914954193615,0.171963578095181,2.31558746537161e-05,46923.3178352868,2266.08695652174,0.452735140956522,0.00131708951299227,0.159813801631046,0.025562195878409,0.0440171730185005,0.462345522069271,0.00172366456258601,0.00047826665431395,0.00417505774565386,0.00574371219425147,0.0051315910465934,0.00108286799586856,0.218482149822331,0.186770662221964,3818244,1160066,3093180,22880142,787337,243434,0,0,24930434,20367479,31533023,85933197
"324","TN-509","Appalachian Regional CoC","Largely Rural CoC","Sheltered and Unsheltered Count","47","Tennessee","TN",688,72,34,124,173,150,99,36,256,428,2,0,2,0,0,0,677,11,5,2,54,1,611,0,8,40,88,125,563,28,0,273,198,75,0,415,407,320,87,0,0,408,158,510989,119480263,7504237101,0.875,0.25,7.289706808,3.261167179,0.0782482599956085,0.16805836274692,6.80933975196368e-05,45593.1419189063,4230.125,0.445698975625,0.00174322669600849,0.13319491461905,0.0298082560013366,0.0379370421297327,0.481640504917345,0.00255329195067506,0.000655591564534657,0.0049961934607653,0.00618408609028961,0.00334645171694694,0.000996107496674097,0.190698821205451,0.209092563732664,3254206,2424281,1052941,29944795,2531696,30891,0,1133529,12995362,10970616,28924935,63318457
"325","TN-510","Murfreesboro/Rutherford County CoC","Other Largely Urban CoC","Sheltered and Unsheltered Count","47","Tennessee","TN",367,21,19,61,82,85,75,24,148,212,0,1,6,0,0,0,358,9,7,0,103,0,220,1,30,14,135,39,328,13,2,97,57,40,0,270,182,94,88,0,0,368,229,324139,12406556,1603892838,0,0,0.76210449,0.840359488,0.303989955,0.103420896,0.000202095172645194,68718,11871,0.46367746,0.001518451,0.055885509,0.008298449,0.014483374,0.376600779,0.009230159,0.00015117,0.002872225,0.003149883,0.000141914,0.000555317,0.24642823,0.105087632,1440213,1909571,534099,16119750,1031614,0,0,0,388747,690202,6482207,12476653
"326","TN-512","Morristown/Blount, Sevier, Campbell, Cocke Counties CoC","Largely Rural CoC","Sheltered and Unsheltered Count","47","Tennessee","TN",784,189,84,124,142,139,78,28,348,426,0,0,10,0,0,0,737,47,3,0,60,0,655,2,19,15,55,310,474,49,28,180,157,23,0,604,270,235,35,0,0,47,31,674772,482963231,12030553875,0.5,0.25,10.994033716,4.930459515,0.0988941448963443,0.14957600951276,5.60881907026911e-05,50652.6446147736,3965.66666666667,0.417559869833333,0.00115675505740384,0.178982904001895,0.0301059888063627,0.0358565531421206,0.47850236807909,0.00350625847633838,0.000413472905652576,0.00254308112941408,0.00352563525136491,0.00476012631577333,0.000972180324159864,0.206068123686653,0.204073375937847,1173612,1096658,1006656,15811585,0,446413,0,0,22990877,20285954,24429129,71429299
"327","TX-500","San Antonio/Bexar County CoC","Major City CoC","Sheltered and Unsheltered Count","48","Texas","TX",3398,633,178,535,766,589,522,175,1250,2118,9,7,9,0,0,5,1678,1720,46,18,766,2,1832,9,53,249,465,996,2402,104,34,2484,2181,276,27,914,2438,2075,333,30,2233,2161,816,1978826,40788665,3212426750,0,0,0.533256246,0.952923471,0.729075725,0.155990558,0.000615991010534326,58288,34092,0.502051601,0.002746055,0.078732673,0.014871807,0.024022148,0.353566205,0.003522626,0.000422978,0.006099576,0.001983499,0.003056863,0.001008174,0.25532159,0.12098891,27361067,31066622,7273617,3.19e+08,13965756,2587384,2677581,2714440,58774699,37514401,83040543,266976110
"328","TX-503","Austin/Travis County CoC","Major City CoC","Sheltered-Only Count","48","Texas","TX",2975,520,163,502,708,543,413,126,1070,1875,7,12,4,0,0,7,2073,902,17,49,611,9,788,2,61,264,1169,841,2134,87,36,1709,1277,420,12,1266,2152,1657,480,15,210,1778,1820,1250884,79595808,2575210685,0,0,0.589532074,0.948893495,0.514093233,0.11376366,0.000485740451173998,80668,48268,0.460801953,0.003403651,0.072801698,0.00528366,0.012481962,0.423800288,0.012217188,0.000174277,0.004442458,0.003070628,0,0.000928943,0.216361389,0.098367235,16922080,18081500,1961108,1.83e+08,7125202,2859869,1326270,19348353,0,0,92541997,160166379
"329","TX-600","Dallas City & County, Irving CoC","Major City CoC","Sheltered and Unsheltered Count","48","Texas","TX",3718,540,186,533,722,667,764,306,1323,2364,3,7,20,1,0,0,3171,547,40,51,2117,8,1042,10,99,287,663,805,2913,161,29,2632,1557,1021,54,1086,3345,1885,1405,55,1034,2487,1705,3628672,207185717,4440303683,0.5,0,0.83612017,1.932721738,0.639439166547199,0.122723525293147,0.000817212573521179,72591.41419726,49296,0.44931761,0.0042006802296975,0.0744387997109285,0.00773416918898374,0.0179545620944235,0.386918134128866,0.0074428910217253,0.00022983632407338,0.00580735891467402,0.00131425450047951,0.000863952289272219,0.000842181714777197,0.261010088322724,0.107931496607667,41981616,55813094,7283483,798024935,20673961,298804,3667615,21103881,36670054,15557030,332711901,535761439
"330","TX-601","Fort Worth, Arlington/Tarrant County CoC","Major City CoC","Sheltered and Unsheltered Count","48","Texas","TX",2463,267,172,409,463,457,512,183,907,1549,3,1,2,0,1,0,2134,329,23,23,1170,1,1052,7,26,124,424,422,2041,140,21,1496,1286,190,20,967,2398,2156,222,20,673,2050,1102,2215600,116293581,4581609282,0,0,1.164489825,1.344237692,0.51831422618348,0.111682954690689,0.000483585540282656,71173.5120513631,18385.5,0.461293453,0.00402086386335749,0.0756375720568335,0.00900966172314181,0.0213656711703854,0.375140368407816,0.00512471847047572,0.000197689539852862,0.00543599916461229,0.00156706978678417,0.000119155043708702,0.000847626188645514,0.261925889295914,0.115819191040806,31205566,28862546,3632828,275124632,12624673,1069989,2315324,4808884,4626010,4053387,29348905,122548112
"331","TX-603","El Paso City & County CoC","Major City CoC","Sheltered and Unsheltered Count","48","Texas","TX",913,196,94,126,186,116,129,66,331,573,3,1,2,0,0,3,256,657,8,9,278,3,251,4,17,80,99,288,625,79,13,724,588,136,0,189,1268,943,325,0,48,164,617,836915,5322143,2624264473,1,1,0.75679384,0.959763509,0.882501807,0.1948601,0.000318914121884696,48292,18076,0.499065993,0.006899021,0.08494752,0.012863338,0.021048795,0.357344533,0.004276025,0.000292742,0.006777271,0.008178847,0.000556807,0.000626109,0.27184959,0.121811654,5784640,12723255,1235534,87625277,6100086,265580,1083468,2068889,4089483,4357129,85690817,123398881
"332","TX-604","Waco/McLennan County CoC","Largely Rural CoC","Sheltered and Unsheltered Count","48","Texas","TX",229,73,15,31,47,33,24,6,110,114,2,3,0,0,0,0,184,45,2,0,87,0,103,0,9,14,34,93,136,25,0,173,79,94,0,56,267,165,102,0,0,80,37,368971,311859418,14315307314,0.833333333333333,0.166666666666667,5.894541731,1.603466394,0.415815877092392,0.179388172033943,2.57745776536111e-05,50297.1170823723,3562.16666666667,0.472993752833333,0.00300882896779014,0.154819758095218,0.0419357382131414,0.0483629127806955,0.424410048720591,0.00299748977776302,0.000352330962053928,0.00637990541036558,0.00214108972785937,0.00385125141617092,0.00125213074748693,0.238883272490919,0.163592802995566,4767806,2770537,147425,38278705,1589560,0,0,0,9198148,7997619,3623749,30094844
"333","TX-607","Texas Balance of State CoC","Largely Rural CoC","Sheltered and Unsheltered Count","48","Texas","TX",10081,1332,653,1772,2083,1904,1588,749,3669,6297,41,23,28,4,11,8,6937,3144,177,94,2572,19,4127,28,196,568,1751,2024,8057,531,65,3713,2990,723,0,6368,6020,4892,1128,0,835,1727,1479,11357298,17050529193,580827091156,0.55868544600939,0.164319248826291,207.926051595,69.650668083,0.521306916429112,0.150095077108094,1.95536643743596e-05,NA,3040.1455399061,0.422170484046948,0.003782421741946,0.142843674810218,0.0337598869539143,0.0388921352130378,0.396928301042803,NA,0.000121507759615535,0.00499555446929261,0.00201341913208274,0.0020023248980747,0.00121305256906977,0.257557123258242,0.143225263552563,8291817,91004734,8749152,850533662,26997037,5468179,3696526,0,147760741,125630774,259221983,676820943
"334","TX-611","Amarillo CoC","Other Largely Urban CoC","Sheltered and Unsheltered Count","48","Texas","TX",540,52,25,107,142,97,79,38,195,344,0,1,0,0,0,0,419,121,4,11,87,2,341,4,12,12,61,70,470,24,3,277,202,75,0,263,424,202,222,0,206,118,0,254328,60393247,4716628013,0.5,0,1.899685952,1.717584518,0.421310276538325,0.146835550251097,5.3921572636006e-05,56771.8557374729,12271.5,0.4513343865,0.00313875389382531,0.106261462830928,0.0296659507945881,0.0416100285768968,0.413760969921299,0.00343360371447108,0.00046789989386147,0.00906703176450882,0.00191485006511277,0.000173005196399925,0.000719543421522601,0.255842848728225,0.138899374044399,692981,3212839,985973,45070048,1693464,16996,0,0,314567,210870,3152497,10280187
"335","TX-624","Wichita Falls/Wise, Palo Pinto, Wichita, Archer Counties CoC","Largely Rural CoC","Sheltered and Unsheltered Count","48","Texas","TX",272,45,18,58,62,51,28,10,108,164,0,0,0,0,0,0,231,41,9,1,63,0,187,0,3,24,4,55,217,24,0,201,185,16,0,71,299,287,12,0,0,29,0,335660,598758380,35941901765,0.625,0,15.863287103,4.358075704,0.285631293545522,0.149185576530182,9.3389604755657e-06,54704.3213400465,2001.125,0.415982767,0.00161317579200941,0.184288652049988,0.07600415546562,0.0563715446528571,0.450577965898487,NA,0,0.00361675526104987,0.00271107681601323,0.00595245191273312,0.0012631830668057,0.228645057474954,0.169987487411241,785843,2424960,0,12895588,909327,0,0,0,12245984,11268969,10374118,38009201
"336","TX-700","Houston, Pasadena, Conroe/Harris, Fort Bend, Montgomery
Counties CoC","Major City CoC","Sheltered and Unsheltered Count","48","Texas","TX",3280,495,201,606,647,567,553,211,1237,2024,8,2,9,0,0,0,2862,418,29,35,1879,4,975,7,87,213,504,738,2542,175,17,2173,1615,545,13,1107,3006,2185,806,15,812,6723,3340,6061689,332815380,9352422761,0.333333333333333,0,1.682032022,2.711920358,0.670947816406645,0.138969552445822,0.000648141038413864,69843.1302724373,28469.6666666667,0.471681669666667,0.00404930998967555,0.0833366232656324,0.0115037986256939,0.0199997202706399,0.376092208308601,0.00765541703173126,0.000324826773847025,0.00389214935181251,0.00175198676336447,0.0004165507882605,0.000421664656581524,0.267503166224562,0.108343400718671,87504050,96492987,19297548,535152449,39217629,3058244,7723792,27211616,32290615,18995279,217283460,549075220
"337","TX-701","Bryan, College Station/Brazos Valley CoC","Other Largely Urban CoC","Sheltered and Unsheltered Count","48","Texas","TX",118,3,8,19,24,24,30,10,31,86,1,0,0,0,0,0,107,11,3,0,54,0,53,0,3,2,19,7,111,5,3,66,66,0,0,52,104,104,0,0,0,0,74,346599,170849655,14098389939,0.714285714285714,0.142857142857143,6.84508169,1.565133312,0.426267819696569,0.206785660156541,2.45842966111479e-05,51384.780948589,4362.14285714286,0.439423584714286,0.00365884588570759,0.156714352130096,0.0268967805640149,0.027891608367641,0.427361302086001,0.0059822847787169,0.000320254505656393,0.00506060318918693,0.0015926184598513,0.00283901578053601,0.00119157901247263,0.21354360478068,0.128572211925773,507723,4113521,1326200,30263597,1911340,0,0,0,6678955,7765368,6222667,28525774
"338","UT-500","Salt Lake City & County CoC","Largely Suburban CoC","Sheltered and Unsheltered Count","49","Utah","UT",2404,332,171,339,474,455,462,171,847,1504,9,27,17,0,0,0,1638,766,103,36,251,3,1452,57,95,91,654,567,1837,123,22,1991,1739,252,0,413,1784,1434,350,0,691,2353,420,1146215,136855044,1949876462,0,0,0.594846113,0.993085777,0.294978691,0.085992935,0.000587839805412247,77128,42034,0.451135848,0.001400904,0.052468175,0.005685329,0.010095167,0.352944256,0.005527072,0.000293139,0.005324481,0.001702996,0.000348975,0.000734592,0.27095353,0.108681181,17645062,16744157,1941260,1.4e+08,5756775,432233,1025384,2432398,3242957,3858670,44379708,97458604
"339","UT-503","Utah Balance of State CoC","Largely Suburban CoC","Sheltered and Unsheltered Count","49","Utah","UT",1260,213,96,226,278,214,166,67,505,744,0,7,3,0,1,0,987,273,79,8,71,4,878,16,47,27,218,323,937,88,7,761,634,127,0,499,1019,840,179,0,170,541,458,1308785,5359036428,198887119519,0.24,0.04,24.353713669,9.292469594,0.17844336554325,0.094635052851476,6.58054178252086e-06,70445.7021940196,3300,0.3657945598,0.00174827107508997,0.125043422840728,0.0108001459642309,0.0179435588861364,0.369515237352552,0.00633669484858705,0.00020247789069022,0.00249086000112318,0.00176270370104333,0.000402663470715969,0.000798450424855114,0.297493476625407,0.128252539639967,1570309,6412940,1550432,60415558,858031,553597,0,0,3109920,3396831,23890611,41342671
"340","UT-504","Provo/Mountainland CoC","Largely Suburban CoC","Sheltered and Unsheltered Count","49","Utah","UT",205,44,26,32,36,28,26,13,77,125,1,2,0,0,0,0,150,55,5,1,3,0,142,1,6,3,34,56,149,29,0,109,42,67,0,96,157,74,83,0,217,172,160,696239,467877620,13084280766,0,0,2.892618556,2.232686924,0.178665659526744,0.0946176907280488,5.32118663953775e-05,79263.300753046,9114.66666666667,0.470237330666667,0.00244258866657483,0.113972358992339,0.00396713499090973,0.0108439936006228,0.319147591500378,0.00837046052759756,5.88878316394227e-05,0.00258101036308509,0.000159427622681292,0.000356199754230947,0.000710962867021238,0.326961000485078,0.0812695069322962,3284678,7459644,147121,36961101,3172496,0,0,0,1125165,1620007,46064104,62873215
"341","VA-500","Richmond/Henrico, Chesterfield, Hanover Counties CoC","Largely Suburban CoC","Sheltered and Unsheltered Count","51","Virginia","VA",681,94,48,93,99,130,160,57,246,426,2,4,3,0,0,0,649,32,6,1,445,2,187,1,20,86,160,152,529,37,5,475,402,43,30,206,450,357,52,41,107,1005,264,1096347,201650804,5490438590,0,0.125,5.820760718,3.604479092,0.423790095781868,0.0996453137965024,0.000199682954654448,75263.0083960644,14919.375,0.47317589225,0.000803231144478913,0.0631948521702127,0.00812109183620332,0.0144602547333736,0.40709556392675,0.0044952415566951,0.000201578537447542,0.00511608100413099,0.00523465641832923,0.00318968362707519,0.000698683980639341,0.21552300477985,0.153487900858477,9667992,15173976,1719779,2.55e+08,6694687,635247,924505,7019038,48855741,28634292,94884687,214209944
"342","VA-501","Norfolk, Chesapeake, Suffolk/Isle of Wight, Southampton
Counties CoC","Largely Suburban CoC","Sheltered and Unsheltered Count","51","Virginia","VA",670,108,27,102,114,110,155,54,240,428,0,1,1,0,0,0,647,23,8,1,491,1,123,1,32,59,117,170,500,22,1,547,530,17,0,123,483,439,44,0,297,633,351,641281,351494852,4439386880,0,0,3.986767873,4.045646887,0.490507281726298,0.118920103087545,0.000144452605130914,69214.572745801,11566.3333333333,0.483227023833333,0.00126659759475674,0.0759230163613631,0.0110308822328605,0.0154607194397604,0.397017843959207,0.00444757030672201,0.00048028862152317,0.0106599137594346,0.00459081121589756,0.00438809205786543,0.00142527243422306,0.221592406436871,0.132386582337705,6959113,12075158,2449739,147745319,4899700,1989078,772640,0,37995814,27098725,29880623,124120590
"343","VA-502","Roanoke City & County, Salem CoC","Largely Suburban CoC","Sheltered and Unsheltered Count","51","Virginia","VA",401,68,24,57,80,58,92,22,150,247,2,1,1,0,0,0,386,15,5,3,151,3,219,0,8,18,94,109,292,13,1,325,325,0,0,76,397,397,0,0,0,142,94,277741,26497218,4219088328,0.285714285714286,0,3.830201518,4.673656557,0.230671741022096,0.122666670357261,6.58296244135897e-05,59091.1245512906,8923.42857142857,0.383032813714286,0.00129160972749215,0.106537416518302,0.0204992547385262,0.0336629145891424,0.459820480055699,0.00172972544360033,0.000424856345048084,0.0067904989086235,0.00692731736229797,0.00460861001162234,0.001584209590615,0.205644827352238,0.197889400303002,1940548,3603708,469912,31700272,1455140,0,316365,0,13488977,11915072,23595526,56785248
"344","VA-503","Virginia Beach CoC","Major City CoC","Sheltered and Unsheltered Count","51","Virginia","VA",311,52,19,50,56,43,68,23,130,177,1,1,2,0,0,0,275,36,0,1,160,0,125,1,7,25,63,76,235,20,0,228,215,13,0,83,170,154,16,0,388,224,186,450882,654697226,633818766,0,0,0.453818755,0.981853005,0.389483279,0.07197727,0.000711373698897391,78136,22994,0.476632467,0.000893002,0.071515869,0.005497079,0.009201281,0.411937048,0.002786257,0.00029276,0.004209527,0.002643707,0,0.001062362,0.22155686,0.141924051,3040149,3982646,1247659,44932966,2337415,0,344503,2676916,0,0,32996335,46625623
"345","VA-504","Charlottesville CoC","Largely Rural CoC","Sheltered and Unsheltered Count","51","Virginia","VA",125,7,0,33,30,23,25,7,55,70,0,0,0,0,0,0,124,1,1,1,60,0,55,0,7,32,13,14,111,0,0,106,92,14,0,19,80,60,20,0,80,131,35,254109,73503994,5541550391,0,0.166666666666667,4.935443223,1.956817972,0.24496967857896,0.111444320983125,4.58552177767249e-05,74181.8185345659,9631,0.433299369833333,0.000385102484310373,0.129665289480863,0.0123686248887682,0.0194566257352986,0.449602335744484,0.00574560551147342,8.6576970426077e-05,0.00492701929260672,0.00165676937358771,0.0011176306581467,0.00102711852093393,0.19401516700634,0.180438315819597,999110,825375,0,15882543,1533111,129241,0,0,3944600,2532669,6294657,16258763
"346","VA-505","Newport News, Hampton/Virginia Peninsula CoC","Other Largely Urban CoC","Sheltered and Unsheltered Count","51","Virginia","VA",412,73,22,64,90,52,75,36,152,259,0,0,0,0,0,1,388,24,4,1,287,0,93,0,18,39,64,117,295,14,6,362,342,20,0,50,217,199,18,0,350,518,92,486327,895521054,1014630549,0,0,2.040383578,5.690838548,0.48156692937605,0.120311513933547,0.000479314367657582,67785.6636028845,12664.3333333333,0.4833482535,0.00300885431283666,0.0969951929717137,0.0110638955497659,0.0106135172403321,0.431596436122738,0.00271508476520119,0.000370121347887327,0.0121482047604492,0.00757103758742574,0.00246953164379111,0.00128103072978469,0.217290012721422,0.162641597252717,3699464,4383536,667772,116214314,2876128,365737,0,0,13259114,11697456,46672551,83621758
"347","VA-507","Portsmouth CoC","Other Largely Urban CoC","Sheltered and Unsheltered Count","51","Virginia","VA",123,29,4,21,16,22,20,11,53,70,0,0,0,0,0,0,120,3,7,0,103,0,11,0,2,6,34,45,78,2,2,71,63,8,0,52,85,75,10,0,89,148,92,94961,34658275,86248205,0,0,0,1,0.629784859,0.157492708,0.00110102001543105,53213,23498,0.555490235,0.000354707,0.10345165,0.019594413,0.031189608,0.430481987,0.001529913,0,0.019565927,0.007897979,0.00592875,0.001695433,0.233358958,0.147397353,2624761,3084587,0,38271266,975726,0,0,0,5254447,4388663,15135678,31463862
"348","VA-508","Lynchburg CoC","Largely Rural CoC","Sheltered and Unsheltered Count","51","Virginia","VA",147,16,8,25,29,33,25,11,68,79,0,0,0,0,0,0,142,5,4,1,63,0,65,0,13,10,7,26,121,7,0,74,74,0,0,73,87,87,0,0,0,79,97,262937,68485365,5491999817,0,0,4.037265015,2.084279749,0.243605882686107,0.120416126619582,4.78763672180217e-05,56607.6759756139,5585.2,0.4408018734,0.000272123819986042,0.136136478163804,0.0185563888365274,0.0208944411671617,0.445197899123775,0.00287923375903734,0.000551462953642888,0.00448776720879526,0.00497077252052773,0.00124744709382856,0.000844308800712718,0.196952121542404,0.188216188849238,856161,1423688,370091,13736684,799117,0,0,0,3234328,2383486,13433467,22500338
"349","VA-513","Harrisonburg, Winchester/Western Virginia CoC","Largely Rural CoC","Sheltered and Unsheltered Count","51","Virginia","VA",373,56,18,65,78,77,62,17,150,221,1,1,0,0,0,0,347,26,7,3,57,1,261,6,20,8,105,96,277,16,0,275,275,0,0,98,286,286,0,0,0,119,62,401410,49234654,6497072239,0.222222222222222,0.111111111111111,5.899372073,4.90829152,0.199571510583536,0.117675833882574,6.17832133049798e-05,65658.5438778306,9687.22222222222,0.462249356888889,0.000981937131578342,0.115829406397681,0.0139020242017164,0.0201629977663287,0.420281009252383,0.00408753489587454,0,0.0038663710419571,0.00330086446318477,0,0.000984031261308886,0.211300166992449,0.167188161658793,965278,1975327,0,12390627,1401365,88353,0,0,0,0,7828930,12259253
"350","VA-514","Fredericksburg/Spotsylvania, Stafford Counties CoC","Largely Suburban CoC","Sheltered and Unsheltered Count","51","Virginia","VA",213,63,17,31,40,26,29,7,86,126,0,0,1,0,0,0,198,15,0,2,108,0,81,0,21,3,23,98,115,9,0,199,187,12,0,14,202,188,14,0,0,216,120,342128,107019403,3569429507,0,0,3.620624771,1.493125796,0.359517490261823,0.0633015732051133,9.58494906060068e-05,98673.2583243698,6364.5,0.49086701775,0.000347182886988103,0.0601098304750086,0.0123063339233036,0.0133748928553027,0.354481363456557,0.00540489283732112,0.000113992487101319,0.00349576742311942,0.000540733458299233,0,0.000821329872196955,0.252186316140503,0.126072697831595,489406,0,0,0,0,216564,0,0,0,0,4409780,5115750
"351","VA-521","Virginia Balance of State CoC","Largely Rural CoC","Sheltered and Unsheltered Count","51","Virginia","VA",1329,327,65,248,248,205,173,63,628,692,3,1,5,0,0,0,1282,47,13,5,342,3,852,4,92,37,29,488,841,48,16,895,712,183,0,434,1096,878,218,0,97,469,235,1688700,5978324968,61896887552,0.535211267605634,0.0985915492957746,59.390522077,20.951445269,0.241916859126532,0.155297771119829,2.72824703597788e-05,54416.811101439,3589.61971830986,0.454770330239437,0.000927459302981642,0.189707978012645,0.0424928041770101,0.0428480809127376,0.487429975693329,0.00227030169304495,0.00056078635957186,0.00550364181769645,0.00337774617074258,0.00171670517536152,0.00138449692462249,0.19364067031723,0.206608041699565,439013,6798104,4057187,81605817,1950005,1220252,0,0,23508628,19935165,53256653,111165007
"352","VA-600","Arlington County CoC","Other Largely Urban CoC","Sheltered and Unsheltered Count","51","Virginia","VA",243,42,10,39,52,33,45,22,87,153,3,0,0,0,0,0,194,49,0,3,122,7,60,1,21,13,35,74,169,8,1,212,201,11,0,31,234,220,14,0,13,259,177,236434,273562,67332992,0,0,0,1,0.391855655,0.064121587,0.00351141384003848,122604,130244,0.38520896,0.001279879,0.06575597,0.003819421,0.007767876,0.491672095,0.007025523,0.000516,0.006543052,0.003988428,0,0.001065837,0.179627296,0.107560672,4627138,2673890,2804596,46418231,1685391,0,0,0,0,0,53151658,64942673
"353","VA-601","Fairfax County CoC","Largely Suburban CoC","Sheltered and Unsheltered Count","51","Virginia","VA",1278,419,88,206,194,170,139,62,576,701,0,1,0,0,0,0,941,337,5,62,626,10,394,5,60,26,184,694,584,38,20,1192,1056,136,0,86,639,489,150,0,746,644,328,1187060,40155928,1034202494,0,0,0.203900636,2.984582404,0.496351489841741,0.0591978763867547,0.00114780229876336,127739.109200883,60789.6666666667,0.440238234333333,0.00280592556930004,0.040007158425585,0.00302711989609203,0.00591273215513538,0.362448401754698,0.00161032806724597,0,0.00414806282479908,0.00256010603779253,0,NA,0.234852492398602,0.135451451663448,19020243,11601395,0,1.65e+08,4856602,788970,1035346,0,0,0,77381351,114683907
"354","VA-602","Loudoun County CoC","Largely Suburban CoC","Sheltered and Unsheltered Count","51","Virginia","VA",303,53,69,60,43,36,28,14,125,174,1,2,1,0,0,0,222,81,8,12,111,4,111,1,5,9,41,92,211,63,3,174,149,25,0,129,113,87,26,0,0,14,37,405312,14496364,1335753247,0,0,0.748242473,0.880534684,0.448994848,0.032287752,0.000303433288229169,147111,23617,0.442395492,0.000671369,0.028101585,0.005593924,0.008504524,0.336525936,0.009148377,0,0.001120125,0.000476176,0,0.000979492,0.281486855,0.093801812,354487,2784764,0,18304108,515805,0,0,0,0,0,5807477,9462533
"355","VA-603","Alexandria CoC","Other Largely Urban CoC","Sheltered and Unsheltered Count","51","Virginia","VA",187,55,5,27,39,20,26,15,87,100,0,0,0,0,0,0,169,18,1,2,133,5,31,1,5,2,18,84,103,1,4,169,153,16,0,18,175,147,28,0,30,50,102,158309,1069028,38682338,0,0,0,1,0.484084923,0.094209741,0.0040925395977875,102227,81414,0.42939809,0.002987838,0.066421341,0.001781014,0.004989458,0.48235413,0.003648407,0,0.009083501,0.00744746,0.004535434,0.001756059,0.183508202,0.116379991,1196803,2237847,19457079,55556420,1405842,1760584,0,0,9040922,4188913,67716314,107004304
"356","VA-604","Prince William County CoC","Largely Suburban CoC","Sheltered and Unsheltered Count","51","Virginia","VA",345,91,18,45,74,46,45,26,148,196,0,0,0,0,0,1,294,51,4,2,195,1,98,0,14,16,49,141,204,11,4,256,228,28,0,89,277,236,41,0,9,216,88,525420,30989944,901656332,0,0,0.56656402,2.954050568,0.587649879820113,0.0612708066759811,0.000582727566316254,105158.68150432,23137,0.557962049333333,0.00108642799581857,0.0423659600703272,0.00156633016441323,0.00570569494333295,0.321609379313688,0.00365779504618781,0.000146549412416733,0.00373034914472612,0.000746069892592593,0,0.000711811367393704,0.269839366637985,0.098928476310091,2200390,5233278,1014863,62455832,2003045,427094,458540,0,0,0,4857189,16194399
"357","VT-500","Vermont Balance of State CoC","Largely Rural CoC","Sheltered and Unsheltered Count","50","Vermont","VT",2647,589,182,417,573,377,338,171,1256,1370,7,6,8,0,0,0,2565,82,28,4,134,1,2366,4,98,81,680,1037,1610,94,39,2567,2498,69,0,80,2770,2656,114,0,167,826,64,460926,813683331,22482136526,0.153846153846154,0,12.902608934,2.083778771,0.0609403679972902,0.106174570206252,2.05018770999345e-05,60894.4375821715,2713.23076923077,0.480731597,0.00189535721469662,0.263838592932554,0.0231388049436981,0.0225810482467771,0.578734981410758,0.002192245839113,0.000297227836539922,0.00967400406929095,0.00526765699144982,0.00091337872710153,0.000839614137349596,0.18783492365524,0.208749343643915,3404036,0,1666107,93075216,0,182407,0,1497540,3558343,2323896,35900991,48533320
"358","VT-501","Burlington/Chittenden County CoC","Other Largely Urban CoC","Sheltered and Unsheltered Count","50","Vermont","VT",811,148,61,151,193,123,107,28,366,433,1,5,5,0,1,0,765,46,13,11,146,0,609,5,26,27,226,268,543,37,13,724,719,5,0,87,808,798,10,0,128,139,56,163414,217071279,1390433438,0,0,0.874283898,0.739346376,0.120246735,0.112449721,0.000117527380695803,76316,13667,0.541355904,0.001654683,0.056514334,0.00556344,0.010346296,0.431174808,0.004066749,0.000673137,0.017942159,0.004412107,0,0.001272841,0.177793824,0.150868347,2122909,1467476,1356477,54469945,874846,711152,0,0,0,0,27932679,34465539
"359","WA-500","Seattle/King County CoC","Major City CoC","Sheltered and Unsheltered Count","53","Washington","WA",16868,2109,883,3623,4259,3119,2298,577,5510,11169,29,82,41,3,20,14,13305,3563,776,335,4008,57,6469,584,2270,1017,8397,3701,13167,828,83,7058,5601,1399,58,9810,6991,5173,1742,76,1505,7768,1990,2225064,496550780,5479725584,0,0,0.760629638,0.967056517,0.417814049,0.08424871,0.000406053910162374,99158,68219,0.450839678,0.002332064,0.05489928,0.006837865,0.016710348,0.428007464,0.006548929,0.00028179,0.00946175,0.00186107,0.003410239,0.002022414,0.201900709,0.131781378,1.14e+08,36700711,12824046,9.37e+08,15605740,1452145,2203737,5607136,1.2e+08,49028066,2.42e+08,599421581
"360","WA-501","Washington Balance of State CoC","Largely Rural CoC","Sheltered and Unsheltered Count","53","Washington","WA",7505,1218,490,1362,1631,1205,1025,574,3123,4287,31,30,34,0,0,0,5560,1945,527,46,300,0,5107,78,373,357,2553,1967,5538,475,49,4046,3134,912,0,3459,6419,4928,1491,0,2450,1871,3201,2588615,11299691028,150717923440,0.235294117647059,0,32.891535622,15.59714377,0.293021557907286,0.125947238417901,1.71752299986439e-05,64383.1431518399,4279.44117647059,0.451485858411765,0.00267327145320911,0.120026675323555,0.0139946870224139,0.0214930132135899,0.435033019589075,0.00401955835970625,0.000216331917454855,0.00528506557524545,0.00212237059380402,0.00093486293695818,0.00128794750009754,0.22539659246216,0.184547335194445,7161280,15880619,4124340,269451431,11373206,1283904,0,2975001,14031170,14180464,59813627,130823611
"361","WA-502","Spokane City & County CoC","Other Largely Urban CoC","Sheltered and Unsheltered Count","53","Washington","WA",1993,224,151,404,470,367,271,106,688,1268,6,6,24,0,0,1,1813,180,138,14,142,0,1433,40,159,121,531,348,1645,135,25,1550,1280,270,0,443,1643,1381,262,0,923,1131,822,513402,43407953,4569318506,0,0,0.900822642,0.853739485,0.161405682,0.129125664,0.000112358549601182,60101,18033,0.50132833,0.000808709,0.061200924,0.009056027,0.018421196,0.428443987,0.00492493,0.000471366,0.008698836,0.004135161,0,0.000849237,0.220702296,0.161871204,6333005,9623970,2274195,85581930,4781938,2489613,704317,0,0,0,22944393,49151431
"362","WA-503","Tacoma, Lakewood/Pierce County CoC","Largely Suburban CoC","Sheltered and Unsheltered Count","53","Washington","WA",2661,294,174,566,647,439,385,156,1025,1627,6,3,0,0,0,0,2429,232,132,59,617,5,1414,85,231,203,651,483,2178,151,13,1445,1311,134,0,1216,2007,1831,176,0,809,1432,878,891862,356079568,4320041415,0,0,0.791376386,0.932183297,0.342961131,0.095252691,0.000206447557864442,76438,19210,0.505071609,0.001262844,0.057911574,0.007707502,0.015563006,0.393946597,0.004212666,0.000391316,0.007762412,0.001771575,0.000144641,0.001011367,0.233865777,0.137568368,8187859,12148403,2768877,1.97e+08,6164761,0,967528,0,620734,822177,27186131,58866470
"363","WA-504","Everett/Snohomish County CoC","Largely Suburban CoC","Sheltered and Unsheltered Count","53","Washington","WA",1161,174,55,228,247,223,166,68,446,702,4,4,3,2,0,0,1048,113,69,22,119,2,755,63,64,43,649,263,898,62,4,536,514,22,0,625,546,525,21,0,676,1483,766,811572,282924414,5404046467,0,0,0.890940356,0.882039768,0.319206429,0.072078083,0.000150178575435258,89273,21333,0.500995798,0.001338621,0.048632558,0.008478462,0.011831004,0.387014338,0.004872716,0.000655518,0.008563627,0.00116071,0,0.000862524,0.226125347,0.134812438,16098480,8792249,2682634,2.43e+08,4460908,569233,544661,0,0,1746600,18682954,53577719
"364","WA-508","Vancouver/Clark County CoC","Largely Suburban CoC","Sheltered and Unsheltered Count","53","Washington","WA",1366,267,87,290,257,193,187,85,577,766,3,9,6,4,0,1,1202,164,36,11,104,4,886,187,52,39,343,472,894,72,10,697,483,214,0,669,685,448,237,0,72,638,304,481950,70187041,1627806032,0,0,0.7922625,0.86518872,0.225280631,0.090532737,0.000296073359187552,77184,22013,0.490176835,0.001613644,0.042073455,0.004143476,0.017330678,0.386589895,0.006333449,0.000558149,0.005033717,0.001776118,0.000392157,0.001149497,0.23936093,0.15448283,3217444,5775381,4699063,60274448,2787708,433433,0,0,1228607,1297636,9847015,29286287
"365","WI-500","Wisconsin Balance of State CoC","Largely Rural CoC","Sheltered and Unsheltered Count","55","Wisconsin","WI",3201,869,190,498,632,454,413,145,1475,1710,11,4,0,1,0,0,2807,394,242,27,654,10,1938,18,216,175,513,1375,1826,124,38,2860,2281,579,0,341,3173,2463,710,0,1128,928,937,4119477,25591415508,135706715268,0.101449275362319,0.0144927536231884,66.592246299,22.670591241,0.116937659781929,0.0921963457412861,3.03557343633634e-05,65793.9442475343,4401.42028985507,0.392419012144928,0.000617572684267986,0.142555766192486,0.0161664838756124,0.0212224788762612,0.4784478708741,0.00280654307127944,0.000218959894407227,0.0033533383394897,0.00460932296668728,0.001719393064163,0.000845010201857178,0.21624686824866,0.181319133431771,7429618,20312429,5705515,160109748,8268106,2696932,0,0,27383314,37629209,171581203,281006326
"366","WI-501","Milwaukee City & County CoC","Major City CoC","Sheltered and Unsheltered Count","55","Wisconsin","WI",885,174,59,140,132,131,163,86,321,555,2,0,7,0,0,0,794,91,7,4,560,0,270,3,28,94,40,245,640,60,7,824,641,142,41,61,825,614,164,47,33,2024,683,949180,2455452227,625371984,0,0,0.07098911,0.997230409,0.497079584,0.183408627,0.00151778465342957,52260,45126,0.48676656,0.001834752,0.08491808,0.014469009,0.036664997,0.441760256,0.001057254,0.00069323,0.007785668,0.009806359,0.002501106,0.000668999,0.23985124,0.136022672,26491547,39977522,5642533,1.22e+08,14607769,1414931,2962535,5793224,15185094,16903362,1.3e+08,258978517
"367","WI-502","Racine City & County CoC","Largely Suburban CoC","Sheltered and Unsheltered Count","55","Wisconsin","WI",227,54,11,30,30,26,49,27,90,136,1,0,0,0,0,0,194,33,0,0,96,0,102,1,21,36,18,76,151,9,3,208,151,57,0,19,251,176,75,0,184,132,46,195859,1190103013,861537604,0,0,0.7818894,0.856529457,0.291097167,0.123426764,0.000227336565566789,62556,12975,0.46394488,0.000489388,0.064222616,0.009219422,0.021343264,0.423656814,0.001257323,0,0.006902925,0.006913136,0,0.000648426,0.231584967,0.164965613,1858098,3673003,0,19149708,1364974,293629,323898,0,0,0,11638885,19152487
"368","WI-503","Madison/Dane County CoC","Other Largely Urban CoC","Sheltered and Unsheltered Count","55","Wisconsin","WI",736,125,32,119,140,127,123,70,232,483,6,4,11,0,0,0,650,86,11,10,297,0,362,1,33,46,208,217,519,23,3,647,620,27,0,89,538,506,32,0,877,909,395,542459,106222414,3098893820,0,0,0.862544158,0.864230709,0.212640955,0.110006998,0.000175049237408205,75179,25734,0.455450168,0.000759047,0.040651646,0.004110888,0.010846648,0.4354283,0.005894044,0.000114294,0.005032638,0.004098006,0.001577999,0.00063968,0.203659631,0.137225117,8302897,6067527,839490,91040755,4217444,1109233,334402,2049567,4650822,5203061,78704522,111478965
"369","WV-500","Wheeling, Weirton Area CoC","Largely Rural CoC","Sheltered and Unsheltered Count","54","West Virginia","WV",129,6,15,21,45,28,12,2,53,75,0,1,0,0,0,0,125,4,1,0,12,0,110,0,3,9,56,9,120,14,0,87,68,19,0,42,89,64,25,0,0,30,12,139346,56745615,2437526325,0.4,0,4.490089516,2.81131581,0.0588606776881862,0.148713449143578,5.71669723402885e-05,47732.7062491927,5600,0.421513503,0.000981536602766747,0.169266848941036,0.105592675480595,0.110112116197501,0.501851506501895,0.000577355570055832,0.000258349820590473,0.00473641158542764,0.00941541218722461,0.00835330754596472,0.00144962897595912,0.190805620631077,0.22632153036639,823056,3086515,329913,8954457,731641,373680,0,0,7122833,5858675,7605101,25931414
"370","WV-501","Huntington/Cabell, Wayne Counties CoC","Other Largely Urban CoC","Sheltered and Unsheltered Count","54","West Virginia","WV",278,24,15,46,81,80,25,7,101,172,3,2,0,0,0,0,275,3,1,0,25,0,232,0,20,21,32,41,237,15,0,208,201,0,7,70,220,212,0,8,98,367,148,133280,33929110,2038395725,0.5,0,1.832040386,1.181514662,0.0805372147235294,0.214983914363746,6.53847525116842e-05,42142.862665066,7407.5,0.54185269,5.80903598069697e-05,0.170333850325149,0.0650805258220888,0.0575826258798319,0.49308223272449,0.00122189324069628,0.000435174066626651,0.0144807925991597,0.0081857740907563,0.00597989216590636,0.00131302530168067,0.200097538946579,0.193689975634334,5629936,3318318,444928,19205347,1494018,1048910,292625,0,6387639,4309189,8453459,31379022
"371","WV-503","Charleston/Kanawha, Putnam, Boone, Clay Counties CoC","Largely Suburban CoC","Sheltered and Unsheltered Count","54","West Virginia","WV",335,27,16,50,96,89,47,10,125,208,1,1,0,0,0,0,327,8,2,2,53,0,262,0,16,34,81,28,307,23,0,193,178,15,0,142,213,198,15,0,0,131,57,268114,45447687,5415317922,0.75,0.25,3.833764652,1.366834906,0.0985103352736709,0.163032053310446,4.95102972460349e-05,50142.6690847923,4487.25,0.5567288905,0.00119238209918878,0.155010722096002,0.0530990134140664,0.0421662278396689,0.493954064182594,0.00123598522975675,0.000313299901318096,0.0116107327273809,0.00552376979167071,0.00567668990398487,0.00098838539880051,0.206856038984175,0.20016485502688,2865041,2986066,711326,51693569,1646834,624788,0,1505483,13179050,8909735,25464391,57892714
"372","WV-508","West Virginia Balance of State CoC","Largely Rural CoC","Sheltered and Unsheltered Count","54","West Virginia","WV",1037,64,65,226,316,214,121,31,396,622,6,3,7,2,1,0,1015,22,5,6,104,1,874,2,31,68,217,109,928,56,2,503,444,59,0,534,771,654,117,0,139,506,272,1266686,352923451,52375216951,0.704545454545455,0.25,43.146404243,7.582228853,0.084785811171535,0.170654454153433,2.41848353809218e-05,49551.1533671328,2956.97727272727,0.42425912525,0.00120508502087919,0.185154988618621,0.0634152051731431,0.0520058237263102,0.4938319363299,NA,0.000136576868534112,0.00631727200606307,0.00576938567989857,0.00225233407395677,0.00122524435200436,0.202496119863432,0.196755154675685,1999182,4165369,4915321,108705122,1826985,1838522,0,0,20494980,17583637,67085885,119909881
"373","WY-500","Wyoming Statewide CoC","Largely Rural CoC","Sheltered and Unsheltered Count","56","Wyoming","WY",501,86,66,55,101,90,76,27,212,283,3,1,1,0,0,1,437,64,56,2,23,1,371,2,10,37,126,102,399,80,5,412,259,153,0,89,704,480,224,0,0,254,73,581348,1867504105,251458711911,0.0434782608695652,0,22.955555314,9.487033354,0.16432842283385,0.108074651709793,2.31190240171818e-06,65916.4380336735,2464.39130434783,0.352275003652174,0.00110190905030273,0.162530745671146,0.0333477142155697,0.030487923618239,0.479050413853862,0.00346944626135637,0.000228778582446314,0.00424186550257849,0.00375162565201738,0.00114561345605042,0.00132450787071599,0.231874883887861,0.164386907940117,117229,917617,1076290,33954395,0,200172,0,0,5065468,4180849,24497832,36055457
"374",NA,NA,NA,NA,"12","Florida","FL",NA,NA,NA,NA,NA,NA,NA,NA,NA,NA,NA,NA,NA,NA,NA,NA,NA,NA,NA,NA,NA,NA,NA,NA,NA,NA,NA,NA,NA,NA,NA,NA,NA,NA,NA,NA,NA,NA,NA,NA,NA,NA,NA,60701,902081654,3972574504,0.666666666666667,0,2.985554905,0.385045472,0.221775588605394,0.138153740998369,1.52800155010007e-05,54808.4871583664,1680.33333333333,0.357740885,0.00545911542821646,0.212902959835751,0.021588301646019,0.0146193371681686,0.399120278024283,0.00216364322266519,0,0.00156504819544983,0.0024876033216092,0.0037561161746594,0.000724864507454572,0.206701701827301,0.169157015647452,0,0,0,1558386,0,0,0,0,1542256,1153563,0,2695819
"375",NA,NA,NA,NA,"25","Massachusetts","MA",NA,NA,NA,NA,NA,NA,NA,NA,NA,NA,NA,NA,NA,NA,NA,NA,NA,NA,NA,NA,NA,NA,NA,NA,NA,NA,NA,NA,NA,NA,NA,NA,NA,NA,NA,NA,NA,NA,NA,NA,NA,NA,NA,563301,357457333,1432549560,0,0,0.49357075,0.895561119,0.198598973,0.106559559,0.00039321571534321,71450,17604,0.470189667,0.00083044,0.066420101,0.009608419,0.020703855,0.419035294,0.001385192,0.000177525,0.010631971,0.006335867,0.00760517,0.001288831,0.206910693,0.169532808,10112623,12921626,1465322,1.3e+08,6091301,181256,949409,0,44277782,27544597,36259493,139803409
"376",NA,NA,NA,NA,"35","New Mexico","NM",NA,NA,NA,NA,NA,NA,NA,NA,NA,NA,NA,NA,NA,NA,NA,NA,NA,NA,NA,NA,NA,NA,NA,NA,NA,NA,NA,NA,NA,NA,NA,NA,NA,NA,NA,NA,NA,NA,NA,NA,NA,NA,NA,1995,29090018,6016818946,1,0,1,0,0.693734336,0.139311044,3.31570555455434e-07,31532,504,0.674074074,0,0.461613217,0.034985423,0.031098154,0.515789474,NA,0,0,0,0.023558897,0.003508772,0.426566416,0.145363409,0,0,0,0,0,0,0,0,273471,303199,0,576670
"377",NA,NA,NA,NA,"40","Oklahoma","OK",NA,NA,NA,NA,NA,NA,NA,NA,NA,NA,NA,NA,NA,NA,NA,NA,NA,NA,NA,NA,NA,NA,NA,NA,NA,NA,NA,NA,NA,NA,NA,NA,NA,NA,NA,NA,NA,NA,NA,NA,NA,NA,NA,47401,13203700,1926268077,0,0,0.978350855,0.38042579,0.227822198,0.13138161,2.46076860048592e-05,70456,2763,0.481953291,0.00248915,0.106472769,0.01140576,0.021271742,0.369928904,0.000544481,0,0.00223624,0.001476762,0.004620156,0.000611801,0.229615409,0.158119027,0,0,0,0,0,0,0,0,1418506,1088622,614429,3121557
"378",NA,NA,NA,NA,"72","Puerto Rico","PR",NA,NA,NA,NA,NA,NA,NA,NA,NA,NA,NA,NA,NA,NA,NA,NA,NA,NA,NA,NA,NA,NA,NA,NA,NA,NA,NA,NA,NA,NA,NA,NA,NA,NA,NA,NA,NA,NA,NA,NA,NA,NA,NA,643519,NA,NA,1,1,NA,NA,0.989370943058009,0.4429318576016,NA,20606.3636893394,NA,0.5511260680625,0.0015504577700796,0.238013155047968,0.0596779935492083,0.127890886088861,0.479597339045916,NA,0,0.0102980641615632,0.0062313623298302,0.0151106649629195,NA,0.186407860380278,0.211205884959917,906700,15013545,0,51962541,3660674,264567,377753,0,0,0,61844919,82068158
