total_population,total_homeless,homeless_rate,fnd_per_person,pop_AIAN,pop_asian,pop_black,pop_multi,pop_NHPI,pop_white,pop_under_18,pop_18_to_24,pop_25_to_34,pop_35_to_44,pop_45_to_54,pop_55_to_64,pop_over_64,pop_female,pop_male,pop_hisp_latx,pop_non_hisp_latx,disadvantaged_county,persistent_poverty_county,percent_rural,percent_urban,percent_poc,poverty_rate,pop_density,med_hh_income,employment_access_index,housing_cost_burden,overcrowded_housing,vacancy_rate,housing_units,airports_primary,highway_miles,funding_tot,fnd_per_impov,fnd_per_hmls
292090,1709,0.005850936355232976,187.96168989010238,0.0751153258401291,0.10129750496293863,0.05455662034590611,0.13499550122109713,0.03213413502049444,0.6019009126094346,0.2375003891804379,0.09658593622975829,0.16677679031649884,0.14224977427534602,0.11607955194088608,0.1164912183596304,0.12431633969744248,0.48932607785684384,0.5106739221431561,0.09324071415475198,0.906759285845248,0,0,0.935919918,0.957307715,0.432616659,0.08848853,6.60715423610737e-5,84813,22028,0.456706282,0.004907918,0.09571995,0.404988189,3.4236e-6,0.11013662376000001,54901730,2124.1362003652043,32125.06143943827
444900,977,0.0021959991009215555,26.495118004045853,0.18318176314845655,0.04278231231910378,0.017119321257975426,0.11877756989704193,0.005434596380133912,0.6327044369972884,0.24680491434068627,0.089210657627972,0.14840571631505364,0.13575349178021226,0.11398690048594971,0.12675375700716113,0.13908456244296497,0.4657272837613677,0.5342727162386324,0.057360946905161136,0.9426390530948389,0.4827586206896552,0.10344827586206896,0.9996222144164154,0.08120767315852569,0.3835648461494583,0.1128755202195055,3.017247245184244e-7,73053.06485052822,1886.1597280287706,0.4318245931732209,0.010475895333907507,0.2592701808336098,0.4497122949838435,1.258709923558103e-4,0.0071359153379013905,11787678,234.72864579070486,416.04058871280836
1278404,911,7.126072822049994e-4,229.13630824058748,0.00322494037875728,0.015067305670966325,0.28845894932765187,0.04241158773987266,7.834022648592514e-4,0.6500538146178926,0.2271114238267358,0.08826976979927587,0.1322733498657475,0.1282989860816877,0.12508488876604848,0.12805551706158924,0.1709060645989154,0.5183593250548763,0.48164067494512375,0.05909865931257517,0.9409013406874248,0.5714285714285714,0,0.8654224905494651,0.5124034519150751,0.36406331625002264,0.14137295292780452,9.871599808083481e-5,57401.72127121004,13174.833730964547,0.45577834909945136,3.9630405828374387e-4,0.14673878591005401,0.45641205772304916,7.822265098513459e-7,0.2750560886824602,292928773,1620.7931113782522,45935.20040771522
632266,675,0.0010675886414894997,145.71269528964075,0.004041633336549625,0.01692443686368008,0.2615218453627821,0.04690909204092368,4.10855294897613e-4,0.6701921371011669,0.22630901215267943,0.08125314841212848,0.12759471265810962,0.123051812337029,0.12068313461653297,0.13517540004930279,0.1859327797742177,0.5175568474997205,0.4824431525002794,0.041602677662312605,0.9583973223376874,0.5,0,0.8730728129968286,0.6903744562770295,0.3437493081523757,0.14865775756129065,8.659055975317264e-5,53813.21170045519,8585.039451749739,0.5095031533130043,0.0013465825677261378,0.19751019672055703,0.4761730035647939,1.5816107483717296e-6,0.22831089688708608,92129183,980.1889768824498,68243.83925925926
265913,210,7.89731980008499e-4,203.58997491660807,0.008818046943356032,0.004344352721877734,0.09211397268611861,0.048613383041046905,1.9781641115380227e-4,0.845912428196447,0.21094165632204293,0.09354495477921618,0.11805801856121062,0.11398667021339481,0.1257278181710705,0.13890243541999173,0.19883844653307323,0.5132041733167819,0.4867958266832181,0.05191523319737542,0.9480847668026245,0.6666666666666666,0,0.9843749141251034,0.22071521001194638,0.17375231738895802,0.15665438554266997,2.60519704610312e-5,45809.88463520024,3671.394625309782,0.40933789811908783,4.872761316258768e-4,0.1894077063700696,0.4883852992875001,3.760619345425007e-6,0.17146790649370586,54137221,1299.6123550026862,42966.048412698416
583959,621,0.0010634308230543584,107.53318811765895,0.006878513339874969,0.021056773449885467,0.20629172537539572,0.06415156566588352,6.6940196281717e-4,0.7009520202061431,0.22148160406330455,0.08913460651057993,0.13539734013945331,0.13020523379595006,0.1255382255503187,0.13902210822112676,0.15922088171926665,0.5060577226018134,0.49394227739818664,0.07376673551286173,0.9262332644871383,0,0,0.8440848058301662,0.6671366188926876,0.31482004724414214,0.12345009020831942,1.1594121690263596e-4,63598.629438025615,10116.588066970455,0.42632743795878303,0.001394312151603145,0.08663003830373323,0.4326091383256153,1.7124477764021105e-6,0.20004469609720849,62794973,871.0660959113028,33706.37305421363
383725,340,8.860512085477881e-4,272.26791582513516,0.0015878788499659375,0.022225181709684523,0.4581568312084782,0.042711379969164416,4.609970854739818e-5,0.47527262855415947,0.23321342925659472,0.08971303969482641,0.13762913719657185,0.127002195711785,0.1230989891630999,0.12870210160985135,0.16064110736727075,0.5214764896943205,0.4785235103056795,0.041751408999382775,0.9582485910006172,0.4,0.4,0.9551887451251586,0.3652158216230238,0.5295328683675915,0.16889760797635286,4.439527322567429e-5,54082.65418463744,9233.317292331749,0.502759032508695,8.777698625533996e-4,0.14125620142560394,0.45067170539805584,2.606035109700958e-6,0.21193385411800497,104476006,1612.0294365758873,61456.474117647056
208854,86,4.117709021613184e-4,195.26501766784452,0.0022017839651181943,0.01669108277494127,0.32409133069234836,0.03936338970709338,1.9503991816991877e-4,0.6174573729423288,0.2068869746534721,0.18091233827274436,0.1378847698644653,0.12061819549129194,0.1086713155241074,0.1075731938676101,0.13745321232630878,0.5169290194670906,0.4830709805329095,0.05380796116836726,0.9461920388316327,0,0,0.933255464,0.6890977639999999,0.389516121,0.172146282,6.105092619568428e-5,54283,10544,0.507376396,6.82612e-4,0.185414145,0.439153667,0,0.195247370754,40781880,1134.2970373757157,474207.9069767442
1540065,1291,8.3827630651953e-4,153.37612503368365,0.005292794477129262,0.010007471950920532,0.24702308761301406,0.04305703589202673,5.072342661458194e-4,0.6941123758007636,0.22129115819697717,0.09603925065765662,0.12225359341277345,0.1183756376284912,0.12244956582853882,0.13447282462639168,0.18511796964917107,0.5117637708922873,0.4882362291077127,0.04964421750512433,0.9503557824948756,0.8604651162790697,0.4186046511627907,0.9857375602387378,0.20042720638790107,0.3270550268845049,0.1908892024084282,1.8416350689050347e-5,45035.54573280998,3257.7794716456774,0.4648789201449283,0.0025377081227161273,0.20156111239069982,0.4796576769165529,6.493246464921936e-7,0.17896482030210847,236209202,803.4824552596681,4255.024985138616
595369,1016,0.0017065047054851696,113.8812182024929,0.0030039759003446685,0.018295247917062447,0.27574666865687847,0.06343630417673081,4.91898933427416e-4,0.6390259044155562,0.23562745440121663,0.08325131422589872,0.13838955071085055,0.13328406700659334,0.12026360227919852,0.1240309949932684,0.16515301638297383,0.516901422359451,0.4830985776405489,0.07496601281802291,0.925033987181977,0.25,0,0.90453370807919,0.5172712783052055,0.3733634100221308,0.13734421689898868,7.924344541755492e-5,56405.076760798765,13786.563917503263,0.4347597064384625,0.0013329315261101822,0.11592957885858497,0.4516459538672404,1.6796277494461417e-6,0.24733345421185368,67801347,829.1664605452453,16683.402312992126
554163,412,7.43463565773969e-4,34.16527267248084,0.011424392880420095,0.03428377640831077,0.023776090377757405,0.21223971442550388,0.01654488066031154,0.7017311452476963,0.24657157047242897,0.10937695325037756,0.1447407097077177,0.13939915062115474,0.11640105277027918,0.1073700676732628,0.13614049550477902,0.4976417405171278,0.5023582594828722,0.1774792976576199,0.8225207023423801,0.5,0,0.9331723694165284,0.45259636605024056,0.29152794389927156,0.12322199969358294,6.57672392262929e-5,61311.78103915274,9771.238677067939,0.3638269103340443,0.004074746231972631,0.08673974087829973,0.40679908236041923,1.8045215156912317e-6,0.20570612141153682,18933130,277.26601384038463,11488.549757281553
1306808,820,6.274831497817583e-4,104.59620847132861,0.0043162771872102225,0.007083121537986006,0.13084485987514416,0.05624678354344222,0.0013881653371320788,0.8001207925190853,0.22720132471423868,0.09307787334507353,0.12060728438219429,0.12028182646057939,0.117295498785524,0.13253558778009866,0.18900060453229145,0.5067920980981198,0.49320790190188024,0.057885899554872514,0.9421141004451274,0.9130434782608695,0.2608695652173913,0.9872833903586079,0.2655083825810183,0.2214954300033647,0.17727919559941552,1.6610891131464984e-5,44984.89845945234,3634.57516253344,0.45589192943328244,0.002304548287497649,0.1785083598610777,0.47406045872766156,3.0608921913548127e-6,0.16126637694751353,136687162,590.0083657175251,3623.7317603393426
295073,102,3.4567717141182014e-4,128.42498297031582,0.0036459395539717126,0.004483181806797405,0.3647334957726422,0.039135708382083016,0.0014920086300355291,0.5865096658544702,0.22078625052183204,0.09339555222212002,0.12085629983938187,0.11850009552179666,0.12035038810152197,0.1355065131713944,0.19060490062195304,0.503778417734506,0.496221582265494,0.04253904011207891,0.9574609598879211,0.9333333333333333,0.3333333333333333,0.9892383767368433,0.3321351971962509,0.4255963778653519,0.19594696672849768,1.0109837532298024e-5,42781.44418838728,2553.744375120733,0.4357012817090551,0.005839289317813742,0.22652924939798041,0.5024485467238073,3.3889859505952767e-6,0.1452258681249055,37894745,655.4068435683431,24767.807189542484
260460,433,0.0016624433694233279,82.27530906857099,0.009039787533821274,0.028677946659019213,0.03592640158269016,0.09923400788851344,8.728070722310195e-4,0.8262490492637249,0.23531358145799516,0.08121469751291424,0.1252379450886966,0.12166828216297439,0.12164881835203806,0.13448714804563874,0.18042952737974285,0.5063860763682085,0.4936139236317914,0.11024691790553823,0.8897530820944618,0.8333333333333334,0,0.9795106070133552,0.23234932705570618,0.22228749150234584,0.17787423692363896,2.3976855118004193e-5,46255.99947784688,6371.187714044383,0.4393944507882861,0.0027432784392198884,0.12180925197727675,0.45183137525563616,3.8393593346387155e-6,0.165309758752435,21429427,462.5476431637012,8248.432255581216
1722809,3160,0.0018342137752937208,22.678938872504148,0.11005080882457947,0.013524597543567496,0.02494804560189799,0.16588711785498964,0.002194285543979778,0.6833951446309856,0.20884453561235078,0.08631297715672377,0.12074965198949625,0.11245822570544901,0.10452190626917099,0.1297292788202806,0.2373834244465286,0.49246773770290475,0.5075322622970952,0.2829859793620937,0.7170140206379063,0.6923076923076923,0.15384615384615385,0.9942119098090171,0.5503905894549858,0.4513727288308739,0.16678435254697416,6.982450147541946e-6,52317.44815124602,3837.408291342801,0.44450028002395797,0.006130891209958775,0.21661065785582978,0.47102087345747784,1.7413424060299198e-6,0.05495914417641201,39071480,135.97761736141715,951.1071080817916
1038476,2142,0.0020626379425234672,82.79102646570551,0.034451990493669496,0.032833419318825746,0.039950480813958404,0.18902818068794033,0.0017168906518264164,0.7020190380337796,0.19866145624493428,0.11520867243775162,0.12945320097109664,0.1161191945879173,0.10763209952502364,0.1214156524091216,0.21150972382415492,0.5056912396530492,0.49430876034695087,0.3614925324802109,0.638507467519789,0,0,0.957756481,0.911580331,0.488535123,0.159437086,4.3636050905085276e-5,55023,16398,0.510438505,0.002961488,0.112888463,0.446072899,9.6295e-7,0.0764848997236,85976494,519.2708205022357,40138.41923436041
4412779,9435,0.0021381084346168253,75.77494567482306,0.021128577613581532,0.047857088365190766,0.0629168243867382,0.17852219491917037,0.0022536760722089862,0.6873216386431101,0.22833547826385073,0.09189741644399238,0.1456604838794057,0.13286592325400765,0.12377417833132642,0.1176087553236463,0.15985776450377082,0.5027650347162625,0.49723496528373745,0.30893232772044976,0.6910676722795502,0,0,0.866974996,0.976953414,0.454448546,0.127186641,1.8515329391638824e-4,67799,37785,0.474288515,0.0029478,0.095757356,0.400174131,2.26615e-7,0.1879733534525,334378089,595.777552414668,35440.17901430843
1924379,10394,0.005401222939971804,147.94508150421512,0.008564033760350385,0.44156143970224726,0.02662492833444552,0.1476098950158369,0.004409193868248165,0.37123050931887175,0.2095064511739366,0.08740517113198834,0.15933246361445427,0.14462377653093553,0.13400536017237458,0.12120756771013667,0.14391920966617402,0.490358047115085,0.509641952884915,0.2509497992168327,0.7490502007831673,0,0,0.756275338,0.986811165,0.693592582,0.07170164100000001,5.754906509900018e-4,130890,60144,0.452764679,0.007237365999999999,0.050205114,0.347590573,5.19648e-7,0.455179138007,284702408,2063.3430342858555,27391.03405811045
874784,8323,0.009514348684932509,768.9651902641109,0.0071600128061054535,0.3790983101903158,0.05514791181415075,0.11558935952622594,0.004071252755969809,0.4389331529072322,0.13718177589705388,0.06260156088391898,0.21257507583810523,0.16335713201031662,0.1323857705354762,0.12018830090360041,0.17171038393152868,0.48603825564585845,0.5139617443541415,0.15934790588781103,0.840652094112189,0,0,0.004485862,1,0.601674242,0.101188008,0.007226885085832148,119136,237819,0.367147478,0.009598471,0.091497267,0.4556702,0,2.95467918624,672678445,7599.370769944507,80821.63222395771
1661584,9450,0.005687344124642509,281.9559619014145,0.0102615856387844,0.3701440959045403,0.11388872671265059,0.12989343631061107,0.008555259931441154,0.36725689550197255,0.20039056895824267,0.07930753310180884,0.1579080225842323,0.15736563295840247,0.1335888698743121,0.12201526802582889,0.14942410449717272,0.503907202946338,0.49609279705366205,0.23320635201207784,0.7667936479879222,0,0,0.624743382,0.995094371,0.693916769,0.09298946500000001,8.699344814651326e-4,104888,54445,0.483595357,0.006118561,0.053804516,0.364571999,6.01835e-7,0.562673821008,468493515,3032.128014731718,49576.03333333333
1537948,6615,0.0043011857357986094,144.51041972810523,0.009769938920279523,0.19504462164017533,0.10627730545140905,0.15023569379169527,0.012702469592156448,0.5259699706042844,0.23084352926396753,0.08288011656219796,0.1531412893683079,0.1415494616005712,0.12224763532900224,0.12005767505635881,0.14928029281959437,0.5076951630854387,0.49230483691456123,0.23972394758488857,0.7602760524151114,0,0,0.669979765,0.9760077729999999,0.563076905,0.138526181,6.151636959063393e-4,70684,35813,0.545999775,0.003528645,0.044329361,0.37251974699999996,6.50217e-7,0.67297528584,222249511,1043.1993337642452,33597.8096749811
496801,2522,0.005076479314655164,106.1334538376533,0.01483179364961386,0.0516427422274544,0.01809258242482803,0.1595197049945214,0.004298966377911034,0.7516142103256713,0.19343055172328588,0.07825311649321928,0.12365693247289156,0.1315063359429374,0.12403581238854959,0.13948752373147297,0.20962972724764334,0.5082447564255151,0.4917552435744849,0.2944267588058693,0.7055732411941307,0,0,0.915584243,0.863677554,0.37478588,0.087967235,1.2176221356886285e-4,86173,14586,0.546872965,0.004307836,0.08494028999999999,0.415655363,2.01288e-6,0.198580798919,52727206,1206.5111951927704,20906.901665344965
1147788,2843,0.002476938249920717,168.11650147936726,0.0099146468686232,0.21438815628060615,0.09808528930103784,0.1681710014780713,0.005578173215592954,0.5038627328560685,0.22221380368467908,0.07953623807318043,0.12291619671137484,0.14020481153860062,0.13668768048435673,0.1315682530061354,0.1668730165016729,0.5082301727656101,0.4917698272343899,0.2727597554108715,0.7272402445891285,0,0,0.575352948,0.9899985159999999,0.573845519,0.081718082,6.181695086177745e-4,103997,26193,0.524506486,0.003991976,0.040398297,0.361623401,8.71241e-7,0.464031176004,192962103,2057.274196417964,67872.7059444249
494524,3057,0.006181702000307366,62.30934595692019,0.015089185075748409,0.08752937280698961,0.03252819471066591,0.25574879165525716,0.007571656912878185,0.6015327988384607,0.2590627428320947,0.09791986291816931,0.13672916376098349,0.1334395983183566,0.11805375679929865,0.11107413975173842,0.14372073561935883,0.4920042240331547,0.5079957759668453,0.6107533523281994,0.3892466476718006,0,0,0.9791047500690417,0.832247740152984,0.7003199033150281,0.11700144848157219,4.0882588584002886e-5,78046.31178062137,11986.926412064935,0.5462703402508594,0.017454556455516298,0.09143832469868692,0.3258183625735333,2.022145233456819e-6,0.12650418417350803,30813467,532.5519193613569,5039.821229964017
259441,1090,0.00420134057454296,315.60174374906046,0.006537539577751855,0.06854161592595916,0.025936513226767165,0.11839355988258066,0.001781800002563741,0.7788089713843774,0.1971363978899774,0.06878828280486156,0.08481054238401639,0.11751975730875505,0.1492010125016907,0.14993140494270862,0.23261260216799026,0.508820744691129,0.49117925530887097,0.1898556605414179,0.8101443394585821,0,0,0.836484426,0.9398713789999998,0.293639016,0.069035077,1.9247933491838435e-4,121671,21252,0.505370157,0.002793136,0.066052939,0.432926947,0,0.30050013266,81880032,4571.614278768176,75119.29541284403
273170,1850,0.006772339568766702,222.07198447852986,0.011899987834166167,0.05680993813448203,0.011467424853446762,0.16468934318014897,0.002059180022799674,0.7530741259749564,0.187586694283534,0.1369515940470865,0.12021231406543093,0.12013337292920484,0.1218437642141034,0.1298882419057142,0.18338401855492611,0.5009717277959259,0.49902827220407414,0.3500325162299217,0.6499674837700783,0,0,0.833099563,0.867068349,0.43109053,0.119132842,2.3695846104732527e-4,89986,14985,0.55476343,0.01012724,0.09019174299999999,0.387374163,0,0.34144610979999995,60663404,1864.070232442955,32791.02918918919
87110,774,0.008885317414762943,119.50979221673745,0.03834199378367675,0.02416925680135367,0.010296535419841832,0.18263749714985178,9.720505466284247e-4,0.7435826662986476,0.2110264692588387,0.0702907098523851,0.10844568896140405,0.12164173345533519,0.11466337408636408,0.13328335666802632,0.24064866771764654,0.5040955142268132,0.4959044857731868,0.2694330220816016,0.7305669779183984,1,0,0.9921936360000001,0.515354636,0.358891057,0.162685852,9.590879936414714e-6,52915,3088,0.576468671,0.001697693,0.164163038,0.469222822,0,0.0939115488,10410498,734.6047043890298,13450.255813953489
546235,2052,0.0037566248958781478,87.46950305271541,0.013702275693363679,0.0703252906623973,0.03337002318486363,0.2865491597882066,0.007140682516398661,0.5889125681547701,0.26856496152105025,0.09298325033952015,0.1421765504753282,0.13270801267541874,0.1162154821186057,0.11171570846536895,0.135636034404708,0.5016478044363966,0.49835219556360344,0.4921448619284744,0.5078551380715256,1,0,0.931095825,0.918294814,0.59182037,0.134874681,1.4096347205021044e-4,62873,16696,0.520581042,0.006080331,0.040677352,0.333627468,0,0.195668478055,47778904,648.5242627021702,23284.066276803118
751615,4732,0.00629577642809151,130.19471404908097,0.014571962844155252,0.2138239810268027,0.08368882740167535,0.23668303510345562,0.007213767730361677,0.4440184258935494,0.2653362390401008,0.0935223566704258,0.138264906986904,0.13806552063966188,0.1201347191319455,0.11198781838316722,0.13268843914779482,0.4990208479380658,0.5009791520619342,0.4223218730632855,0.5776781269367145,1,0,0.88327343,0.9224865990000001,0.692852059,0.137065684,2.08441557412575e-4,68628,17094,0.541302613,0.004418154,0.057505955,0.326220206,1.3304700000000002e-6,0.35756129426,97856300,949.8709687909994,20679.69146238377
765623,2130,0.002782048083717443,183.6599579688698,0.012124597389902646,0.34822244416583437,0.025096155889415415,0.1414516124135963,0.012916915847279858,0.4601882742939714,0.19871695074486645,0.07231646758824319,0.1436921218628372,0.14594148436451482,0.13557106428667293,0.13077439269896657,0.17298751845389881,0.5017930479130318,0.4982069520869682,0.24879613474701381,0.7512038652529862,0,0,0.685512432,0.9829483469999999,0.614468217,0.061797546,6.589501963370315e-4,128091,48020,0.481168959,0.008133632,0.055263384,0.36409042,1.30613e-6,0.524212880624,140614288,2971.961992938519,66016.09765258216
615045,1672,0.0027185002723377964,65.89597996894535,0.022147221235367134,0.04855546344908047,0.03710136536884257,0.29057180576937414,0.002480295793365702,0.59914384838397,0.29349001915355294,0.10153610222015769,0.14694465832225057,0.13504050244669139,0.10999611838295652,0.0982939974928572,0.11469860198153368,0.48637456968138926,0.5136254303186107,0.6396873071122678,0.36031269288773216,1,0,0.9794672814475059,0.8199004335423123,0.7130811566788202,0.2034951671143331,3.820999511308113e-5,54750.31584680796,9206.794234568202,0.5017693887758456,0.006195219944069919,0.06976459921616858,0.31923842928401985,0,0.13086439295202373,40528993,323.8208597451453,12119.914174641148
1146129,4305,0.003756121693107844,105.31978599267622,0.018631867406881556,0.12573947881805522,0.05286735126729631,0.26265851427050996,0.0021024371040891747,0.5380003511331678,0.27949292108405027,0.09581004012154316,0.14827634502819098,0.1325189462842737,0.11015575493918571,0.10431772026283112,0.12942827227992504,0.5001682406131132,0.4998317593868868,0.5495609517807031,0.4504390482192969,1,0,0.9720816145067823,0.8151741147587183,0.7065967265423343,0.20549340623529552,5.466417289980069e-5,57764.05617168748,19718.884761662954,0.5513512176990915,0.013253685767989286,0.07623288013962476,0.33489860200678456,8.724996205139212e-7,0.12791575894764298,120710061,512.5214863200146,14019.751567944251
391799,702,0.0017917350478178862,36.48590986704917,0.00513289216886786,0.09373019620120533,0.01720894885538777,0.12711040641497906,0.0018935903229960133,0.754923966036564,0.21969522470207425,0.07206953823026659,0.1075563422115,0.13723617054808637,0.1300301865748542,0.13159649399299284,0.20181604374022574,0.508097033471941,0.491902966528059,0.15375028792415774,0.8462497120758422,0,0,0.903547375,0.854187513,0.284668925,0.071406144,1.0750899646592578e-4,93677,17901,0.518667323,6.79413e-4,0.122643498,0.423898479,0,0.151411898947,14295143,510.96317239941106,20363.451566951568
311670,2404,0.007713286488914557,58.75161228222158,0.025914284026852686,0.028115915399607578,0.019939364906455277,0.11308379323695592,0.0035468904827839643,0.8093997519473446,0.20638606030961562,0.06887264088018752,0.12694303809529858,0.12392882779298824,0.11048716499069375,0.14002579071407245,0.22335647721714383,0.4875906009998666,0.5124093990001334,0.1343086373482572,0.8656913626517427,0.42857142857142855,0,0.9957505776124179,0.26684189133370567,0.24228831763410336,0.15197495739855615,5.2192094362368294e-6,54918.734267013184,4596.609808451247,0.5179511464000673,0.0018881124465063882,0.18673002804273062,0.48207719710158503,3.2085209615619085e-6,0.07954356568301507,18311115,386.58745682780335,1088.1337651533158
138572,414,0.0029876165459111507,83.05665646739601,0.010972233004683902,0.094023065842024,0.022643169526175504,0.16410906675637674,0.0034158838599487617,0.704836581010791,0.1985963107224223,0.08238406702432571,0.12107003748070846,0.1294260307194826,0.12740501212611155,0.13521716763430588,0.2059013742926435,0.4995737488057617,0.5004262511942382,0.35864628500036744,0.6413537149996326,0,0,0.955691003,0.852744912,0.481735127,0.075131219,7.114990553737392e-5,92219,14952,0.525621891,0.005094464,0.123872856,0.399351961,0,0.14995430408000002,11509327,1105.4879392732337,27800.306763285025
444538,1725,0.003880433168817964,110.07685732153382,0.008761305624176652,0.1812642070955197,0.1469143263150176,0.1647428879185009,0.011059726060648969,0.48725754698613616,0.22053839192234664,0.08302574840736074,0.14143213316061257,0.13564717051443578,0.11954776143239934,0.13059198268060263,0.1692168118822423,0.5014817312299257,0.4985182687700744,0.28975387290827465,0.7102461270917254,0,0,0.873296784,0.955436822,0.628094786,0.090827962,2.0887125378295528e-4,84638,15040,0.533569229,0.003498886,0.049442017,0.357798433,0,0.323934396062,48933346,1211.9269759849265,28367.157101449277
223344,1381,0.006183286768393152,72.80473619170428,0.013215048598264566,0.05792442995411016,0.01896916488660405,0.12924787670042823,0.0032909865805422975,0.7773524932800507,0.20496968539647684,0.1445982718289015,0.1308540602472908,0.11802644770134148,0.10279276268678092,0.1170907528524371,0.18166801928677137,0.5024203943285435,0.49757960567145654,0.1949157397240655,0.8050842602759345,0,0,0.957224836,0.789833296,0.288433985,0.182210629,5.2694253918672235e-5,54972,9269,0.578233238,0.001490242,0.10736633699999999,0.4207321439999999,0,0.139674424032,16260501,399.5636071905787,11774.439536567705
273661,837,0.00305852861752314,64.90461921866836,0.024013942075107684,0.11885152739163125,0.04808617041738796,0.20439245309412649,0.005169991898208863,0.5994859151235378,0.2914666470586176,0.10808586924932685,0.14559676747304767,0.12829966701330897,0.11012370578122319,0.10064181346442715,0.1157855299600486,0.4926907495526914,0.5073092504473086,0.6266207278087655,0.3733792721912345,1,0,0.9690824399999999,0.832010441,0.731101618,0.187528761,5.452058237223702e-5,56330,7933,0.483279579,0.0062480009999999996,0.062117175,0.316782443,3.6541599999999994e-6,0.139312057948,17761863,346.1048794465632,21220.863799283154
218774,942,0.0043058133050545315,104.55901981039794,0.01048072404846058,0.16571495699429994,0.030012053854168795,0.1794338774592927,0.004775573579586083,0.6095828140641919,0.20496643432423248,0.19682526563260508,0.13444178123077205,0.12253997116382437,0.1063035512576797,0.10215261132692326,0.13277038506396305,0.5131599489397655,0.48684005106023454,0.33219917164871293,0.6678008283512871,0,0,0.955093964,0.919520524,0.541727993,0.18592197299999996,8.338606143358209e-5,73746,20512,0.522505883,0.003752647,0.050289569,0.359114886,0,0.25527425416,22874795,562.3811867056615,24283.22186836518
136101,1573,0.011557593257948142,88.52980507123387,0.03991028225015881,0.03333045776442817,0.013496874779430795,0.12857714236418818,0.002854655676765142,0.7818305871650288,0.1896719786143644,0.11991020396106869,0.1320356230338655,0.1299162592860624,0.11350042091893249,0.12236187212925903,0.19260364205644745,0.505183948958041,0.49481605104195897,0.13841586790530064,0.8615841320946994,0,0,0.988669759,0.684654448,0.266272841,0.197302058,1.4727726452815749e-5,49235,5118,0.619936403,0.002291205,0.140993286,0.462913572,7.34748e-6,0.08270041164,12048995,448.70188364296666,7659.882390336936
62092,248,0.0039940733105714105,61.7589061392772,0.020190243541342807,0.02424309719446295,0.011399807535716929,0.18111999407802207,0.0022207417277370642,0.7608261159227182,0.24697307391121018,0.07698331425817721,0.11681525209324739,0.11889344015420758,0.10820131317390519,0.13878682007108006,0.1933467863381724,0.49176254442503464,0.5082374555749654,0.4097192940184326,0.5902807059815673,1,0,0.9978398095352733,0.2536834269962289,0.4870031568554564,0.15659559133967338,4.2477355485257345e-6,52362.71270050892,1875.1788797268568,0.46764806552216065,0.002302184125198792,0.17046500112442992,0.4550988856788475,0,0.0816887317924151,3834734,394.3847052840409,5154.212365591397
173839,928,0.005338272769631671,59.19260350094053,0.0181137290467465,0.145989499466336,0.0295458611733205,0.18520917778723772,0.003942327268689037,0.6171994052576703,0.2626091733040374,0.08808569074430102,0.1451249656687723,0.13280417467728645,0.10872287833012909,0.11535292502059874,0.14730019225487503,0.49532546003845096,0.504674539961549,0.3128151606701456,0.6871848393298544,0.5,0,0.9727878405955176,0.7753951612138423,0.5082576406197515,0.1398068816902306,5.436098415924505e-5,61683.404218846175,8219.803812723267,0.4970499278687291,0.0036938878264546732,0.06356106970560277,0.3625538574085332,0,0.1947283982169268,10289983,423.3883395818332,5544.171875
190345,284,0.0014920276340329402,38.88896477448843,0.006447659537547178,0.054672248492473215,0.00891501453299206,0.09554900004338207,0.001306884733851026,0.8331091926597545,0.19717731241452113,0.06526294988533482,0.1008637590419087,0.12373959302960494,0.12438442217588234,0.16076006635499926,0.22781189709774882,0.49988819494641157,0.5001118050535884,0.14160240042849936,0.8583975995715006,0,0,0.960008257,0.633276669,0.228143634,0.084914862,4.303246803816762e-5,83710,5473,0.515171269,0.002476806,0.201935153,0.4810685860000001,0,0.16867726727,7402320,457.9759521305991,26064.50704225352
156317,719,0.004599627679650966,13.537721425052938,0.015997326133116628,0.017308045193593205,0.01656748892442394,0.10938605919207277,0.0021102576873672898,0.8386308228694261,0.16624621753052712,0.05673861484552426,0.10726800329648899,0.11471026755663481,0.11413149468095145,0.16038299665947395,0.2805224054303994,0.4821555515013494,0.5178444484986506,0.1406355177815384,0.8593644822184616,0.25,0,0.9918974825367924,0.2886461269481213,0.20964450424401054,0.10899033346354522,1.1421325741750393e-5,62537.66433593275,2423.1219637019644,0.5515211636795998,6.943570396857613e-4,0.292337091195667,0.5657669990417101,0,0.12674777352334501,2116176,124.21029457241724,735.8052851182198
64176,324,0.005048616305160808,25.542882074295687,0.020858144203613597,0.020398788662424717,0.009714519037735207,0.17481030317465718,0.0015822246418728096,0.7726360202796965,0.2408882783882784,0.07330586080586081,0.12124542124542124,0.11855921855921855,0.10905067155067155,0.1373931623931624,0.19955738705738707,0.5011904761904762,0.4988095238095238,0.2817155067155067,0.7182844932844933,1,0,0.995576265,0.429673852,0.325713662,0.188183669,8.401947252451036e-6,48895,2155,0.577421095,0.001946393,0.107067854,0.430347794,0,0.08631543648,1639240,135.73378715607723,5059.382716049383
64276,604,0.009396975542970937,35.7219802103429,0.032206010892220804,0.012606737040274322,0.024843676460700598,0.1335305587305856,0.003916492973845223,0.7928965239023734,0.21761399492214445,0.06422166453866361,0.11134592524105139,0.11469202659270021,0.10882167334419349,0.1469496176932447,0.23635509766800217,0.4981141490189172,0.5018858509810827,0.23751449243458225,0.7624855075654178,1,0,0.980218251,0.59212476,0.307828739,0.175438318,1.9773291302941992e-5,49254,2198,0.530091349,0.007605457,0.260144444,0.536389943,0,0.10568645576,2296066,203.61561041837447,3801.433774834437
33484,106,0.003165691076334966,1.4932803727153268,0.08281383500522135,0.02041074649536407,0.006139046232714155,0.15796968450365495,0.005316287459257618,0.7273504003037878,0.19666141919386937,0.0689399114860249,0.1255235096682211,0.12766210235542222,0.11661270680488312,0.15290937713487984,0.21169097335669945,0.47099533667983484,0.5290046633201652,0.24448272789378322,0.7555172721062168,0.3333333333333333,0,0.9993385598664093,0.5387058558398911,0.37632899317100704,0.10933073880958069,9.244692569710648e-7,62631.182355752004,2071.0378389678654,0.3892369285838908,4.709167801199973e-5,0.46665354339088116,0.7585712579747341,2.9865024997013495e-5,0.07165071143405684,50001,13.658376308205009,157.23584905660377
99417,516,0.005190259211201304,4.367683595360955,0.005046618765427164,0.018197807468995773,0.0031378976086022365,0.09527616496947046,6.395714871036405e-4,0.8777019397004008,0.17094834654277125,0.05574317729278101,0.095517901065865,0.12063210088626869,0.11251122476867216,0.15581931050638348,0.28882793893725844,0.5061687424354819,0.493831257564518,0.10466364736657166,0.8953363526334284,0,0,0.9475439219999999,0.51795268,0.151885492,0.095095146,4.007800894570411e-5,68333,3797,0.569413746,0.002346213,0.24094239899999997,0.542211091,0,0.15884748843,434222,45.92961659011443,841.515503875969
10040682,75308,0.007500287331079701,250.53317175068386,0.01664517003152102,0.19661066029427587,0.10216622322938348,0.21821869715779504,0.0028812575465144235,0.46347799174051013,0.20892071265136714,0.08924296987756192,0.15870466753706133,0.1403112341225575,0.13210462688073582,0.12362894056154874,0.14708684836916755,0.5045608395917065,0.4954391604082935,0.4826536395839083,0.5173463604160917,0,0,0.664311169,0.9910904809999999,0.740726775,0.141808623,9.548015689541429e-4,71358,92382,0.571036972,0.01378573,0.063848148,0.354536674,2.98784e-7,0.7027302640205999,2515523908,1766.6991361356347,33403.14319859776
3323970,10605,0.0031904620077798534,125.94171487708975,0.01056359025087036,0.13666016629280714,0.052678584510936884,0.20241673518580927,0.0047009867778783744,0.5929799369816979,0.21145753814904553,0.09731928589836303,0.16009926946108513,0.1412204648374458,0.12135682479068059,0.1181141483047001,0.1504324685586798,0.49428381171823166,0.5057161882817683,0.34337369950243424,0.6566263004975658,0,0,0.827776112,0.956053627,0.55108951,0.109210354,3.048244277910383e-4,82426,36846,0.56331403,0.005070297,0.069784489,0.365685611,3.00845e-7,0.248927127345,418626482,1153.2030642176085,39474.444318717586
3170345,7322,0.002309527827413105,155.38817321143281,0.008785688988301562,0.2553028026748743,0.01910645545314759,0.1730889958776513,0.003660795687954864,0.5400552613180704,0.21328051938283152,0.08979056358865169,0.14203225409860676,0.13118449284985792,0.13524509467731838,0.13075940649727896,0.1577076689054548,0.5043714363462422,0.49562856365375785,0.341484983073978,0.658515016926022,0,0,0.338961188,0.997501717,0.601734196,0.101395585,0.0015438799020350887,94441,66262,0.559014787,0.008371146,0.055612562,0.34735778,3.15423e-7,1.16711812692,492634118,1532.494469176669,67281.36001092597
444895,2119,0.004762921588239922,66.35157284303038,0.020703841982312697,0.06168394376772902,0.019470632404471885,0.2687458284665443,0.0012801393292174203,0.6281156140497247,0.2243549749422828,0.14845655723858325,0.132568275240723,0.11672278844529535,0.10445633200067571,0.11131032152711301,0.1621307506053269,0.498442479869362,0.501557520130638,0.4761799650881243,0.5238200349118757,0,0,0.963540694,0.944305255,0.560954832,0.128651376,6.283066010951693e-5,78925,15411,0.559100387,0.010255615,0.069094949,0.358100226,4.49544e-6,0.136140984265,29519483,515.7470903617103,13930.855592260501
892458,2669,0.0029906169253903266,83.5331914779183,0.014628979234820661,0.06181539506803586,0.06278771797018566,0.25956206683482813,0.001968719823885172,0.5992371210682444,0.2883792656900618,0.09783586491262948,0.15151362044214126,0.13272805357450795,0.10956215339294599,0.10393406214405673,0.1160469798436568,0.4905050673690431,0.5094949326309569,0.5573787417635345,0.44262125823646553,1,0,0.9767962450000001,0.866471264,0.667765878,0.204284704,4.235941323820977e-5,54851,13978,0.546530089,0.007344017,0.08564438,0.335230341,1.1205e-6,0.156149806428,74549865,408.90575673212555,27931.759085799924
2437864,4249,0.0017429192112439415,48.38634722855746,0.015882725117998122,0.09299513133118266,0.0855099706931359,0.24442937843364027,0.00439980210591214,0.5567829923181309,0.2443645866030126,0.09333530347453722,0.13782960918140225,0.13392252528563306,0.12208657546055793,0.11700842765996615,0.1514529723348908,0.4986258673281334,0.5013741326718666,0.5060196113406661,0.49398038865933386,0,0,0.905461964,0.945265147,0.65631922,0.125262576,1.305636290348631e-4,70732,18272,0.583518832,0.006572399,0.12857339,0.346641978,4.10195e-7,0.1621335583296,117959334,386.2793563223342,27761.669569310427
2162532,4255,0.001967600941858895,62.90116354347589,0.017136728885026258,0.10759372244369815,0.10606433823418158,0.24682941767803526,0.0045185526348439356,0.5178572401242149,0.2577817330159392,0.09900192703591161,0.15219241471860523,0.13477687337509187,0.12019200883438096,0.11310091890725728,0.12295412411281388,0.49922068400633324,0.5007793159936668,0.5456084972410843,0.45439150275891577,1,0,0.970577389,0.946185325,0.724275988,0.14980888,4.16061077549778e-5,65761,26354,0.568514511,0.00585074,0.112681875,0.333579341,4.62421e-7,0.0959379208884,136025779,419.8760683844368,31968.455699177437
845599,2358,0.002788555804820015,160.80120127862025,0.01623817757745018,0.08012457119119216,0.02044258757754279,0.2313100216570773,0.0020744225551117715,0.6498102194416258,0.22164390719336147,0.08859791544140892,0.1323373802130368,0.12805230841541815,0.12770993213314738,0.13307700841863912,0.16858154818498816,0.5025630503221558,0.4974369496778442,0.43842774130668444,0.5615722586933155,0,0,0.885336825,0.966331415,0.550648712,0.089352775,1.7736422105167203e-4,89295,19539,0.588223413,0.005459452,0.06145288100000001,0.342272164,0,0.277684564412,135973335,1799.6217943832214,57664.6882951654
180580,1508,0.008350869420755344,87.02396167903423,0.025596459320712795,0.024207781968696523,0.03995807090317783,0.4211544836360053,2.77735470403254e-4,0.48880546870100433,0.2850562405545425,0.09826621830369342,0.14560085657403846,0.1255137492401809,0.10914069340114545,0.10191892660565807,0.13450331532074125,0.4864124827820811,0.513587517217919,0.8557933068999939,0.14420669310000614,1,1,0.992263775,0.815945287,0.898144867,0.225313114,1.6697804735958893e-5,46222,6666,0.545338015,0.013044048,0.208918849,0.320384317,5.53771e-6,0.1126015619,15714787,386.23567059232164,10420.946286472148
282517,1175,0.004159041756779238,60.26934662338903,0.009968662302997072,0.0398099176385922,0.012142881621183217,0.16039722339627527,0.001900062066155668,0.7757812529747966,0.17607980503470866,0.1481032804473402,0.11163610268361482,0.11606616314843367,0.10403004057040137,0.12841491228693433,0.21566969582856696,0.49523244495285734,0.5047675550471427,0.24505659251259387,0.7549434074874061,0,0,0.974799683,0.80912033,0.317000393,0.11086472,3.304616865042883e-5,77948,7117,0.543731116,0.003162532,0.130971077,0.432738561,3.53961e-6,0.149783167958,17027115,543.6296291858134,14491.16170212766
1185056,2395,0.002021001539167769,67.51026196230389,0.016345491335974977,0.01255985289493329,0.012060733974841968,0.12286948954855434,0.0011306393687234488,0.835033792876972,0.20175985230703608,0.07730303716984024,0.12786921574769564,0.1336809605374531,0.1218200358568658,0.13964016502156076,0.19792673335954838,0.4855906052345692,0.5144093947654308,0.22465526089535526,0.7753447391046447,0.38181818181818183,0.03636363636363636,0.9955015753839864,0.3197297596102031,0.28010321878002054,0.12211942492329222,5.05691538068392e-6,62507.096689101614,5223.099128648772,0.4928626031636564,0.001828411293288613,0.23065485093041108,0.5084822994648455,8.438419063082251e-6,0.07793567516917949,80003441,552.821649829334,607.351990890112
3123459,14281,0.004572174630753917,193.98211630119044,0.009113027570447817,0.046706157910046724,0.056070391487916385,0.14305492735371117,0.0015462452772766176,0.7435092504006012,0.21158292657229938,0.08821241537509392,0.16729849477913775,0.15171949986215233,0.12674478244987802,0.11569678054713854,0.13874510041430008,0.49646264580466765,0.5035373541953324,0.23232379629331712,0.7676762037066829,0,0,0.8314728765219828,0.9410299982089446,0.3579582763850542,0.08706520329917312,2.7104493974996195e-4,84152.9612500116,44404.03313730066,0.5159550266850258,0.0015030861841117567,0.04614059288185045,0.3943150846207442,3.2015877891145683e-7,0.30227814116382323,605895187,2228.0096864258135,7071.110648180566
710499,1146,0.0016129508978900745,48.64094389999141,0.010169997229464291,0.02966604388812719,0.06221344491251501,0.13533711736415496,0.002948134150759766,0.7596652624549788,0.2342637580026304,0.10454234193106597,0.16123737785458853,0.13617786763187356,0.11212513994413104,0.11491315311790089,0.13674036151780958,0.49166992750078803,0.5083300724992119,0.18334311583569743,0.8166568841643026,0,0,0.901029467,0.8974951909999999,0.315689396,0.098385024,1.2900836822664772e-4,71517,17670,0.526171641,7.45871e-4,0.049750848,0.389216593,1.40746e-6,0.263030282295,34559342,494.39377989064076,30156.493891797556
665912,893,0.0013410180324126913,43.00325418373599,0.008295148368750262,0.019934343766242302,0.012869876394224163,0.11474457395138213,0.0010096363516880044,0.8431464211677131,0.2208393915987005,0.11639962968852943,0.14890269668537157,0.13765562169161916,0.11432940682009224,0.11350302155985187,0.14837023195583524,0.4963934388986074,0.5036065611013927,0.21294471454210873,0.7870552854578913,0,0,0.9681657113040375,0.8383996206880641,0.2600538806548297,0.10701802604087177,3.9070325195649445e-5,75402.65765746825,11861.092003147563,0.5263678269669549,0.0015966949467931257,0.057439941008727714,0.3763665471466335,0,0.12366632345715826,28636383,401.83187613003076,16033.809070548712
933112,713,7.641097746036917e-4,269.6134376152059,0.0037123986382795278,0.05920039923807382,0.12326826971062269,0.12112915960854051,5.587927265570637e-4,0.6921309800779264,0.22059823034253342,0.08920053022179819,0.1150562305282799,0.1284384208171157,0.13739646743948464,0.14342478533615893,0.16588533531462923,0.5090160924004357,0.49098390759956434,0.22046736349743754,0.7795326365025624,0,0,0.4597506340870482,0.9293505786766478,0.3813238997506773,0.08873144507491705,5.358880609788045e-4,95674.0921063054,28530.87227765799,0.5394773888485509,0.002158088866505895,0.08099236115744489,0.39925942612828574,0,0.6201452714688054,251579534,3038.533153467386,176423.23562412342
2637463,2697,0.0010225735868142985,227.81030786024297,0.0025723700129181206,0.04840034759149799,0.11235147577671507,0.09637585219804998,5.341687104950285e-4,0.7397657857103238,0.19804249251175107,0.09317003795052096,0.12854588391516586,0.12439999698206593,0.12537856210531081,0.14425988939271622,0.1862031371424691,0.5096249462430493,0.4903750537569507,0.16288129710806468,0.8371187028919354,0,0,0.7165630626973122,0.734917815148928,0.3248560172021958,0.101096426156282,2.4419997803239694e-4,76690.08856730814,21509.61016683519,0.5052565588817276,0.0010875571553851059,0.09192418387492099,0.4355161090769202,7.583035869614096e-7,0.5296792647832407,600841258,2253.396252683331,31825.904867842575
701974,5616,0.00800029630727064,725.6979702951961,0.0031950429939616187,0.04293143631563398,0.45451518661458307,0.0883685741573543,5.908641153216693e-4,0.4103988958031453,0.18699438607663682,0.09224808393060935,0.22359276216040078,0.16447024828926363,0.10705437902389452,0.09842146533368845,0.12721867518550647,0.5238640100345346,0.47613598996546536,0.11570068399697059,0.8842993160030294,0,0,0,1,0.632761327,0.154525033,0.004434000253568517,90842,189361,0.455247071,0.002948246,0.096759944,0.4547063,0,2.4517494910999997,509421107,4696.313317048093,90708.88657407407
967679,1358,0.0014033579317108255,200.83578955418068,0.0038812446936107707,0.04267295848498765,0.2287332359566636,0.07970235497424426,4.177728663261593e-4,0.6445924330241676,0.2091677668729222,0.08453759524074633,0.12759675187300173,0.12039404616094294,0.1168250035789842,0.14139870679370736,0.20008012947969522,0.5152613851464202,0.4847386148535798,0.10719952439276569,0.8928004756072343,0,0,0.7795040280322676,0.7264916853734136,0.3848827969374782,0.11434468707466422,1.917447586500306e-4,70001.71854819625,19175.020150277105,0.4975835459087796,8.823159356920972e-4,0.15392142116780494,0.4530820652747037,0,0.3623521341385495,194344576,1756.4068317668307,47703.62690230732
821613,1157,0.0014082055663676208,55.812449413531674,0.0036422496177370032,0.020987433103975536,0.061424885321100915,0.09197367163608562,6.21177370030581e-4,0.8213505829510703,0.158087976037853,0.060196686592734826,0.09275736938907392,0.09601852419161856,0.11097521360506156,0.15254713414894958,0.3294170960347086,0.5178508053468605,0.4821491946531396,0.13895571372586646,0.8610442862741335,0,0,0.6910003258549368,0.9628503085376429,0.22997688671575547,0.0976162088729828,2.4425189963976076e-4,62400.12386001682,13244.206630128783,0.5469677179350558,0.001164177964098219,0.22801509534284958,0.5353737095871206,1.2171194513962171e-6,0.2960525945683391,45856234,571.7539131862236,19816.868625756266
1451358,1893,0.0013042957009917608,138.36588491605792,0.0036621402536477676,0.04736492623978108,0.17559516965425256,0.18569408193535777,9.076301295834244e-4,0.5867760517873774,0.21819050854102418,0.0906477698548771,0.14926015383644572,0.1412608734763036,0.13054548969746932,0.12165538649090984,0.14843981810297027,0.5076763822522848,0.4923236177477152,0.2966305817402127,0.7033694182597873,0,0,0.507990149,0.96327689,0.520741953,0.139940397,5.480406364022061e-4,60566,30018,0.527483292,0.003237523,0.085989159,0.407007782,6.8901e-7,0.47591044770600005,200818434,988.7486950323425,106084.75118858954
970985,2110,0.00217305107699913,112.4189899946961,0.0026785055542902603,0.037150497795712896,0.09977406458138861,0.08864196025974554,7.527616408065242e-4,0.7710022101680561,0.15663593822385782,0.06379058158479645,0.12113599808446071,0.1141140891038087,0.12434452639852586,0.16131859894957656,0.2586602676549739,0.5171393919203802,0.4828606080796198,0.10906601843706569,0.8909339815629344,0,0,0.072839656,0.998095103,0.265045289,0.11587663,0.0013693439133910074,56419,26438,0.541362687,0.001393867,0.190993309,0.52606168,1.02988e-6,0.6568577587100001,109157153,970.1610237948421,51733.24786729858
705735,1207,0.0017102736862986815,57.246175972567606,0.00417025809313428,0.019990831663103673,0.16682515922196722,0.13297203953956552,4.5396619583745637e-4,0.6755877452863919,0.22073404550298897,0.08610296716914533,0.13247722288001618,0.12651371095233527,0.11767488741210128,0.1198629101885642,0.19663425589484876,0.5070667222104681,0.49293327778953194,0.27728359272025765,0.7227164072797423,1,0,0.790041333,0.891153113,0.42421872200000005,0.151100553,1.5153782269553223e-4,51535,10328,0.502839733,0.004450367,0.198661992,0.425933247,0,0.26193072231,40400630,378.861459048185,33471.93869096934
658961,1164,0.001766417132425136,61.46370877790947,0.002156698290979991,0.02087920466693327,0.11216231566531652,0.07587812320566903,5.259480680744854e-4,0.7883977101030267,0.1729689146431786,0.07634008223915448,0.11120113517281963,0.10751095386693606,0.11666393695674546,0.15381794622423142,0.2614970308969344,0.511317667214058,0.4886823327859419,0.14881315594567057,0.8511868440543294,0.5,0,0.797586320878043,0.9173373214248317,0.28569369057313865,0.12843455318237498,1.6028800014559585e-4,53285.39517968438,8348.762128562996,0.5539908876309038,4.45721874260498e-4,0.161228723109817,0.47841071038564953,1.5175380211879003e-6,0.3696645743948608,40502187,478.56053729273304,17397.846649484534
278479,391,0.0014040556020382148,44.29019423367651,0.006752559124602895,0.028362160254147548,0.08156371337804448,0.09231556653723967,0.0020508295093540417,0.7889551711966114,0.22102017155854445,0.07806491753562236,0.14352643585933966,0.132028001509552,0.11258061993628603,0.1397015574904718,0.1730782961101837,0.4920391531549297,0.5079608468450704,0.10129297888327152,0.8987070211167285,0.5,0,0.9253701220816635,0.6535197823716238,0.24294111946102218,0.10948400249784006,5.463039260936679e-5,65142.73428157958,6136.65513018935,0.5314567190882723,0.0016820288918307433,0.2876999984257027,0.5438076119787991,0,0.23166727821781802,12333889,404.5357606884191,15772.236572890026
445296,840,0.0018863856850274874,142.25342917969172,0.0029244776494510892,0.02449250031415287,0.31324354273050253,0.06576876063835864,4.7294286987216834e-4,0.5930977757976627,0.18999287789042668,0.1658312886106528,0.13250696024344666,0.11995731199528467,0.11106472189166802,0.1170861418036575,0.16356069756486366,0.5094474002067421,0.4905525997932579,0.07592302763333862,0.9240769723666614,0.75,0.125,0.9732733459049713,0.2130234266481979,0.4306169376950523,0.19316538704207092,3.1204760941692634e-5,51991.825239840466,12691.94291886745,0.5448174070003593,0.0013347616729269044,0.15876235260649654,0.459501096191275,2.2457004801525278e-6,0.19246932595801614,63344883,736.4333297906487,9426.321875
2204145,2776,0.001259445272429899,67.42523835773055,0.002959311868534929,0.054566765021588345,0.18967706533301884,0.20031816934695862,9.015600406255566e-4,0.5515771283892738,0.21825316514563417,0.0960041785692448,0.1542061708821242,0.14692510870566836,0.13142771514421317,0.11726303714465583,0.13592062440845945,0.5081741323138956,0.49182586768610437,0.3499848858429006,0.6500151141570993,0.3333333333333333,0,0.6876005140850108,0.9547433041397987,0.579246828310372,0.13120716995883439,3.3506949832291425e-4,62326.59778145267,30490.62682672873,0.5481194509242276,0.001446070259913825,0.15454734561949035,0.40558674675770606,9.073816520664473e-7,0.36189667292288524,148615002,513.8837944518192,17845.221181556197
428836,752,0.0017535841207361323,117.6881814959565,0.0019400461676080923,0.04056480966728666,0.17241473977529323,0.08849859186507528,3.3401738263063853e-4,0.6962477951421061,0.18909690939540216,0.1592655448186923,0.1359628697575698,0.11393637886101683,0.10422170677317953,0.11966353516447104,0.17785305522966838,0.5098825910568596,0.4901174089431404,0.11102130555878956,0.8889786944412105,0.8,0.2,0.9660819921667696,0.284354875591561,0.3404518279094992,0.20493835432340335,4.9191499632650584e-5,46764.48892117266,10000.208128515329,0.5583620921362689,0.0016249276174200643,0.15831060409935885,0.4565521549679248,2.3318925589269556e-6,0.22581924117916424,50468929,574.2613767174028,13422.5875
638298,701,0.0010982331136867105,49.656705801992175,0.0041068749427876795,0.017858001734599994,0.14570639955688572,0.11312136459336973,2.916858667336924e-4,0.7189156733056232,0.17804004730395775,0.06611369354133952,0.10135305425191296,0.10567483450325625,0.11385311017557045,0.14901194081934868,0.2859533194046144,0.5095689106220649,0.49043108937793506,0.17837857184400432,0.8216214281559957,0,0,0.7962313047497929,0.9403983361851892,0.33604053280105534,0.11693244133860359,1.5229558334645913e-4,58562.94460894441,7963.113580177284,0.5731774130743728,0.0019847655750503037,0.2002749139932101,0.4786949043348123,1.5666669454706109e-6,0.3654432290470838,31695776,424.66149884102964,15071.695672848313
1249707,1339,0.0010714511481491262,133.1638256007208,0.001985546847474613,0.04397172005042162,0.2521151241358252,0.09566248835370293,6.78029798861599e-4,0.6055870908137141,0.223759845104197,0.08357189963162445,0.1502258394087882,0.13263028587209627,0.12095122683693535,0.13002026744577364,0.1588406357005851,0.5124758729866489,0.4875241270133512,0.11175089302018143,0.8882491069798186,0,0,0.7129681827407368,0.8058636735277773,0.4237497271917177,0.13334756694582647,2.3935492318365452e-4,59930.738367473336,19016.872338076046,0.4968220717104634,0.0017099196380831831,0.10545766576019555,0.4280635379969649,8.001887471463311e-7,0.32458326456851044,166415765,998.6220870068043,41427.87279063978
496278,1123,0.0022628446153164154,94.36125921358594,0.0027950353530461734,0.02663783339296339,0.15636186812730654,0.09031878030508186,0.0013955409895690229,0.722490941832033,0.21364464577925468,0.09586378178470156,0.14064186431564002,0.125233561704778,0.11695686990564687,0.13560698963624335,0.17205228687373547,0.49986266765184895,0.500137332348151,0.066082004820172,0.933917995179828,0,0,0.8278662297771582,0.8492878236514542,0.2970250543636732,0.12552967181969582,1.1478051109036292e-4,59406.34699503101,9289.898486332257,0.4862999276919086,3.517452502933705e-4,0.12814705821874553,0.4341901112399119,2.014998319792536e-6,0.2962428112667234,46829417,751.7048188345577,20850.141139804095
255410,442,0.0017305508789788966,20.169750597079204,9.648979193735478e-4,0.03460743981579855,0.05324355486507104,0.08421782309275909,6.931938121131265e-4,0.8262730904948846,0.21675455015175726,0.06749520091157017,0.09119465650160996,0.1364686237138272,0.13842589899501442,0.1410778016924272,0.2085832680337938,0.5104553402476706,0.4895446597523294,0.08675656901961723,0.9132434309803827,0,0,0.754002069,0.852069123,0.1813124,0.077411645,1.6418187840546865e-4,83803,7178,0.552655036,6.90388e-4,0.18152872,0.436521671,0,0.3434115155,5151556,260.5518923810391,11655.10407239819
594001,1116,0.0018787847158506467,58.9749259681381,0.002461901125535376,0.024929446528769217,0.10100434941399117,0.09451010989740695,6.690129154354394e-4,0.7764251801188619,0.18170669408395684,0.07008329935716553,0.11408095943326141,0.11199243231222192,0.11839338117392628,0.1617544917031004,0.2419887419363676,0.5074460181811443,0.49255398181885574,0.11701714493830304,0.8829828550616969,0,0,0.709114732,0.9611959539999999,0.262098885,0.11176005200000001,2.2596175180548966e-4,59359,8984,0.513557716,5.72022e-4,0.15907115,0.47247058499999994,1.6834999999999998e-6,0.396604369683,35031165,527.6923633512456,31389.932795698925
360210,378,0.001049387857083368,47.99238777379862,0.0026968112605194293,0.016290125726833273,0.1299932313235161,0.10961791620698293,2.0519216112647833e-4,0.7411967233210218,0.18811597716773665,0.06517718733959768,0.10902844231448786,0.10413802531358252,0.10813599279849986,0.1379221402280647,0.2874822348380307,0.5172570331986062,0.4827429668013939,0.15923775525732725,0.8407622447426728,1,0,0.878215369,0.706547879,0.303356375,0.155329993,8.755723907749512e-5,46587,6443,0.493223845,8.501130000000001e-4,0.146630706,0.474517642,0,0.23090973882,17287338,308.9705139805074,45733.69841269841
301506,499,0.0016550251072947138,211.43530477005433,0.005281862786537674,0.014580916988188511,0.13063311342479095,0.07435523739640008,9.028536261239175e-4,0.7742460157779589,0.20255400800608728,0.07256095543719192,0.13353624243226256,0.12865649915638336,0.12809739636748602,0.14429483574287888,0.19030006285771,0.48474211797399674,0.5152578820260032,0.06836272206967281,0.9316372779303272,0.6666666666666666,0,0.9734384666865187,0.19649515569171652,0.24882091870116352,0.15364921810694646,3.0149525202591004e-5,50122.88044682361,4747.642322209176,0.5207362472600213,5.269739190253735e-4,0.26715626762143,0.5324570656369194,3.3166830642176277e-6,0.220229658365269,63749013,1376.0909907324506,21292.255511022046
265832,641,0.0024112973607391132,30.076698817298144,0.011459327339996318,0.01131702743876919,0.10634824971121491,0.14137076657793848,2.636733463914419e-4,0.7292409555856897,0.19722150998811216,0.07518084271539902,0.11547516374909676,0.1167494153205442,0.1118039206545302,0.12484945960855613,0.25871968796376155,0.47652346876141194,0.5234765312385881,0.3100199684545038,0.6899800315454963,1,0.16666666666666666,0.9754043233442659,0.5484062311605621,0.4377539199932401,0.20330216125503703,2.0429672728047707e-5,41431.558965813,2966.836746516597,0.5103651294700223,0.0028936707850420545,0.21601780285083047,0.4580975953429196,0,0.13058135499548312,7995349,147.9408710248178,2078.8738949557983
138161,527,0.0038143904575097167,37.05308299737263,0.0034807952220233915,0.007890305872048685,0.16486586480017518,0.0698046677388422,2.1896542611426974e-4,0.7537394009407963,0.21477629298049283,0.08036191019536422,0.11942012448891522,0.12966010576437803,0.11234722313650626,0.14041208610361397,0.20302225733072946,0.4731675919221176,0.5268324080778823,0.09312531542799464,0.9068746845720054,0.75,0.25,0.9866918825892118,0.15546735173024195,0.2938166341294577,0.1550602846260884,2.0971926937101683e-5,45036.75891170446,2373.8144628368354,0.42530561057582095,5.802882446907429e-4,0.18601553459695183,0.4184031673416304,0,0.21536702234819036,5119291,238.9592092309275,2428.5061669829224
539885,731,0.0013539920538633227,37.151778619520826,0.0035207970816072357,0.03219594922844549,0.06396438571542137,0.11881321049702773,5.564731965410333e-4,0.7809491842809572,0.20304437476858064,0.07186314241165301,0.1131619442962983,0.12758382900954213,0.1292857167121296,0.1348329874073898,0.22022800539440654,0.5107463507926856,0.4892536492073144,0.17706935617010724,0.8229306438298928,0,0,0.6022042070000001,0.9275517850000001,0.266966113,0.122539727,2.7919872305529086e-4,53431,9255,0.519948275,9.54731e-4,0.151973088,0.457549293,0,0.3156275687,20057688,303.1815030852878,27438.697674418603
824691,786,9.530842460994482e-4,14.574770429166803,0.0025140427905990244,0.016962008098883378,0.0730386489411857,0.09990236615113997,9.83254699853722e-4,0.8065996793183382,0.16366459661972899,0.05755563413826069,0.09687351146817902,0.10000368124028794,0.1070091930609736,0.14380040092053317,0.33109298255203656,0.5114235579298936,0.4885764420701064,0.1367536145875282,0.8632463854124718,0.25,0,0.8164650126493095,0.7928534048419673,0.23396763148866057,0.12178051762899195,1.2419497815671946e-4,53307.902045735915,6073.253720484399,0.5666975622818025,3.6795055213546303e-4,0.15721608973016424,0.4860911544179881,0,0.30164047535285704,12019682,119.6806411479485,3823.054071246819
2705528,3800,0.0014045317586807455,211.9019836423796,0.00256624117590175,0.016897543757857073,0.16711794475066885,0.4138695483995745,2.5585855655481415e-4,0.399292863359443,0.20135396619218143,0.0816922976089042,0.13582152582061716,0.13746566486525136,0.14302631814146374,0.13227368602939862,0.1683665413421835,0.5099460171243692,0.49005398287563084,0.6877383349917476,0.31226166500825236,1,0,0.791166586,0.99136454,0.8647561590000001,0.160098084,5.49816711122649e-4,53975,52533,0.635773132,0.005584128,0.126037721,0.381555837,3.69614e-7,0.2697081341584,573306750,1323.5760125797608,150870.19736842104
1942273,2469,0.0012711910220653843,74.7184329906249,0.00203383357284721,0.039196188175989265,0.2982661148353756,0.20965900059512282,7.101328745950914e-4,0.45013472994607007,0.20899561025565136,0.0752006420958139,0.12985534859749645,0.13634670296440057,0.13557491366185248,0.13798791137474584,0.17603887105003937,0.5097354900271154,0.4902645099728846,0.3191071291852998,0.6808928708147002,0,0,0.67904784,0.9999218259999999,0.644863003,0.127133812,6.234184144766759e-4,60922,39722,0.618870098,0.002411546,0.14695383,0.4254716,5.14861e-7,0.3699253155800001,145123595,587.7148794266068,58778.28878088295
185926,343,0.0018448199821434334,42.02637608510913,0.0013484203099276139,0.013306504298743043,0.05389500091462618,0.06778686596806648,3.8152977761517757e-4,0.8632816787310215,0.11825735712491606,0.04935847818620792,0.07726967495886367,0.07889975036266615,0.0983632607659304,0.17354664424885818,0.40430483435255765,0.5080452935417232,0.4919547064582767,0.07831538370847281,0.9216846162915272,0,0,0.797442704,0.935000294,0.164624636,0.105988557,1.0539504202632544e-4,52724,5683,0.588104913,3.00793e-4,0.246256743,0.569350172,5.37848e-6,0.23052035110000002,7813796,396.5180513317974,22780.746355685133
756570,941,0.0012437712306858585,60.718816500786446,0.006204541650687468,0.017652896221529022,0.08319067368301751,0.1564393205578816,5.047449983460705e-4,0.7360078228885384,0.17214882955801245,0.07097334147436836,0.10685108465835406,0.10577752771568276,0.1125594808576345,0.14219520318105897,0.2894945325548889,0.5081910754744592,0.4918089245255408,0.23597437592406634,0.7640256240759337,0,0,0.480849851,0.960720116,0.337099013,0.118142613,3.740120997019849e-4,59608,11355,0.533361095,6.95704e-4,0.279963714,0.530356742,1.32175e-6,0.35478290952,45938035,513.9450953297135,48818.31562167907
75137,450,0.005989059983762993,167.53102998522698,8.775834658187599e-4,0.012197138314785373,0.07720190779014309,0.15393322734499204,4.3243243243243243e-4,0.7553577106518283,0.15602394916911047,0.055865102639296185,0.11252443792766373,0.1247067448680352,0.13855083088954057,0.1693181818181818,0.24301075268817204,0.4822336265884653,0.5177663734115348,0.23962609970674487,0.7603739002932551,0,0,0.963610102,0.868873229,0.346407229,0.105577959,2.9511265188951286e-5,72012,3816,0.597578461,0.003628713,0.389981212,0.715479724,1.3309e-5,0.13347937776,12587779,1586.7992862527963,27972.84222222222
1482057,2126,0.001434492735434602,82.45980215335847,0.0026353629529685253,0.030329019566949215,0.19764938393513956,0.15530977751577849,4.774156843466534e-4,0.6135990403448176,0.18893590712280914,0.07366133471491317,0.11534289957962206,0.11791545076363906,0.12288475992286327,0.13528381979404996,0.24597582810210336,0.5123277475317638,0.48767225246823614,0.23791123172662762,0.7620887682733724,0,0,0.760726069,0.9915118100000001,0.4607744509999999,0.11623668600000002,2.913138927877869e-4,65015,23576,0.59807911,0.001432113,0.180381843,0.465619743,6.74738e-7,0.24888034995299996,122210127,709.4128797973341,57483.59689557855
379345,660,0.0017398410417957268,40.65482608179889,0.012045997218299196,0.015494984630969067,0.06844109520759581,0.1819441355154588,3.028248466446739e-4,0.7217709625810325,0.16414784320098225,0.06266750240532809,0.09035521472550886,0.09723200260007583,0.10887559617314235,0.14115729169084892,0.3355645492041137,0.5064731054655761,0.49352689453442394,0.27457110356194914,0.7254288964380509,0,0,0.90302796,0.883771743,0.373976196,0.10961053199999998,7.334857685282853e-5,70217,10622,0.567540209,0.001412382,0.322288274,0.575592139,0,0.148143706125,15422205,370.9025523368402,23366.977272727272
7138892,6633,9.291357818552235e-4,76.16586243355411,0.003950302014204873,0.03960499804730673,0.2780649339368203,0.07409853014810101,6.91528842303599e-4,0.6035897070112635,0.24131654559455912,0.09268471886161571,0.12687337686034367,0.1305184717168994,0.1304488711092888,0.1263251028132322,0.1518329130440611,0.5094886345863835,0.4905113654136165,0.11005128914814137,0.8899487108518587,0.6118421052631579,0.2894736842105263,0.9427706857330885,0.28704402392504447,0.42501931677541166,0.14504496101977155,4.9673184327960885e-5,61036.27516524973,9302.48115800043,0.4770736357704494,0.0014763697695939016,0.12150973563988517,0.40332015116407294,5.603116940219855e-7,0.27487456140660715,543739866,525.1189830936057,539.3089040443714
1051550,3206,0.0030488326755741526,321.888389520232,0.0025903755947956648,0.07840235685516804,0.445357090041649,0.06693607861596619,2.890008592701134e-4,0.406425098033151,0.21113759666525347,0.09731428993913938,0.1718173114448478,0.1452306816894976,0.13606368512326078,0.11472269250458818,0.1237137426334128,0.5135633177882785,0.4864366822117216,0.08058908364662094,0.919410916353379,0,0,0.177324972,0.993676819,0.607023917,0.133679303,7.707457754960813e-4,72741,64011,0.484120576,0.001478781,0.109062823,0.456179925,0,0.6536350676,338481736,2407.914929959143,105577.5845290081
126952,386,0.003040519251370597,215.2206897094965,0.003923578303412712,0.043671828707781496,0.2720080713610813,0.08330797687490991,0,0.5970885447528146,0.16969528185847896,0.25585029435200013,0.1573100636666744,0.11494039468696574,0.09191054174692691,0.0896439153070776,0.12064950838187627,0.525888277750702,0.474111722249298,0.11411265056046786,0.8858873494395322,0,1,0.450382836,0.940755881,0.450894826,0.2652527,4.108670808745724e-4,40363,15515,0.560412981,4.77289e-4,0.059268128,0.421041023,0,0.5269396664,27322697,811.3798265182465,70784.18911917099
202178,474,0.002344468735470724,262.66724866207005,0.0012495706156748926,0.01835524645415669,0.5750314881838412,0.0612538520130035,0.0018519532630719524,0.34225788947025176,0.23031935546495827,0.1089497185012619,0.16001261890894972,0.12283537177247136,0.10584837895554261,0.1232090856144438,0.14882547078237235,0.5160745486313337,0.48392545136866627,0.05643079013783731,0.9435692098621626,1,0,0.661172254,0.916667877,0.661649635,0.231953672,2.4067760541927142e-4,43882,12846,0.56527977,0.001530486,0.185604402,0.440478192,4.94614e-6,0.48448116317999995,53105539,1132.4125477180203,112037.00210970464
195418,272,0.0013918881576927408,137.23019373855018,0.0018769720889177481,0.027003033592727495,0.4844160587644451,0.07781824822702231,0.0017298580603268975,0.40715582926656047,0.2501528992137311,0.0906337611249468,0.15737120993429005,0.1322712750081954,0.11146719639108928,0.11440286129472607,0.14370079703302133,0.5179980722467132,0.4820019277532867,0.08260961038833954,0.9173903896116604,1,0,0.585051273,0.9624351199999999,0.602027449,0.200432167,3.485053702379128e-4,47418,12276,0.487939061,6.51749e-4,0.133675246,0.435026456,5.11724e-6,0.48408165287999994,26817250,684.671506537921,98592.83088235294
756653,418,5.524328853516738e-4,40.78537453760178,0.005315064346890274,0.05844468857898749,0.2909146450831801,0.10027437110443478,5.310860499529169e-4,0.5445201448365544,0.2289300424363455,0.09017593401564321,0.14519756823098684,0.14216955816275587,0.1380637377267432,0.12298869404226993,0.13247446538525545,0.5127517057746713,0.48724829422532867,0.14676162839074722,0.8532383716092528,0,0,2.93866e-4,0.999947791,0.489715894,0.086042455,8.598145281338795e-4,80830,33148,0.460433899,7.48168e-4,0.063390594,0.399835856,0,0.449151490759,30860376,474.01453779534506,73828.65071770335
289649,579,0.0019989711685522824,174.2129128704052,0.0026728779258467297,0.02983903720854349,0.40789852783437874,0.06442330055297332,0.0014648759541653505,0.49370138052409235,0.2093290803406419,0.10548629349003666,0.15709911015854808,0.1306621319299799,0.11301959126996106,0.12067699057163844,0.16372680223919395,0.5188147969263072,0.48118520307369284,0.08031380914527593,0.919686190854724,0,0,0.557062136,0.969833148,0.521355157,0.144162744,2.5820691378752587e-4,57739,12883,0.48885385699999995,7.19045e-4,0.129648114,0.435817144,3.45245e-6,0.50405877576,50460596,1208.446149376882,87151.2884283247
755287,322,4.2632800511593606e-4,186.74825596097907,0.007805695871799338,0.06345529959937293,0.5336518572548337,0.08224830168960111,8.559593276432678e-4,0.3119828862567497,0.23007197170993499,0.0841708163573261,0.1640758163245222,0.14440267417219413,0.12675418741511996,0.11740376982174372,0.13312076419915891,0.5252097808044823,0.47479021919551767,0.10414837850427434,0.8958516214957256,0,0,0.041725502,0.9984209469999998,0.709123817,0.143938597,0.0010896034102943436,65116,41610,0.529912457,8.809050000000001e-4,0.097417549,0.416305325,0,0.563701654867,141048530,1297.416119465018,438038.9130434783
440392,7140,0.016212828570909554,89.82427473705245,0.003250660506549735,0.25728862637691985,0.0076378994739001935,0.3031667427459551,0.1137823394611742,0.3148737314355009,0.2104717751697517,0.06589149917754412,0.11359620244858802,0.13122413562942198,0.12129357488873654,0.13991026519959546,0.21761254748636216,0.5019605447440884,0.4980394552559116,0.10973620321787275,0.8902637967821273,0,0.25,0.9799165282873241,0.49859670499560127,0.7034369379457597,0.11095623937513624,2.920686919449227e-5,75433.22054669476,3438.166958073716,0.49479740552641505,0.008600339431058167,0.22075723882383433,0.4400238877851505,2.2707008940216898e-5,0.1546538261684318,39557892,809.5468559759139,1385.0802521008404
979682,4497,0.004590265004358557,203.3833601107298,0.002455589275606227,0.4325948338452098,0.024735125457828164,0.24812286654859586,0.10093332644755722,0.19115825842520276,0.20768861354275228,0.08736970267001173,0.14376794670737078,0.13266963312496388,0.11774434921577497,0.1199950979708389,0.19076465676828747,0.4944981697098437,0.5055018302901563,0.09338265917147737,0.9066173408285226,0,0,0.691199424,0.983111791,0.820598929,0.084241296,6.296614004788085e-4,87722,38815,0.565373314,0.00970883,0.101647448,0.360104605,1.02074e-6,0.48889560687000005,199251017,2414.2952419764506,44307.54213920391
102687,295,0.0028728076582235336,167.2419293581466,0.017693032754693267,0.026058440028277435,0.047256696253240124,0.13531929934804807,0.004143429424240044,0.7695291021915011,0.2592662632375189,0.10236384266263238,0.12215393343419062,0.12324130105900151,0.11945915279878971,0.11803139183055976,0.1554841149773071,0.49848714069591527,0.5015128593040847,0.18425680786686838,0.8157431921331316,0,0,0.9527405370000002,0.838721553,0.281837039,0.12396785200000002,4.5420829498864096e-5,60768,10270,0.397707305,0.002859095,0.069061359,0.413440845,9.73833e-6,0.17789906628,17173572,1349.0749953314235,58215.498305084744
2468428,1621,6.566932476863818e-4,50.44635897826471,0.0030097704535912615,0.02037937523338854,0.03229303297797871,0.05230387320115211,0.0015287076556327421,0.8904852404782566,0.2261126886456325,0.10267915908629877,0.1185942306915176,0.12306142968772818,0.11166877189837753,0.1308479195816157,0.18703580040882972,0.49797085537758334,0.5020291446224167,0.05843208317112313,0.9415679168288769,0.11458333333333333,0,0.9868310501234829,0.314867550161327,0.12934952930530727,0.11284329539666338,1.7828696438735365e-5,61344.70943369626,7185.612115078909,0.4144455328424674,7.064151568950837e-4,0.1023918545994907,0.4542251182366879,2.43069571056154e-6,0.1779627158785726,124523205,447.04790657643576,800.1953847933374
485418,715,0.0014729573274991862,128.37292807436066,0.0032191823442782766,0.051222749994814465,0.07759847337744498,0.06496027877455353,1.8875360394930617e-4,0.8028105619049595,0.2460271670409154,0.08738121706895893,0.15147122975388036,0.14193241007476262,0.12061932972955587,0.11581675012715076,0.13675189620477604,0.5030827776560436,0.49691722234395636,0.10014453975446334,0.8998554602455366,0,0,0.65655691,0.955266135,0.23022014,0.10356008100000001,0.00032743028880295413,69747,24649,0.428295342,0.0014702419999999999,0.063617657,0.420482965,2.06008e-6,0.49137407886,62314530,1239.5985676600683,87153.18881118881
469473,789,0.001680607830482264,103.80565016518521,0.006501921620559923,0.026062358510814936,0.013182033556476206,0.08047520117281626,0.0018021520530359175,0.8719763330862967,0.22452622959854504,0.08790438773983765,0.13897199499263854,0.14418996480675206,0.12754796753088266,0.11944249801201452,0.15741695731932953,0.4961637785108611,0.5038362214891389,0.09505129396203538,0.9049487060379646,0,0,0.857954887,0.944341744,0.15814115,0.092793413,1.723022981640253e-4,69952,23814,0.441769061,0.001307677,0.039590415,0.39856605199999995,2.13005e-6,0.237678687291,48733950,1118.6747723697285,61766.73003802281
1284894,1961,0.0015261959352288982,28.704259650990664,0.01401460591044452,0.009261986155977415,0.005812072250835514,0.09152828126207183,0.0016890044129829974,0.8776940500076877,0.25201047613272465,0.10189540615227353,0.12600668185532657,0.12488052646320792,0.10756083404800887,0.1184231803205789,0.16922289502787957,0.49748564151875047,0.5025143584812495,0.1473928058883489,0.8526071941116511,0.5581395348837209,0.023255813953488372,0.9959674624660994,0.2081574809083941,0.19658820109965103,0.12925622409452686,6.080173976878651e-6,55344.980592173364,5803.812935541764,0.44306432557875586,0.0019370178787607721,0.14665588449250652,0.42828046519342683,3.891374399055486e-6,0.059988610999687456,36881931,222.07255280797034,437.3887432847503
307291,160,5.206790957105805e-4,80.81008880832826,0.003097920205287073,0.030108327488723503,0.016134447077750483,0.09729197897934831,8.309871795297943e-5,0.8532842275309377,0.230134311389169,0.08132230237084331,0.11544613091988207,0.13050236698933088,0.13743632895049557,0.14607889107995092,0.15907966830032824,0.49939299730863357,0.5006070026913664,0.15594830520994585,0.8440516947900542,0,0,0.795870909,0.8591040809999999,0.196891546,0.065473748,1.9662971192538147e-4,90014,11784,0.474001966,3.26656e-4,0.047359125,0.386929653,0,0.37418210488,24832213,1234.2364883148016,155201.33125
441516,486,0.0011007528605984833,226.059112240553,0.005095742612752721,0.026127527216174184,0.11403819984447901,0.09642058709175738,3.183320373250389e-4,0.7579996111975117,0.23229936149818012,0.10693246888132925,0.12488647204295418,0.11952635106847824,0.11935477229208656,0.1276980762587591,0.16930249795821256,0.5069809684821226,0.49301903151787735,0.15968264789518596,0.8403173521048141,0,0,0.8752678690716619,0.8108086967066722,0.2947277106608594,0.1492290059563821,1.1961758366114816e-4,58799.3219770065,12833.903539169589,0.47142191284363877,0.0012587890730861352,0.07402139791311975,0.4236018628680773,2.264924881770989e-6,0.27376483636092086,99808715,1514.847001705737,68455.90877914953
699682,705,0.001007600595699189,155.32932389285418,0.009684216979180236,0.0922491015394518,0.07248067064620195,0.1266273821656539,5.134060275400189e-4,0.6984452226419721,0.2361308357389185,0.10159927516382562,0.11269797790373445,0.1283184784059223,0.1334794243452243,0.1349066211536976,0.15286738728867724,0.4968948636366829,0.5031051363633171,0.2441349375250216,0.7558650624749784,0,0,0.262389713,0.985847115,0.39161218999999997,0.075683712,6.089844077668281e-4,92654,22314,0.46352453,0.001121906,0.060438792,0.378287565,0,0.681207596472,108681132,2052.3481180845647,154157.6340425532
210006,279,0.0013285334704722723,58.33908554993667,0.0015935308585766108,0.1089143699861927,0.13628153038348667,0.07715262759381789,3.3157319107028854e-4,0.6757263679868558,0.1927723704257198,0.22244272142378868,0.13643509398441517,0.11626022571786238,0.09658026763966657,0.0993362381003212,0.13617308270822617,0.5024696988811148,0.4975303011188852,0.08068006482353056,0.9193199351764695,0,0,0.9373589060000002,0.8404925560000001,0.33495233500000005,0.191451726,8.140089202549245e-5,53936,16575,0.531674406,0.009992897,0.11336585600000001,0.446077731,4.7617699999999995e-6,0.2583283806,12251558,304.71955917460195,43912.39426523297
264403,121,4.576347469582418e-4,114.88806481015722,0.0011900448173929627,0.01023362258033756,0.08716696862782493,0.05329264804043101,2.4029751120434824e-4,0.8478764184228091,0.21533380442956418,0.08752564892246184,0.12858659794204005,0.12733202081388803,0.12209453918853044,0.1392505035313323,0.17987688517218314,0.5108509585044836,0.4891490414955164,0.04171468951105502,0.9582853104889449,0,0,0.792662609,0.8356083489999999,0.155009588,0.12428247300000002,1.426756103228846e-4,64045,9870,0.493704747,7.101420000000001e-4,0.093857597,0.452566726,0,0.47459809694,30376749,924.4108363546741,251047.51239669422
868085,357,4.112500503982905e-4,74.25363645265152,0.004311421465883298,0.056963132700798454,0.11432567220406188,0.10716892977076946,5.6713352615873224e-5,0.7171741305058711,0.2457370803781039,0.08920007716406275,0.12027440623720279,0.1395958814245569,0.14276592552314188,0.12583946941809948,0.13658715985483227,0.5008827613904423,0.49911723860955776,0.19199524380572255,0.8080047561942775,0,0,0.7504728057732908,0.8845101264834726,0.34963396469945224,0.06473639722154166,2.1290859140041862e-4,90810.06946093988,17449.860712948615,0.48948278700063586,7.028375146254088e-4,0.04817368830668522,0.3556529603922485,0,0.34755546429804307,64458468,1147.0152748621438,60185.31092436975
386792,492,0.0012720014891724751,195.66482760760306,0.0021332201276217516,0.025779063134294698,0.09137558205866356,0.049151620477851925,3.18391063824142e-4,0.8312421231377439,0.23018484631917338,0.08081299919108466,0.12345775969716723,0.12762013963606664,0.11995769555986628,0.12959399779577113,0.1883725618008707,0.505273656847115,0.494726343152885,0.03999026160165239,0.9600097383983476,0,0,0.9421734447382597,0.5702998883717086,0.1778837202369258,0.12155928338548108,5.617701234255606e-5,60907.2626941612,10248.838471323088,0.4324640678022891,0.0010287945243926207,0.10508288181840028,0.45136921116324796,2.585370856377588e-6,0.2577287369949816,75681590,1609.6247210270494,38456.09247967479
261186,237,9.073993246192369e-4,288.04316846997926,0.003044426219670754,0.015910227431840458,0.28528393975156524,0.07210609485327946,3.2804592642970016e-4,0.6233272658172144,0.23285853903609824,0.08131424736141803,0.12770383511855465,0.13237458640301125,0.12059565816380599,0.13746138780188163,0.1676917461152302,0.5150150916291502,0.4849849083708498,0.04945501360012874,0.9505449863998713,0,0,0.763924008,0.858442113,0.389833299,0.144152813,1.53320778784016e-4,57473,12176,0.495868021,0.002026168,0.132542407,0.461808826,0,0.38745898356,75232843,1998.1793103820962,317438.15611814347
5169517,20024,0.0038734759939855114,379.8747010600797,0.00838241049974901,0.08762249699920718,0.25378304518321054,0.12530535815120686,5.731655762806539e-4,0.5243335235903458,0.21423163816968296,0.08557213412287218,0.15844558190694147,0.13913076679216294,0.12425498649006173,0.12288162393854617,0.15548326857973255,0.5119846226589009,0.4880153773410991,0.2649602415205179,0.7350397584794821,0,0,0.064398867,0.9994521890000001,0.580431982,0.136770522,0.0021122980355113468,67886,98187,0.476837418,0.002635736,0.0941624,0.425279383,3.86883e-7,1.033572550912,1963768725,2777.4603438311046,98070.75134838193
521882,396,7.587922173978026e-4,117.09904346193201,0.0028009088541718435,0.02123442752325311,0.08878225070619082,0.0511141017511147,1.8089617156113395e-4,0.8358874149937084,0.22080601826974744,0.11168384543989057,0.12046895608421669,0.12261638415319231,0.11655903473205999,0.1309833422890919,0.17688241903180107,0.50459870060085,0.49540129939915,0.06726784231351668,0.9327321576864833,0.18181818181818182,0,0.9813147771455238,0.43232237759801034,0.18924009661752658,0.14001812936355154,2.6123946429847067e-5,60398.76112032988,9042.928761674095,0.4377970732143492,3.3880863421841857e-4,0.10725880152171836,0.44031026183113425,1.916143536048379e-6,0.20751864269286824,61111883,836.3134402252224,14029.357897153352
195963,388,0.0019799656057521062,192.3155187458857,7.389493483810291e-4,0.021362353889560662,0.1276522080633326,0.05189181368141465,1.653592947426079e-4,0.7981893157225685,0.2201652520016187,0.07926563772622261,0.12184901929647521,0.12884123821183605,0.12192585686697367,0.1390094100411337,0.18894358585574003,0.5171014819406097,0.4828985180593903,0.027922773119144338,0.9720772268808556,0,0,0.905858747,0.811157006,0.20148191199999999,0.139908114,8.714420508752906e-5,61743,19393,0.47186847800000004,0.001272401,0.085468505,0.4692314369999999,5.103e-6,0.27250418817,37686726,1374.5844558085153,97130.737113402065
926005,480,5.183557324204513e-4,83.96120323324388,0.003588286319715399,0.13351434345644986,0.053076545168750905,0.09872460814385974,3.0434321707878387e-4,0.7107918736941453,0.22385666202576832,0.08294626227941802,0.1231721744532026,0.13565299165393205,0.12900007872631605,0.1369891821414205,0.16838264871994246,0.5050379450058937,0.49496205499410634,0.1574450830023413,0.8425549169976587,0,0,0.098440354,0.998121939,0.338301629,0.061600724999999995,0.001090586699546838,94930,46916,0.440247245,0.001123974,0.046805141,0.390085367,0,0.86566281018,77748494,1362.9905043040303,161976.02916666667
393715,266,6.75615610276469e-4,93.84658953811767,0.001735298960127325,0.005336566982801201,0.017439231868869937,0.031624778187501146,2.796340191771442e-4,0.9435844899815232,0.2120075875688598,0.08620985344558778,0.11646658351522711,0.1209229809791082,0.11953019436648997,0.1441066417212348,0.20075615840349237,0.49537729965700034,0.5046227003429997,0.02415289470948966,0.9758471052905103,0.1111111111111111,0,0.9906691150115998,0.31159374043523563,0.05678473016421776,0.13043033287239247,1.594343058070016e-5,54981.93487421104,2925.2890974435822,0.41419623745549444,0.0018939152555724798,0.12955417262326177,0.4681279605092135,0,0.17351091977614727,36948810,719.5150657932708,7716.961152882205
104688,140,0.0013373070456976922,231.0963529726425,2.6556767549597223e-4,0.014035743441953791,0.1726583324317147,0.05374302884851823,6.786729484897068e-4,0.7586186546538276,0.22647210768975837,0.08412043941476348,0.11917224707820374,0.11514655281652386,0.11392812234991373,0.13563567954303984,0.20552485110779697,0.5203867785673207,0.47961322143267926,0.027497538770457446,0.9725024612295425,0,0,0.9050823809999999,0.829698648,0.242797646,0.151778468,6.96210055655486e-5,53725,8822,0.457419933,9.13034e-5,0.130132634,0.481086657,9.55219e-6,0.27113459184,24193015,1522.5898377933456,172807.25
531756,563,0.0010587562716734744,104.95406539841582,0.011714338010437546,0.04562966798958924,0.0588328519323747,0.17104094214706317,0.0015692034339439016,0.7112129964865914,0.24388051083420365,0.08989395404352282,0.1188555639734391,0.13270373592561088,0.13569929683760998,0.12903775840588105,0.14992917997973249,0.49915616637957594,0.5008438336204241,0.33061420624417504,0.669385793755825,0,0,0.605109748,0.959775189,0.432999346,0.084692371,3.953148894826489e-4,83374,22906,0.49444532399999996,8.41376e-4,0.039387008,0.355992222,0,0.5690799536400001,55809954,1239.2387196057578,99129.58081705151
643029,334,5.194166981582479e-4,128.0878700649582,0.0020465461336266716,0.011329551486623903,0.050348232615549916,0.06756799969301808,4.71664929234272e-4,0.8682360051419472,0.21416968714379334,0.07889579431560181,0.11372989325059245,0.11957362354760862,0.11861700971211514,0.14248110842969355,0.21253288360059508,0.49719382921958327,0.5028061707804168,0.0969347980706217,0.9030652019293783,0.06666666666666667,0,0.9775375967831523,0.4142346515950024,0.1692396453581518,0.12737337024618797,2.7147098396915534e-5,56748.88962395164,6177.879599520395,0.4288839452010034,0.0012005266040055133,0.1137474334911441,0.47414035753482814,1.5551393525797438e-6,0.23513266079375997,82364215,1005.6094913512081,16439.963073852294
217700,143,6.568672485071199e-4,160.17323840146992,0.002031098481741824,0.00915200432271791,0.03987900249424683,0.04044346454261689,0.0012495356455371315,0.9072448945131394,0.2104715919611446,0.0991515807565032,0.1152321402289355,0.11649028851951554,0.11332830074017101,0.1387998689626686,0.20652622883106153,0.4987964505975017,0.5012035494024982,0.043061905643625935,0.9569380943563741,0,0,0.9910839382842528,0.31571408980921295,0.10909049153341295,0.1388573646845246,1.4176167618803799e-5,52655.4574552136,4817.031171336702,0.4185347354780615,7.2296591796209e-4,0.14794725258893038,0.47338998605061555,4.593491313734497e-6,0.2001121580954375,34869714,1153.5091333857133,22167.65034965035
572948,261,4.5553872253677473e-4,216.73796225835503,0.0018432067112183362,0.009644853885778841,0.05109268104596125,0.04204601350243509,3.3873202513103344e-4,0.8950345128294754,0.21123057177487448,0.08554042016911727,0.1186444913718777,0.12390329933970365,0.11986012213429774,0.1406793608745401,0.20014173433558907,0.49097202264179235,0.5090279773582076,0.028728871498367555,0.9712711285016324,0.4074074074074074,0.1111111111111111,0.9861878024252778,0.29890059814937003,0.11509421447986029,0.14975644236940525,2.0340821151608778e-5,53055.30271158988,3228.6129666217525,0.4480232804385476,0.0011284329623071708,0.1416686265952484,0.4749610785270775,1.7453583480525283e-6,0.19009542919693775,124179582,1447.2697055912026,17621.62366964666
5739556,4584,7.986680502812413e-4,87.70561764707932,0.0022842218305564,0.023720210020969357,0.06372762401676986,0.06125435585454839,3.8900595249515636e-4,0.8486245823246609,0.2315817141643821,0.0967295840874805,0.12505321125424448,0.12506091682605786,0.12217732061856906,0.12965600615075865,0.16974124689850734,0.5023436924757659,0.497656307524234,0.07524696357661821,0.9247530364233818,0.17582417582417584,0,0.9415494792506667,0.41573327080195427,0.17521895413717664,0.1239682994454266,6.254861116583418e-5,61045.61692507225,10720.082906587199,0.4366803102205882,0.0010497523824494885,0.10243367417167586,0.43191651056279734,5.226885015112668e-7,0.2286272952229212,503391304,707.4842362074115,1206.7566691598106
957337,1701,0.0017768037796512617,244.42369301510337,0.004615654826255668,0.04164889386830275,0.29305644495305255,0.0861472536799238,1.4727331636599274e-4,0.5743844793560993,0.250714637042586,0.09413555157220149,0.1660365787150322,0.1335059300983102,0.11219235621338064,0.11476381477266413,0.1286511315858254,0.5156180864396978,0.4843819135603022,0.13374156995828454,0.8662584300417154,1,0,0.106465777,0.991205512,0.457269488,0.164196686,9.320921418624267e-4,51219,36564,0.506289621,0.001286753,0.11070115900000001,0.443637925,1.04456e-6,0.901952182539,233995845,1488.6030831042676,137563.69488536156
515416,691,0.001340664628183836,66.0685155292036,0.008273876730647577,0.04454040246314491,0.08338738479032039,0.1152056758033648,8.127737606201103e-4,0.7477798864519022,0.25186067338655893,0.09399782778529372,0.14030220460738171,0.12773765743792992,0.11090489891579809,0.12068748690002096,0.15450925096701665,0.5031725767420591,0.496827423257941,0.16133648367980793,0.8386635163201921,0,0,0.780893607,0.9258014140000002,0.324559191,0.133521436,1.9961490290885936e-4,57540,17821,0.445413924,0.001700783,0.096619803,0.428077514,1.94018e-6,0.416649924416,34052770,494.8157951896473,49280.41968162084
177293,537,0.0030288843891185776,180.9403755365412,0.00660910915329249,0.015266277064684522,0.080027307450108,0.09888357256778309,9.122100790385895e-4,0.7983015236850933,0.23296413650001402,0.08553402686257466,0.1202983484283431,0.12504276140537812,0.11367523764125284,0.13282673919748758,0.18965874996494966,0.5132994980792418,0.4867005019207582,0.13596164091635587,0.8640383590836441,0,0,0.845903039,0.831685382,0.269542509,0.110957253,1.2582715886986346e-4,58652,15325,0.447962248,0.003193443,0.089409181,0.451941137,0,0.39257279817999996,32079462,1630.7214773651722,59738.290502793294
597574,250,4.183582284369802e-4,48.04915039810969,0.002728633042865945,0.05270264210730852,0.049796307460311925,0.07564275666671649,3.836361734035504e-4,0.8187460245493936,0.23813365779388512,0.07962567749575447,0.13472974995282744,0.1442065573130502,0.1264290036501812,0.12190856979263587,0.1549667840016657,0.5057274010839932,0.4942725989160068,0.09064291337814186,0.9093570866218581,0,0,0.531254425,0.959626998,0.206702434,0.048752013,4.8714754661132657e-4,91650,31070,0.399957042,5.779130000000001e-4,0.04574012599999999,0.409649684,0,0.44971447245800006,28712923,985.5829009175415,114851.692
1529400,1089,7.120439387995292e-4,93.38227474826729,0.014577988014779926,0.014515853435333098,0.030179170462841833,0.08737540159537287,0.0010772245023661794,0.8522743619893061,0.23306459754532213,0.11683385625148321,0.11998578746491116,0.12131198481199203,0.107271861933875,0.12669281912975755,0.17483909286265892,0.4931343228789037,0.5068656771210963,0.11381238142563264,0.8861876185743673,0.30392156862745096,0.00980392156862745,0.9952178523069375,0.22432548003422237,0.1970923237510723,0.1294559107863221,7.34640261166047e-6,55697.71504119263,4192.308362756637,0.41377863534602854,0.0011824461096858264,0.13594658634618254,0.4553746566598189,3.923104158101217e-6,0.1287115779540376,142818851,721.3442335777362,1285.7528133383748
3371333,2678,7.943445515468213e-4,117.6720169737015,0.0018278574253407318,0.009633559236850983,0.041026661915799886,0.043967966657696984,9.989280881548845e-4,0.9025450266761565,0.22915054197996548,0.08822901045685627,0.12508224139714688,0.12380623589807313,0.12631223567358524,0.13434602959781797,0.17307370499655503,0.5024750814061616,0.4975249185938384,0.03567159240738629,0.9643284075926137,0.711864406779661,0.3474576271186441,0.9738566257689775,0.25289856162247215,0.10620813783298565,0.1737722316220062,3.353056994894702e-5,52104.31262767576,6791.679109420517,0.4241894602563277,0.0010249892330081503,0.13548929956494093,0.44628311708117024,8.898563594845125e-7,0.19314924311754392,396711554,677.1623744216204,1255.4004189820382
768419,1728,0.002248773130284389,252.49876174326766,9.226313340803502e-4,0.029652637166053982,0.22374727240559084,0.07963330646693795,4.2199899087197836e-4,0.6656221536364649,0.22265986786589007,0.083520283203326,0.14633543952085948,0.12978651696955976,0.11910722003828185,0.12977365344639513,0.16881701895568774,0.5136842159425361,0.48631578405746395,0.07830412456006751,0.9216958754399325,0,0,0.257936024,0.983672406,0.333830892,0.137164915,7.7905747544812e-4,58196,31135,0.432520353,7.42705e-4,0.088604496,0.451800385,1.30137e-6,0.87448387457,194024846,1840.8407262401445,112282.89699074074
322200,825,0.0025605214152700185,195.0790782122905,0.002404164206028805,0.043194279057309465,0.14917112808547853,0.08041203179305471,1.5489917032131896e-4,0.7246634976878071,0.21095409221417405,0.1365150939518314,0.14970322805662645,0.13134260499124945,0.1155293003905058,0.11210381101263694,0.14385186938297595,0.5075018217375328,0.4924981782624672,0.09208649672087243,0.9079135032791276,0,0,0.71120701099999994,0.9707257339999998,0.296800124,0.158020471,4.382590260031295e-4,58954,30278,0.47052438699999993,3.74257e-4,0.08323472,0.443243327,3.10366e-6,0.569372508,62854479,1234.5177620201532,76187.24727272727
656517,441,6.717267031927581e-4,148.08530167535648,0.003405373730289978,0.014771361375543541,0.26849539658546523,0.06278144481983583,0.0010961639001953825,0.64945025958867,0.24981410094862963,0.08194025717850353,0.13447268450675304,0.13049802278080092,0.1157536612001456,0.13101449545908508,0.15650677792608217,0.5106499155287155,0.4893500844712844,0.05271288163752952,0.9472871183624705,0.75,0.75,0.9467837270360552,0.49430924079481353,0.3537273216836289,0.19892321656702874,4.564520319859437e-5,50051.52482266263,7470.610351293264,0.501453396862922,0.0013273999479006097,0.14262283092568745,0.43740375321808267,1.5231896046560866e-6,0.16324572784277985,97220518,744.4344819623302,27556.836167800455
474110,292,6.158908270232647e-4,150.62571133281307,0.0034292283905752383,0.012027627643501205,0.40042683652029126,0.04941656865724895,4.1626471793109826e-4,0.5342834740704523,0.23803616896259058,0.08042044786838154,0.13196013144436464,0.1295271049596309,0.11408674457574372,0.1281517268394594,0.17781767534982917,0.5153359012861526,0.48466409871384736,0.04641248286217928,0.9535875171378208,0.8571428571428571,0.7142857142857143,0.9592369283941784,0.3561538999315291,0.4701735886805109,0.22247604400426907,3.558658499002054e-5,43734.057543608025,8526.72076100483,0.571102440027329,8.37373875818492e-4,0.16128009719934008,0.4724283392032313,2.109217612284069e-6,0.19724983933913046,71413156,677.0423845271301,34937.94324853229
826152,1454,0.0017599666889385973,261.16164458840507,0.005367441329298236,0.037084140093333266,0.41560425242547094,0.09182269794386508,2.089356997139787e-4,0.4499125325083185,0.21200614951534844,0.08098634664120448,0.14555007365318565,0.1391977182972818,0.11662805697825283,0.13217129096533292,0.1734603639493939,0.5207162725922334,0.47928372740776654,0.1340933237190468,0.8659066762809532,0.5,0.5,0.6174729924550432,0.9883980614493463,0.5811606097823402,0.1888819203906969,6.781547908798839e-4,49347.10103830772,36332.8560337565,0.5605024879353859,0.001204730521005402,0.1454696416019448,0.46067551762442627,1.2104292697711802e-6,0.593137412577228,215759215,1382.6714809347532,74195.05330123796
348850,142,4.0705174143614736e-4,201.04593378242797,0.0027742815340900794,0.0075489660690766895,0.3700891566476166,0.03563053578677164,3.767182293659161e-4,0.583580341733079,0.23338599171853375,0.11281555465393657,0.12792246844093771,0.12085531029600918,0.11190338481194051,0.12341916937871739,0.1696981206999249,0.5106913787001148,0.48930862129988517,0.03261079122820648,0.9673892087717936,0.9166666666666666,0.75,0.9803248066836067,0.2749282153794785,0.42274616603055754,0.25879612324271467,1.913053291677894e-5,40879.37661745736,4731.806796617458,0.5748800994334958,0.005227861476014836,0.20372071818374143,0.4648788877454322,2.866560799770675e-6,0.16465554029632345,70134874,776.8506392728107,41158.96361502347
589276,209,0.00035467251338931164,36.51534764694303,0.004578900493615537,0.009582145978031342,0.17479826840407706,0.06895019061979528,0.00159171302873302,0.7404987814757478,0.24379968295286028,0.08262360632048814,0.12662750590133268,0.1353207339261884,0.12030800750223929,0.12777230670764195,0.16354815668924927,0.5089480864176148,0.49105191358238526,0.06539715845263841,0.9346028415473616,0.6,0.4,0.9096236579002145,0.48697863459712115,0.24824360736367848,0.1438201080305307,6.765943995777736e-5,62012.11313713778,4980.257700975434,0.5106667386301157,0.0015117214297716566,0.128495146774014,0.4166451712845101,0,0.20128187517337312,21517618,253.89598260621116,20591.022009569377
300729,148,4.92137439355699e-4,91.52807677344055,0.00649840220233237,0.011530427324415178,0.2614474248481746,0.05107073194350298,9.51070040256201e-4,0.6685019436413187,0.2412343891897059,0.08809310836923791,0.13819792015185758,0.13202870545499237,0.11322745181047844,0.12329894232279298,0.16391948270093476,0.49323673806613727,0.5067632619338628,0.052030344205991,0.947969655794009,0.75,0.5,0.9851541611112531,0.3205444566415213,0.3486294969479565,0.19520215060210025,1.6347777210575423e-5,45645.36025458137,3535.4534813735954,0.5223815248730219,6.954933375431838e-4,0.20712994105757349,0.4578906589771256,3.3252515225335764e-6,0.16508154592445662,27525147,468.88866998197796,23247.59037162162
1468982,783,5.330221881547902e-4,129.05279234190752,0.009939642419316106,0.01743585650564544,0.31950660950864684,0.06196996333457255,3.4095977024772443e-4,0.5908069684615713,0.2375933191484128,0.10379385128791699,0.1339491064729974,0.1307766312316966,0.1147215696885467,0.12531789664139892,0.15384762552903058,0.5067569691279827,0.4932430308720173,0.06229817577549015,0.9377018242245099,0.6363636363636364,0.09090909090909091,0.9505822821203691,0.46446004417836506,0.41532639616004413,0.16812774661284208,3.9010053423254286e-5,55960.095278907436,11089.194236552932,0.5126990796317518,0.0014240819552018334,0.15239272384085784,0.43399919120852126,1.3614870735107713e-6,0.16471389351892285,189576229,767.5877119740692,11005.237954255195
242147,570,0.0023539420269505715,116.56732893655507,0.004633010684132228,0.01582719913445005,0.03215672636642903,0.06952993682258159,0,0.8778531269924071,0.14975690528547128,0.06417021533401478,0.09282483979134214,0.09854671228071499,0.10976414720714536,0.17625781241159763,0.3086793676897138,0.5158473614133817,0.4841526385866183,0.042116300735884855,0.9578836992641151,0,0,0.42462012434705904,0.9061291465569273,0.1274969334232966,0.06761342023395293,1.719911432704527e-4,78536.84921555914,5404.363035676676,0.5581071415961296,0.00091316633006321805,0.45293228872713653,0.8036110299613417,1.651888835583344e-5,0.43186370444040745,28226429,1724.026510317242,16506.683625730995
466647,3018,0.00646741541250667,445.6292700906681,0.0028867458987938107,0.02766523067173342,0.09386234485779456,0.1479859180853815,2.3764978343581008e-4,0.7273621107028608,0.21075805925423408,0.09814131052407568,0.1329450171004617,0.12219646410415402,0.12079213054684748,0.13688579311358035,0.1782812253566467,0.5138715747764409,0.4861284252235591,0.2657452798188626,0.7342547201811375,0,0,0.696162259,0.904726024,0.379826721,0.157275365,2.9201298757215586e-4,57623,23533,0.531448935,0.002194003,0.068250453,0.41511678,0,0.48177102927,207951562,2833.433386663373,68903.76474486415
563301,1702,0.0030214751970971117,248.18597694660582,0.0023654479693059763,0.025103797542572567,0.04671347480825397,0.09279665209409023,3.371358840838882e-4,0.8326834917016934,0.20726061310153587,0.08530935142349369,0.12939720211051872,0.1277047071759019,0.13326452710412215,0.14283516240344654,0.17422843668098112,0.5117281773610218,0.4882718226389782,0.09819582460289471,0.9018041753971053,0,0,0.49357074999999995,0.895561119,0.198598973,0.106559559,3.932157153432095e-4,71450,17604,0.470189667,8.3044e-4,0.066420101,0.419035294,1.77525e-6,0.48604032474299996,139803409,2329.082245419257,82140.6633372503
826655,1927,0.0023310812854213667,278.7207275102673,0.0027878676265687056,0.05421257581521805,0.05305671935465892,0.1008987571514075,3.440914410888798e-4,0.788699988611058,0.20816582797935157,0.0927113120659561,0.1297675195900026,0.12765300627622833,0.13222091209566605,0.14385305641178,0.16562836558101535,0.5037497214691573,0.49625027853084264,0.13318300404798158,0.8668169959520184,0,0,0.759347688,0.788241885,0.243271982,0.096659315,2.1127945261715684e-4,77155,18987,0.476708059,0.0015314519999999998,0.066715597,0.40710211600000007,1.20969e-6,0.37959170945000004,230405883,2883.537168769169,119567.14218993254
357817,961,0.00268573041526814,168.82609266748085,0.0014533005143994508,0.0331990131342752,0.022595089222886323,0.06464889580754395,3.532726546860325e-4,0.877750428666209,0.15848623595189615,0.1386388948262479,0.10595842098750155,0.1111304856509658,0.11492445804412145,0.14932332857094643,0.22153817596832076,0.5188433024715663,0.4811566975284337,0.062227897087444174,0.9377721029125559,0,0,0.9274592995463046,0.6026810739546243,0.13862672823472053,0.10281538226490078,6.415864618322083e-5,67094.49137967173,8386.452133353083,0.5168309269705185,8.873967886137272e-4,0.13285790222810928,0.4679123685858022,0,0.27291979273584593,60408846,1642.0314640518036,20953.46722164412
518597,1885,0.0036348069888564724,220.3116928944826,0.001654758016089881,0.01726346838062564,0.09118772897176153,0.07810223118495148,3.9119574848460546e-4,0.8114006176980869,0.20948167756806402,0.08328617437096839,0.11098932296024171,0.12032585746274128,0.13323268576714314,0.15058593052309788,0.1920983513477436,0.5108359074919767,0.4891640925080233,0.04704365008488613,0.9529563499151139,0,0,0.507037581,0.875349225,0.200178559,0.066531726,3.0406882155979513e-4,92906,14434,0.511883089,0.0013396019999999999,0.085078056,0.401190134,0,0.349275598097,114252983,3311.3779867139265,60611.66206896552
3897839,19297,0.004950691909029593,699.6892911687733,0.002442903492588587,0.10830882263367411,0.08581808436192546,0.10441327949777543,4.6021009944598824e-4,0.6985566999145905,0.19409474439820915,0.09984922016649792,0.1561229160454026,0.1342471397299273,0.12482568621842857,0.13018654940249427,0.1606737440390402,0.5117687520987506,0.4882312479012494,0.14016352093264034,0.8598364790673597,0.25,0,0.28226736915163075,0.9646782538067684,0.3421062288080675,0.09686753321788559,8.527979138428962e-4,94763.68666586794,82143.82853268183,0.4832309808377673,0.001975771546803743,0.0549242218499991,0.404492078715097,2.5655302765968527e-7,0.7680224736301408,2727276207,7223.155869933754,35332.90416904182
602274,1600,0.002656598159641625,856.1648435761796,0.0037948738394735747,0.026495250970918652,0.6280117506981734,0.05465234497469178,4.1319543237821157e-4,0.2866325840843644,0.20875859547846215,0.09078245924673377,0.1822475324544823,0.13715343048165865,0.10725355297101663,0.12452853724837273,0.1492758921192738,0.5340691934933376,0.4659308065066624,0.07869118301850507,0.9213088169814949,1,0,0,1,0.727006313,0.200337405,0.002872768541640462,52164,79535,0.503772432,0.001356707,0.174993876,0.488043648,0,2.6912734144799995,515645825,4273.614523339661,322278.640625
575421,254,4.414159372007626e-4,111.20606651477787,0.006020327688722298,0.042581811415051705,0.1853665452676538,0.08341264144757246,4.448343390842793e-4,0.6821738398419155,0.22656429799504516,0.07723171375580436,0.1380386370097608,0.1421135283685543,0.12699683214425928,0.13348484438247118,0.15557014634410496,0.5050123871282169,0.49498761287178306,0.10020205233730894,0.89979794766269106,0,0,0.460200956,0.92517607,0.329417939,0.057195869,5.356023328158065e-4,103225,24503,0.466201931,0.001121423,0.05835726599999999,0.393329406,1.73786e-6,0.5574488759070001,63990306,1944.3024200712443,251930.33858267716
322407,130,4.0321705173895105e-4,83.30199716507396,0.0028540672008735926,0.19499483475881582,0.20680508892590904,0.0882248012235262,4.467235618758667e-4,0.5066744843289995,0.24039878292744282,0.07876831298889542,0.11878436493010218,0.1458151151786677,0.13843601384779405,0.12997580229758382,0.147821607829514,0.5070197295128116,0.4929802704871884,0.08421579079768565,0.9157842092023144,0,0,0.559554477,0.8812248549999999,0.49317787799999996,0.051142056,4.960434493363553e-4,124042,33163,0.44029454700000004,0.001554222,0.036223248,0.374787148,0,0.48640254462,26857147,1628.835515824275,206593.43846153846
828193,565,6.8220813264541e-4,108.93052344079219,0.002668304949833673,0.06226694995313096,0.31394942044514007,0.06068230105647323,5.046497255510007e-4,0.559928373869871,0.21943040492663485,0.08838304774325377,0.13130042161711705,0.12860616818073745,0.12108838893296264,0.1336239062319765,0.17756766236731772,0.5243177265162091,0.47568227348379094,0.07421026241016213,0.9257897375898378,0,0,0.592533743,0.928708596,0.43850406799999997,0.092789338,5.344074822656198e-4,78724,33039,0.500201702,9.89386e-4,0.065859944,0.407610303,0,0.493676737177,90215497,1173.9551740394159,159673.4460176991
168233,134,7.965143580629246e-4,22.131728020067406,0.0018220148447491518,0.023569397158357618,0.04050479154865422,0.04619858793849532,2.2775185559364397e-4,0.8876774566541501,0.22009201574134626,0.08324441537879049,0.11118186303193014,0.1266363771956998,0.13187393155038493,0.15104578987826844,0.1759256072235799,0.5025986989295426,0.49740130107045744,0.04780343969068025,0.9521965603093198,0,0,0.867029829,0.577612484,0.116629912,0.047629461,1.451090265677512e-4,99569,10087,0.443117978,1.30589e-4,0.039299324,0.379039784,0,0.33623552079,3723287,464.6646750856031,27785.723880597016
171960,129,7.501744591765527e-4,75.5884566178181,0.00361469381940776,0.01119427347028413,0.13762546073991416,0.06758112286991257,5.9354578315398355e-6,0.7799785136426498,0.20556395559413823,0.07362841423241213,0.10850805732978423,0.10933592425017678,0.12085707222563973,0.15431669359150516,0.2277898827763437,0.5147377559057381,0.48526224409426183,0.069121138776941607,0.9308788612230584,0,0,0.9746581893584626,0.37273649578197376,0.23427541308847985,0.10456318643634566,3.7354194342593486e-5,71962.10147127238,5418.172795999069,0.5242754576572923,9.729239997330252e-4,0.1574829808313116,0.4809316118340022,0,0.22888278581396923,12998191,722.8974096331089,20152.234108527133
180888,275,0.0015202777409225599,119.8791462120207,0.0011617791497123614,0.0201824049389645,0.24590992002244985,0.06863476918759646,1.5153641083204714e-4,0.6639595902904448,0.20294264640462212,0.11868344308302349,0.1182715384911111,0.11084627171423707,0.1122357632042882,0.13839994288256324,0.19862039422015476,0.5097182023385197,0.49028179766148033,0.05711194468395934,0.9428880553160407,0.3333333333333333,0,0.9361384896556321,0.5841663859332185,0.342886206045531,0.14536882652499336,6.0074347085770635e-5,59625.150391402414,7164.398141391358,0.5274912734528105,0.0013091769945745573,0.3722478329204234,0.610394277517989,5.52828426938216e-6,0.21664557320928074,21684699,824.6551140137999,26284.483636363635
1230036,1188,9.658253904763763e-4,84.4764901189884,0.002262973391411771,0.03024972123954147,0.1674239324878268,0.07912224548568494,4.436101685397765e-4,0.7204975172269953,0.2262517080237724,0.08249000272029489,0.12484899227577362,0.13303339534351366,0.13173125995122284,0.14068549863318902,0.16095914305223358,0.5031659685621713,0.4968340314378287,0.07196787073033255,0.9280321292696675,0,0,0.8918850576665165,0.5632445277115672,0.27905199536015285,0.0820502170149955,1.1865067479612345e-4,89773.94392684441,10577.662116393341,0.4653591552561527,4.79503412380994e-4,0.08977037585660498,0.40584747109763536,8.129844945595088e-7,0.32035230456941266,103909124,1029.5705872849728,9718.399176954732
910551,650,7.13853479925891e-4,128.69951271263224,0.00667175297890421,0.04698015717945378,0.7083917949099661,0.08143061835910605,5.446075786052339e-4,0.15598106899396466,0.2223519858013529,0.09065974315183176,0.1398851383028598,0.13622245663384905,0.13273035128256647,0.1336795090750787,0.14447081575246132,0.5160101048154846,0.48398989518451546,0.2173477161610073,0.7826522838389927,0,0,0.392615933,0.975654492,0.876684557,0.085942465,7.284172464826515e-4,86994,39435,0.507064991,0.002902095,0.056138179,0.367257847,0,0.580441661562,117187470,1497.5078119138454,180288.4153846154
1047661,1144,0.0010919562721147394,327.47936593993666,0.005565722554422999,0.1709009852531228,0.20945885557423446,0.11419253931436597,4.894345966420531e-4,0.4993924627072117,0.22948772014758137,0.07732231705033916,0.12079868682074082,0.13940237484232962,0.13589249479474955,0.1315495855656183,0.16554682077864116,0.5127989591390204,0.48720104086097965,0.20633688418719612,0.7936631158128039,0,0,0.464282844,0.97320587,0.568989396,0.065855847,8.202489580908067e-4,111812,51575,0.503515546,0.001998257,0.045201357,0.372711211,0,0.598150523679,343087360,4972.669563265001,299901.53846153844
1340825,2702,0.00201517722297839,410.1221986463558,0.0045598538390284596,0.01119894838964854,0.016921246930305226,0.047308574967082344,2.0178285386754125e-4,0.9198095930200679,0.18286772179468563,0.07905328880499492,0.12068752722520691,0.1199012632496007,0.12481051255989546,0.15403513866705387,0.2186445476985625,0.5075047190358647,0.4924952809641353,0.020770291854218092,0.9792297081457819,0.3125,0,0.9869026535661808,0.17140128204468794,0.07362034575405665,0.1107855329717987,1.6783773287966516e-5,60575.66177167043,6694.2312673167635,0.4569744566839058,0.0011215176225617518,0.23733752196581673,0.5569653013129021,4.4748566410530826e-6,0.12887899308243475,549902097,3701.9472456819385,12719.79313934123
2443584,1937,7.926881171263193e-4,87.47622672271548,0.009026735113917233,0.007228800556099594,0.02542063679662914,0.05434778132569465,2.161968948360651e-4,0.9037598493128233,0.20324079307212578,0.08500657477968186,0.11340783394960881,0.11436863817893647,0.12001432870970864,0.1515354570508718,0.21242637425906666,0.4928628875846854,0.5071371124153147,0.044970354533914396,0.9550296454660856,0.45901639344262296,0,0.9844491964513549,0.25440238072403887,0.11096283169593721,0.1369226035650397,2.170954200210878e-5,53931.015958117256,3828.49623667531,0.4652534382675611,8.69178198228299e-4,0.23966244597958325,0.5357634523632496,3.2738791218554386e-6,0.15378297545086675,213755508,638.8735274169932,1809.0803591831207
1753059,1949,0.0011117709101633201,391.7460034146027,0.0033865561663326106,0.035942950936390605,0.3828188369287107,0.06391784137048553,1.7335735212009083e-4,0.5137604572459604,0.23744494062636187,0.08351322355190959,0.14412885119635216,0.11958898773063203,0.12394976341312021,0.1298947381476823,0.16147949533394182,0.5158152113552682,0.4841847886447318,0.06714974401936669,0.9328502559806333,1,0,0.128355654,0.991031808,0.507891064,0.21332800699999996,0.0011062454028981077,49359,31827,0.531039489,9.34004e-4,0.147365373,0.464875398,5.70431e-7,1.2283684413,686753857,1836.355239631535,352362.1636736788
870893,436,5.006355545399951e-4,91.20248526512442,0.002398768517112366,0.04797306936525249,0.12583122793938306,0.05379108969668521,7.501185003152338e-4,0.7692557259812517,0.2082588899118529,0.07845387090599164,0.13783807188499858,0.1211988277439997,0.13208162037501253,0.1438030409378048,0.17836567824033983,0.5102652160834252,0.48973478391657477,0.030771720007657037,0.969228279992343,0,0,0.460682397,0.967900075,0.218549236,0.099039248,7.014816338288263e-4,64641,27579,0.482087716,0.001050552,0.04989066699999999,0.422191934,0,0.5891695652160001,79427606,920.8721502522355,182173.40825688074
1255340,357,2.843851068236494e-4,167.9245638631765,0.0015417062666529414,0.08321942103024602,0.13217418088874738,0.0663771578501337,3.351535362289003e-4,0.7163523804279911,0.20494791298237672,0.07883712412382672,0.1340892906828139,0.1278548825978901,0.13349666036309218,0.14164650623205013,0.17912762301795027,0.5062296921937854,0.4937703078062146,0.04888571352218905,0.9511142864778109,0,0,0.39616223,0.944577623,0.288895439,0.077737386,5.587807287520302e-4,81587,33023,0.423034711,5.76936e-4,0.059961925,0.43183041999999994,0,0.6490233334000001,210802422,2160.1519230808262,590482.974789916
406770,423,0.0010398996976178185,142.7637288885611,0.003150252020161613,0.00955326426114089,0.19584066725338026,0.057487098967917434,2.0501640131210497e-4,0.7337637010960877,0.2237810174541621,0.0823782997225845,0.12750224580350272,0.11704905131815674,0.1254432832533588,0.14035343873967734,0.18349266370855782,0.5154211840519493,0.4845788159480508,0.041285663730830244,0.9587143362691698,1,0,0.640168377,0.818008375,0.282892052,0.18041709,2.4657596819331135e-4,50269,9817,0.512604151,9.96594e-5,0.114246844,0.473444453,2.45839e-6,0.467988885,58072002,791.2982572136658,137286.05673758866
652617,1089,0.0016686663081102698,110.43226731758443,0.0041328805124709,0.03195088925262566,0.09830474927819893,0.10083066028696108,1.5551317777826647e-4,0.7646253074919651,0.2372230755687234,0.09323906721469725,0.15741662669767045,0.1329146201528738,0.11403306397265514,0.12024697804032518,0.14492656835305476,0.5034575711397539,0.49654242886024613,0.11512436934995234,0.8848756306500477,0,0,0.713220585,0.838113664,0.270821937,0.11106712800000001,2.9681677270127963e-4,65722,28440,0.475844922,7.35309e-4,0.047916302,0.393975333,1.53229e-6,0.46188576604799997,72069975,994.2839911876034,66179.95867768595
264322,664,0.0025120875296040434,185.57843841980613,0.0031418102440165276,0.02752007484212988,0.11240352381694863,0.07417946519061355,2.1439151789194667e-4,0.7825407343883994,0.21520672284336187,0.14966129507300038,0.13607867287338823,0.12136384673936743,0.10764352406124611,0.11209201451975045,0.15795392388988552,0.5092431446199276,0.49075685538007247,0.05783802598714031,0.9421619740128597,0,0,0.804027604,0.783612948,0.232205416,0.14414432,1.8160744202758074e-4,58836,14831,0.477896341,0.001285027,0.07378425200000001,0.425938817,3.78326e-6,0.33484046638000003,49052464,1287.448845849813,73874.19277108433
290923,648,0.00222739350274815,364.43510482155074,0.004444910975093296,0.06395893886799556,0.12040351683672916,0.09252871274943805,1.8098171722692573e-4,0.718482938853517,0.197351204723153,0.18241228303459037,0.14322642412637626,0.11720298565679131,0.10433487580447849,0.10976366505327731,0.14570856160133328,0.5106891477403684,0.48931085225963156,0.08650603691293016,0.9134939630870699,0,0,0.822535599,0.854324324,0.308603995,0.183784775,2.0199456045756116e-4,55253,24292,0.506357415,0.001020426,0.08333064500000001,0.426270869,0,0.33769178147999995,106022554,1982.945022630687,163615.05246913582
368385,330,8.958019463333198e-4,151.2478874004099,0.0027361063992343317,0.0900184521691642,0.11793115051619185,0.07826312407084088,3.08915238623231e-4,0.7107422516059455,0.18379235275275926,0.1764903880084909,0.1419621383627312,0.1191794654636069,0.11258598131348502,0.11331617778791185,0.15267349631101484,0.5011835154752792,0.4988164845247208,0.056431429393529756,0.9435685706064703,0,0,0.821303903,0.82805205,0.304016179,0.138672811,2.0146401857222128e-4,75730,25029,0.508884246,3.77517e-4,0.05741566900000001,0.411941311,0,0.302381827935,55717453,1090.68162900664,168840.76666666666
191166,383,0.002003494345228754,126.48546289612169,0.0036423198775835685,0.012193150714455052,0.19294058061596156,0.05954869717019763,3.933274424017759e-4,0.7312819241794004,0.2151101950214048,0.09190846149780667,0.12587072564875007,0.11205010306009196,0.1173510913799482,0.13847576766555678,0.19923365572644153,0.5121346651868295,0.48786533481317057,0.09084086464774589,0.9091591353522541,0,0,0.904181531,0.673849698,0.310782252,0.175547674,9.21691129700178e-5,49565,9495,0.53675798,1.01291e-4,0.100342868,0.4592291519999999,5.23106e-6,0.30126423438,24179720,720.519161627409,63132.42819843342
98310,202,0.0020547248499643983,58.57193571355915,0.002645204285641052,0.0034244117496283386,0.02285333470036397,0.06844722407340954,4.203619213615625e-4,0.9022094632695955,0.20695587059692583,0.0896248848952167,0.11506430689212026,0.12127743541483257,0.12690365603149065,0.1412424233225059,0.1989314228469081,0.49276990174352125,0.5072300982564788,0.08753023081671271,0.9124697691832873,0,0,0.968647763,0.431389115,0.13774794,0.112810892,5.063471490723807e-5,57314,5096,0.432309443,2.06756e-4,0.11848999900000001,0.44648560700000006,0,0.20444645909999998,5758207,519.204614688794,28505.97524752475
173018,202,0.001167508582922008,28.974540221248656,0.01085944771951598,0.006329506670803599,0.007124925958311003,0.043719854455194204,3.61041378726765e-4,0.9316052238174485,0.18638571020483607,0.06892283219348803,0.11070222311841509,0.11523359827034778,0.1168467454196143,0.15834607607557147,0.24356281471772726,0.5024449261481071,0.4975550738518929,0.03053217052309657,0.9694678294769035,0.2,0,0.9738520645241711,0.16305674102011009,0.07356460021748604,0.10358906464971854,3.0832163884695635e-5,63354.78289542129,4279.509403645863,0.49535403208369067,0.001393468692005787,0.3089531587007367,0.5973309135844364,5.779759793778682e-6,0.21151331102565668,5013117,279.70655318903283,4963.4821782178215
133943,252,0.0018813973107963836,106.9280962797608,0.004376550186211971,0.026373076252095357,0.10212456101760481,0.08069691062583909,3.0340035952942604e-4,0.7861255015587193,0.23025716121512782,0.08459722367496975,0.12403807360698116,0.1212662313404958,0.12155013971280426,0.1361116507030468,0.18217951974657443,0.5068436860272253,0.4931563139727747,0.05736443375222271,0.9426355662477773,0,0,0.920326321,0.676576577,0.229694721,0.166506567,7.322449974891486e-5,50219,7333,0.485741749,0,0.111103812,0.454588892,0,0.30479667251,14322270,642.1854597468267,56834.40476190476
150000,121,8.066666666666667e-4,100.83496,9.635479397652329e-4,0.004218777465999127,0.022545719698695954,0.054284207579476426,2.994811164135183e-4,0.9176882661996497,0.21082444629389488,0.07678014980548513,0.12015406352217083,0.12023148237753305,0.12849594518745042,0.15018612783143334,0.19332778498203237,0.5011516054735131,0.49884839452648694,0.042315856026735314,0.9576841439732647,0,0,0.875064009,0.622786789,0.090853333,0.112346895,1.0542457194020029e-4,65453,7801,0.493287373,2.96033e-4,0.061087091,0.431733333,0,0.327663,15125244,897.532237094759,125002.01652892563
173679,203,0.0011688229434761832,133.0323988507534,0.006379566927771305,0.006621828963003127,0.12752788897477013,0.07778918588419875,2.941753284957835e-4,0.781387353921761,0.22700680815153554,0.0807227816487815,0.1310084503187401,0.12503278632439643,0.11772286147635393,0.13834688501408388,0.18015942706610863,0.5011460958615106,0.49885390413848946,0.06084571611034451,0.9391542838896555,0,0,0.831096181,0.739864865,0.23921717699999998,0.140912955,1.330740842978593e-4,53478,7729,0.47655869,2.72463e-4,0.111266564,0.428002234,5.75775e-6,0.23811043542000002,23104934,944.075006096873,113817.40886699507
158174,99,6.258930039070897e-4,152.66240975128656,0.0021343574891393314,0.007744128942894919,0.07723352011584714,0.06682616634137127,9.444059686457218e-5,0.8459673865138828,0.21109078764194347,0.08741033916609962,0.12982951175813268,0.11985991372583293,0.12405501070623709,0.14215885184190977,0.18559558515984442,0.48630662912720757,0.5136933708727924,0.03965365479096306,0.96034634520903694,0,0,0.925678851,0.527156629,0.15849633900000001,0.123884688,8.700895400435633e-5,54511,9355,0.47010238899999995,1.92876e-4,0.107617723,0.440774084,0,0.25506664718,24147224,1232.294420043957,243911.35353535353
190832,69,3.615745786870127e-4,2.646254296973254,0.002784150962852208,0.00922894485834343,0.005181614291974943,0.03628676754917378,0,0.9465185223376557,0.2057977995623722,0.07750726390390636,0.11068805952557868,0.12015291350445571,0.13584397083164654,0.16037469957928288,0.18963529309275762,0.4952521996689607,0.5047478003310393,0.0287737710294502,0.9712262289705498,0,0,0.8042330320000001,0.604871406,0.0595288,0.052557028,1.30342958468548e-4,84274,7887,0.435171386,6.30958e-4,0.053427681000000005,0.403601073,0,0.2366412216,504990,50.350151020207115,7318.695652173913
289162,320,0.0011066461014932806,33.781195316120375,0.004903066411739599,0.028450277077036786,0.016215165847175618,0.06478432406735904,1.075690437112014e-4,0.8855395975529777,0.23328109197827296,0.13017139183025578,0.12169891565700201,0.12250262881177708,0.11043688507571647,0.11961930786902154,0.16228977877795414,0.5038544743381087,0.4961455256618913,0.1010568827985292,0.8989431172014708,0,0,0.7509358149999998,0.788011479,0.167584261,0.07942432,1.9812281154035825e-4,72418,11282,0.4659513390000001,3.05968e-4,0.053931324,0.382304729,0,0.29337509034,9768238,425.32558435653425,30525.74375
109730,55,5.012302925362252e-4,68.5877061879158,0.003105155677399502,0.02242612433677418,0.07115748640911591,0.06420119170839511,1.3987187736033793e-4,0.838970169990955,0.2066422018348624,0.08034862385321101,0.12973394495412843,0.12578899082568806,0.11973394495412844,0.14186238532110093,0.19588990825688074,0.5051651376146788,0.4948348623853211,0.06163302752293578,0.9383669724770642,0,0,0.9214182669999998,0.620151134,0.175904493,0.08599092000000001,7.365501032643178e-5,67440,9762,0.373953488,9.99178e-4,0.054777845,0.434220359,0,0.3144082717,7526129,797.6156806778645,136838.70909090908
1255296,3866,0.0030797517079636993,357.9900358162537,0.00622341121801165,0.07400517049545127,0.13818721774985274,0.07982443222724,2.4870737613718176e-4,0.7015110609333072,0.21779994215475887,0.08382437428235255,0.16131965957996788,0.1451285086409284,0.1173990446866309,0.12336482772914872,0.15116364292621265,0.5025175289206504,0.4974824710793496,0.07708469441714615,0.9229153055828538,0,0,0.342061627,0.976119042,0.321239771,0.101508314,8.748511637553209e-4,81169,66982,0.44587231799999993,0.001377721,0.046976854,0.42955844700000007,7.96625e-7,0.7112356500479999,449383460,3526.7065495369543,116239.90170719089
546598,1640,0.0030003768766076713,324.6447791612849,0.005829988777509368,0.1551671009833945,0.12596389781827175,0.08380727749985734,2.758069731611283e-4,0.6289559279478059,0.23224866743320635,0.09379947762646987,0.16044802162964378,0.13468751262770048,0.10759719196676205,0.11744404321520541,0.15377508550101204,0.5090607194942307,0.49093928050576924,0.08244832285769914,0.9175516771423009,0,0,0.012697806000000002,0.999799041,0.391545523,0.134144351,0.0013861650107162536,67238,50633,0.48453074099999993,0.003165038,0.048251407,0.404487393,0,0.6073851635799999,177450187,2420.1151725075993,108201.33353658537
742188,608,8.191994481182665e-4,96.72914948773087,0.0034882508507350918,0.027469975449538848,0.03634497392613737,0.05168731947692487,6.012357832788746e-4,0.880408244513385,0.22607508297830997,0.1038064936558439,0.11969629475904897,0.12609795075628896,0.1100534947384283,0.13111564354289296,0.1831550395691869,0.49884405365071516,0.5011559463492848,0.0672537384851485,0.9327462615148515,0,0,0.9843861138335063,0.40413888016369387,0.1403620105968299,0.09894391177417178,2.4112652301417293e-5,67488.02270044787,8171.774178510027,0.44276265012095584,5.062345264792327e-4,0.07678276218899376,0.4335882552131064,1.34736711329205e-6,0.20288529898963584,71791214,977.6159821587017,5903.882730263158
1754399,758,4.3205678981805167e-4,57.51277959004764,0.004738750781618931,0.05664448371199688,0.06912317520679241,0.07080064422973899,2.23927091606589e-4,0.7984690189782462,0.24500640576091798,0.07783245680350889,0.12422307583742606,0.14120627425409263,0.12781544406528952,0.13395206455869177,0.14996427872007317,0.5014458092319541,0.4985541907680458,0.07733137422444342,0.9226686257755565,0.25,0,0.7817621527086287,0.8627357290500597,0.21282273879786923,0.05588715508400427,2.136609905700835e-4,90523.35435496714,18867.313466320946,0.4586025566856587,9.326887592644267e-4,0.03190155170646661,0.3854163159916883,0,0.511311363170072,100900363,1029.087623150613,16639.241919525066
125043,113,9.03689130938957e-4,77.88668697967898,0.026380696194953743,0.0041426872390865335,0.01051236819629473,0.05434183954470351,2.6340785913266974e-4,0.9043590009658288,0.19666407452666995,0.0643379727349193,0.09836377775309073,0.11676532668899081,0.11624160860802082,0.15845645998317753,0.24917077970513085,0.48619288695624574,0.5138071130437543,0.016267000999825428,0.9837329990001745,0.16666666666666666,0,0.9977306625352289,0.21802338905390184,0.09481538367287251,0.11406014126860359,4.017790898268498e-6,58510.34080276385,1663.7189046967842,0.4858372127680638,6.24257362667097e-4,0.3414834502064341,0.6620122677155459,7.99724982206121e-6,0.11690055757442629,9739185,682.8563082020154,14364.579646017699
751895,881,0.0011717061557797298,62.68462085796554,0.009008867469753327,0.01327960220109112,0.03163250209805408,0.04817079796753875,2.762492422784409e-4,0.8976319810212843,0.24054612355561295,0.08669808275773029,0.11722161254922213,0.13012200632625395,0.12025821444709832,0.13671680330514493,0.16843715705893744,0.4905958298366794,0.5094041701633206,0.03295461881092247,0.9670453811890776,0.15384615384615385,0,0.98358852220905435,0.2413156993640411,0.10247175480895736,0.0875532729849088,2.571106487173292e-5,71767.43904933534,5335.658506839386,0.42057529712662006,0.001227307905177451,0.16921705245128899,0.4579455908188537,2.659944742949481e-6,0.1722130120774586,47132253,715.9597662187939,4115.275735615122
171047,260,0.0015200500447245494,78.76336328611434,0.07659719197331599,0.008311902190451755,0.01148629699685544,0.06396524873054042,2.7447774641836377e-4,0.839364882362418,0.2391757323904587,0.08696601755494035,0.10902479768137842,0.11706441730466144,0.10705326100430314,0.14064612097207382,0.2000696530921841,0.49085360454752053,0.5091463954524795,0.035493562991777396,0.9645064370082226,0.25,0,0.9980174981218406,0.15282151021241866,0.16741012686102652,0.1303605876907166,4.4853292197641595e-6,55939.10070916181,1960.4815167760908,0.4482583934154589,0.0012542617285115328,0.2403473511338362,0.5264810256360241,1.1692682889498209e-5,0.11865698884861776,13472237,604.1961353609588,4318.024679487179
244558,184,7.523777590592007e-4,106.3348121917909,0.01227651150520181,0.009034191373414586,0.018789345856878754,0.048018559765425184,0.0013895657707659527,0.9104918257283137,0.2310233909990577,0.09064956442564223,0.1103786375727117,0.1197382180217648,0.1059095770694255,0.13532028929612297,0.20698032261527513,0.4957595613640972,0.5042404386359027,0.03628129634562855,0.9637187036543714,0.1,0,0.9918548708022019,0.346876966042763,0.09684819140775605,0.10498727508875194,1.095919646624083e-5,61729.68174011891,4538.283859043662,0.47294446489689973,0.0019567702440470448,0.2240781208618809,0.5351450374029392,0,0.15480795703473438,26005029,1012.8352421938736,14133.167934782608
199499,736,0.0036892415500829577,335.42822269785813,0.016730401529636712,0.010536379188890006,0.016096407366408372,0.04519472677870585,1.1572909328771259e-4,0.9113263560430713,0.18755748390450674,0.12200583836525773,0.1146229055864358,0.11832686847682648,0.10930439476946455,0.13987083616587356,0.20831167273163514,0.4965159755268525,0.5034840244731476,0.01882972767625065,0.9811702723237493,0,0,0.989527859,0.607123772,0.096717277,0.137672567,1.2328036400291997e-5,57480,8352,0.506714764,0.001507613,0.178849633,0.526368553,1.00251e-5,0.12065859119200001,66917595,2436.4201961735644,90920.64538043478
275162,155,5.633045260610113e-4,115.46536949142687,0.010140180793921132,0.017757481611798395,0.02063970354288709,0.05281578110085905,0.0019876101888416835,0.8966592427616926,0.24263246515960304,0.07673127216709061,0.10975172858524702,0.11754021423709382,0.10929316089277398,0.13673557123920754,0.20731558771898398,0.49565435460179846,0.5043456453982016,0.09695840647726865,0.9030415935227314,0.1111111111111111,0,0.9953534573173934,0.20496223965246255,0.14633197885824353,0.09721167932275895,8.804772641585691e-6,59733.362535524524,2660.4986589718055,0.37593161737646913,8.998138716644178e-4,0.13239311592439246,0.47491659447740603,0,0.1680607075469442,31771682,1187.7726040310713,11387.69964157706
996179,452,4.5373371653086443e-4,88.3347179573149,0.001088382359841445,0.04772153732223258,0.2455113153003915,0.06534680329758434,2.1420833698847558e-4,0.6401177533829616,0.22121916320997614,0.08395794577260295,0.1272664150155827,0.12683094224667826,0.11820175834672864,0.13574207971359137,0.18678169569483996,0.5215689461759672,0.4784310538240329,0.037335267875956486,0.9626647321240435,0,0,0.257128942,0.986453878,0.351900612,0.092998416,7.57147534663839e-4,68661,31720,0.455518738,4.662429999999999e-4,0.072317722,0.44328679899999995,1.00384e-6,0.87276238369,87997191,949.8518550822942,194684.05088495577
304709,1235,0.004053047333685582,618.9767614346803,0.0024619609692497608,0.0347309874197262,0.43814929886125636,0.05972162503294173,3.363524141087701e-4,0.4645997753027172,0.18562718988499158,0.08795362817245461,0.19798777929029815,0.14219624781224732,0.1111497770453995,0.12626019671862687,0.14882518107598197,0.5148903650177921,0.485109634982208,0.051192559764456226,0.9488074402355438,1,1,0,1,0.560666078,0.204324678,0.001906180444571333,45782,54058,0.47346435400000003,8.637140000000001e-4,0.188686389,0.580734406,0,2.59078522541,188607790,3029.3783770684827,152718.85829959513
491152,578,0.001176825096915008,32.645081359741994,0.0012600023886301206,0.024246586249452605,0.04508141247661133,0.05612086468410367,5.07583900632987e-4,0.8727835503005693,0.23167228748673546,0.07970342545178202,0.12567996172723567,0.13894549084229613,0.12421913913842968,0.1369137268104258,0.16286596854309526,0.5039326052845553,0.49606739471544475,0.038812205546794556,0.9611877944532055,0.3333333333333333,0,0.89883988149493,0.5059615972311285,0.12359921158823746,0.06092246094278757,1.1737343798047241e-4,83988.15290989347,14105.657258852656,0.40264163933209673,0.001078937489685221,0.05980249655353062,0.3950345308911457,0,0.1890211479818069,16033697,535.8463997440791,9246.653402537486
418025,621,0.0014855570839064649,39.470213503977035,0.003008246826652127,0.015497171542925098,0.023419671584053472,0.05846809730738407,0.001626333440658806,0.8979804792983265,0.2246181325164616,0.11295457384930753,0.13610030123687583,0.1268318302338172,0.11359082685126487,0.1196271326043802,0.16627720270789279,0.5090949474570703,0.4909050525429297,0.04418140845591808,0.9558185915440819,0.3333333333333333,0,0.9148760133309829,0.5566819044543713,0.11268464772095926,0.1422765004209174,8.817173523645256e-5,51506.746388373904,14923.454061359966,0.4578175866718235,0.004047107844973131,0.05620932053863699,0.4403133780203624,2.3922006694336465e-6,0.20128899795640626,16499536,277.4190634940171,8856.43370907139
178816,292,0.0016329634931997136,63.46306818181818,0.010698261044266357,0.014850324798535616,0.015391655691229323,0.09164676205995938,0.0066522311761948345,0.8607607652298145,0.2451672476532876,0.0911693676170078,0.1287932598266875,0.12524177421293614,0.11773994383188906,0.12430746030531849,0.16758094655287342,0.506693184425916,0.493306815574084,0.0852793653222017,0.9147206346777983,0.5,0,0.9375630045713216,0.5686901463637245,0.16249664458187185,0.16406572141454903,5.4653209049102885e-5,50104.214030064424,6350.896921975662,0.4434681313552255,3.802050827753803e-4,0.10433181419422373,0.42822230646689335,5.5923425545812465e-6,0.24387393925710316,11348212,386.8149155999773,19431.869863013697
117330,268,0.0022841557998806786,135.80675871473622,0.003683324585060363,0.011049973755181089,0.05173849300439827,0.06111422831182465,0.005420912595703089,0.8669930677478326,0.22061228639373393,0.08832447819514308,0.12704544851790625,0.12922018794699294,0.1192658928366205,0.13740640222070952,0.1781253038888938,0.4869559836275715,0.5130440163724286,0.058443912055659186,0.9415560879443409,0.3333333333333333,0,0.9633009074775172,0.5150699944318766,0.1534049261135771,0.13863355167374072,3.5889688125804644e-5,53634.69446859286,8056.903008608199,0.4117097209958749,7.992544421506804e-4,0.12416605646550566,0.4305207534825705,0,0.20784279065493544,15934207,979.6096044220445,19818.665422885573
1031627,2181,0.0021141362139610537,307.5843003333569,0.007506258642581388,0.031169325197526358,0.23220155142368054,0.10400296096766068,0.0027131922418534835,0.6224067115266976,0.24797850842783445,0.08558210303592231,0.15035827211563607,0.13238618263081567,0.11485913986163612,0.12141406937213228,0.14742172455602312,0.508694101704586,0.49130589829541405,0.18154958039131777,0.8184504196086823,0.6666666666666666,0,0.5158704317758582,0.9539035295454565,0.45172722337495336,0.1517869980149618,4.387703574494625e-4,54115.912846406696,26866.416389838574,0.47705481722589266,0.0015445801545496357,0.10796409654891906,0.448066016152909,0,0.6932287893753164,317312269,2026.4206048994922,48496.44948800244
2917216,1911,6.550766209975538e-4,68.73721863585007,0.0028031758476014233,0.012305578371879454,0.04053506549631622,0.05985776003568119,0.0015863308904091563,0.8829120893581126,0.22519070007859446,0.09531978436609766,0.12225829643200349,0.1221646257977815,0.11749340117730997,0.1355126911744144,0.18206050097379856,0.5005587761008607,0.4994412238991393,0.04078364715844661,0.9592163528415534,0.6039603960396039,0.10891089108910891,0.9856562036125475,0.22855909850609146,0.12105857090868313,0.14159458161532673,1.8284662002801416e-5,54911.44668889791,5303.778554964733,0.4186126324858595,0.001252660334031708,0.16875235667742275,0.4645480484998646,1.3711708236071651e-6,0.13944949347413643,200521314,485.4509109860578,1038.911326297465
569574,273,4.793055862802726e-4,168.84116901403505,0.0020081007793086446,0.01264599666396161,0.4894115868854465,0.027283899746108405,4.336490034170102e-4,0.46821676692175784,0.23489421149170328,0.09295951883291388,0.13130785309047477,0.13166154786787812,0.12184518477441739,0.12684134567532596,0.16049033826728662,0.5238290747771189,0.476170925222881,0.027995208235578495,0.9720047917644214,0.4,0.2,0.9224298752392307,0.6022976439465244,0.5397770965230435,0.15574453714686412,5.902903660700473e-5,56511.67965883274,9612.713650904008,0.48021133749089845,8.528227515873142e-4,0.1248774445396916,0.427981263286551,1.7556973989507948e-6,0.25915166473980056,96167540,1084.090473457962,70452.41025641025
1917989,469,2.445269498417353e-4,134.51415154101508,0.005685250328678534,0.007006424978922581,0.3893346641987512,0.03182771107299409,5.017664115841283e-4,0.5656441830090695,0.23524344484018928,0.10289812638620259,0.12353027447936495,0.12399302590190199,0.1196122418400352,0.12600975378341644,0.16871313276888955,0.5139765225130685,0.48602347748693153,0.031944673143421705,0.9680553268565782,0.8732394366197183,0.5915492957746479,0.9874124786913842,0.186977829866874,0.44120795280043473,0.21700400601380143,1.8656649884089278e-5,43901.36262095351,3632.3106024070003,0.47586614472993016,0.003110454063374425,0.1742185652327541,0.44963135864935616,2.6068968387201387e-6,0.18171639320994257,257996663,619.869439334037,7747.880206612811
494272,299,6.049300789848504e-4,67.82746949048297,0.00307678468844744,0.01814587434861095,0.1954872461652632,0.06520125851737821,4.865612995684324e-4,0.7176022749807318,0.23169427098017809,0.08430063406938171,0.12765370333711257,0.12576809177309475,0.12311263879640794,0.13516815535999585,0.17230250568382913,0.5087851902508084,0.4912148097491917,0.060069625657114635,0.9399303743428854,0.8333333333333334,0,0.9349892818012914,0.4265189018631259,0.29785624092098273,0.16477309769221402,5.443342388467328e-5,50879.33249101709,4330.911071232034,0.4876334059005608,0.0011731017995966412,0.14922656540134382,0.45463226711440863,2.0231776348043183e-6,0.2247038594062423,33525219,411.64164806308673,18687.41304347826
1061705,2008,0.0018912974884737286,79.65571792541243,0.05780979050958687,0.008424869165821615,0.005510012833795478,0.060521284771936766,4.4428199906746584e-4,0.8672897607197918,0.2126033416827139,0.09030633298101844,0.1287282638597304,0.1278106765893987,0.11006703635600214,0.13351528226215126,0.1969690662689852,0.49321401682424315,0.5067859831757568,0.04390573645880087,0.9560942635411991,0.42857142857142855,0.05357142857142857,0.99799224790214,0.20369996218480413,0.14403530163993766,0.12788952487179772,2.816394015978872e-6,57258.56873802045,6270.988103098318,0.43922558566274245,0.0010139604913273865,0.1532325091904647,0.48502738529177036,1.130257482895908e-5,0.054457258540421716,84570874,622.8478681523209,752.088734348321
378499,627,0.0016565433462175593,156.96486912779162,0.004197692092426046,0.025161460248130242,0.27049598612841097,0.08194553425920337,7.736922680157811e-4,0.6174256350038136,0.22809639551119615,0.09985261415938357,0.13131819827274138,0.12119511816724414,0.1241040492320422,0.12934271086518073,0.16609091379221183,0.5243496922997363,0.47565030770026373,0.14623002534002172,0.8537699746599783,0,0,0.431665944,0.924185159,0.439076457,0.158251347,3.583305817858389e-4,53583,17876,0.467694818,0.001961179,0.10718676,0.440595616,0,0.356451054751,59411046,991.8706671595764,94754.45933014354
259576,739,0.002846950411440195,67.21613708509261,0.0021241400052633558,0.011819993232828303,0.05527275461483514,0.08101432384676116,3.571562840708297e-4,0.8494116320162413,0.18079767467530078,0.07545531476507598,0.13675263990580963,0.13910739909488945,0.1271422789653777,0.13259869752382353,0.20814599506972295,0.5167886971558924,0.48321130284410757,0.08257478200080945,0.9174252179991905,0,0,0.7412616250000001,0.776965842,0.16687213,0.114939301,1.526631199858684e-4,55032,11240,0.514017632,0.004706352,0.164413055,0.48491386,3.85244e-6,0.3097131044,17447696,584.7968144950927,23609.872801082543
317665,405,0.0012749279901783325,159.30513906159004,0.005513089912058536,0.055392337883457134,0.35583449619116403,0.0925885378710388,5.359494638871369e-4,0.49013558867839435,0.20142377923832364,0.10518966014480655,0.17973011945781028,0.14279989678359467,0.11815242634446957,0.11233284254944521,0.14037127548155007,0.5199860354275132,0.48001396457248674,0.15272081480244684,0.8472791851975532,0,0,0.4917546830000001,0.948869111,0.573909622,0.135030831,4.2654665347929675e-4,62812,26017,0.47945106899999995,0.002551334,0.065165698,0.438194324,0,0.42771368595,50605667,1179.7686341839226,124952.26419753087
5182234,4180,8.066019403986774e-4,92.56307974514466,0.01803076673348449,0.016406326277484003,0.19053384746492064,0.06768629133775063,6.137355420580612e-4,0.7067290326443022,0.22046403105454526,0.09010136369859573,0.12135590581317801,0.11959083289582023,0.12710154893058248,0.1356559685926319,0.18573034901464636,0.5060884948693041,0.4939115051306959,0.10268218217853525,0.8973178178214647,0.5822784810126582,0.06329113924050633,0.9469141635438452,0.3228970211238908,0.3345889050607209,0.15293365298317388,5.1728878916300095e-5,52751.336948891156,5269.143945834943,0.458006202121559,0.0018233256259423934,0.1600351751699756,0.4601552149299146,5.789011123638955e-7,0.2089638419903646,479683539,605.2499102687926,1452.6180697716675
532956,665,0.0012477577886354596,146.83762637065723,0.0037177218445427988,0.05389832980818321,0.354481035204158,0.07579584582490433,1.2667508608147894e-4,0.5119803922321302,0.2215983071417916,0.11660131826360484,0.1339203332676473,0.12287402829165339,0.1256457336915985,0.12312633635796069,0.15623394298574367,0.5252501441102642,0.47474985588973584,0.09795446299819333,0.9020455370018067,0,0,0.634906923,0.85843314,0.503717005,0.152779862,3.185567419794566e-4,54794,18760,0.487420638,0.004562175,0.094890574,0.431677287,1.8763300000000001e-6,0.434623486176,78257994,961.105897390176,117681.1939849624
1095170,2095,0.001912945022233991,66.5147036533141,0.004176496537967278,0.06672708441222165,0.33044574870053894,0.09337706427297313,4.162111360454188e-4,0.5048573949402536,0.23066727031247514,0.09120651937473141,0.1709991811874727,0.14744726794269372,0.13151314079154236,0.11119757079721922,0.11696904959386545,0.5167396759766064,0.48326032402339364,0.15437180455316357,0.8456281954468364,0,0,0.11282812700000001,0.9915561169999999,0.537340322,0.108956439,8.075683020965119e-4,69240,37348,0.454289757,0.001324802,0.073862714,0.4160103,9.131e-7,0.7583942733,72844908,610.4706088395023,34770.839140811455
430642,593,0.0013770138537346566,64.18496802448438,0.0028286146612604515,0.01070496513650066,0.10757913414269679,0.061575317160183836,2.8945058513730077e-4,0.817022518314221,0.17565107654036288,0.09101453091166604,0.11382774446295549,0.11814253094798197,0.1177544044414383,0.14935834290409417,0.23425136979150116,0.5172500669574968,0.48274993304250324,0.07062086622573074,0.9293791337742693,0,0,0.8719918796066115,0.5588871649234509,0.21799313593991992,0.13419196710619724,8.688864826766238e-5,58151.26732877889,8518.173366740819,0.5197309488345819,2.1348982180463246e-4,0.23263675982202345,0.5453810822641568,2.322111772098402e-6,0.20018666078741923,27640743,478.307080584708,15537.236087689713
1091662,992,9.087061746218152e-4,86.17780869902955,0.0030353100124151026,0.08507357774045132,0.2026445994303659,0.08488461257576864,3.4963119842255165e-4,0.6240122690425765,0.23393648529246946,0.08726082941141207,0.14619781426557046,0.1506460853042852,0.14082687450749734,0.11597737289630229,0.12515453832246315,0.5102748979373749,0.48972510206262504,0.11390354028508899,0.886096459714911,0,0,0.383317907,0.948426169,0.407082962,0.085219075,5.050170212157907e-4,83567,27977,0.43428831,0.001156979,0.070560536,0.404630737,9.16034e-7,0.48765524035799995,94077039,1011.2502241901775,94835.72479838709
404464,466,0.001152142094228411,66.89678438624945,0.002705597341732314,0.013547504092551434,0.1570124740479786,0.06454642819676451,4.3182211856322776e-4,0.7617561742024099,0.22122962745311767,0.07909216281924296,0.1288108925296317,0.12081352751330525,0.13641016648736773,0.1390048671371092,0.1746387560602255,0.5132649627737469,0.48673503722625316,0.07821778424412461,0.9217822157558754,0.3333333333333333,0,0.8258911094320358,0.48557192621213496,0.25523161537845646,0.1465701381941582,1.399514812742886e-4,52345.408852209344,8556.786107045373,0.4679278351173429,0.0014295270114764148,0.1105780817105213,0.4308566396638539,0,0.3484829240158502,27057341,456.4148278118751,19354.321173104436
334562,380,0.0011358133918376863,110.41405479402921,0.012736956717302222,0.02760811368338767,0.3900406056413613,0.107060542421883,0.0038310135279757047,0.4587227680080901,0.2512732034839005,0.12563066260033437,0.1673115584604557,0.1232490668123736,0.10114952085975014,0.1044546531689775,0.12693133461420822,0.5034461869226041,0.49655381307739593,0.12366480672548397,0.876335193274516,0,0,0.7454754939999999,0.861583136,0.575026452,0.187492317,1.979518111964141e-4,48177,9511,0.508504204,0.00228178,0.132305515,0.43931468600000007,2.98898e-6,0.33915888187999993,36940347,588.8990896305858,97211.43947368421
146354,148,0.0010112467031990926,69.40804487748883,0.004776519561152856,0.08187815289095848,0.11002927999435566,0.07070942251384627,2.751613927399725e-4,0.7323314636469468,0.19356787877142004,0.17307117833962468,0.11866224913776716,0.11550525486788149,0.12372701843956223,0.11862830296282215,0.15683811748092225,0.5217662873747386,0.4782337126252614,0.10550471172908236,0.8944952882709176,0,0,0.879871785,0.709555065,0.30630526,0.12396448399999999,1.4213933172592112e-4,74803,15234,0.51162532,5.26098e-4,0.09782516600000002,0.403084302,0,0.24712165608,10158145,559.9026643590017,68636.11486486487
212443,336,0.0015816007117203203,40.15349999764643,0.0030526039489417963,0.007057931423349504,0.024678455810155254,0.046615401067439215,4.8608343136015864e-4,0.918109524318754,0.16709249337426355,0.13286746620397735,0.10825690697275345,0.10399069536865789,0.12086487310999676,0.14068011516387974,0.2262474498064713,0.4996901634030545,0.5003098365969455,0.06564722481743475,0.9343527751825652,0.7142857142857143,0,0.9783678169329443,0.15423522101003903,0.10141543834006297,0.17941566818926488,3.270004622967631e-5,44757.63327574926,3214.188572934858,0.5031869358858753,0.0012683761981189035,0.3159028135218452,0.603295942741766,0,0.1886434304557237,8530330,223.8015241527772,3626.8409863945576
760394,865,0.0011375681554562503,67.56716386504891,0.045450817804911385,0.015864048476012575,0.03281503225008624,0.05331320008070657,0.0014670372226525126,0.8510898641656307,0.2371070659168216,0.109602610343602,0.1433892637686515,0.12969342833423791,0.10071199354342852,0.11767075848034479,0.16182487961291367,0.48788045591195867,0.5121195440880414,0.04486111057648509,0.9551388894235149,0.09433962264150944,0.07547169811320754,0.9968814526192761,0.21050251142458687,0.16321801590644586,0.1054256944302296,4.255278157477798e-6,65356.38382207119,9545.178991417608,0.3768541752217968,0.0015350195124615702,0.1479671903802365,0.4952656123624226,1.0520856660362917e-5,0.10973761850598815,51377666,640.8984472923216,1120.6819936743375
838031,612,7.302832472784419e-4,87.80440580360393,0.01432598721623645,0.006794255154552487,0.012139716993236889,0.06867006254850593,3.6375550149052554e-4,0.8977062225859778,0.24264983777231075,0.08601989517595465,0.11005573977014772,0.11858428114712209,0.10990955657764942,0.13496749503809083,0.19781319451872453,0.4944379077976254,0.5055620922023746,0.12196551027442032,0.8780344897255797,0.2696629213483146,0.011235955056179775,0.9972788819709769,0.16957921949096616,0.15698225960292161,0.10533076927761623,4.305559611727764e-6,58322.26978715585,3278.948793063741,0.3657209571766546,8.241337957198722e-4,0.13218683751046126,0.4728703354540894,7.1596388312604185e-6,0.11023182643378021,73582814,833.6064229454288,1350.9365866196665
843173,1609,0.001908267935524501,118.51565692924228,0.006559705010173091,0.03672098282209321,0.08546948370813669,0.08731436345085591,6.933215591978472e-4,0.7832421434495432,0.25509468805238517,0.08851336721963894,0.1434142228545833,0.14085843016362343,0.11612532205164511,0.116349856057664,0.13964411360046006,0.5017109262142306,0.49828907378576937,0.1286259091622476,0.8713740908377524,0,0,0.8213374771770222,0.8176774948130492,0.26682187423504905,0.09574366749466598,2.1477439823617867e-4,69446.4514803012,27233.43651658675,0.4401828481696082,5.517956868372392e-4,0.06174002716560429,0.4116023637681045,1.185996534993412e-6,0.4097953604913907,99929202,1237.8432958591748,20702.13424487259
315976,499,0.00157923386586323,99.06221042104464,0.007032983683351589,0.041522382123342375,0.03852042185275559,0.07157986445407569,5.966040916308126e-4,0.840747743794844,0.22643223253098035,0.146190754248887,0.13602308502717247,0.12817256922882045,0.10644384919347613,0.10780633540641327,0.14893117436425035,0.49644857618645977,0.5035514238135402,0.08239797573476935,0.9176020242652306,0,0,0.887561459,0.902696151,0.194622376,0.118674778,1.4565986079415405e-4,62464,23708,0.43347319200000006,7.65794e-4,0.048203726,0.42117439300000004,3.1647999999999998e-6,0.245171149992,31301281,834.7368504961066,62728.01803607214
1355244,1258,9.282461313239534e-4,141.05227029228686,0.0014036506595990217,0.026144544631054475,0.015448186458530262,0.055957705078616846,2.0656949384634588e-4,0.900839343678353,0.1851129169626915,0.08769492605023367,0.12671904564955175,0.12119172754090186,0.12758370237362682,0.15677163118932091,0.1949260502336735,0.5009720182673144,0.4990279817326856,0.04522010557458601,0.954779894425414,0.1,0,0.9295690791707542,0.3986276523410285,0.10419894866583436,0.07452300138936088,5.844056161057329e-5,78913.80712476867,10950.090766681129,0.4616737512247603,7.211868208827668e-4,0.15579907018801445,0.47121477749000623,2.2136239589180987e-06,0.21053700099392708,191160243,1892.7346948270374,15195.567806041336
415305,987,0.0023765666197132227,184.97021706938276,0.0013105561086342802,0.04320266247288712,0.02632414260774214,0.07821975981955205,1.1061574494894843e-4,0.8508322632462355,0.19906199674147462,0.08286166335477431,0.1409100326794308,0.12859873991128523,0.13195615117297496,0.14930826968535452,0.16730314645470556,0.4987121290602074,0.5012878709397927,0.08250143619976832,0.9174985638002316,0,0,0.79584241,0.755627907,0.16315719800000003,0.074307447,1.8293745693494657e-4,82099,19861,0.48173566900000003,7.553290000000001e-4,0.054343471,0.414637435,2.40787e-6,0.29190625596,76819056,2489.255445277009,77830.85714285714
264650,427,0.0016134517286982807,351.30473833364823,0.004860887745255709,0.08636619491798006,0.15297925377935026,0.11320360244451592,5.508201994210357e-4,0.642039240913477,0.20973484186615413,0.08841880715242588,0.12010382083988584,0.11252475391694333,0.1256297687692935,0.15105713786475625,0.19253086959054108,0.5130940940066399,0.48690590599336014,0.19907245617100588,0.8009275438289941,0,0,0.792109541,0.850648736,0.441859059,0.134567249,1.839202033360612e-4,63680,13830,0.58579844,0.003254107,0.213034747,0.485441149,3.77858e-6,0.4183507805000001,92972799,2610.6258465137253,217734.89227166277
931275,303,3.2536039300958366e-4,228.26231886392313,0.003057627822382287,0.17955044973079337,0.0615576075134152,0.12225659702947508,2.7417105566010915e-4,0.633303546848274,0.21035448200880472,0.07922661898761622,0.11425061039030414,0.13464094595571252,0.14021956244625372,0.14288003670197555,0.17842774350933313,0.5101103258871477,0.4898896741128523,0.22105398772620577,0.7789460122737942,0,0,0.068455348,0.9987894099999999,0.445072616,0.064375202,0.0015446111207827664,104623,98048,0.478218358,0.002622355,0.04744679,0.385597165,0,1.29086821575,212574991,3545.811302680232,701567.6270627063
446301,1054,0.002361634860777816,92.36536328621267,0.002401345466290946,0.05819809986300302,0.1710034193555573,0.08561086174442824,9.801410066493656e-5,0.6826882594700556,0.20689491756170486,0.07781554673801122,0.12573617160607117,0.12964590522719538,0.13304511164820584,0.14780085561773793,0.17906149160107362,0.5062103372064468,0.49378966279355313,0.09223955573362974,0.9077604442663703,0,0,0.7532298290000001,0.902303728,0.334178055,0.059134360999999996,2.1559003066920482e-4,90329,26735,0.483806577,4.8158399999999996e-4,0.065349671,0.403214423,0,0.377582249826,41222754,1561.9575780350897,39110.77229601518
1041252,1359,0.0013051595579168156,184.12348499690756,0.003859873611018898,0.04301490633494086,0.1634314950396047,0.09243275651510853,4.1043222134368266e-4,0.6968505362779833,0.22147828033327854,0.08392797602296653,0.13001893754696076,0.1284010264726288,0.12650727177655366,0.13680450488856197,0.17286200295904977,0.5104156508284132,0.48958434917158683,0.1699410326210624,0.8300589673789376,0.25,0,0.6758998765684447,0.8400245798176381,0.36833350610998394,0.11141554105952065,3.145104987436714e-4,73957.4011545716,29452.12093998379,0.5582957330171101,0.0014257275483094403,0.18349695480513498,0.45713909810309417,0,0.5096213096757407,191718947,1652.583501780463,35268.38612950699
798698,2451,0.00306874438148086,650.71261227648,0.005235350752498326,0.06658870092358735,0.42026024733898565,0.1297382858026782,4.240554099068945e-4,0.3777533597723436,0.2368714364323932,0.08877220095301652,0.13530961329071686,0.141168206244951,0.1357545104375212,0.1223525692810228,0.1397714633603784,0.514265978246871,0.4857340217531289,0.24671185885052627,0.7532881411494737,1,0,0.028057067999999998,0.9998622250000001,0.6998114430000001,0.152958744,0.0024458506914932085,63959,92788,0.539898977,0.008239301,0.08701729,0.39863002,1.25204e-6,1.31261224112,519722862,4254.170734276427,212045.2313341493
671923,1168,0.0017382944176639287,560.1653135850388,0.01019943720369306,0.19510161230842832,0.1440147243992465,0.21343235979096137,2.1428785004501706e-4,0.4370375784476257,0.20028487863100616,0.07532534434563773,0.2078952479879743,0.16400507827124838,0.11908602377554266,0.1089562238380358,0.12444720315055498,0.5006924915338687,0.49930750846613126,0.40707805167788447,0.5929219483221155,1,0,0,1,0.714264879,0.142123089,0.005616168414624972,75062,310434,0.452199602,0.00574077,0.081782114,0.423502395,0,1.88624240329,376387958,3941.4096437563267,322249.96404109587
825015,689,8.351363308545906e-4,117.56369399344254,0.010275699946968312,0.2800565844221685,0.11630925383507275,0.0989280856597907,3.902821052413201e-4,0.4940400940307584,0.21645667326341936,0.09378725182377964,0.1288351604984127,0.1388312720899325,0.13362544760224482,0.1307364181373943,0.15772777658481663,0.5034235405410111,0.4965764594589889,0.2300243170619882,0.7699756829380118,0,0,0.20351608100000002,0.990234742,0.580299752,0.086693498,0.0010300496270385464,91731,44600,0.471376972,0.002812783,0.048501569,0.36684181499999996,0,0.8878233919499999,96991811,1356.08432818621,140771.85921625546
620821,497,8.00552816351251e-4,196.41778387006883,0.005090317046156641,0.05528969725667749,0.06468708090831105,0.07931424234709183,5.075722317448323e-4,0.7951110902100181,0.21047831389883703,0.08187658771159777,0.10964474103307101,0.1178654941230394,0.13685666120273765,0.1576268421338844,0.18565135989683273,0.5096633857197237,0.49033661428027625,0.1267279351786394,0.8732720648213605,0,0,0.409706,0.9487115739999998,0.24998026800000003,0.064955919,5.119809235499337e-4,103523,24507,0.530465888,0.00143136,0.091011416,0.422163554,0,0.6127788847660001,121940285,3023.862750214785,245352.6861167002
492715,680,0.001380108176126158,73.97642856418011,0.0014542877800688418,0.1118998230547871,0.03457950278189185,0.10581076543738838,6.591672657535827e-5,0.7461897042192884,0.20800587803085965,0.08203183933382317,0.1120626989958364,0.1283566005388195,0.14145677198138623,0.15025814352192016,0.1778280675973549,0.5043899093803575,0.4956100906196424,0.15477247122214058,0.8452275287778594,0,0,0.47728973699999994,0.9144506509999999,0.294569883,0.047902217,4.126424356218025e-4,117298,33122,0.422246174,0.00145524,0.052791293,0.394601342,0,0.5417697054,36449296,1544.3216034067923,53601.90588235294
602018,553,9.185771853997721e-4,164.95264593417474,0.003937310706216048,0.019168950210727047,0.031302982228418506,0.06522603079980129,2.8524269666522443e-4,0.8800794833581719,0.2490571349898056,0.07269264921090166,0.11008857826166321,0.10297416286890851,0.1066698224412701,0.13464483613176287,0.22387281609568804,0.5133037556811677,0.48669624431883224,0.1063202121175557,0.8936797878824443,0,0,0.60484269,0.963068222,0.157000289,0.09884018,3.699573449415644e-4,72679,14325,0.603982513,8.1062e-4,0.194256478,0.473030707,0,0.35957090296800004,99304462,1668.882492263518,179574.07233273057
502763,710,0.0014121962037779232,206.8079512613299,0.004382556584686255,0.06627041634287555,0.12847798337055472,0.23559858768730296,3.313754180114208e-4,0.564939080596569,0.23703763730274036,0.09295778995888394,0.13259590691679737,0.1267536065785691,0.1268751603834926,0.12867917320259548,0.15510072565692115,0.5089303458109279,0.4910696541890721,0.4344082162654426,0.5655917837345573,1,0,0.504205356,0.971687673,0.592684824,0.14833565500000004,0.0010428994121657324,73562,68652,0.530933604,0.00578607,0.048161566,0.352484172,0,0.7258389431,103975386,1394.1890859707996,146444.2056338028
62754,83,0.0013226248525990375,197.48634350001595,0.0024573970864586177,0.009444114293056648,0.1476847464705032,0.06525754485151218,0.0014294662790510914,0.7737267310194182,0.21887553291367184,0.08294214519877488,0.11221584350422484,0.12502116263678759,0.12454404137103105,0.14718421498160775,0.18921705939390207,0.5092423006479615,0.49075769935203856,0.10735228479522263,0.8926477152047774,0,0,0.941132363,0.46842080900000005,0.263361698,0.137681278,7.301092335977268e-5,64234,10820,0.605691057,0.001720324,0.115659072,0.439924148,0,0.27770339358,12393058,1434.3732595220094,149313.9518072289
330151,454,0.0013751283503608954,109.0182037915984,0.004236889771922457,0.2074446415252803,0.1044775651672506,0.09661174170014604,1.5355591629008907e-4,0.5870756059191105,0.21402760807965268,0.07998197589275656,0.11278642877155888,0.13166841419629524,0.14618879674641758,0.149735848620607,0.16561092769271207,0.5073410686793587,0.49265893132064137,0.17047512586546043,0.8295248741345396,0,0,0.440189886,0.9246846050000002,0.44925806699999993,0.050846316,4.222786609120822e-4,116510,31565,0.464104974,0.001478437,0.057982532,0.384945071,0,0.43786276375,35992469,2144.0728132909057,79278.56607929515
368085,934,0.002537457380768029,546.4105356099814,0.007732306570307139,0.1327498930455181,0.21119275063957343,0.10012662262151896,2.4118594575038978e-4,0.547957241177332,0.21927229275267032,0.10361192425499496,0.12375875977729424,0.1297908089520619,0.13576024169940984,0.13123359580052493,0.15657237676304378,0.5055728620403563,0.4944271379596437,0.2224683395688859,0.7775316604311141,0,0,0.443093548,0.9492203230000001,0.511968703,0.11104792800000002,6.331061355751196e-4,83306,38309,0.510136469,4.33658e-4,0.094235606,0.3942431780000001,2.71676e-6,0.8285851009499999,201125522,4920.492848907377,215337.81798715203
555208,996,0.0017939222777769773,203.8268414720249,0.004071338732771339,0.06987426940033163,0.25555429829791493,0.15073745414031867,2.8723501481871553e-4,0.5194754044138448,0.23539644641768653,0.08246455761864924,0.12438236727336874,0.14034082672400092,0.13765284717989204,0.13157651135535997,0.1481864434310426,0.5069295379085458,0.49307046209145416,0.34371730629168856,0.6562826937083114,0,0,0,1,0.61008667,0.087945479,0.0020859654162512374,82644,68189,0.512765589,0.004815961,0.05404219400000001,0.365309938,0,1.07745330104,113166293,2317.650023510872,113620.77610441767
371789,404,0.0010866378510391646,53.34274548198037,0.0022087156024632793,0.03170817144553217,0.03441157516719121,0.07678094407885061,1.5776540017594854e-4,0.8547328283057868,0.19398497412961957,0.07841155084549757,0.10827358414565375,0.11988472023347012,0.13944797727668443,0.16818995693900515,0.19180723643006942,0.5024129229761722,0.49758707702382776,0.10611403757247215,0.8938859624275278,0,0,0.9176513186517564,0.49656964375765494,0.16148675711871788,0.05392945604422669,1.1017932639689205e-4,99881.19599019874,11408.237745065077,0.4704433949439225,5.649698233014794e-4,0.09049893667824889,0.4262552142873835,0,0.2966696693043877,19832246,989.1207773027569,16363.239273927393
679037,2740,0.004035126215508139,107.71296998543525,0.05796168628614434,0.032589620198424075,0.034252373026528615,0.25427044205423727,0.0011800181360741937,0.6197458602985915,0.2066042170541716,0.08916197207117299,0.14447688687149388,0.1363283839272077,0.11745707392375256,0.12819470992367543,0.17777675622852585,0.5081700049083794,0.4918299950916206,0.48927941728194413,0.5107205827180559,0,0,0.8176797270000001,0.960185913,0.621748152,0.159027568,2.257728513665063e-4,54308,26891,0.511955987,0.0019190689999999998,0.076523749,0.434602238,1.47267e-6,0.339415286376,73141092,677.3226261338239,26693.829197080293
1415989,1891,0.0013354623517555573,69.7662043984805,0.13198382937905512,0.013155249674324075,0.01921052673233475,0.23031659024032747,0.0010644814590281481,0.6042693225149305,0.22720527984176042,0.09516128023374532,0.12614407112440584,0.12193787873627966,0.10944370812138465,0.12766475006446204,0.19244303187796205,0.5011908973326262,0.4988091026673737,0.4777267100861741,0.5222732899138258,0.8387096774193549,0.3548387096774194,0.9955461650267008,0.4598384898979468,0.6386405542373458,0.19864661184062943,4.639937662421957e-6,50231.276454125,4791.015441504136,0.4606555839002733,0.003634448865219442,0.19732696134569674,0.45722671581440677,4.2373202028970565e-6,0.06444936927130211,98788178,351.20762318590494,1685.2011736408454
2228866,7906,0.003547095249333069,70.67396694103638,0.012439149263285066,0.12014651721337032,0.1391908522331163,0.17812131060738381,0.009242655747107167,0.5408595149357374,0.22537017757711778,0.08033564045821627,0.1464427029110231,0.14107336238601703,0.13032596204317445,0.12065931804666914,0.1557928365777822,0.4994637634909258,0.5005362365090742,0.3144774266227912,0.6855225733772088,0,0,0.942473425,0.98731075,0.582656382,0.133552933,1.0904801375440619e-4,61048,40777,0.517191439,0.003239698,0.113362156,0.409385311,4.48659e-7,0.0830936846862,157522802,529.183188668993,19924.462686567163
464182,1760,0.0037916162195001098,75.29232499321387,0.015303617218615308,0.062171513266772144,0.026681306490625056,0.15598686962372924,0.00793369341844436,0.7319229999818139,0.2099355389714704,0.08805742521910649,0.14966142708989974,0.13113854037456535,0.11894991561095634,0.12924741240823961,0.17300974032576205,0.49230737946601055,0.5076926205339894,0.2563556133965065,0.7436443866034935,0,0,0.972008322,0.958282973,0.377823785,0.10911267600000002,2.8376387944099988e-5,68272,21406,0.470117529,0.004491822,0.075893367,0.433883692,2.1543299999999994e-6,0.09020448805999999,34949342,690.0419616985093,19857.58068181818
337233,440,0.0013047358947671196,24.28461330889919,0.029657315993325824,0.01992313854939071,0.017902212477336112,0.12460168781962859,0.0018763590803129876,0.8060392860800057,0.20447806541272584,0.068847653502726,0.12208481261217669,0.11978923441341788,0.113951826616329,0.14583673262703042,0.22501167481559417,0.4804116286789735,0.5195883713210265,0.19594560379895687,0.8040543962010431,0.3333333333333333,0,0.9983732606869505,0.3842888784087485,0.28490687453160274,0.11464334167042074,1.3612371870270528e-6,62177.706561931955,3518.2575430043917,0.3968333295162128,0.0013238963344864782,0.1280040343194276,0.45863542434773885,2.965308156081997e-6,0.04356744728143421,8189573,211.8275074248371,1240.844393939394
743084,1056,0.0014211044780939974,217.27810718572866,0.001587184003599629,0.03935859658364473,0.1513078835168815,0.07085946631109355,8.381758221256468e-4,0.7360486937626549,0.20553318798835118,0.09664513014741376,0.13848618426985365,0.12259769675944344,0.1172546772970077,0.13680463830848147,0.1826784852294488,0.5147612682145377,0.48523873178546234,0.09750314295262497,0.902496857047375,0,0,0.578374569,0.918798382,0.300529954,0.140765719,4.367287847739632e-4,62087,27813,0.516915697,9.10848e-4,0.072606007,0.44289071,1.34574e-6,0.84906264008,161455885,1543.54418624984,152893.83049242425
307325,686,0.0022321646465468152,81.73705360774424,0.0018788571734231975,0.01374039676649349,0.028791313127260812,0.042180677859573815,8.692221798755007e-5,0.9133218328552611,0.20327726726736664,0.10385734092646334,0.1118784393272072,0.11360575507192186,0.119055734059556,0.14761600645923437,0.20070945688825062,0.4997005324235696,0.5002994675764304,0.029275023742318905,0.9707249762576811,0.6,0,0.9824616376052656,0.3063426614166339,0.09267713318519157,0.1395310875982201,3.133005142893314e-5,55488.64791019279,4561.060392093061,0.4844312024578541,0.0011722201385569863,0.1845704917955722,0.49621735931474176,3.253888155861059e-6,0.29000987878755097,25119840,585.7981544808578,7323.568513119533
306165,1011,0.0033021410024006662,259.7978834941943,7.74326206061868e-4,0.07472898582787835,0.12589633138558842,0.07169024348980362,6.083991619057535e-4,0.726301713928762,0.182110763728145,0.14283041721892104,0.13299764723788265,0.12124969084325277,0.11329722805304178,0.1295287499920729,0.1779855029266839,0.5142656021105101,0.48573439788948997,0.07027529219276162,0.9297247078072384,0,0,0.762469182,0.904318909,0.287665148,0.120703778,2.260732546710743e-4,68327,35944,0.447744977,4.44888e-4,0.099292774,0.464605686,3.26621e-6,0.6308315509500001,79541019,2152.3591705157255,78675.58753709198
656179,1192,0.0018165774887644987,196.32553617229445,0.004251474486566808,0.030755542510158593,0.08339677676777868,0.06420016938632618,5.060187181062975e-4,0.8168900181310634,0.20863131935881626,0.09958948603049532,0.12758714023638387,0.11945655769751286,0.11802502180385552,0.14346034705723137,0.1832501278157048,0.5086388379296863,0.49136116207031366,0.0503984842561126,0.9496015157438874,0.3333333333333333,0,0.9132438539973307,0.5385915625645404,0.19021791324009762,0.14210126918241975,1.0462261466901145e-4,61473.7724279503,17665.305360275168,0.48261503841636966,9.198580007566035e-4,0.11968911715721244,0.45844350371525755,1.5239743640378616e-6,0.42301929159016866,128824694,1381.5888999574336,36024.80257270693
155086,362,0.002334188772680964,229.0469288007944,0.004030015766782464,0.05100979372338129,0.11300399730459984,0.0983363100495247,3.53280602932229e-4,0.7332666025527794,0.21581047975288686,0.09538667819527202,0.13152008420894343,0.12675200340845724,0.12066815786670676,0.13385713301128424,0.17600546355644944,0.5090004573848862,0.49099954261511375,0.08054359880453375,0.9194564011954662,0,0,0.738908798,0.911515175,0.278148898,0.11399200999999999,2.925655723723987e-4,66488,18642,0.47426246199999994,4.34941e-4,0.177520212,0.450620946,0,0.77829288756,35521972,2009.324414937454,98126.99447513813
1267223,1549,0.0012223578644011354,226.2849403775026,0.004200181335660816,0.03671850198783901,0.10944182173806528,0.05500094921577447,2.1111189008947835e-4,0.794427433832571,0.2014628243086573,0.08616129096824157,0.13537321958377022,0.12165491141606505,0.118906630823545,0.14541945536315026,0.1910216675365706,0.509852239502261,0.490147760497739,0.05720195782274591,0.942798042177254,0.2,0,0.8707817196711168,0.5516363345206428,0.219640110684634,0.1320960241089974,1.6083876809030466e-4,58919.12026217958,22076.03694456303,0.47649837957081426,7.3489168851046e-4,0.08963885398861643,0.4679097520454482,1.578254574822269e-6,0.5378804368223761,286753481,1713.033695781687,37024.33582956746
102237,210,0.0020540508817747,84.15438637675206,0.0015493182999480228,0.09806685058574227,0.04103194594378474,0.06945943784734716,3.098636599896046e-4,0.7895825836631882,0.14568570845362028,0.2563885729837965,0.12018001730187891,0.10907959836312561,0.09875679195948639,0.10958504651094976,0.16032426442714257,0.510026341624627,0.489973658375373,0.06495980715209129,0.9350401928479087,0,0,0.9482603140000001,0.558937015,0.231070943,0.174709456,8.316577251374546e-5,61361,8833,0.586940147,2.93995e-4,0.072741316,0.43055840800000006,9.78119e-6,0.37431726099,8603692,481.68192096455294,40969.961904761905
439887,800,0.0018186488802806175,95.143216326011,0.001703440812882873,0.028639815120501816,0.033679065331425846,0.05046128168445765,3.920435787388577e-4,0.8851243534719929,0.18655563051222984,0.13463998610167885,0.10814292708570707,0.10765558335721168,0.11120461893556008,0.14511787626432981,0.20668337774328266,0.5035637010146226,0.49643629898537744,0.04333297985871545,0.9566670201412846,0,0,0.980463403037353,0.301761463719567,0.11670951854046607,0.155944639801474,3.35590594047907e-5,54309.341708211425,8018.064589314983,0.49759502769276204,0.0017171985813060422,0.1862778469912822,0.5075712628423231,2.273309240736826e-6,0.297459696659806,41852264,610.1089235714256,8719.221666666666
159013,270,0.0016979743794532523,165.9182896995843,0.0013198163733741392,0.031732976281560826,0.06901938281050753,0.06558913542463657,7.013516959959194e-5,0.8322685539403214,0.19235254863073076,0.10024884464984003,0.13807447876712756,0.1281019826494783,0.12041212166569998,0.1421283389775541,0.1786816846595693,0.5016683193942909,0.4983316806057091,0.059491957765013315,0.9405080422349866,0,0,0.910252704,0.6686836720000001,0.1752624,0.10791456099999999,9.409834081356351e-5,72510,15355,0.423577377,2.44443e-4,0.106428581,0.460660449,0,0.45187996314,26383165,1537.4967767286225,97715.42592592593
259153,426,0.0016438165871126324,30.476174306297825,0.00148650278816557,0.010502803731044171,0.024072005883749255,0.05080570785939707,1.595461107716973e-4,0.9129734336268722,0.2052775598461509,0.08085497234926041,0.11343500641037907,0.11434968139459233,0.12262002717235308,0.15352762203639564,0.20993513079086856,0.5016858340190207,0.49831416598097933,0.04928146347997474,0.9507185365200252,0,0,0.9601540379015451,0.39272633099181176,0.1023603818981837,0.10621455981071799,5.2394252230862905e-5,61595.59017645947,4483.3397645406385,0.47324202902120754,0.0016002334537210206,0.1431571435954943,0.4759080543801307,0,0.3689516804498866,7897992,286.9302886591873,4634.971830985915
127584,219,0.0017165161775771257,123.97741879859544,0.002940500049282124,0.006694155140125505,0.02779511778427572,0.05607484311857279,5.749581101948286e-4,0.9059204257975491,0.20676170950454764,0.09247282888331262,0.11216743582233692,0.11225451004915736,0.11842094847580524,0.14835073498563275,0.20957183227920748,0.5037085704786708,0.4962914295213292,0.09334357115151708,0.906656428848483,0,0,0.9607730800000001,0.559311279,0.130290632,0.177593551,4.645414619838045e-5,48315,5567,0.504109941,3.91608e-4,0.207387371,0.530285929,0,0.39792046176,15817535,698.0964010263832,72226.18721461187
300064,369,0.0012297376559667272,182.68716007251786,0.0020486520488239156,0.035225815765683705,0.04780990158908027,0.05927685332545038,4.3654162785341827e-4,0.8552022356431083,0.20891469868816387,0.10085560381808578,0.11745290478000922,0.11509772321233308,0.11909143824209248,0.1438847710595289,0.1947028601997867,0.5014484366641209,0.4985515633358792,0.0582268174431476,0.9417731825568524,0.5,0,0.9547183612621819,0.5343719113254912,0.15961594862797268,0.12871209647749146,6.204454075982137e-5,59601.07044497174,8515.987742614909,0.441400422928202,7.033832739992168e-4,0.15384503792576487,0.45936866842013707,0,0.33415176478151015,54817840,1419.347249187766,74278.9159891599
107351,158,0.00147180743542212,59.00596175163715,0.00169726457525954,0.017887282773707484,0.03855619360131255,0.06896551724137931,1.5086796224529246e-4,0.8727428738460958,0.16312649932444231,0.06806128732800854,0.11410031342199836,0.11651761505160893,0.12676587100984385,0.16586549508727103,0.24556291877682698,0.48998612119596685,0.5100138788040331,0.062436235627165694,0.9375637643728343,0,0,0.9863808671645208,0.22058103645127408,0.14760924443921342,0.1076299267075947,3.233550327569965e-5,63428.33448221256,4343.966483777514,0.5026331626623041,0.0015021123970255712,0.32136093917741876,0.5902879335564643,0,0.37680687593458206,6334349,548.2300653417941,20045.4082278481
87670,56,6.387589825481921e-4,66.94032166077335,0.040188868359719354,0.00544626791773841,0.030286563054740426,0.02899443297226147,1.2075982079242594e-5,0.8950717917134611,0.18341395006120534,0.07499138371581712,0.12134105035475322,0.11935633386021416,0.12457364248957133,0.1573274069144195,0.21899623260401935,0.4796833961232663,0.5203166038767336,0.027976183402065532,0.9720238165979345,0,0,0.9964021521327416,0.21256606058257235,0.14239762737958253,0.14535744403581613,9.887656795372907e-6,55117.961377894375,1653.650450553211,0.48541613250579435,0.0020875269505665215,0.3286357108452769,0.595699783416562,1.1406409700011405e-5,0.1888673272451008,5868658,460.5221432228764,52398.732142857145
246262,200,8.121431645970551e-4,149.05463693139828,0.00392745941962677,0.013353362026731017,0.03305949088788925,0.053113827491406154,0.0011256017718105588,0.8954202584025363,0.22223242224918577,0.12196260936202823,0.1371735104412798,0.11593971517976882,0.10675569959767546,0.12790567724631202,0.16803036592374992,0.48291318091832175,0.5170868190816783,0.04653474040487898,0.953465259595121,0,0,0.9897763197692956,0.2924619156349461,0.1262435939195491,0.1566231962917137,1.8201840807413407e-5,53715.328178931384,2978.472285614508,0.45732488461565324,0.0015825473938328477,0.2619241101222154,0.5246972736256507,1.2182165317994657e-5,0.19791473639038085,36706493,951.6766383300029,61177.488333333335
359258,529,0.001472479388072082,55.885761764525775,0.0016712816727087112,0.021655309818299575,0.017198558691076345,0.04622781572541583,3.896912931439031e-4,0.9128573427993556,0.18849221420432966,0.07577179751505615,0.11830611469806304,0.12468666919863274,0.13328631110628833,0.15385220552330314,0.20560468775432694,0.5006239487819435,0.49937605121805656,0.03476479843741522,0.9652352015625848,0,0,0.9614864654822615,0.32450274759762,0.09117681461761465,0.07270937905249153,3.282493292999972e-5,76874.31667492443,7746.488790785452,0.4157959540170156,4.2884569163566873e-4,0.19067785190427788,0.5172800604343063,0,0.211282700708497,20077407,768.6183336014989,9488.377599243857
526786,948,0.0017995922442889522,75.2494010850706,0.006159462750246795,0.014082744566027018,0.03419782978748761,0.06567842479834264,4.628038764293787e-4,0.8794187342214665,0.20387853655375868,0.08795885153239547,0.11432459112617059,0.11912130717658852,0.12682616335133612,0.15087834979246628,0.19701220046728438,0.49491933055605314,0.5050806694439468,0.09554936405874215,0.9044506359412579,0.375,0,0.9761358766838065,0.3869139534606771,0.15348357783159194,0.1274948457760191,3.1410690482043665e-5,65470.95624978644,5464.974995538985,0.460159123625905,0.0012631185250056558,0.23871112391525215,0.5164943638710102,1.898304176648582e-6,0.26904599861118156,39640331,590.2152406793568,5226.836893459916
8379552,140134,0.016723328407055652,960.8645711608449,0.008198358576855025,0.17304458097255218,0.2687186471512928,0.1248050665800404,8.284540033580188e-4,0.4244048927159016,0.20433956357540603,0.08047624985879856,0.1696656561222949,0.13875903836005768,0.12356658519842531,0.12281683783451824,0.16037606905049928,0.5199707569172267,0.4800292430827733,0.28422752302023835,0.7157724769797617,0.6,0.2,0.034808837041232187,0.9999887727259488,0.6805638295299499,0.17288413168757114,0.010768130447469836,68634.75433328655,335950.62060346425,0.525239803637676,0.00869200044312157,0.09316526483089983,0.4200218579198402,2.3867634841385316e-7,3.062303971893773,8051614639,5557.852891306869,11491.307803959067
293524,705,0.0024018478897807334,109.75345116583311,0.005374524965362985,0.03633592027609886,0.10465186683715083,0.10340172882333876,4.950689000566302e-4,0.749740890197992,0.18624639905231133,0.10238133699485771,0.11978367390894651,0.1214798212314568,0.13142112914950327,0.15237056780550845,0.18631707185741594,0.5022547990200038,0.49774520097999625,0.14859125541824839,0.8514087445817516,0,0,0.828577725,0.682603891,0.294606233,0.08793081,1.424459855660846e-4,81842,11940,0.530392603,0.001634952,0.09133302,0.412780556,0,0.46081213332,32215272,1248.179689983899,45695.42127659574
382077,779,0.0020388560421066956,87.75388207089146,0.012002274690784222,0.0313726884001706,0.12599654421977013,0.11987237672378911,4.675145722378364e-4,0.7102886013932481,0.2568839144215531,0.10268423137876387,0.11865590332805072,0.12317501980982568,0.12756784865293186,0.12754803882725832,0.14348504358161648,0.5010103011093502,0.49898969889064976,0.23179477020602218,0.7682052297939778,0,0,0.81873093,0.724178316,0.368755513,0.113802461,1.8165831486624515e-4,80816,12854,0.550073053,0.002162112,0.095907503,0.377578342,2.61727e-6,0.57598489827,33528740,771.1070683338867,43040.74454428755
2837047,4002,0.0014106216781040286,183.38270955680326,0.0034585782360987928,0.08486500909459886,0.10177758068637914,0.10500766652135352,2.1158095696225367e-4,0.7046795845046074,0.2125949527389837,0.0864861841062139,0.11929056653504097,0.12179930249590057,0.13448952542677683,0.14694088649325387,0.17839858220383017,0.5060848000801698,0.4939151999198303,0.2043305381461711,0.7956694618538289,0,0,0.2531570296183861,0.9840119214284384,0.3685656246345788,0.05955100557163593,9.162884433065465e-4,112373.97137093605,44926.46074104518,0.56677470757359,0.001734398606332479,0.09943221323916202,0.3701179428781585,3.5247942443533715e-7,0.7346675443409659,520265366,3079.422552087822,65000.67041479261
968738,1611,0.0016629883415330048,515.8377146349168,0.0060091172813924575,0.07061494187675232,0.16114412852171778,0.13080335334443088,1.8290127729917325e-4,0.6312455576984074,0.21540935390936594,0.0852121803051095,0.11466283072922936,0.13061748160274775,0.13832245949394514,0.13859631172207912,0.17717938223752316,0.512497893444399,0.48750210655560106,0.2699250066206033,0.7300749933793966,0,0,0.409348836,0.95466904,0.472763534,0.083791369,8.681911039596869e-4,99489,54665,0.532948974,0.0036946409999999994,0.06066726,0.388459005,1.03227e-6,1.34633269764,499711596,6156.2153810247055,310187.2104283054
325213,130,3.9973801785291485e-4,338.22495718190845,0.004738839131988968,0.06590101893240022,0.12273101430834266,0.09320591485831035,1.3773788480521567e-4,0.7132854748841526,0.2942531923430972,0.09030908490098426,0.11459390563410202,0.11340194018929828,0.11310394882809734,0.11845304128212995,0.15588488682229093,0.5054405551490547,0.49455944485094533,0.20048327707885855,0.7995167229211415,0,0,0.299516507,0.996101428,0.370720113,0.145480838,7.229510014558521e-4,94840,33685,0.598686976,0.001769352,0.05115315,0.327849748,0,0.97379504229,109995153,2324.876333073559,846116.5615384616
178371,617,0.0034590824741690075,78.63038274158916,0.00514476114842118,0.02164367637495756,0.06436706201911734,0.10816658897732047,2.301906554103436e-4,0.8004477208247731,0.1737201346446359,0.088672168865899,0.12461218281358967,0.12322290496351086,0.1283901399711162,0.15377603523164698,0.2076064335096014,0.501842303235974,0.49815769676402594,0.11840161661422555,0.8815983833857745,0,0,0.954396276,0.438765803,0.23049710999999998,0.136691238,6.125887331883148e-5,65306,7329,0.569115066,0.001055816,0.179028253,0.47862040400000005,0,0.30576713562,14025380,575.2408412716927,22731.572123176662
815790,1031,0.0012638056362544283,318.42788094975424,0.0010322666169149343,0.027711633067881658,0.25506682115888807,0.0617211971837901,7.033160184212336e-4,0.653764765954104,0.23092774539243704,0.09195195427345575,0.14980105764375912,0.12629034712844164,0.11153213396176731,0.12745476990571075,0.1620419916944284,0.5144840181765913,0.48551598182340877,0.04519385706589618,0.9548061429341038,0,0,0.270147732,0.976179784,0.354069062,0.14840281,7.768537327833288e-4,59190,35691,0.4488789,7.86446e-4,0.093428045,0.465928732,0,0.9181308555,259770281,2145.6998081758306,251959.5354025218
430319,563,0.0013083317259986195,319.964212595772,0.002001949392248299,0.017812093876614938,0.19957858726397065,0.07127704303952297,5.781285834416329e-4,0.7087521978442015,0.22929319786914457,0.08894035657309189,0.14038082976480357,0.11955974138654875,0.11855682125630906,0.13227350331663354,0.17099554983346862,0.5141131853676285,0.4858868146323715,0.07664175692947839,0.9233582430705216,1,0,0.50754762,0.9501482800000001,0.320699295,0.186736421,4.891535856948006e-4,49946,20813,0.45453470500000004,7.32895e-4,0.1086224,0.473104836,2.32386e-6,0.73492891053,137686680,1713.4537059365186,244558.93428063943
1241475,1637,0.0013185928029158863,451.4450061418877,0.0021562494367699516,0.03325146357888252,0.29657851058217094,0.06651931203190463,3.047586589963609e-4,0.6011897057112756,0.20619760560516975,0.08306267398100556,0.14308021814957045,0.12180711339199532,0.11720817212494138,0.13842124893350344,0.19022296781381412,0.5202638348415022,0.4797361651584978,0.06792282486725819,0.9320771751327418,0,0,0.093048946,0.9943446360000001,0.417608893,0.17104416,0.0010483925511866944,51741,33220,0.47351808,7.5563e-4,0.113157277,0.497629835,8.05493e-7,1.0452362882250001,560457689,2639.347675722385,342368.7776420281
1304715,2380,0.0018241531675500014,251.78240152063862,0.002425074710715428,0.05564485295838828,0.23751843384492943,0.08044959074913585,3.799907928308924e-4,0.6235820569440002,0.23374380975080108,0.09487188217624382,0.1763898504503891,0.14112973703026932,0.11591627037722216,0.11084376548744547,0.12710468472762904,0.5089393062381066,0.49106069376189343,0.07084406814286849,0.9291559318571315,0,0,0.276560202,0.986273679,0.378284146,0.151076284,9.461654578303647e-4,62352,40740,0.429947294,7.68435e-4,0.071925974,0.42881242299999994,1.5329e-6,0.729086484435,328504276,1666.5911740365457,138027.00672268908
228452,253,0.0011074536445292665,236.47276889674856,0.002601849605004179,0.00946372239747634,0.14561819766867085,0.06636738655666101,2.1120368123522698e-4,0.7757376400909524,0.20326076903766796,0.08082778788265811,0.12069337584723183,0.11269119143145294,0.11784394639373214,0.14447091776291163,0.2202120116443454,0.5095370007442869,0.4904629992557132,0.06502600599833526,0.9349739940016647,1,0,0.736993054,0.843566011,0.24765815099999997,0.17555185600000003,2.1435858276458753e-4,47092,11374,0.479605933,0.001729561,0.111625274,0.48715704,0,0.5104417262000001,54022677,1347.0251712790125,213528.3675889328
531988,781,0.001468078227328436,268.69770370760244,0.0016654716243849326,0.022003953123992274,0.20808341774505007,0.06514118570957059,1.8399857353683196e-4,0.7029219732234653,0.2224178754425539,0.09056109111008201,0.13829902451412437,0.11988728880656101,0.11474656787320177,0.13104450187478525,0.1830436503786917,0.5156891889873172,0.4843108110126828,0.040503951240644744,0.9594960487593552,0,0,0.52361738,0.9447636280000001,0.298059355,0.160190602,4.4521752129507745e-4,53064,20030,0.452818805,7.04607e-4,0.109260937,0.479204418,1.87974e-6,0.59189516868,142943954,1677.3624691640928,183026.82970550575
540810,695,0.0012851093729775707,301.46516706421846,0.0012218524182183443,0.04084397769182333,0.14112582831099518,0.060427348505292196,1.3118047434859523e-4,0.7562498125993223,0.20823026759613222,0.08065238520908329,0.13415116886302772,0.12251922086948765,0.12324958603348529,0.14142694397002714,0.18977042745875666,0.5128520109201672,0.4871479890798328,0.025802518923519802,0.9741974810764802,0,0,0.275501673,0.962179976,0.237405004,0.127809438,5.058414236681779e-4,59253,20583,0.458144226,1.76428e-4,0.078980188,0.455174645,1.8490799999999999e-6,0.6853360644,163035377,2358.708181349006,234583.27625899282
6210210,4089,6.584318404691629e-4,95.60431032122908,0.001172784625962308,0.017317877832113665,0.03920792302663873,0.04896162213443578,3.5755825434837104e-4,0.8929822341265011,0.22235913936531576,0.08953356403588765,0.11714093430552293,0.12178817045440969,0.12530477825077554,0.13835287933513063,0.18552053425295778,0.5006757806122246,0.49932421938777544,0.036248123384717085,0.9637518766152829,0.2125,0.025,0.9429179690993449,0.4214981396269302,0.11261181186037171,0.11864781661763613,6.434707776164959e-5,62157.65749080949,8333.73860932239,0.42116777530501187,7.655242456076411e-4,0.09701951987625172,0.4310240716445288,0,0.23949154694459698,593722844,805.7822979526974,1815.0001345072144
371516,330,8.882524574984657e-4,205.1351193488302,9.368337173992635e-4,0.008759933667865526,0.07557663730536472,0.05620733099304374,3.311222621842224e-4,0.8581881420541425,0.21637985466765125,0.08231129803833435,0.12037007309425199,0.11922229000117722,0.12082223007031175,0.13996532571355186,0.2009289284147216,0.5108250125747799,0.4891749874252202,0.029128005907471024,0.970871994092529,0,0,0.671145615,0.852416814,0.140440789,0.133247886,2.493822169036757e-4,55045,14505,0.430901529,8.94234e-4,0.0758885,0.44949611899999997,0,0.497552803,76210979,1539.4999913832044,230942.3606060606
338154,267,7.895810784435494e-4,73.94709215327927,0.07349971411540006,0.015161007773628058,0.036021459592948994,0.1051781608496247,0.008935414411016897,0.7612042432573813,0.22619548658245256,0.12846997871924218,0.12475029194354376,0.11858835663941861,0.10651345311416326,0.12146333366924131,0.17401909933193832,0.4969501532333118,0.5030498467666882,0.07509025056758567,0.9249097494324143,0.5,0,0.9855641564053209,0.3919547172677625,0.26257563136580375,0.1711236142733311,1.5999462784753875e-5,49671.429502534345,4870.846507804136,0.44184661825832905,0.002262498066381765,0.152001255170431,0.45239447119297715,2.9572268209159142e-6,0.14400771116444847,25005505,432.12675507873274,11706.697097378277
650291,1389,0.0021359668210078255,129.9638131236631,0.05293287449367541,0.038774438030222486,0.1018742170038019,0.14878093515003996,0.0016553666520559187,0.6559821686702043,0.2522220309095335,0.09106467490366746,0.1428051915666728,0.13396901921900883,0.11628479994300202,0.11508843593960588,0.14856584751850951,0.5091894411228604,0.49081055887713965,0.15208962933496412,0.8479103706650359,1,0,0.52787026,0.948670136,0.388616788,0.143420213,4.4030297261283565e-4,57024,22801,0.44051679,0.001441461,0.107026422,0.43725193800000006,1.53777e-6,0.643423276749,84514298,906.1750112145148,60845.42692584593
792668,1838,0.002318751356179384,137.37082738296488,0.033156414873787635,0.035876009646268386,0.15289493360292336,0.14547067681841636,0.0010583514990680188,0.6315436135595363,0.2551646685080457,0.09304086137563758,0.14965264894995173,0.13512024555052113,0.11163204399321913,0.11363082723392134,0.1417587043887034,0.5086928332377665,0.4913071667622335,0.19621555378163544,0.8037844462183645,0,0,0.558583752,0.924086893,0.446034153,0.155466222,4.3172811029950725e-4,55519,23970,0.458200609,0.001680947,0.10462882700000001,0.430838636,1.26156e-6,0.58338779464,108889459,883.6056193799119,59243.44885745375
341811,148,4.3298782075474457e-4,29.29482082203323,0.04942530435940297,0.018979009186254642,0.030872324373899793,0.11717282288723539,0.001141994940903241,0.782408544252304,0.2534879123361952,0.08788691821057389,0.13056653863533665,0.13907873926796205,0.11544001355625848,0.11840826931766832,0.15513160867600542,0.49668718933574335,0.5033128106642567,0.13880478987799366,0.8611952101220063,0.625,0.0625,0.9948436803996108,0.228132320628913,0.2693857132700206,0.12391594366675152,7.092105636289562e-6,60777.901240744155,4428.8367957731025,0.3814052898618359,0.0017099754017323233,0.1514116038165198,0.4083923574063854,0,0.11651823449732784,10013292,236.40881032077766,4228.586148648648
282189,240,8.504938179730606e-4,42.28255176495186,0.04297273454084305,0.04747332726821603,0.050261213574835276,0.12718137457613102,0.0013474209467096738,0.7307639290932649,0.20762909811961217,0.14984960258112218,0.14061738560553866,0.13500142835537482,0.11174444201717387,0.11059503604496798,0.14456300727621033,0.5008351677897461,0.49916483221025393,0.10630660908434018,0.8936933909156598,0,0,0.824737756,0.8428507620000001,0.290004217,0.120425554,2.0218266572665688e-4,65412,13111,0.436613121,6.56982e-4,0.068434346,0.411103906,0,0.198374916354,11931671,351.10946439949,49715.29583333333
476679,293,6.146694106516125e-4,62.99953637563224,0.17590884450815159,0.014597648692253797,0.017473040523312743,0.1322573111443931,0.0011013050679316676,0.6586618500639572,0.23234633243019984,0.0876845240472432,0.12081740238065711,0.1216140375952967,0.12048949975932788,0.1323759697825123,0.184672234004763,0.5027104514756668,0.4972895485243331,0.06083434401609245,0.9391656559839076,1,0.09090909090909091,0.9800289248220794,0.32903251392268873,0.3585284856114912,0.15446498847055565,2.690435575709081e-5,52356.303334109536,3270.545807556028,0.42563990859909084,0.0013373802201172705,0.1696573851064238,0.4551259859895149,0,0.15574583684760435,30030556,407.8564145792903,9317.578653428483
414831,474,0.0011426339882988493,90.46810869968735,0.05268678372620953,0.011630201062376536,0.06733629187134606,0.12539988961673032,0.0015808282741001391,0.7413660054492375,0.2395486581696605,0.09125997977980842,0.13594078441736027,0.1326628828562354,0.11272393134832795,0.1262380018377584,0.16162576159084904,0.48819640255152635,0.5118035974484737,0.1251591067233349,0.874840893276665,1,0.125,0.9925855615443286,0.21704819886179968,0.3135638368499654,0.14955532861698861,1.144575033863957e-5,53736.34941940212,3482.6127917151803,0.4040448036980843,0.0017703967678618824,0.18097713937076546,0.44973736294756905,2.4106211589779933e-6,0.13896927058003725,37528976,604.9139775646261,4948.440928270043
532807,818,0.001535265114760129,102.46109566878813,0.13579007348606909,0.007501866624749479,0.045694973867253505,0.13524187527016937,0.0017330137147797383,0.6740381970369789,0.23779812278812124,0.08406293275888599,0.12426142483458993,0.12212648099707647,0.1163140483151254,0.12923142021849515,0.1862055700877058,0.4998153562086475,0.5001846437913525,0.0686817202646561,0.9313182797353439,0.9523809523809523,0.42857142857142855,0.9930879196441514,0.21212674263539227,0.3471576011379036,0.18827288883378032,1.1659491507162439e-5,44839.63063736024,2770.1516383981443,0.4406793357871368,0.002436618306034977,0.20603561587698394,0.4797534568286603,0,0.14289632709063188,54591989,544.2158788950625,3178.0177552683667
377749,3085,0.008166798588480711,99.1786847880471,0.009881160480778351,0.026968575958372293,0.012119733864520237,0.09817472254969714,0.0022819355800371287,0.8505738715665948,0.1778097786884389,0.1246798456986943,0.13061250091472656,0.12524174916629208,0.11246693916806924,0.1246798456986943,0.20450934066508464,0.5058725446125218,0.49412745538747815,0.10204166971575525,0.8979583302842448,0,0,0.9787810300000002,0.819691308,0.186459792,0.171762221,3.2026075815090725e-5,54942,16666,0.536089581,0.001915659,0.055623804,0.433136818,2.64726e-6,0.083023563965,37464649,577.4185045502358,12144.132576985414
809869,7384,0.009117523945230648,227.96008243308486,0.009640273080765071,0.07762616675087906,0.057377716495851196,0.12213424791008959,0.006378604279712653,0.7268429914827025,0.17924571724286353,0.07743359254002237,0.18154834841260264,0.1709184276425212,0.13602193408578328,0.11095049778382635,0.14388148229238068,0.5021054582683865,0.49789454173161346,0.13087304677538336,0.8691269532246166,0,0,0.627971811,0.987183418,0.310721857,0.131832971,7.254713824812645e-4,71425,67069,0.516174576,0.002039725,0.05339025,0.43678051599999995,1.23477e-6,0.602467218183,184617804,1729.1583486583556,25002.411159263273
218781,1163,0.005315818101206229,48.244504778751356,0.006957269832660829,0.01217522220715645,0.006896487233316345,0.10883358191857936,0.002132066561621867,0.8630053722466652,0.20422981358087372,0.07366453543491057,0.12381213409236935,0.12530833966112967,0.11178857222449375,0.1318907455417118,0.22930585946451118,0.5090648490539758,0.49093515094602425,0.14209459793406812,0.8579054020659319,0,0,0.975723005,0.794046377,0.199724839,0.137015798,3.0350042778340975e-5,56327,9701,0.541172936,7.135690000000002e-4,0.068813721,0.440248468,4.57078e-6,0.10487179722599999,10554981,352.1090668592198,9075.650042992262
239530,1799,0.007510541477059241,23.295662338746713,0.020922609497426817,0.010256181126189616,0.004362431100803028,0.07675685336301194,0.0014703911159131252,0.8862315337966554,0.19708259412576384,0.06548787699586044,0.128929627439385,0.13607332939089295,0.1251645968854721,0.13555686970234576,0.2117051054602799,0.5010959984230239,0.4989040015769762,0.0998896116696235,0.9001103883303765,0.3333333333333333,0,0.9910530771379612,0.5421944103037482,0.15969607165522062,0.10308925143109422,1.1889978312038723e-5,66637.93397486745,7740.09064000334,0.512387806477339,9.331430959855224e-4,0.14808698271252307,0.46767419515093306,4.1748415536676e-6,0.057069911696212366,5580010,225.97566686491794,1033.9095793959607
428472,1755,0.004095950260460427,84.88918529098751,0.015013211930512593,0.02259328788327899,0.01157532320460885,0.15379041799355997,0.010637947501893752,0.7863898114861458,0.23542985853339002,0.09727294666559408,0.13686061344335015,0.1298619809922199,0.11580265925049128,0.11587390969580656,0.16889803141914797,0.5007113552524219,0.49928864474757806,0.25648321592332535,0.7435167840766747,0,0,0.947229477906617,0.8269894659335307,0.3303249690902229,0.13113450597302506,8.608427411071363e-5,62577.93896450643,16691.01754607069,0.5022839150021146,0.002889344072549583,0.055454562770486084,0.3735996750850884,0,0.24735837080847312,36372639,647.3443786675765,10362.575213675214
1091100,6462,0.005922463568875447,35.62593071212538,0.013762252691361422,0.015294594589568545,0.0069178542006438064,0.1034684112552744,0.0020920930042269575,0.8584647942589249,0.2014161922330288,0.08732142234414776,0.11992746463319655,0.1201840924718626,0.11183251054454281,0.1359617865947274,0.22335653117849405,0.49729736013112164,0.5027026398688784,0.12709784316372946,0.8729021568362706,0.6538461538461539,0,0.9957969160951452,0.40276900366983276,0.19508752631808085,0.1408161638594446,5.547971193820347e-6,56134.03005499038,4505.343615617267,0.4948352894853396,0.0018029094633415454,0.13480982664524171,0.46029328186598756,2.7495172063055634e-6,0.07056703901032359,38871453,252.99603210101176,231.36117063066925
595761,874,0.0014670312423941815,54.96537201998788,0.009609138881582126,0.12006592191366806,0.02462766823598041,0.13157362622418103,0.005477388103635547,0.7086462566409528,0.21994582401801868,0.0799129052786598,0.15576261190872046,0.15545441520925724,0.13255123561887563,0.11309486127816668,0.14327814668830152,0.5006563756734514,0.49934362432654855,0.181937674297728,0.818062325702272,0,0,0.8368439390000001,0.94504907,0.353341357,0.084519669,3.175942777505475e-4,86626,35737,0.46318457300000004,0.001950323,0.038753275,0.389471617,0,0.305406152952,32746225,650.3263994087326,37467.0766590389
415084,353,8.504302743541066e-4,119.4239310597373,0.00596687087387447,0.05150287189368478,0.01090412557394973,0.09869116172573476,0.0021254219587712266,0.830809547973985,0.21077980999649545,0.07223400930126826,0.12076493933337754,0.13918040861172415,0.13105363857658392,0.13256675222823153,0.19342044195231917,0.503769760459191,0.4962302395408091,0.09782907261998353,0.9021709273800165,0,0,0.930570562,0.828904061,0.190137418,0.074796326,8.567060457639811e-5,82911,23006,0.505245857,0.001041863,0.056258441,0.406732131,0,0.146475257004,49570963,1596.6550423845326,140427.65722379604
1581531,5191,0.0032822625670947962,547.8132790315208,0.004835305175197063,0.08478264917075068,0.4353712365541348,0.08016042290301738,5.613146623802637e-4,0.3942890715345198,0.21405153586378436,0.0977868243311561,0.18678148571313016,0.13402471638591737,0.10863152413500232,0.11519231158116115,0.14353160198984855,0.5264188287395604,0.47358117126043964,0.15200842753432692,0.8479915724656731,1,1,0,1,0.65866872,0.230694713,0.004544869156672592,49127,113531,0.522101436,0.0018919469999999997,0.11027961700000001,0.43573031399999995,0,2.02560908949,866383683,2374.6243332049,166901.1140435369
277071,382,0.0013787079845960061,366.21254118980335,0.0036250890896395533,0.06377190157991658,0.18366394483497162,0.0735473414204416,5.318244472824494e-4,0.6748598986277482,0.22447510122302458,0.08150018783654046,0.13835552587274422,0.12341208554215191,0.122229411028092,0.13301261983275592,0.1770150686646909,0.5115832533288809,0.48841674667111906,0.1127888856423314,0.8872111143576686,0,0,0.78039007,0.851735853,0.354995651,0.11887616300000001,2.0381749279052197e-4,63123,23633,0.417693963,6.06545e-4,0.089009722,0.450693144,3.60918e-6,0.46294962177,101466875,3080.6221529021195,265620.09162303666
565328,575,0.0010171086519684149,130.8473399513203,0.0011563650703144566,0.06274568317018106,0.22540237418978953,0.05041289871059078,5.790706803725236e-4,0.6597036081787516,0.22103454559654284,0.09720493930006335,0.1275523043414122,0.12924617533994567,0.11957236699381286,0.13515216202847993,0.17023750639974314,0.5156674389746527,0.48433256102534733,0.04813127500238634,0.9518687249976137,0,0,0.1137261,0.992151934,0.340970198,0.09909637,0.0011874922828902677,76238,42080,0.508190415,0.001388385,0.067409431,0.397549741,1.76888e-6,0.94118066752,73971665,1320.4049749886933,128646.37391304348
317547,167,5.259064012571367e-4,311.4150283265154,0.0010593676237391043,0.01189471210029563,0.05663313106032768,0.08368342122774086,0.0016618829597407198,0.845067485028156,0.20262410346710513,0.08531864113529133,0.12592567596586274,0.11958168956187228,0.1268643896213855,0.14026406690022025,0.19942143334826276,0.5019387811447398,0.49806121885526017,0.15926534919534446,0.8407346508046555,0,0,0.868897806,0.777775389,0.197447937,0.146137924,1.3777823741604735e-4,53194,13067,0.43027243,6.9979e-4,0.134429394,0.47311106700000005,3.14914e-6,0.35940287007,98888908,2130.96655407884,592149.1497005988
827180,467,5.645687758408086e-4,150.40326047534998,0.001833745906393558,0.07982013633295891,0.09465734690416008,0.06336861258025604,3.01275200662331e-4,0.7600188830755691,0.21478243200092892,0.07950187233301402,0.1227913727539261,0.13317077418793,0.12715956921826468,0.13878487038810997,0.18380910911782636,0.5101047925919475,0.4898952074080525,0.06478098057998781,0.9352190194200122,0,0,0.238680458,0.966634873,0.251478517,0.057845904,6.612738179158711e-4,93518,36305,0.448610327,5.93131e-4,0.052176008,0.406427863,0,0.9686939544,124410569,2600.067594679651,266403.7880085653
521980,213,4.080616115559983e-4,63.848358174642705,6.203603799041296e-4,0.06624535443319804,0.0541692594305244,0.07191993925796526,2.797330547420462e-4,0.8067653534436662,0.2231482577057327,0.08973998698455896,0.11432327101697923,0.1289933739572857,0.13128771519848548,0.13938354138318643,0.1731238537537715,0.5041431254806839,0.4958568745193161,0.08195475655209135,0.9180452434479086,0,0,0.62026845,0.806877827,0.211887429,0.062628762,2.685212426826881e-4,104161,19958,0.449677912,0.001352675,0.04344743799999999,0.386442009,0,0.4836985087800001,33327566,1019.4734198105768,156467.44600938968
419062,761,0.0018159604068133117,166.59808095222186,0.005905380856126705,0.01505769772023642,0.05208914361742957,0.13143054524985287,2.0980989176879974e-4,0.7953074226645857,0.22121728695385232,0.09501870978094788,0.12422178241768976,0.12046819802367037,0.12377758500798858,0.13812678928995858,0.1771696485258925,0.5041198728339562,0.4958801271660438,0.2397200858626616,0.7602799141373384,0,0,0.861470486,0.734451987,0.294970673,0.117033041,1.8893072023217603e-4,66154,18892,0.475182139,4.28419e-4,0.06641236,0.39973559999999997,0,0.3503567851,69814925,1423.5132192473907,91741.03153745072
210162,182,8.659986105956358e-4,381.26985849011714,7.840699925895823e-4,0.030545263308870987,0.03172136829775536,0.07568187794325054,4.255013984175173e-4,0.860841919059116,0.20524569808278584,0.08885532399899923,0.12154711491238637,0.12006449400928491,0.12220502793813764,0.1395377929334581,0.20254454812494788,0.5089235245605419,0.4910764754394581,0.09165377095360323,0.9083462290463967,0,0,0.834992967,0.824471042,0.159510283,0.138407877,1.7682820581206536e-4,54064,15299,0.443963427,9.916e-4,0.127654709,0.478564155,0,0.4296972252,80128436,2754.6832359123396,440266.13186813187
3105522,2262,7.28379963175273e-4,123.00530249020937,0.001748079371575194,0.02137794557639628,0.043555239275165365,0.06329755503020475,2.802994653535021e-4,0.8697408812813049,0.19996560403996186,0.09577264717115563,0.11828509018091063,0.11809109441371958,0.12377025668384019,0.14215997056880006,0.20195533694161205,0.49832790325992654,0.5016720967400734,0.09169745977220174,0.9083025402277982,0.09090909090909091,0,0.9579421616344042,0.36367176038463855,0.16184074689202493,0.11401910669358484,5.761277706248809e-5,61318.46175715387,10899.61858682695,0.4587463949883269,9.785883349946454e-4,0.1427695300033032,0.45889257909877534,1.288028407968129e-6,0.2607429367058857,381995673,1078.8130696443188,5117.429909171288
543050,597,0.0010993462848724795,81.205660620569,0.0018520603467687459,0.024555280342265257,0.04161224949335735,0.06777565112962546,9.701268483074383e-4,0.8632346318396757,0.23253673324915203,0.08739964442106742,0.12931796934527723,0.11824170360856776,0.11200195982714613,0.12851818694373243,0.191983802605057,0.5082202860122741,0.49177971398772585,0.11271527926636177,0.8872847207336383,0,0,0.805911428,0.721245099,0.186666053,0.091097538,2.2212890376751367e-4,69588,17294,0.471094917,0.001406842,0.038447398,0.390682258,1.84145e-6,0.39317960405,44098734,891.4144377926987,73867.22613065326
627668,407,6.484319735911341e-4,60.61725307009438,0.0012672757869129894,0.05044426295017346,0.03854524381526431,0.062325769479987074,1.3054851071214212e-4,0.84728689945695,0.20105171418266143,0.07695594224705221,0.1092086137156285,0.12322114945517985,0.1323234152692057,0.1576688911489753,0.199570273981297,0.505632413973526,0.49436758602647396,0.06339387578503172,0.9366061242149682,0,0,0.560719877,0.897031574,0.173641161,0.05637671999999999,4.009879646126569e-4,93181,26495,0.48829056200000004,0.001304187,0.042208193,0.4004872,0,0.66760023816,38047510,1075.2178039108055,93482.82555282555
447628,391,8.734931684345037e-4,97.1570880284522,0.0014527256060343295,0.014759241699756528,0.06083879700806094,0.0648929149783893,2.477516537422887e-4,0.8578085690540166,0.21995941756366044,0.07863717908524054,0.12320165813216288,0.1250021771693315,0.12828752569059812,0.14061030410701222,0.18430173825199428,0.5030523914027938,0.49694760859720627,0.09094907165499704,0.909050928345003,0,0,0.813790625,0.715433421,0.174144602,0.08738557399999998,1.911065061669273e-4,68940,14843,0.47187932,0.001215422,0.056631836,0.413057271,0,0.306271106252,43490233,1111.8206768139123,111228.21739130435
1218380,1164,9.553669626881597e-4,443.50140760682217,9.920133550918734e-4,0.04184633493044495,0.1263908157659207,0.052967970277095336,2.323120839779654e-4,0.7775705535874692,0.18725876195911892,0.08674976380034762,0.14902908238450402,0.12979694891315915,0.11333713832432066,0.13641940674386285,0.19740889787468682,0.5124315182236496,0.48756848177635037,0.028121463051280316,0.9718785369487197,0,0,0.267084354,0.975853565,0.22143748300000002,0.11299469300000001,6.44450969835078e-4,62320,37053,0.438825591,4.15983e-4,0.094155866,0.494440158,8.207620000000001e-7,0.7749627828,540353245,3924.975552673276,464221.00085910654
1695949,774,4.5638164826890433e-4,163.762342499686,6.545726020714879e-4,0.007716597955335954,0.025362759625866954,0.03580980956862894,2.0058525793305795e-4,0.9302556749901636,0.19126251455077417,0.08261063750828207,0.11072984264219049,0.11419606862124446,0.126170035641653,0.15296174997507267,0.22206915106078315,0.5004557718415011,0.49954422815849886,0.016693934311035226,0.9833060656889647,0.25,0,0.9603422577370572,0.3753008163123091,0.06783694556898469,0.11712940648864381,4.298848352835331e-5,57110.95881361998,6408.583612478913,0.4269599508433095,8.780014151047606e-4,0.14962869799263945,0.4960225809080261,1.768922624159099e-6,0.2621524287360958,277732581,1398.1317536648105,17941.381201550386
164781,101,6.129347436901099e-4,332.76848058938833,0.001007602268613491,0.004543260528538675,0.06247737420055509,0.04831060697477978,1.327380234101605e-4,0.8835284180041029,0.19482852574658818,0.06963166120735599,0.11807081733964897,0.12052601007227848,0.11883132825926836,0.15580892612265185,0.22230273125220817,0.5089375003742672,0.49106249962573284,0.0226416676148102,0.9773583323851898,0,0,0.803996433,0.710786791,0.11047997,0.098091803,1.4636078986791915e-4,59014,8704,0.417024443,1.52596e-4,0.094249061,0.48298650900000006,0,0.47595014478000003,54833923,3392.418840434489,542910.1287128713
272046,454,0.0016688354175396808,249.26452511707578,0.0014130716645307738,0.019993460785382226,0.06988691668514434,0.06278397666928485,1.8415029670746787e-4,0.8457384238989504,0.20901225773899623,0.09926023209568753,0.12614267058439438,0.11860772267236518,0.11772474994806043,0.13710563024960673,0.1921467367108895,0.5031942836791025,0.49680571632089754,0.04632638827056065,0.9536736117294393,0,0,0.895978678,0.760174397,0.163696581,0.154935944,1.3147756371520582e-4,52863,14500,0.485084077,5.61655e-4,0.092300988,0.447031017,3.6758499999999997e-6,0.47315872595999997,67811417,1608.82309606011,149364.35462555065
1057798,2442,0.0023085693109648536,579.4900226697347,0.0047732861149973604,0.03750691905273621,0.06278714683335972,0.11524905148758405,6.587233155609127e-4,0.7790248731957617,0.19032820843348966,0.10077498856551799,0.1385019322220508,0.1249394040923121,0.12217778268732694,0.1407632665097031,0.1825144174895994,0.5095972049652584,0.49040279503474166,0.17117761927237438,0.8288223807276256,0,0,0.6327387045110129,0.85181225681259,0.2855838259878786,0.1158799755894405,3.9503042377299704e-4,70141.20173605924,27942.023157540476,0.47336301318628415,9.190523068286486e-4,0.11625885109738628,0.4436470855068236,2.8360775726178345e-6,0.6769601781433149,612983387,5000.777914579923,50203.3895986896
1067092,476,4.4607212873866545e-4,86.50101584493183,0.003497351639709296,0.01796242076238665,0.24553947904526374,0.0611122165685968,0.0014952102106370279,0.6703933217734065,0.21015837444145338,0.08674382694961807,0.1384876766738179,0.13226383897459723,0.1166213452489945,0.13064319973763683,0.1850817379738821,0.5087841561789718,0.49121584382102823,0.08435887274930196,0.915641127250698,0.42857142857142855,0.2857142857142857,0.9106469507716355,0.5465981823994328,0.36590097173197433,0.12411389773425534,7.576604119043068e-5,64834.52604086621,10583.9805424462,0.504606480634829,4.1223398650787525e-4,0.15532306511472707,0.45163022499556177,0,0.2198194039670908,92304542,696.9486691179599,27702.44357743097
1537282,1669,0.0010856823926904758,109.6281684167251,0.0033418192626287428,0.018120258971608752,0.17946448186294148,0.06723957458356486,4.955868860085548e-4,0.7313382784332476,0.22212902012413016,0.09331515265500595,0.13080872672559715,0.12213090088395712,0.12379976177042191,0.13105761394269952,0.1767588238981882,0.511531565419096,0.488468434580904,0.08128769356153219,0.9187123064384678,0.38461538461538464,0,0.8905186210243542,0.4423776111236472,0.29432856175968947,0.14294580756763497,8.119476409068156e-5,54037.85138120397,10674.320911192612,0.4809597820354483,0.0010726686244436306,0.11765213924049359,0.4368352714561453,6.504978088145182e-7,0.3018361596419552,168529410,766.9211870019651,7767.40609300825
1487656,1423,9.565383395085961e-4,130.83532886635084,0.0028765492233587702,0.02195702765600476,0.3191481301077015,0.05830965524706392,4.972398116577367e-4,0.5972113979542133,0.22296492673901747,0.09887435915257548,0.12833232386418172,0.1282760583704851,0.12408130032865668,0.12841506723726498,0.16905596430781858,0.5158513134683044,0.4841486865316957,0.06456630888432145,0.9354336911156785,0.46153846153846156,0.3076923076923077,0.9166876310198883,0.4305737684859186,0.4171858278606143,0.14556042139863182,6.764066880876992e-5,57071.18892405234,10994.740854740612,0.49416568605647476,0.002567753105713909,0.11414857487825494,0.4339988546564817,6.721981438249164e-7,0.27525474364286506,194637962,898.8386239144304,10521.539650791934
999487,1025,0.0010255260948866768,108.35623574893921,0.0037500530954119498,0.01038242855380234,0.31350868640939494,0.047492581812444756,5.683737431557486e-4,0.6242978763857903,0.20333431094342017,0.08115022432188208,0.11602316143248942,0.11256420520299941,0.12043528749663121,0.14547828912950428,0.22101452147307346,0.5167924348832417,0.48320756511675833,0.048645349482395094,0.9513546505176049,0.9230769230769231,0.46153846153846156,0.9509743750856653,0.41923170919387165,0.3980652072891843,0.1799961772888852,4.3731196611917324e-5,46873.78234234162,4782.833255460051,0.49374180069738677,0.0023575245163113567,0.25013221123249896,0.5202678973846713,2.0010275195275177e-6,0.22106824682154902,108300649,601.9918721664442,8127.628442776735
879336,1338,0.0015216026638281612,80.04924056333415,0.07840098708956326,0.014158960668676486,0.022724940139649714,0.05728209761043572,6.834738063739008e-4,0.8267495406853009,0.24446337497803589,0.092568455750372,0.12690364926812234,0.12486626912546124,0.10644310349045924,0.1289276841260062,0.1758274632615431,0.493327357611372,0.5066726423886281,0.04590889174082567,0.9540911082591743,0.3333333333333333,0.18181818181818182,0.9967607540719693,0.18042022982563902,0.18651346026435855,0.12812591172419757,4.478603686124165e-6,59959.84964564171,7864.212686618084,0.38434201972406,0.002138048069233325,0.12332888961670643,0.45126891212419934,5.6861050044806535e-6,0.09506233763319445,70390179,624.7701146950452,797.0985527924989
700948,975,0.0013909733674965902,133.56336133350834,0.0018426183764373566,0.014180585177857702,0.1104899163459834,0.0595498807801609,2.0441770972113422e-4,0.8137325816098395,0.21023124655363762,0.08493372514256597,0.13263207856659245,0.1226688630319613,0.1271109187740373,0.13556925181653834,0.186853916114667,0.5086991421611397,0.4913008578388603,0.06394494196151242,0.9360550580384875,0.6363636363636364,0.09090909090909091,0.9258838238845911,0.2717242314060329,0.2079940309166443,0.14391836019590185,6.247608920181692e-5,52803.146853974904,9838.442081295616,0.45860403701950503,0.001673902764731561,0.11029258973752304,0.44619429666704097,1.4266370702534283e-6,0.23970680952651605,93620971,928.0494938359618,8729.228065268066
936611,784,8.370604231639389e-4,407.5513644405201,0.004073255304047486,0.029806870736305318,0.5504816929552123,0.04971089381055068,0.0011008187197952975,0.36482646847408895,0.2547118559523745,0.08723317736487403,0.14772797510287955,0.1276996730626386,0.11904423684795515,0.11978919859682605,0.14379388307245214,0.5244639148986928,0.4755360851013072,0.08485407099366186,0.9151459290063382,1,0,0.490767747,0.965972354,0.647691518,0.189678542,4.754788627389495e-4,52092,23762,0.533056853,7.62744e-4,0.12171388,0.433505479,1.06768e-6,0.522615825446,381717091,2148.642435476545,486884.04464285716
466184,899,0.0019284231119043125,399.8219394058998,0.0016635697067095218,0.022729175036828714,0.08309478371501272,0.06335584906923798,7.888877728672827e-4,0.8283677346993438,0.21065816442723753,0.11864152925414596,0.13830706133142937,0.12846711434732386,0.12137028853038874,0.1217457493932101,0.16081009271626442,0.5103764661951863,0.4896235338048137,0.06068719596389831,0.9393128040361017,0,0,0.45221313700000004,0.9080675029999999,0.180872788,0.131998224,3.540813389268074e-4,59250,16966,0.465734312,5.75089e-4,0.08706186099999999,0.445341324,0,0.40060403198399996,186390591,3028.9948401570905,207331.02447163514
1209599,276,2.281747918111705e-4,73.08826809545974,0.0025767294969043842,0.020633505666051138,0.08504230163706902,0.06811849965892756,6.61688399052393e-4,0.8229672751419955,0.24347212475032198,0.0823208680697479,0.13165570268456894,0.13561507553965158,0.12854928393500273,0.12759530181156348,0.15079164320914343,0.5026066771036578,0.4973933228963422,0.07187256588029337,0.9281274341197067,0.3684210526315789,0,0.9479543644518099,0.3524185801732635,0.1920033001849464,0.1072266268170468,5.2493774404954876e-5,69299.51527985721,6946.631437360646,0.4284318893581493,0.0013170316726303828,0.08970677535158367,0.4016248360775893,0,0.20642905017581117,88407496,681.6242407789724,16858.790236460718
690540,2094,0.0030324094187157875,318.07681234975524,0.0035310891300195874,0.03570323453686472,0.26481095718424885,0.09585019298845622,5.181891805060192e-4,0.5995863369799046,0.2086508904748354,0.09644908895732314,0.20184659771274333,0.14412844476125808,0.11228069186837708,0.10964068262693598,0.127003603598527,0.5159640260000057,0.4840359739999944,0.13591821324625342,0.8640817867537466,0,0,0.414122959,0.968574518,0.439884728,0.14232949,5.295555408229289e-4,62515,38245,0.493883009,0.002067838,0.095540425,0.463027486,1.44814e-6,0.58712265798,219644762,2234.7920473104714,104892.4364851958
593585,594,0.0010006991416562077,80.10494705897217,0.002544994213677451,0.009286101138004205,0.03209392444363233,0.04654244592710386,7.572427802662532e-4,0.908775291497316,0.21359177757791825,0.08233259787904473,0.11911933123265159,0.11995076122754007,0.12878430053120934,0.14001669330262112,0.1962045382490149,0.5017777073237013,0.49822229267629875,0.04874379662640001,0.9512562033736,0.7777777777777778,0.1111111111111111,0.9689606923471477,0.21417554956028004,0.10229368980929437,0.15010902724621747,3.281842229746838e-5,53053.47360361195,4107.2619944911,0.4320408903190377,0.0015156931146532997,0.12808373067251416,0.4476342900884962,0,0.19793135072837076,47549095,533.645101354094,4447.165637860082
664901,819,0.001231762322511171,129.2420931837973,0.0025232510384731377,0.005502657369787365,0.18287887031095848,0.04649298414974017,4.6373262328695505e-4,0.7621385045077539,0.21771112530518927,0.0873050221168942,0.12015950429503519,0.1194834615774927,0.12345913000913329,0.14087804965406908,0.19100370704218625,0.5072663399375593,0.4927336600624407,0.03591532900745587,0.9640846709925441,0.8260869565217391,0.043478260869565216,0.9847928592379559,0.2535525712604188,0.24691495419361528,0.1719635780951811,2.3155874653716107e-5,46923.317835286754,3113.056994951128,0.4691709453159433,0.0013170895129922726,0.1598138016310461,0.46234552206927054,1.5039866055247322e-6,0.16690587949893748,85933197,751.5666667057972,4561.936454849499
510989,688,0.001346408631105562,123.9135421701837,0.0017737759400239595,0.008468910615604591,0.023712176836573017,0.04066352359237933,2.318661359508444e-4,0.9251497468794683,0.18863285778616665,0.08866639200544213,0.12053539776374664,0.1131022985312012,0.13275335102662617,0.14449990897854767,0.21180979390826954,0.507227103314139,0.492772896685861,0.0327025706374376,0.9672974293625624,0.875,0.25,0.9066850374960683,0.42341221196954487,0.07824825999560851,0.16805836274692018,6.809339751963682e-5,45593.14191890628,6016.612557217474,0.442029478171487,0.001743226696008486,0.1331949146190502,0.4816405049173446,1.956988477423193e-6,0.21909317880271761,63318457,737.3244636256849,11504.080123546511
324139,367,0.0011322303086021737,38.491674867880754,0.0016142265189279166,0.036982077642814616,0.15639041179066593,0.09471214935001467,0.0019044911039828448,0.708396643593594,0.2479301233535557,0.11694554183696397,0.14700319405217996,0.14364417746756886,0.12754877115739596,0.10775304259779118,0.1091751495345444,0.506770651125882,0.49322934887411796,0.11554618861119881,0.8844538113888012,0,0,0.76210449,0.840359488,0.303989955,0.103420896,2.0209517264519389e-4,68718,11871,0.46367746,0.001518451,0.055885509,0.376600779,0,0.279979923335,12476653,372.18469725770655,33996.32970027248
674772,784,0.0011618739366778704,105.85693982560035,0.00186105859835533,0.008217470430336726,0.018576775282319356,0.056588823652202545,0.0012098350919798077,0.9135460369448062,0.20594131241319205,0.07433866983860407,0.11858922013409433,0.11383998577831221,0.1316011972811139,0.14753411253922166,0.20815550201546176,0.506228492226489,0.493771507773511,0.05962269168566023,0.9403773083143397,0.5,0.25,0.9267941613049452,0.40991337040275067,0.09889414489634425,0.14957600951275984,5.608819070269115e-5,50652.644614773584,4887.085005009099,0.4181765055505964,0.0011567550574038447,0.1789829040018945,0.4785023680790904,1.4819825440593268e-6,0.20753423960011344,71429299,707.7133570445335,7592.399978741497
1978826,3398,0.001717179782355801,134.916415086521,0.0116397388582449,0.03597608367110296,0.08796411349059442,0.3129418974341889,0.0017641760833433922,0.5497139904625254,0.24935651514913534,0.10043370191779101,0.15604139507123,0.1424688221527636,0.11916298867545196,0.10600811644965209,0.126528460583976,0.5039149009691049,0.49608509903089515,0.5953118373725792,0.4046881626274208,0,0,0.533256246,0.952923471,0.729075725,0.155990558,6.159910105343258e-4,58288,34092,0.502051601,0.002746055,0.078732673,0.353566205,5.0535e-7,0.486179738766,266976110,864.9011633545217,78568.60211889347
1250884,2975,0.0023783180534725844,128.04255150757385,0.007639453072703278,0.08232182162746045,0.0887189384760842,0.17043539144816988,7.384167115010897e-4,0.6501459786640811,0.20469706529012524,0.08969008698977153,0.19634528247777458,0.166890354650607,0.13159277315744192,0.1037942835292993,0.1069901539049804,0.4903653570404359,0.5096346429595641,0.32509702705286303,0.674902972947137,0,0,0.589532074,0.9488934950000001,0.514093233,0.11376366,4.857404511739978e-4,80668,48268,0.46080195300000004,0.003403651,0.072801698,0.423800288,7.994349999999999e-7,0.42424981743999995,160166379,1125.5136438786678,53837.43831932773
3628672,3718,0.0010246172704504568,147.64669802065328,0.006776995690034721,0.11121412228892748,0.20942304220042154,0.16834035947310327,7.050352502801018e-4,0.503540445097233,0.2531638254528995,0.09278126618602162,0.15379001869951675,0.14426823659820928,0.1300416055512057,0.1114501412072894,0.11450490630485777,0.5038187923558032,0.4961812076441969,0.33338870347060556,0.6666112965293944,0.5,0,0.41393464994449464,0.9668787886735682,0.6394391665471986,0.12272352529314746,8.172125735211791e-4,72591.41419726005,54930.3173513616,0.45728448528363325,0.0042006802296974954,0.07443879971092854,0.38691813412886583,2.7558287264982893e-7,0.6275819009319259,535761439,1203.0839048012376,72049.68249058633
2215600,2463,0.0011116627550099296,55.31147860624662,0.005835256123200231,0.060287052287234445,0.17872980121894758,0.16128807313685456,0.0023339127002800697,0.5915259045334831,0.2561837840948426,0.09244701637703362,0.1457039822619192,0.14016344773046907,0.1262652463879063,0.11650555274123275,0.1227309704065965,0.5081109170633118,0.4918890829366882,0.28766922629567593,0.7123307737043241,0,0,0.5902820995648583,0.6652553294411102,0.5183142261834799,0.11168295469068922,4.8358554028265566e-4,71173.51205136307,29897.770034753565,0.48051155349456315,0.004020863863357493,0.0756375720568335,0.3751403684078155,4.51344834123488e-7,0.5168468599644175,122548112,495.25443483684825,24877.814047909054
836915,913,0.00109091126338995,147.44493885281062,0.010924591086294892,0.015152664334285316,0.03943029953678741,0.46414067100322276,0.002148512107100157,0.46820326193230943,0.2641135897953883,0.10938905082104412,0.151541946841361,0.12805056131136186,0.11419122103258203,0.10436408761651901,0.12834954258174366,0.5031150616143835,0.4968849383856166,0.8271541946841361,0.1728458053158639,1,1,0.75679384,0.959763509,0.882501807,0.1948601,3.189141218846962e-4,48292,18076,0.499065993,0.006899021000000001,0.08494752,0.357344533,1.19486e-6,0.388634033975,123398881,756.6707543145601,135157.59145673603
368971,229,6.206449829390386e-4,81.56425301717479,0.004897353995739274,0.01607280163373745,0.13710937607654974,0.15798307284848517,3.5827575658193905e-4,0.6835791196889064,0.23608350821294646,0.12265566490860831,0.12493946474929805,0.1192815689678442,0.10983145398394724,0.1184585541932735,0.16874978498408222,0.5071385284707539,0.49286147152924614,0.25036585785396914,0.7496341421460309,0.8333333333333334,0.16666666666666666,0.9806881387359153,0.2748363806309719,0.4158158770923921,0.17938817203394303,2.5774577653611103e-5,50297.11708237233,8663.018467576043,0.5063261233441491,0.0030088289677901365,0.1548197580952178,0.4244100487205905,2.710239758544709e-6,0.16488232257300312,30094844,454.6802171647168,21903.08879184862
254328,540,0.00212324242710201,40.42097999433802,0.006453586914074294,0.03519882120383753,0.07061101739610047,0.14523992608368325,0.0013647947372870779,0.7411318536650173,0.25260247672074493,0.09496400115196314,0.13764423538446768,0.14005183834117307,0.1135989248344053,0.11239704329461457,0.1487414802726313,0.4967034654891043,0.5032965345108956,0.30467505039838727,0.6953249496016127,0.5,0,0.9498558509841948,0.8587244868419589,0.42131027653832454,0.14683555025109699,5.392157263600597e-5,56771.85573747287,12166.831025290176,0.44873739722236244,0.003138753893825305,0.10626146283092791,0.4137609699212985,3.931929379069548e-6,0.16295915591014712,10280187,275.2806110319734,9518.691666666668
335660,272,8.103438002740868e-4,113.2372072930942,0.005704582567712869,0.013922156152489906,0.05523932288681005,0.09344546251739108,8.2423626453646e-4,0.8308642396110596,0.23079660820898842,0.0958397470689599,0.12950852248292388,0.1241669558408741,0.11445070247088238,0.13157871321926523,0.17365875070810607,0.48911963507697964,0.5108803649230204,0.19785744156456592,0.802142558435434,0.625,0,0.9929901152085311,0.2622581165916531,0.28563129354552225,0.14918557653018233,9.338960475565698e-6,54704.321340046474,4634.135241017697,0.4358065388239528,0.0016131757920094135,0.1842886520499875,0.45057796589848653,0,0.1267025449258261,38009201,759.0358929248414,8733.73184742647
6061689,3280,5.411033129545247e-4,90.58122579366906,0.00837489554059851,0.09928655037152698,0.20204190735142694,0.20517281519075023,8.58309579223519e-4,0.4842655219664738,0.26238119362565604,0.09043551895721073,0.14627766330167502,0.14624801252091896,0.1276791313660306,0.10954736010809463,0.11743112012041405,0.5033199309678812,0.4966800690321188,0.39112265188931267,0.6088773481106873,0.3333333333333333,0,0.4946958978646713,0.9171655494492651,0.6709478164066455,0.1389695524458218,6.481410384138643e-4,69843.13027243727,43970.75561580279,0.49301767757545845,0.004049309989675549,0.0833366232656324,0.3760922083086014,3.299411801982913e-7,0.4567721905345337,549075220,651.8062712260856,55800.327235772354
346599,118,3.4045106881439355e-4,82.30195124625287,0.005573444900165705,0.041543759034445474,0.11912540691730031,0.12444911917829148,9.93054494599899e-4,0.7083152154751972,0.2109634273539074,0.20329415964347666,0.13588269088110125,0.11802863565121843,0.09815826021964782,0.10029171105545856,0.13338111519518983,0.4924590182221801,0.5075409817778199,0.2579969546035128,0.7420030453964872,0.7142857142857143,0.14285714285714285,0.9824580594637395,0.21184702461849916,0.4262678196965687,0.20678566015654112,2.4584296611147946e-5,51384.780948589,12930.354395136743,0.5362508196216837,0.0036588458857075884,0.15671435213009566,0.42736130208600137,2.8851808386637004e-6,0.14854144082976478,28525774,398.0060860310553,34534.83535108959
1146215,2404,0.0020973377594953827,85.02646013182517,0.010713373844661186,0.045468936415165286,0.01981124630361213,0.10624335578632672,0.017206946655958556,0.8005561409942761,0.2585860086486833,0.09779022173751929,0.1633044621837461,0.14842207532947466,0.11703831132052378,0.09910111430088403,0.11575780647916879,0.4946361450135858,0.5053638549864141,0.19976044345815652,0.8002395565418434,0,0,0.594846113,0.9930857769999999,0.294978691,0.085992935,5.878398054122467e-4,77128,42034,0.451135848,0.001400904,0.052468175,0.352944256,8.72437e-7,0.52601640294,97458604,988.7609968403239,40540.1846921797
1308785,1260,9.627249701058615e-4,31.5885886528345,0.013654400507152768,0.013910817664226593,0.008692018324482083,0.07174746423616095,0.0054520417683364434,0.8865432574996411,0.28685983910242935,0.10584393210142745,0.13333318886213763,0.13614965482219568,0.10622822548197397,0.0974320967321338,0.13415306289770212,0.4939210132631781,0.5060789867368218,0.12404585804693724,0.8759541419530628,0.24,0.04,0.9941055026862701,0.3418541732033293,0.17844336554324966,0.09463505285147598,6.580541782520862e-6,70445.70219401964,9918.370323620762,0.4133031921497098,0.0017482710750899673,0.12504342284072778,0.36951523735255215,3.820338194325272e-6,0.05522322204002222,41342671,333.7937445061809,1312.465746031746
696239,205,2.9443912219798086e-4,90.30406943592645,0.005562975897876627,0.015472326076603479,0.006578407168780552,0.08882697160624257,0.00774163706132548,0.8758176821891713,0.3157836037783134,0.15954307547573343,0.14519661111686977,0.12590879091609272,0.09566758819585404,0.0736965304229281,0.08420380009420854,0.49186696914867234,0.5081330308513277,0.13729122902777577,0.8627087709722242,0,0,0.9595204122465814,0.7530257468255306,0.17866565952674437,0.09461769072804883,5.3211866395377536e-5,79263.300753046,16953.845719645124,0.4735948716162553,0.002442588666574828,0.11397235899233865,0.31914759150037847,1.4362840044007875e-6,0.11147535120515654,62873215,954.4099918426392,102232.86991869919
1096347,681,6.21153704073619e-4,195.38516911160426,0.0028687513911966464,0.048492612457178855,0.2807838913975326,0.06576053776619768,5.75412787094498e-4,0.6015187942007997,0.21414844416902146,0.08778048786947068,0.14351127248074025,0.13621079746434286,0.12489285427386757,0.13095480855894626,0.16250133518361093,0.5167050228503985,0.48329497714960146,0.08405344971720591,0.9159465502827941,0,0.125,0.7853178687669453,0.4691312819093262,0.4237900957818683,0.09964531379650239,1.9968295465444774e-4,75263.00839606438,24302.663293646994,0.4822412176790496,8.032311444789135e-4,0.06319485217021273,0.4070955639267504,9.121213907275707e-7,0.3558956637235042,214209944,1960.8064008973233,39319.00587371513
641281,670,0.0010447837999254617,193.55101741670188,0.00331462447207865,0.0326086094595259,0.35739581532625264,0.07905775852088451,6.930578441618996e-4,0.5269301343770965,0.22529268804204344,0.1038595344132052,0.15188782245031396,0.13521478182558383,0.11440740695049285,0.12657755462070838,0.14276021169765232,0.502285372383079,0.49771462761692103,0.07520139651365056,0.9247986034863495,0,0,0.8831078538134732,0.4704367380987014,0.4905072817262979,0.11892010308754507,1.4445260513091393e-4,69214.57274580098,20767.43946101631,0.5161720765927573,0.0012665975947567438,0.07592301636136312,0.3970178439592067,1.559379615176498e-6,0.2809129421482541,124120590,1627.571893998578,30875.768656716416
277741,401,0.0014437911579493125,204.45396250463563,0.001742191895178121,0.026778941255467033,0.14183619766618877,0.05181932018220423,8.348002831061829e-4,0.7769885487178556,0.20682324068260943,0.07900162661948519,0.12525683465555618,0.12140788197020717,0.12478953826836368,0.13868001255636095,0.20404086524741738,0.5186347811197991,0.4813652188802009,0.05186276468238114,0.9481372353176188,0.2857142857142857,0,0.9158977248542428,0.4255444977331073,0.23067174102209614,0.12266667035726089,6.582962441358966e-5,59091.12455129059,14412.896176653789,0.4324508652623812,0.0012916097274921535,0.10653741651830245,0.45982048005569937,3.600484657288625e-6,0.2290925658370377,56785248,1666.7442094023836,20229.871036693978
450882,311,6.897591831122111e-4,103.4098123234017,0.0023695407529624865,0.07433004990158672,0.19367913234905107,0.0965100273943122,0.0017306390362223647,0.6313806105658651,0.22098777857027213,0.08496584738309128,0.15664696127036357,0.1405551933418806,0.11746443620833753,0.1256908192689896,0.15368896395706527,0.5089046220895889,0.4910953779104112,0.08938315254252122,0.9106168474574788,0,0,0.453818755,0.981853005,0.389483279,0.07197727,7.113736988973911e-4,78136,22994,0.476632467,8.930019999999999e-4,0.071515869,0.41193704800000003,0,0.410051478726,46625623,1436.7009518894185,149921.61736334406
254109,125,4.919148869186058e-4,63.9834205006513,0.0012275454954162512,0.04198283781934752,0.11525244824957485,0.0656775933853281,2.6192849742958226e-4,0.7755976465529036,0.19354530843790205,0.11252190311854597,0.12987642632726218,0.12343242386876835,0.11489259359646344,0.13272049139336284,0.1930108532576952,0.5169784958140706,0.4830215041859293,0.06231747401211686,0.9376825259878832,0,0.16666666666666666,0.9777128370607742,0.2539505303149924,0.2449696785789602,0.11144432098312534,4.58552177767249e-5,74181.81853456587,12839.903923119606,0.4642591046870083,3.8510248431037285e-4,0.12966528948086276,0.44960233574448366,3.9353183784517665e-6,0.2168241705462395,16258763,574.1290353443809,21678.350666666665
486327,412,8.471666183452697e-4,171.94553870132648,0.002163415420661842,0.03411053011841638,0.3371417608568758,0.09375140315858652,9.817007710739112e-4,0.5318511896743856,0.2183007762586251,0.10974436174290826,0.1405012139023767,0.1262937643751597,0.10582513416815742,0.12807069384104267,0.17126405571173012,0.5147305456171736,0.4852694543828265,0.08218997572195247,0.9178100242780476,0,0,0.45465687549392425,0.925098104222262,0.4815669293760495,0.12031151393354678,4.7931436765758173e-4,67785.66360288448,15672.051226849424,0.5091034332239173,0.0030088543128366585,0.09699519297171369,0.4315964361227384,2.056230830655094e-6,0.6547810353793273,83621758,1429.1694375677077,33827.57200647249
94961,123,0.0012952685839449879,331.3345689282969,0.002894993549199157,0.015209205240357888,0.5276335525556709,0.07723129529983112,5.978791025519997e-4,0.3764330742523889,0.23190371946268717,0.0911006279612329,0.16562349047780553,0.13043299520036178,0.10645535925343529,0.12272479676050113,0.1517590108839762,0.5199950667529984,0.4800049332470015,0.05079188891972168,0.9492081110802784,0,0,0,1,0.629784859,0.157492708,0.0011010200154310458,53213,23498,0.555490235,3.54707e-4,0.10345165,0.430481987,0,0.94939823697,31463862,2103.808951766179,255803.75609756098
262937,147,5.590692827559453e-4,85.57311447228804,0.002499787498744311,0.013499625225058149,0.16646575638856048,0.051830988092202365,6.452310854564141e-4,0.7650586117099782,0.19706070433471887,0.12837436623578313,0.12360115105284794,0.10633535833371398,0.11322112090622573,0.13704152012058649,0.19436577901612387,0.5184533869273283,0.4815466130726716,0.03507209305866411,0.9649279069413359,0,0,0.9506770874077132,0.3141334835793055,0.24360588268610733,0.12041612661958187,4.7876367218021704e-5,56607.67597561393,6889.513001213219,0.43944920727491754,2.7212381998604167e-4,0.13613647816380442,0.4451978991237749,3.8031951821158677e-6,0.24831131200067172,22500338,710.644968199569,30612.704761904763
401410,373,9.292244836949752e-4,30.540477317455966,0.0028702977806265113,0.018976141288109972,0.05876960242289905,0.0768443067745667,4.7242445677571587e-4,0.842067227277022,0.2124415947614338,0.11986776907823257,0.12217961772888276,0.1201649719606133,0.11943901737906035,0.13035513308355298,0.17555189600822424,0.5051425843008668,0.4948574156991332,0.11636223671965973,0.8836377632803403,0.2222222222222222,0.1111111111111111,0.9538660913622627,0.3726859092714305,0.19957151058353556,0.11767583388257394,6.178321330497984e-5,65658.54387783064,9010.440036371789,0.4265291395620687,9.819371315783418e-4,0.11582940639768113,0.4202810092523829,0,0.24481553601841885,12259253,259.5305791325993,3651.847780756628
342128,213,6.225740073890474e-4,14.95273698732638,0.0028766407916515457,0.03138341343671538,0.19698055980905005,0.10529095377607048,2.8618887875917946e-4,0.6631822433077533,0.2514880092458827,0.08669941250120389,0.1269602784771811,0.1397036364386841,0.13448356516833834,0.1282260838458469,0.13243901432286292,0.4987465775099407,0.5012534224900593,0.13152818480758383,0.8684718151924162,0,0,0.9137481091000449,0.3571287706475143,0.35951749026182306,0.06330157320511329,9.58494906060068e-5,98673.25832436983,8044.252279848478,0.4786381502176876,3.471828869881031e-4,0.06010983047500858,0.35448136345655723,0,0.23382408186465142,5115750,236.21430290327362,6004.401408450704
1688700,1329,7.869959140166992e-4,65.82874814946409,0.0017893806105474545,0.011542553988640281,0.16833245912449232,0.048251532363211294,7.277413940383953e-4,0.7693563325190702,0.19301649857374212,0.0952592780509677,0.11689415013023637,0.11402570509057548,0.12255611373484877,0.1448606043085673,0.21338765011106228,0.4999690264573052,0.5000309735426948,0.04768096661052097,0.952319033389479,0.5352112676056338,0.09859154929577464,0.9822665972999238,0.14434620108759225,0.24191685912653227,0.15529777111982887,2.728247035977878e-5,54416.81110143898,3998.604674009593,0.4510788898881258,9.274593029816416e-4,0.18970797801264497,0.4874299756933292,5.921704579854326e-7,0.19161707333678807,111165007,423.88726943589006,1178.1070910035078
236434,243,0.0010277709635669997,274.67569385113813,0.005524340360498045,0.11111161055423203,0.09985166539308671,0.12012406167123657,3.955589517687778e-4,0.6629927630691779,0.1815741751357963,0.08273911400092583,0.22696984239562054,0.163643544845687,0.12859769900154164,0.10044465584826491,0.11603096877216378,0.4969103426015977,0.5030896573984023,0.15736655015862364,0.8426334498413763,0,0,0,1,0.391855655,0.064121587,0.0035114138400384764,122604,130244,0.38520896,0.001279879,0.06575597,0.491672095,4.22951e-6,2.201318757,64942673,4283.669614277297,267253.79835390946
1187060,1278,0.0010766094384445605,96.61171886846495,0.005189613137929718,0.21272868749784107,0.10416859834085096,0.12123641692164766,5.145071003797899e-4,0.5561621770013508,0.23167855890566053,0.08286714911558074,0.13022487526878995,0.14519515523279639,0.13857774736068337,0.12618278138980774,0.1452737327266813,0.5007143792589213,0.4992856207410787,0.1733698338466218,0.8266301661533781,0,0,0.19966881370019582,0.9849023859669134,0.4963514898417409,0.05919787638675467,0.00114780229876336,127739.10920088286,53326.34277542837,0.45659439626355275,0.0028059255693000393,0.040007158425585033,0.3624484017546981,0,0.6839362098147995,114683907,1632.0132539430333,29912.338810641628
405312,303,7.475722406442444e-4,23.346293719406283,0.0031215314615578747,0.22018312657883582,0.0805840253054764,0.11612146040628912,6.443977820955424e-4,0.5793454584657453,0.2710837731395844,0.07687984977123831,0.11025517347956598,0.16926257720999716,0.1578081024252954,0.11100444411143527,0.10370607986288348,0.49957385232812435,0.5004261476718757,0.14157936883315148,0.8584206311668485,0,0,0.748242473,0.8805346840000001,0.448994848,0.032287752,3.0343328822916946e-4,147111,23617,0.44239549199999995,6.71369e-4,0.028101585,0.336525936,2.46724e-6,0.23437490649600004,9462533,723.0696556206912,31229.48184818482
158309,187,0.0011812341686195983,675.9205351559292,0.006677683720616505,0.06714107450001686,0.2228120468112374,0.1364271019527166,2.9004080806718156e-4,0.5666520522073455,0.1831262596627293,0.05824425338673878,0.20034696532897925,0.18667244942214967,0.1344745771360053,0.11136056330841645,0.12577493175498125,0.5149565017730949,0.4850434982269051,0.1820292369313978,0.8179707630686022,0,0,0,1,0.48408492300000006,0.094209741,0.004092539597787497,102227,81414,0.42939808999999995,0.002987838,0.066421341,0.48235413,0,1.6113323256,107004304,7174.635318824719,572215.5294117647
525420,345,6.566175630923832e-4,30.821816832248487,0.007901886930076405,0.10481549094018272,0.21644483976391593,0.15474528571399626,7.881625681537748e-4,0.5153043340836749,0.26595580480024694,0.08837569962258049,0.13146289565655192,0.15117543943464248,0.13876322530143947,0.1163422279878432,0.10792470719669546,0.4964297657941061,0.5035702342058939,0.2765139961265807,0.7234860038734193,0,0,0.5182803180035205,0.9557501624381595,0.5876498798201134,0.061270806675981115,5.827275663162537e-4,105158.68150432035,18779.250987781204,0.5039875865734004,0.0010864279958185724,0.042365960070327204,0.3216093793136881,0,0.40386427550110127,16194399,503.0424520970279,15646.76231884058
460926,2647,0.005742787345474111,105.29525346801873,0.0022271950232545363,0.008779881709319353,0.007482445519302005,0.04599559209789515,1.3101147195614918e-4,0.9353838741782728,0.1841913593592249,0.08262405467410264,0.11059709543829747,0.1185354191548267,0.12351628699705934,0.15682072444025583,0.22371505993623314,0.5019908778543437,0.4980091221456563,0.023686933670288797,0.9763130663297112,0.15384615384615385,0,0.9914666075463997,0.18302159387193706,0.06094036799729024,0.10617457020625219,2.0501877099934483e-5,60894.437582171544,3180.285408069842,0.4738212497055189,0.0018953572146966188,0.263838592932554,0.578734981410758,2.16954169367751e-6,0.22253728333459413,48533320,991.7181982792554,1410.401325157653
163414,811,0.00496285507973613,210.9093406929639,0.0013066825775656325,0.03905131264916468,0.025930787589498808,0.05524463007159904,3.460620525059666e-4,0.8781205250596659,0.17428078966540506,0.1523239215546908,0.14204144973375743,0.1275121275121275,0.11448134525057602,0.12613204920897228,0.1632283170744709,0.5080405849636619,0.4919594150363381,0.02827087442472058,0.9717291255752795,0,0,0.874283898,0.739346376,0.12024673500000001,0.112449721,1.1752738069580286e-4,76316,13667,0.541355904,0.001654683,0.056514334,0.431174808,6.11943e-6,0.36566170295999995,34465539,1875.5879411471717,42497.58199753391
2225064,16868,0.007580905537998008,269.39520885691377,0.006787644554485341,0.2088993768392301,0.06858345314216566,0.11149166060848177,0.007876027472029767,0.5963618373836074,0.19760393828116954,0.08004506095116791,0.1821773243005189,0.1583488493679932,0.12970491617805704,0.11451165039490205,0.13760826052619135,0.4934147636045756,0.5065852363954244,0.10841852236673409,0.8915814776332659,0,0,0.760629638,0.967056517,0.417814049,0.08424871,4.060539101623743e-4,99158,68219,0.450839678,0.002332064,0.05489928,0.428007464,8.988510000000001e-7,0.427230088512,599421581,3197.618205156064,35536.01974152241
2588615,7505,0.002899233760138143,50.53807190331509,0.019695763144461458,0.02999162838182746,0.01649698825931598,0.13162021439509955,0.004476978050025523,0.79771842776927,0.221858701126365,0.09116711287442611,0.12937810872458136,0.12484510323573805,0.11058484364714986,0.1274307815053076,0.19473534888643207,0.4964547311157296,0.5035452688842704,0.19940007760787606,0.800599922392124,0.23529411764705882,0,0.9837325394503638,0.4568216681207674,0.2930215579072863,0.1259472384179011,1.7175229998643883e-5,64383.14315183988,7439.74320321871,0.47693782176705263,0.0026732714532091144,0.12002667532355539,0.4350330195890752,2.3178385366228658e-6,0.11357103106453179,130823611,401.2638350642235,512.6919739781322
513402,1993,0.003881948258869268,95.73673456667484,0.010532505814976983,0.0232936179457119,0.020349610274811504,0.08465145720888596,0.006878715124183937,0.8542940936314297,0.2175638361781516,0.08956263101136641,0.1489446523479625,0.13298721531149704,0.1158705401021085,0.12503421681611837,0.1700369082327956,0.5008441678929606,0.4991558321070394,0.06862836955263694,0.931371630447363,0,0,0.900822642,0.853739485,0.161405682,0.129125664,1.1235854960118204e-4,60101,18033,0.50132833,8.08709e-4,0.061200924,0.428443987,1.94779e-6,0.24141137503799998,49151431,741.4229797623719,24662.032614149524
891862,2661,0.0029836454518748414,66.00401183142684,0.011454742141925569,0.06831955551511516,0.07437887483585132,0.14582806765678236,0.01604360373354722,0.6839751561167784,0.2320502193471312,0.0877074707879832,0.15422581392177953,0.14250854339220825,0.11907508446000784,0.12017127905240307,0.14426158903848693,0.49786171716231686,0.5021382828376831,0.1250873817505784,0.8749126182494216,0,0,0.791376386,0.932183297,0.342961131,0.095252691,2.0644755786444237e-4,76438,19210,0.505071609,0.001262844,0.057911574,0.393946597,0,0.37414859506799997,58866470,692.9359279878701,22121.93536264562
811572,1161,0.0014305569930948825,66.01720981009694,0.010762423314428473,0.1347286161843073,0.03817782993683829,0.11249483726037333,0.005526649810111918,0.6983096434939408,0.2236092340723275,0.07315419194678476,0.14766104992763415,0.15344073190135243,0.12875607441699974,0.12941623295089666,0.14396248478400475,0.4957371251114242,0.5042628748885758,0.11839242411172135,0.8816075758882786,0,0,0.8909403559999999,0.8820397680000001,0.319206429,0.072078083,1.501785754352582e-4,89273,21333,0.500995798,0.001338621,0.048632558,0.387014338,0,0.176158195176,53577719,915.9123975327832,46147.90611541774
481950,1366,0.0028343189127502852,60.76623508662724,0.00611895060608593,0.04933684191216187,0.02196870407474822,0.10989651594861059,0.00844667931766159,0.8042323081407318,0.23132673608662607,0.0803677063990159,0.13638749813913767,0.13650698508959563,0.12792351268128715,0.12488345125324182,0.16260411035109576,0.503333881798024,0.49666611820197604,0.11985128771674149,0.8801487122832585,0,0,0.7922624999999999,0.86518872,0.22528063100000004,0.090532737,2.9607335918755215e-4,77184,22013,0.490176835,0.0016136439999999998,0.042073455,0.386589895,0,0.35089478235,29286287,671.2073124070826,21439.448755490484
4119477,3201,7.770403864374045e-4,68.2140781463278,0.008575271315128214,0.021861049485246576,0.017028339508825728,0.053492541011851524,3.6830326894559756e-4,0.8986744954100023,0.21288923173710628,0.08780398895758015,0.11323929224579805,0.12277791763489299,0.12164317146445311,0.14870956827298248,0.19293682968718695,0.49574178706936634,0.5042582129306337,0.05512929539139344,0.9448707046086066,0.10144927536231885,0.014492753623188406,0.9749958227770172,0.30173274139114936,0.11693765978192935,0.09219634574128609,3.03557343633634e-5,65793.94424753434,8694.400789711897,0.40199499815874706,6.175726842679856e-4,0.14255576619248575,0.4784478708741,1.4564960162248753e-6,0.21504546526094792,281006326,739.8783281253317,1272.2759916511598
949180,885,9.323837417560421e-4,272.84447312417035,0.00651348692394959,0.04959243627465527,0.27583082053728564,0.1132162039393642,2.4195886242812568e-4,0.5546050934623172,0.23882775511612064,0.09371792992229878,0.1610025699181593,0.13309998533939305,0.11238002017989428,0.11708435023327612,0.14388738929085781,0.5140989763446795,0.4859010236553205,0.1663871090145485,0.8336128909854515,0,0,0.07098911,0.997230409,0.497079584,0.183408627,0.0015177846534295658,52260,45126,0.48676655999999996,0.001834752,0.08491808,0.441760256,1.05354e-6,1.5213362122,258978517,1487.6316211896094,292631.0926553672
195859,227,0.0011589970335802798,97.78711726292894,0.00396906755826118,0.012874498609512093,0.10964614842735555,0.10489378144368919,7.570142097875628e-4,0.7678594897513944,0.22927755881516396,0.08135589776929016,0.11919974808012677,0.12347121205964813,0.12444130673276177,0.14572244118483604,0.17653183535817318,0.5022449311283572,0.4977550688716428,0.14619479094713747,0.8538052090528625,0,0,0.7818894,0.856529457,0.291097167,0.12342676399999998,2.2733656556678865e-4,62556,12975,0.46394488,4.89388e-4,0.064222616,0.42365681400000005,0,0.58638421869,19152487,792.2683386800043,84372.18942731277
542459,736,0.0013567845680503043,205.50671110627715,0.0025931840944157214,0.06072417868969313,0.052307609019300004,0.0790027880789324,6.334082234794142e-4,0.8047388318941793,0.1999160730695478,0.13484968403458356,0.15435295700781015,0.1385538008807016,0.1129436928203521,0.11237001506789406,0.14701377711911073,0.49972821131172124,0.5002717886882787,0.0758901300867422,0.9241098699132578,0,0,0.862544158,0.864230709,0.212640955,0.110006998,1.7504923740820522e-4,75179,25734,0.455450168,7.59047e-4,0.040651646,0.4354283,1.84346e-6,0.43993804621300003,111478965,1868.1239815877636,151465.98505434784
139346,129,9.257531611958722e-4,186.0937091843325,4.699006600635834e-4,0.004052893193048407,0.017481772993928002,0.04265082709858369,8.002995616707906e-4,0.9345443064927055,0.19105397256473713,0.08184585733371295,0.11134716047219606,0.11051490396197902,0.1254079151974419,0.1469662790103448,0.2328639114595881,0.5057199383838162,0.49428006161618376,0.014768902808500697,0.9852310971914993,0.4,0,0.9416008522742582,0.49831444793049334,0.058860677688186244,0.14871344914357784,5.7166972340288466e-5,47732.706249192655,6317.551612532832,0.4383592104971151,9.815366027667465e-4,0.1692668489410358,0.5018515065018946,0,0.27137867103215263,25931414,1251.3576294277548,40203.74263565891
133280,278,0.0020858343337334935,235.43683973589435,5.790608547242984e-4,0.008952585582908562,0.03267884218305942,0.038507546839165845,9.143066127225765e-5,0.9191905338788696,0.20015478231839634,0.11808980409414407,0.11992594728296332,0.11299109242932366,0.12171656626048953,0.1249791347364907,0.20214267287819238,0.5113886401918086,0.4886113598081913,0.014491873928284193,0.9855081260717158,0.5,0,0.9298655990380893,0.5367418314725368,0.08053721472352941,0.2149839143637455,6.538475251168416e-5,42142.86266506603,8888.67599039616,0.5640888933142857,5.809035980696973e-5,0.17033385032514936,0.49308223272448976,7.502990396158463e-6,0.28384460056434263,31379022,1095.137003308737,56437.089928057554
268114,335,0.0012494685096637998,215.92574054320178,5.043724923585671e-4,0.010106411219064521,0.04397521369466124,0.044312726114359824,6.750248393971801e-4,0.9004262516401587,0.2048876867165837,0.07516263326105188,0.11702039243538113,0.12195416802036976,0.1283612762838772,0.14119438169138593,0.21141946159135042,0.5103246620779279,0.489675337922072,0.01372088279071876,0.9862791172092812,0.75,0.25,0.949880451483048,0.41378844123657876,0.09851033527367088,0.16303205331044632,4.951029724603489e-5,50142.66908479229,8100.59347516355,0.4879235501770851,0.0011923820991887753,0.15501072209600236,0.49395406418259397,3.7297536571010843e-6,0.24493429846541673,57892714,1324.4373493354406,43203.517910447765
1266686,1037,8.186717150106657e-4,94.66425065091111,0.0010142862091717575,0.007284492377546491,0.03242896169800696,0.043384702888258526,1.7240448670592225e-4,0.9157151523403103,0.20194231567066168,0.0872739074374431,0.120117731604237,0.12185716649573415,0.12697315147072577,0.13840657851717972,0.2034291488040186,0.49764784597048234,0.5023521540295176,0.022830082950900134,0.9771699170490998,0.7045454545454546,0.25,0.9839208175408697,0.1650142546910946,0.08478581117153501,0.17065445415343344,2.41848353809218e-5,49551.153367132814,4872.282750421178,0.45351677621580727,0.0012050850208791867,0.185154988618621,0.4938319363299002,3.157846244609951e-6,0.1973903653554869,119909881,554.7130376438905,2627.9889760673273
581348,501,8.617901841926006e-4,62.020436984388006,0.02123602307527954,0.008532155829356883,0.008870450822590983,0.07312335303753294,8.884694822306104e-4,0.887349547753009,0.22829924744851757,0.08951619719160137,0.12766985016239452,0.13356538297677836,0.11138210400492617,0.12962927827156362,0.1799379399442184,0.48833053620371153,0.5116694637962884,0.10449305834645656,0.8955069416535435,0.043478260869565216,0,0.9981797664364515,0.4828991832837695,0.16432842283384994,0.10807465170979344,2.3119024017181768e-6,65916.43803367346,4474.193293861852,0.3907492094409923,0.001101909050302727,0.16253074567114648,0.479050413853862,1.3761118801475194e-5,0.06888635143427771,36055457,573.8666375805483,3128.9991321704415
