"state","county","GEOID","total_county_pop","Organization","Spending"
"AK","Anchorage Municipality",2020,292090,"cdbg_entitlement",3767125
"AK","Anchorage Municipality",2020,292090,"coc",7236937
"AK","Anchorage Municipality",2020,292090,"elderly",2175033
"AK","Anchorage Municipality",2020,292090,"hcv",1.1e+08
"AK","Anchorage Municipality",2020,292090,"home",1552291
"AK","Anchorage Municipality",2020,292090,"hud_disability",596528
"AK","Anchorage Municipality",2020,292090,"hud_esg",330308
"AK","Anchorage Municipality",2020,292090,"hud_hopwa",924965
"AK","Bethel Census Area",2050,18263,"hcv",466974
"AK","Dillingham Census Area",2070,4934,"elderly",317739
"AK","Fairbanks North Star Borough",2090,98455,"coc",217579
"AK","Fairbanks North Star Borough",2090,98455,"elderly",300979
"AK","Fairbanks North Star Borough",2090,98455,"hud_disability",1085749
"AK","Haines Borough",2100,2547,"elderly",133454
"AK","Juneau City and Borough",2110,32099,"coc",260232
"AK","Juneau City and Borough",2110,32099,"elderly",437497
"AK","Juneau City and Borough",2110,32099,"hcv",1241370
"AK","Juneau City and Borough",2110,32099,"hud_disability",1092700
"AK","Kenai Peninsula Borough",2122,58809,"coc",67313
"AK","Kenai Peninsula Borough",2122,58809,"hud_disability",276699
"AK","Ketchikan Gateway Borough",2130,13833,"hud_disability",108298
"AK","Matanuska-Susitna Borough",2170,107360,"coc",64628
"AK","Matanuska-Susitna Borough",2170,107360,"elderly",210719
"AK","Matanuska-Susitna Borough",2170,107360,"hud_disability",141093
"AK","Nome Census Area",2180,10009,"coc",59144
"AK","Northwest Arctic Borough",2188,7709,"elderly",88033
"AK","Sitka City and Borough",2220,8569,"hud_disability",133001
"AL","Autauga County",1001,55639,"coc",237472
"AL","Autauga County",1001,55639,"hcv",604894
"AL","Baldwin County",1003,218289,"coc",2359582
"AL","Baldwin County",1003,218289,"elderly",333967
"AL","Baldwin County",1003,218289,"hcv",5334797
"AL","Baldwin County",1003,218289,"hud_disability",123559
"AL","Barbour County",1005,25026,"hcv",3500236
"AL","Blount County",1009,57755,"hcv",528200
"AL","Bullock County",1011,10173,"coc",237472
"AL","Butler County",1013,19726,"hcv",1448417
"AL","Calhoun County",1015,114324,"cdbg_entitlement",1069779
"AL","Calhoun County",1015,114324,"elderly",1227932
"AL","Calhoun County",1015,114324,"hcv",7653288
"AL","Calhoun County",1015,114324,"home",746609
"AL","Calhoun County",1015,114324,"hud_hopwa",1805570
"AL","Clarke County",1025,23866,"hud_disability",322
"AL","Clay County",1027,13285,"hcv",201270
"AL","Coffee County",1031,52238,"hcv",2498680
"AL","Colbert County",1033,54957,"coc",69626
"AL","Colbert County",1033,54957,"hcv",3689653
"AL","Colbert County",1033,54957,"hud_disability",168973
"AL","Conecuh County",1035,12219,"hcv",1879235
"AL","Covington County",1039,37096,"elderly",590
"AL","Covington County",1039,37096,"hcv",980325
"AL","Cullman County",1043,83345,"elderly",79102
"AL","Cullman County",1043,83345,"hcv",1376776
"AL","Cullman County",1043,83345,"hud_disability",12051
"AL","Dale County",1045,49293,"hcv",6007109
"AL","Dallas County",1047,38184,"elderly",186226
"AL","Dallas County",1047,38184,"grrp_leading",5280000
"AL","Dallas County",1047,38184,"hcv",9107599
"AL","DeKalb County",1049,71430,"elderly",246116
"AL","DeKalb County",1049,71430,"hcv",1111149
"AL","Elmore County",1051,81526,"coc",237472
"AL","Elmore County",1051,81526,"hcv",242465
"AL","Escambia County",1053,36775,"hcv",965339
"AL","Etowah County",1055,102721,"cdbg_entitlement",1982125
"AL","Etowah County",1055,102721,"elderly",1002594
"AL","Etowah County",1055,102721,"hcv",1025180
"AL","Etowah County",1055,102721,"hud_disability",22268
"AL","Fayette County",1057,16406,"hud_disability",113457
"AL","Franklin County",1059,31587,"coc",69626
"AL","Franklin County",1059,31587,"hcv",1131844
"AL","Houston County",1069,105319,"cdbg_entitlement",1002796
"AL","Houston County",1069,105319,"elderly",703701
"AL","Houston County",1069,105319,"hcv",20261110
"AL","Houston County",1069,105319,"hud_disability",90911
"AL","Jackson County",1071,51765,"hcv",1714741
"AL","Jefferson County",1073,658615,"cdbg_entitlement",17851017
"AL","Jefferson County",1073,658615,"coc",11482448
"AL","Jefferson County",1073,658615,"elderly",3185557
"AL","Jefferson County",1073,658615,"hcv",1.51e+08
"AL","Jefferson County",1073,658615,"home",5090808
"AL","Jefferson County",1073,658615,"hud_disability",1100807
"AL","Jefferson County",1073,658615,"hud_esg",1449779
"AL","Jefferson County",1073,658615,"hud_hopwa",5216255
"AL","Lamar County",1075,13854,"hud_disability",547
"AL","Lauderdale County",1077,92870,"cdbg_entitlement",690980
"AL","Lauderdale County",1077,92870,"coc",465581
"AL","Lauderdale County",1077,92870,"elderly",451483
"AL","Lauderdale County",1077,92870,"hcv",6194749
"AL","Lauderdale County",1077,92870,"hud_disability",446453
"AL","Lawrence County",1079,32969,"coc",69626
"AL","Lee County",1081,163461,"cdbg_entitlement",1917798
"AL","Lee County",1081,163461,"elderly",95854
"AL","Lee County",1081,163461,"hcv",16355042
"AL","Limestone County",1083,96921,"coc",269584
"AL","Limestone County",1083,96921,"elderly",16893
"AL","Lowndes County",1085,9936,"coc",237472
"AL","Macon County",1087,18437,"hcv",2126456
"AL","Madison County",1089,367686,"cdbg_entitlement",2769488
"AL","Madison County",1089,367686,"coc",995035
"AL","Madison County",1089,367686,"elderly",944644
"AL","Madison County",1089,367686,"hcv",30608003
"AL","Madison County",1089,367686,"home",1706163
"AL","Madison County",1089,367686,"hud_disability",226672
"AL","Marion County",1093,29818,"coc",69626
"AL","Marion County",1093,29818,"hcv",676585
"AL","Marion County",1093,29818,"hud_disability",57252
"AL","Marshall County",1095,96137,"hcv",9125256
"AL","Marshall County",1095,96137,"hud_disability",11583
"AL","Mobile County",1097,413977,"cdbg_entitlement",8054879
"AL","Mobile County",1097,413977,"coc",4768788
"AL","Mobile County",1097,413977,"elderly",4308575
"AL","Mobile County",1097,413977,"hcv",1.11e+08
"AL","Mobile County",1097,413977,"home",3253864
"AL","Mobile County",1097,413977,"hud_disability",1791009
"AL","Mobile County",1097,413977,"hud_esg",563344
"AL","Monroe County",1099,21006,"hud_disability",1882
"AL","Montgomery County",1101,226451,"cdbg_entitlement",3334005
"AL","Montgomery County",1101,226451,"coc",3042165
"AL","Montgomery County",1101,226451,"elderly",1511158
"AL","Montgomery County",1101,226451,"hcv",51116976
"AL","Montgomery County",1101,226451,"home",1956825
"AL","Montgomery County",1101,226451,"hud_disability",257655
"AL","Montgomery County",1101,226451,"hud_esg",293015
"AL","Montgomery County",1101,226451,"hud_hopwa",8112463
"AL","Morgan County",1103,119352,"cdbg_entitlement",853577
"AL","Morgan County",1103,119352,"coc",269584
"AL","Morgan County",1103,119352,"elderly",71663
"AL","Morgan County",1103,119352,"hcv",10078092
"AL","Morgan County",1103,119352,"hud_disability",90458
"AL","Perry County",1105,9104,"hcv",352613
"AL","Pickens County",1107,20049,"hcv",1273432
"AL","Pike County",1109,33274,"hcv",15848728
"AL","Randolph County",1111,22732,"hcv",199348
"AL","Russell County",1113,57938,"hcv",10161121
"AL","Shelby County",1117,216350,"coc",3502084
"AL","Shelby County",1117,216350,"hcv",2732923
"AL","St. Clair County",1115,88929,"coc",3502084
"AL","St. Clair County",1115,88929,"hcv",885944
"AL","St. Clair County",1115,88929,"hud_disability",125994
"AL","Sumter County",1119,12595,"hcv",961363
"AL","Talladega County",1121,80244,"elderly",833126
"AL","Talladega County",1121,80244,"hcv",7174640
"AL","Tallapoosa County",1123,40450,"hcv",2682298
"AL","Tuscaloosa County",1125,208854,"cdbg_entitlement",1644018
"AL","Tuscaloosa County",1125,208854,"coc",365846
"AL","Tuscaloosa County",1125,208854,"elderly",239026
"AL","Tuscaloosa County",1125,208854,"hcv",27008879
"AL","Tuscaloosa County",1125,208854,"home",1052427
"AL","Tuscaloosa County",1125,208854,"hud_disability",708
"AL","Walker County",1127,63802,"elderly",74280
"AL","Walker County",1127,63802,"hcv",4038506
"AL","Walker County",1127,63802,"hud_disability",320
"AL","Winston County",1133,23712,"coc",69626
"AL","Winston County",1133,23712,"hud_disability",412
"AR","Arkansas County",5001,17761,"coc",14579
"AR","Arkansas County",5001,17761,"elderly",253526
"AR","Arkansas County",5001,17761,"hcv",1892374
"AR","Arkansas County",5001,17761,"hud_disability",222449
"AR","Ashley County",5003,20000,"coc",14579
"AR","Ashley County",5003,20000,"elderly",126133
"AR","Ashley County",5003,20000,"hcv",1604324
"AR","Baxter County",5005,41673,"elderly",115137
"AR","Benton County",5007,273510,"cdbg_entitlement",1293533
"AR","Benton County",5007,273510,"coc",128544
"AR","Benton County",5007,273510,"elderly",551256
"AR","Benton County",5007,273510,"hcv",4015317
"AR","Boone County",5009,37525,"elderly",289571
"AR","Boone County",5009,37525,"hcv",9938468
"AR","Boone County",5009,37525,"hud_disability",20585
"AR","Bradley County",5011,10805,"coc",14579
"AR","Bradley County",5011,10805,"hcv",407300
"AR","Calhoun County",5013,5160,"coc",14579
"AR","Carroll County",5015,28062,"coc",128544
"AR","Carroll County",5015,28062,"elderly",213356
"AR","Chicot County",5017,10433,"coc",14579
"AR","Chicot County",5017,10433,"hcv",1156040
"AR","Clark County",5019,22341,"hcv",1200861
"AR","Clay County",5021,14710,"elderly",62684
"AR","Clay County",5021,14710,"hcv",827936
"AR","Cleburne County",5023,25063,"elderly",224384
"AR","Cleveland County",5025,8063,"coc",14579
"AR","Columbia County",5027,23620,"coc",14579
"AR","Conway County",5029,20895,"hcv",2100011
"AR","Craighead County",5031,109081,"cdbg_entitlement",1274323
"AR","Craighead County",5031,109081,"elderly",868486
"AR","Craighead County",5031,109081,"grrp_comp",2960000
"AR","Craighead County",5031,109081,"hcv",18791211
"AR","Craighead County",5031,109081,"hud_disability",212060
"AR","Crawford County",5033,63118,"hcv",2861185
"AR","Crittenden County",5035,48381,"cdbg_entitlement",524316
"AR","Crittenden County",5035,48381,"hcv",5366891
"AR","Crittenden County",5035,48381,"hud_disability",118674
"AR","Cross County",5037,16576,"hcv",1639301
"AR","Cross County",5037,16576,"hud_disability",182054
"AR","Dallas County",5039,7114,"coc",14579
"AR","Dallas County",5039,7114,"elderly",111227
"AR","Dallas County",5039,7114,"hud_disability",48722
"AR","Desha County",5041,11538,"coc",14579
"AR","Desha County",5041,11538,"hcv",3462346
"AR","Desha County",5041,11538,"hud_disability",70807
"AR","Drew County",5043,18263,"coc",14579
"AR","Drew County",5043,18263,"hcv",2408645
"AR","Drew County",5043,18263,"hud_disability",54350
"AR","Faulkner County",5045,124800,"cdbg_entitlement",958487
"AR","Faulkner County",5045,124800,"coc",159291
"AR","Faulkner County",5045,124800,"hcv",4118526
"AR","Faulkner County",5045,124800,"hud_disability",274523
"AR","Fulton County",5049,12301,"hud_disability",126
"AR","Garland County",5051,99043,"cdbg_entitlement",876001
"AR","Garland County",5051,99043,"elderly",112632
"AR","Garland County",5051,99043,"hcv",10523560
"AR","Garland County",5051,99043,"hud_disability",556280
"AR","Grant County",5053,18229,"coc",14579
"AR","Grant County",5053,18229,"elderly",138498
"AR","Greene County",5055,45197,"elderly",62822
"AR","Greene County",5055,45197,"hcv",5831334
"AR","Greene County",5055,45197,"hud_disability",53178
"AR","Hempstead County",5057,21695,"hcv",721134
"AR","Hot Spring County",5059,33667,"elderly",197743
"AR","Hot Spring County",5059,33667,"hud_disability",584937
"AR","Independence County",5063,37585,"elderly",421363
"AR","Independence County",5063,37585,"hud_disability",138578
"AR","Izard County",5065,13596,"elderly",40706
"AR","Izard County",5065,13596,"hcv",17388336
"AR","Izard County",5065,13596,"hud_disability",158237
"AR","Jackson County",5067,16908,"hud_disability",105820
"AR","Jefferson County",5069,68123,"cdbg_entitlement",1315613
"AR","Jefferson County",5069,68123,"coc",251854
"AR","Jefferson County",5069,68123,"elderly",337120
"AR","Jefferson County",5069,68123,"hcv",10040990
"AR","Jefferson County",5069,68123,"home",510971
"AR","Johnson County",5071,26475,"hcv",1724160
"AR","Johnson County",5071,26475,"hud_disability",97720
"AR","Lafayette County",5073,6728,"hud_disability",110086
"AR","Lawrence County",5075,16511,"elderly",33745
"AR","Lawrence County",5075,16511,"hcv",2945412
"AR","Lee County",5077,8963,"hcv",1896405
"AR","Lincoln County",5079,13278,"coc",14579
"AR","Lincoln County",5079,13278,"elderly",63622
"AR","Lincoln County",5079,13278,"hcv",213602
"AR","Little River County",5081,12345,"hcv",381897
"AR","Logan County",5083,21619,"hcv",461801
"AR","Lonoke County",5085,73163,"coc",676455
"AR","Lonoke County",5085,73163,"elderly",109213
"AR","Lonoke County",5085,73163,"hcv",4195502
"AR","Madison County",5087,16393,"coc",128544
"AR","Madison County",5087,16393,"elderly",88239
"AR","Marion County",5089,16586,"elderly",70862
"AR","Miller County",5091,43515,"cdbg_entitlement",609007
"AR","Miller County",5091,43515,"hcv",9988809
"AR","Miller County",5091,43515,"hud_disability",77986
"AR","Mississippi County",5093,41396,"elderly",430024
"AR","Mississippi County",5093,41396,"hcv",4315404
"AR","Mississippi County",5093,41396,"hud_disability",159297
"AR","Monroe County",5095,6879,"elderly",121581
"AR","Monroe County",5095,6879,"hcv",233553
"AR","Montgomery County",5097,8964,"elderly",84689
"AR","Nevada County",5099,8249,"hcv",663547
"AR","Ouachita County",5103,23597,"coc",14579
"AR","Ouachita County",5103,23597,"hcv",3667645
"AR","Perry County",5105,10342,"elderly",87285
"AR","Phillips County",5107,18151,"elderly",182051
"AR","Phillips County",5107,18151,"hcv",3449553
"AR","Phillips County",5107,18151,"hud_disability",369564
"AR","Pike County",5109,10714,"hcv",1337991
"AR","Poinsett County",5111,23747,"elderly",179318
"AR","Poinsett County",5111,23747,"hcv",2332443
"AR","Polk County",5113,19999,"hcv",418693
"AR","Pope County",5115,63926,"elderly",179735
"AR","Pope County",5115,63926,"hcv",2691719
"AR","Pope County",5115,63926,"hud_disability",361471
"AR","Prairie County",5117,8138,"coc",676455
"AR","Prairie County",5117,8138,"hcv",1566149
"AR","Pulaski County",5119,393078,"cdbg_entitlement",4804506
"AR","Pulaski County",5119,393078,"coc",3358184
"AR","Pulaski County",5119,393078,"elderly",3079197
"AR","Pulaski County",5119,393078,"hcv",76365765
"AR","Pulaski County",5119,393078,"home",2468998
"AR","Pulaski County",5119,393078,"hud_disability",1600535
"AR","Pulaski County",5119,393078,"hud_hopwa",5669747
"AR","Randolph County",5121,17934,"hcv",1074287
"AR","Randolph County",5121,17934,"hud_disability",81685
"AR","Saline County",5125,120990,"coc",676455
"AR","Saline County",5125,120990,"elderly",77074
"AR","Saline County",5125,120990,"hcv",6992646
"AR","Saline County",5125,120990,"hud_disability",530502
"AR","Scott County",5127,10269,"hcv",890319
"AR","Searcy County",5129,7898,"hud_disability",73452
"AR","Sebastian County",5131,127670,"cdbg_entitlement",1661982
"AR","Sebastian County",5131,127670,"coc",50000
"AR","Sebastian County",5131,127670,"hcv",16658453
"AR","Sebastian County",5131,127670,"home",941280
"AR","Sharp County",5135,17217,"elderly",114279
"AR","Sharp County",5135,17217,"hud_disability",157084
"AR","St. Francis County",5123,25477,"elderly",426570
"AR","St. Francis County",5123,25477,"hcv",4568471
"AR","St. Francis County",5123,25477,"hud_disability",68399
"AR","Stone County",5137,12582,"hud_disability",56978
"AR","Union County",5139,39089,"coc",14579
"AR","Union County",5139,39089,"elderly",315334
"AR","Van Buren County",5141,16578,"hud_disability",186425
"AR","Washington County",5143,236198,"cdbg_entitlement",3217636
"AR","Washington County",5143,236198,"coc",484608
"AR","Washington County",5143,236198,"elderly",88423
"AR","Washington County",5143,236198,"hcv",9423683
"AR","Washington County",5143,236198,"home",1039815
"AR","Washington County",5143,236198,"hud_disability",55690
"AR","White County",5145,78725,"elderly",704833
"AR","White County",5145,78725,"hcv",1360691
"AR","White County",5145,78725,"hud_disability",341061
"AR","Woodruff County",5147,6477,"elderly",142193
"AR","Yell County",5149,21425,"hcv",645170
"AZ","Apache County",4001,71714,"hcv",675208
"AZ","Cochise County",4003,126442,"cdbg_entitlement",838105
"AZ","Cochise County",4003,126442,"hcv",9793326
"AZ","Cochise County",4003,126442,"hud_hopwa",643013
"AZ","Coconino County",4005,142254,"cdbg_entitlement",1072830
"AZ","Coconino County",4005,142254,"hcv",11549358
"AZ","Gila County",4007,53846,"hcv",1280294
"AZ","Maricopa County",4013,4412779,"cdbg_entitlement",65777807
"AZ","Maricopa County",4013,4412779,"coc",75018464
"AZ","Maricopa County",4013,4412779,"elderly",10865494
"AZ","Maricopa County",4013,4412779,"hcv",3.61e+08
"AZ","Maricopa County",4013,4412779,"home",26797655
"AZ","Maricopa County",4013,4412779,"hud_disability",3672544
"AZ","Maricopa County",4013,4412779,"hud_esg",4747996
"AZ","Maricopa County",4013,4412779,"hud_hopwa",11385347
"AZ","Mohave County",4015,210998,"elderly",385407
"AZ","Mohave County",4015,210998,"hcv",6268530
"AZ","Navajo County",4017,110271,"hcv",2322524
"AZ","Pima County",4019,1038476,"cdbg_entitlement",16296071
"AZ","Pima County",4019,1038476,"coc",20728807
"AZ","Pima County",4019,1038476,"elderly",4399125
"AZ","Pima County",4019,1038476,"hcv",1e+08
"AZ","Pima County",4019,1038476,"home",7664604
"AZ","Pima County",4019,1038476,"hud_disability",590651
"AZ","Pima County",4019,1038476,"hud_esg",1450679
"AZ","Pima County",4019,1038476,"hud_hopwa",3393984
"AZ","Pinal County",4021,447559,"cdbg_entitlement",4696712
"AZ","Pinal County",4021,447559,"hcv",16407111
"AZ","Pinal County",4021,447559,"home",1221090
"AZ","Pinal County",4021,447559,"hud_esg",154171
"AZ","Santa Cruz County",4023,46594,"elderly",152389
"AZ","Santa Cruz County",4023,46594,"hcv",1994374
"AZ","Yavapai County",4025,232396,"cdbg_entitlement",494280
"AZ","Yavapai County",4025,232396,"elderly",292538
"AZ","Yuma County",4027,211931,"cdbg_entitlement",1806882
"AZ","Yuma County",4027,211931,"elderly",400314
"AZ","Yuma County",4027,211931,"hcv",28805248
"AZ","Yuma County",4027,211931,"home",789893
"CA","Alameda County",6001,1661584,"cdbg_entitlement",37560159
"CA","Alameda County",6001,1661584,"coc",80630064
"CA","Alameda County",6001,1661584,"elderly",13444959
"CA","Alameda County",6001,1661584,"hcv",1.14e+09
"CA","Alameda County",6001,1661584,"home",14410179
"CA","Alameda County",6001,1661584,"hud_disability",3666124
"CA","Alameda County",6001,1661584,"hud_esg",2447697
"CA","Alameda County",6001,1661584,"hud_hopwa",8675629
"CA","Alpine County",6003,1159,"coc",16667
"CA","Amador County",6005,39023,"coc",228939
"CA","Butte County",6007,223344,"cdbg_entitlement",2009650
"CA","Butte County",6007,223344,"coc",1004719
"CA","Butte County",6007,223344,"elderly",1420945
"CA","Butte County",6007,223344,"hcv",35822213
"CA","Butte County",6007,223344,"home",1188359
"CA","Butte County",6007,223344,"hud_disability",47095
"CA","Calaveras County",6009,45828,"coc",296988
"CA","Colusa County",6011,21491,"coc",16667
"CA","Colusa County",6011,21491,"elderly",378671
"CA","Contra Costa County",6013,1147788,"cdbg_entitlement",16087852
"CA","Contra Costa County",6013,1147788,"coc",30354767
"CA","Contra Costa County",6013,1147788,"elderly",11217632
"CA","Contra Costa County",6013,1147788,"hcv",4.4e+08
"CA","Contra Costa County",6013,1147788,"home",7744635
"CA","Contra Costa County",6013,1147788,"hud_disability",619754
"CA","Contra Costa County",6013,1147788,"hud_esg",797277
"CA","Del Norte County",6015,27692,"coc",66284
"CA","Del Norte County",6015,27692,"elderly",746950
"CA","Del Norte County",6015,27692,"hcv",7444641
"CA","El Dorado County",6017,190345,"coc",273182
"CA","El Dorado County",6017,190345,"elderly",1765982
"CA","El Dorado County",6017,190345,"hcv",8884047
"CA","El Dorado County",6017,190345,"hud_disability",217545
"CA","Fresno County",6019,990204,"cdbg_entitlement",21373688
"CA","Fresno County",6019,990204,"coc",11781862
"CA","Fresno County",6019,990204,"elderly",3971958
"CA","Fresno County",6019,990204,"hcv",2.3e+08
"CA","Fresno County",6019,990204,"home",10074470
"CA","Fresno County",6019,990204,"hud_disability",665847
"CA","Fresno County",6019,990204,"hud_esg",1768159
"CA","Fresno County",6019,990204,"hud_hopwa",2580393
"CA","Glenn County",6021,28060,"coc",16667
"CA","Humboldt County",6023,136101,"coc",1209974
"CA","Humboldt County",6023,136101,"elderly",418792
"CA","Humboldt County",6023,136101,"hcv",17122657
"CA","Imperial County",6025,180580,"cdbg_entitlement",1126700
"CA","Imperial County",6025,180580,"coc",402958
"CA","Imperial County",6025,180580,"hcv",24191208
"CA","Inyo County",6027,17930,"coc",16667
"CA","Kern County",6029,892458,"cdbg_entitlement",17954509
"CA","Kern County",6029,892458,"coc",13293568
"CA","Kern County",6029,892458,"elderly",1786799
"CA","Kern County",6029,892458,"hcv",65107523
"CA","Kern County",6029,892458,"home",7668570
"CA","Kern County",6029,892458,"hud_disability",317942
"CA","Kern County",6029,892458,"hud_esg",1471097
"CA","Kern County",6029,892458,"hud_hopwa",2011733
"CA","Kings County",6031,151090,"cdbg_entitlement",1044079
"CA","Kings County",6031,151090,"coc",1731782
"CA","Kings County",6031,151090,"hcv",9042462
"CA","Lake County",6033,64276,"coc",97184
"CA","Lake County",6033,64276,"elderly",416934
"CA","Lake County",6033,64276,"hcv",3594851
"CA","Lake County",6033,64276,"hud_disability",97698
"CA","Lassen County",6035,30600,"coc",66284
"CA","Lassen County",6035,30600,"elderly",433188
"CA","Los Angeles County",6037,10040682,"cdbg_entitlement",2.2e+08
"CA","Los Angeles County",6037,10040682,"coc",3.52e+08
"CA","Los Angeles County",6037,10040682,"elderly",52209912
"CA","Los Angeles County",6037,10040682,"grrp_elements",331635
"CA","Los Angeles County",6037,10040682,"hcv",2.87e+09
"CA","Los Angeles County",6037,10040682,"home",1.16e+08
"CA","Los Angeles County",6037,10040682,"hud_disability",15267642
"CA","Los Angeles County",6037,10040682,"hud_esg",14878128
"CA","Los Angeles County",6037,10040682,"hud_hopwa",50312187
"CA","Madera County",6039,155925,"cdbg_entitlement",1903740
"CA","Madera County",6039,155925,"coc",6369311
"CA","Madera County",6039,155925,"hcv",12101409
"CA","Marin County",6041,259441,"cdbg_entitlement",3219742
"CA","Marin County",6041,259441,"coc",10112769
"CA","Marin County",6041,259441,"elderly",2035011
"CA","Marin County",6041,259441,"hcv",1.27e+08
"CA","Marin County",6041,259441,"home",1701123
"CA","Marin County",6041,259441,"hud_disability",1465634
"CA","Mariposa County",6043,17319,"coc",189822
"CA","Mendocino County",6045,87110,"coc",3820512
"CA","Mendocino County",6045,87110,"elderly",231767
"CA","Mendocino County",6045,87110,"hcv",18011911
"CA","Mendocino County",6045,87110,"hud_disability",113264
"CA","Merced County",6047,273661,"cdbg_entitlement",2134284
"CA","Merced County",6047,273661,"coc",1617589
"CA","Merced County",6047,273661,"hcv",45706104
"CA","Merced County",6047,273661,"home",1176392
"CA","Modoc County",6049,8853,"coc",66284
"CA","Modoc County",6049,8853,"grrp_comp",5120000
"CA","Mono County",6051,14395,"coc",16667
"CA","Monterey County",6053,432977,"cdbg_entitlement",7689032
"CA","Monterey County",6053,432977,"coc",4536187
"CA","Monterey County",6053,432977,"hcv",1.48e+08
"CA","Monterey County",6053,432977,"home",1723248
"CA","Monterey County",6053,432977,"hud_disability",931216
"CA","Monterey County",6053,432977,"hud_esg",361167
"CA","Napa County",6055,138572,"cdbg_entitlement",1188801
"CA","Napa County",6055,138572,"coc",1604648
"CA","Napa County",6055,138572,"elderly",1113045
"CA","Napa County",6055,138572,"hcv",30785658
"CA","Napa County",6055,138572,"hud_disability",177892
"CA","Nevada County",6057,99417,"coc",434222
"CA","Orange County",6059,3170345,"cdbg_entitlement",54468389
"CA","Orange County",6059,3170345,"coc",57904551
"CA","Orange County",6059,3170345,"elderly",819725
"CA","Orange County",6059,3170345,"hcv",7.76e+08
"CA","Orange County",6059,3170345,"home",18896518
"CA","Orange County",6059,3170345,"hud_disability",866466
"CA","Orange County",6059,3170345,"hud_esg",2989493
"CA","Orange County",6059,3170345,"hud_hopwa",9688976
"CA","Placer County",6061,391799,"cdbg_entitlement",1990082
"CA","Placer County",6061,391799,"coc",3041566
"CA","Placer County",6061,391799,"elderly",1561398
"CA","Placer County",6061,391799,"hcv",23811123
"CA","Plumas County",6063,18844,"coc",66284
"CA","Plumas County",6063,18844,"hcv",8500156
"CA","Riverside County",6065,2437864,"cdbg_entitlement",39619573
"CA","Riverside County",6065,2437864,"coc",25350652
"CA","Riverside County",6065,2437864,"elderly",13475651
"CA","Riverside County",6065,2437864,"hcv",2.01e+08
"CA","Riverside County",6065,2437864,"home",10283329
"CA","Riverside County",6065,2437864,"hud_disability",795714
"CA","Riverside County",6065,2437864,"hud_esg",2106532
"CA","Riverside County",6065,2437864,"hud_hopwa",8520317
"CA","Sacramento County",6067,1537948,"cdbg_entitlement",25120609
"CA","Sacramento County",6067,1537948,"coc",59232328
"CA","Sacramento County",6067,1537948,"elderly",1881571
"CA","Sacramento County",6067,1537948,"hcv",3.24e+08
"CA","Sacramento County",6067,1537948,"home",12959543
"CA","Sacramento County",6067,1537948,"hud_disability",1061848
"CA","Sacramento County",6067,1537948,"hud_esg",1822443
"CA","Sacramento County",6067,1537948,"hud_hopwa",14902784
"CA","San Benito County",6069,61547,"coc",3944044
"CA","San Bernardino County",6071,2162532,"cdbg_entitlement",41064405
"CA","San Bernardino County",6071,2162532,"coc",19708967
"CA","San Bernardino County",6071,2162532,"elderly",12928434
"CA","San Bernardino County",6071,2162532,"hcv",2.88e+08
"CA","San Bernardino County",6071,2162532,"home",15444292
"CA","San Bernardino County",6071,2162532,"hud_disability",387344
"CA","San Bernardino County",6071,2162532,"hud_esg",2469387
"CA","San Diego County",6073,3323970,"cdbg_entitlement",52736341
"CA","San Diego County",6073,3323970,"coc",61933270
"CA","San Diego County",6073,3323970,"elderly",12784236
"CA","San Diego County",6073,3323970,"hcv",1.01e+09
"CA","San Diego County",6073,3323970,"home",26017718
"CA","San Diego County",6073,3323970,"hud_disability",2316655
"CA","San Diego County",6073,3323970,"hud_esg",3235745
"CA","San Diego County",6073,3323970,"hud_hopwa",11860863
"CA","San Francisco County",6075,874784,"cdbg_entitlement",37040938
"CA","San Francisco County",6075,874784,"coc",97023019
"CA","San Francisco County",6075,874784,"elderly",18428488
"CA","San Francisco County",6075,874784,"hcv",7.99e+08
"CA","San Francisco County",6075,874784,"home",10832928
"CA","San Francisco County",6075,874784,"hud_disability",2773389
"CA","San Francisco County",6075,874784,"hud_esg",3190089
"CA","San Francisco County",6075,874784,"hud_hopwa",23459597
"CA","San Joaquin County",6077,751615,"cdbg_entitlement",13279082
"CA","San Joaquin County",6077,751615,"coc",13403726
"CA","San Joaquin County",6077,751615,"elderly",353301
"CA","San Joaquin County",6077,751615,"hcv",1.06e+08
"CA","San Joaquin County",6077,751615,"home",6149545
"CA","San Joaquin County",6077,751615,"hud_esg",1046148
"CA","San Luis Obispo County",6079,282517,"cdbg_entitlement",3479790
"CA","San Luis Obispo County",6079,282517,"coc",1944253
"CA","San Luis Obispo County",6079,282517,"elderly",992708
"CA","San Luis Obispo County",6079,282517,"hcv",73954109
"CA","San Luis Obispo County",6079,282517,"home",1903333
"CA","San Luis Obispo County",6079,282517,"hud_disability",102290
"CA","San Luis Obispo County",6079,282517,"hud_esg",313155
"CA","San Mateo County",6081,765623,"cdbg_entitlement",10942528
"CA","San Mateo County",6081,765623,"coc",28293094
"CA","San Mateo County",6081,765623,"elderly",16449310
"CA","San Mateo County",6081,765623,"hcv",2.5e+08
"CA","San Mateo County",6081,765623,"home",4446253
"CA","San Mateo County",6081,765623,"hud_disability",566182
"CA","San Mateo County",6081,765623,"hud_esg",455083
"CA","Santa Barbara County",6083,444895,"cdbg_entitlement",8662858
"CA","Santa Barbara County",6083,444895,"coc",3644456
"CA","Santa Barbara County",6083,444895,"elderly",1066073
"CA","Santa Barbara County",6083,444895,"hcv",2.28e+08
"CA","Santa Barbara County",6083,444895,"home",3836294
"CA","Santa Barbara County",6083,444895,"hud_disability",56630
"CA","Santa Clara County",6085,1924379,"cdbg_entitlement",27843185
"CA","Santa Clara County",6085,1924379,"coc",63175580
"CA","Santa Clara County",6085,1924379,"elderly",6260420
"CA","Santa Clara County",6085,1924379,"hcv",9.65e+08
"CA","Santa Clara County",6085,1924379,"home",10874827
"CA","Santa Clara County",6085,1924379,"hud_disability",1225786
"CA","Santa Clara County",6085,1924379,"hud_esg",1490412
"CA","Santa Clara County",6085,1924379,"hud_hopwa",4776371
"CA","Santa Cruz County",6087,273170,"cdbg_entitlement",2521827
"CA","Santa Cruz County",6087,273170,"coc",10071253
"CA","Santa Cruz County",6087,273170,"elderly",4051983
"CA","Santa Cruz County",6087,273170,"hcv",2.33e+08
"CA","Santa Cruz County",6087,273170,"home",914269
"CA","Santa Cruz County",6087,273170,"hud_disability",1127583
"CA","Shasta County",6089,179267,"cdbg_entitlement",1473559
"CA","Shasta County",6089,179267,"coc",96284
"CA","Shasta County",6089,179267,"elderly",2997316
"CA","Shasta County",6089,179267,"hcv",32608478
"CA","Shasta County",6089,179267,"home",908997
"CA","Shasta County",6089,179267,"hud_disability",281942
"CA","Sierra County",6091,2898,"coc",66284
"CA","Siskiyou County",6093,43516,"coc",66284
"CA","Siskiyou County",6093,43516,"elderly",868006
"CA","Solano County",6095,444538,"cdbg_entitlement",4711957
"CA","Solano County",6095,444538,"coc",2553497
"CA","Solano County",6095,444538,"elderly",942375
"CA","Solano County",6095,444538,"hcv",1.18e+08
"CA","Solano County",6095,444538,"home",1192344
"CA","Solano County",6095,444538,"hud_disability",118622
"CA","Sonoma County",6097,496801,"cdbg_entitlement",6790369
"CA","Sonoma County",6097,496801,"coc",7520447
"CA","Sonoma County",6097,496801,"elderly",3501637
"CA","Sonoma County",6097,496801,"hcv",1.41e+08
"CA","Sonoma County",6097,496801,"home",3311548
"CA","Sonoma County",6097,496801,"hud_disability",222478
"CA","Sonoma County",6097,496801,"hud_esg",306553
"CA","Sonoma County",6097,496801,"hud_hopwa",1000007
"CA","Stanislaus County",6099,546235,"cdbg_entitlement",9566756
"CA","Stanislaus County",6099,546235,"coc",8031286
"CA","Stanislaus County",6099,546235,"elderly",859896
"CA","Stanislaus County",6099,546235,"hcv",96909785
"CA","Stanislaus County",6099,546235,"home",5382138
"CA","Stanislaus County",6099,546235,"hud_esg",736162
"CA","Sutter County",6101,96315,"cdbg_entitlement",1196344
"CA","Sutter County",6101,96315,"coc",25000
"CA","Sutter County",6101,96315,"hcv",33188088
"CA","Tehama County",6103,64176,"coc",160656
"CA","Tehama County",6103,64176,"elderly",91967
"CA","Tehama County",6103,64176,"hud_disability",49555
"CA","Trinity County",6105,12541,"coc",16667
"CA","Trinity County",6105,12541,"elderly",437849
"CA","Tulare County",6107,463955,"cdbg_entitlement",5380364
"CA","Tulare County",6107,463955,"coc",5076934
"CA","Tulare County",6107,463955,"elderly",1839537
"CA","Tulare County",6107,463955,"hcv",55892904
"CA","Tulare County",6107,463955,"home",1085767
"CA","Tuolumne County",6109,54147,"coc",117232
"CA","Tuolumne County",6109,54147,"hud_disability",68874
"CA","Ventura County",6111,845599,"cdbg_entitlement",11738144
"CA","Ventura County",6111,845599,"coc",5088272
"CA","Ventura County",6111,845599,"elderly",5771444
"CA","Ventura County",6111,845599,"hcv",1.96e+08
"CA","Ventura County",6111,845599,"home",5383847
"CA","Ventura County",6111,845599,"hud_disability",929902
"CA","Ventura County",6111,845599,"hud_esg",419357
"CA","Yolo County",6113,218774,"cdbg_entitlement",3436440
"CA","Yolo County",6113,218774,"coc",1026417
"CA","Yolo County",6113,218774,"elderly",1419139
"CA","Yolo County",6113,218774,"hcv",36039552
"CA","Yolo County",6113,218774,"home",876880
"CA","Yolo County",6113,218774,"hud_disability",256317
"CA","Yuba County",6115,77524,"coc",25000
"CO","Adams County",8001,509844,"cdbg_entitlement",6485399
"CO","Adams County",8001,509844,"elderly",40789
"CO","Adams County",8001,509844,"hcv",47296071
"CO","Adams County",8001,509844,"home",2613435
"CO","Arapahoe County",8005,649980,"cdbg_entitlement",8164070
"CO","Arapahoe County",8005,649980,"elderly",292668
"CO","Arapahoe County",8005,649980,"hcv",74864780
"CO","Arapahoe County",8005,649980,"home",4050630
"CO","Arapahoe County",8005,649980,"hud_esg",466480
"CO","Archuleta County",8007,13588,"elderly",63066
"CO","Bent County",8011,5677,"hcv",1548464
"CO","Boulder County",8013,324682,"cdbg_entitlement",2620170
"CO","Boulder County",8013,324682,"elderly",954745
"CO","Boulder County",8013,324682,"hcv",57606195
"CO","Boulder County",8013,324682,"home",2481838
"CO","Boulder County",8013,324682,"hud_disability",262579
"CO","Broomfield County",8014,69444,"cdbg_entitlement",569828
"CO","Clear Creek County",8019,9533,"elderly",157780
"CO","Delta County",8029,30758,"hcv",3454715
"CO","Denver County",8031,715878,"cdbg_entitlement",13369245
"CO","Denver County",8031,715878,"coc",59589033
"CO","Denver County",8031,715878,"elderly",4633861
"CO","Denver County",8031,715878,"hcv",3.78e+08
"CO","Denver County",8031,715878,"home",6251890
"CO","Denver County",8031,715878,"hud_disability",1232939
"CO","Denver County",8031,715878,"hud_esg",1154151
"CO","Denver County",8031,715878,"hud_hopwa",6013759
"CO","Douglas County",8035,344280,"cdbg_entitlement",500440
"CO","El Paso County",8041,710499,"cdbg_entitlement",8314235
"CO","El Paso County",8041,710499,"coc",4642181
"CO","El Paso County",8041,710499,"elderly",1145686
"CO","El Paso County",8041,710499,"hcv",47712805
"CO","El Paso County",8041,710499,"home",3530066
"CO","El Paso County",8041,710499,"hud_disability",308561
"CO","El Paso County",8041,710499,"hud_esg",536785
"CO","Garfield County",8045,59605,"elderly",974292
"CO","Garfield County",8045,59605,"hcv",8666586
"CO","Jefferson County",8059,578795,"cdbg_entitlement",4874160
"CO","Jefferson County",8059,578795,"coc",1361425
"CO","Jefferson County",8059,578795,"hcv",89852987
"CO","Jefferson County",8059,578795,"home",2097329
"CO","Jefferson County",8059,578795,"hud_disability",70827
"CO","Kit Carson County",8063,7246,"hcv",3399331
"CO","La Plata County",8067,56138,"elderly",426275
"CO","Larimer County",8069,350523,"cdbg_entitlement",2972528
"CO","Larimer County",8069,350523,"coc",1587150
"CO","Larimer County",8069,350523,"elderly",502075
"CO","Larimer County",8069,350523,"hcv",45744835
"CO","Larimer County",8069,350523,"home",1472701
"CO","Larimer County",8069,350523,"hud_disability",109515
"CO","Las Animas County",8071,14323,"hcv",681084
"CO","Las Animas County",8071,14323,"hud_disability",39294
"CO","Mesa County",8077,152962,"cdbg_entitlement",810436
"CO","Mesa County",8077,152962,"coc",385347
"CO","Mesa County",8077,152962,"elderly",570768
"CO","Mesa County",8077,152962,"hcv",17395565
"CO","Mesa County",8077,152962,"hud_disability",52343
"CO","Montezuma County",8083,26266,"hcv",4003719
"CO","Montrose County",8085,42280,"elderly",203993
"CO","Montrose County",8085,42280,"hcv",2910930
"CO","Morgan County",8087,28617,"elderly",22069
"CO","Otero County",8089,18284,"hcv",1929346
"CO","Otero County",8089,18284,"hud_disability",144598
"CO","Prowers County",8099,12035,"hcv",1159441
"CO","Pueblo County",8101,167412,"cdbg_entitlement",2889843
"CO","Pueblo County",8101,167412,"elderly",426607
"CO","Pueblo County",8101,167412,"hcv",22565254
"CO","Pueblo County",8101,167412,"home",2005536
"CO","Pueblo County",8101,167412,"hud_disability",5269
"CO","Rio Grande County",8105,11300,"elderly",157415
"CO","Routt County",8107,25317,"hud_disability",39603
"CO","Saguache County",8109,6730,"hcv",137878
"CO","Washington County",8121,4869,"hud_disability",77001
"CO","Weld County",8123,315389,"cdbg_entitlement",3875548
"CO","Weld County",8123,315389,"coc",843760
"CO","Weld County",8123,315389,"elderly",180784
"CO","Weld County",8123,315389,"hcv",20393540
"CO","Weld County",8123,315389,"home",870783
"CO","Weld County",8123,315389,"hud_disability",318727
"CT","Capitol Planning Region",9110,970675,"cdbg_entitlement",14717056
"CT","Capitol Planning Region",9110,970675,"coc",44003063
"CT","Capitol Planning Region",9110,970675,"elderly",7742296
"CT","Capitol Planning Region",9110,970675,"hcv",3.3e+08
"CT","Capitol Planning Region",9110,970675,"home",4159103
"CT","Capitol Planning Region",9110,970675,"hud_disability",1179834
"CT","Capitol Planning Region",9110,970675,"hud_esg",857556
"CT","Capitol Planning Region",9110,970675,"hud_hopwa",1416579
"CT","Greater Bridgeport Planning Region",9120,321347,"cdbg_entitlement",5119094
"CT","Greater Bridgeport Planning Region",9120,321347,"coc",9180561
"CT","Greater Bridgeport Planning Region",9120,321347,"elderly",493190
"CT","Greater Bridgeport Planning Region",9120,321347,"hcv",59757924
"CT","Greater Bridgeport Planning Region",9120,321347,"home",1341402
"CT","Greater Bridgeport Planning Region",9120,321347,"hud_disability",195243
"CT","Greater Bridgeport Planning Region",9120,321347,"hud_esg",198249
"CT","Greater Bridgeport Planning Region",9120,321347,"hud_hopwa",350356
"CT","Lower Connecticut River Valley Planning Region",9130,172669,"cdbg_entitlement",1115295
"CT","Lower Connecticut River Valley Planning Region",9130,172669,"coc",217434
"CT","Lower Connecticut River Valley Planning Region",9130,172669,"elderly",1359592
"CT","Lower Connecticut River Valley Planning Region",9130,172669,"hcv",15652874
"CT","Lower Connecticut River Valley Planning Region",9130,172669,"hud_disability",6236
"CT","Naugatuck Valley Planning Region",9140,444985,"cdbg_entitlement",7423508
"CT","Naugatuck Valley Planning Region",9140,444985,"coc",4625617
"CT","Naugatuck Valley Planning Region",9140,444985,"elderly",4282369
"CT","Naugatuck Valley Planning Region",9140,444985,"grrp_elements",743283
"CT","Naugatuck Valley Planning Region",9140,444985,"hcv",1.21e+08
"CT","Naugatuck Valley Planning Region",9140,444985,"home",2153038
"CT","Naugatuck Valley Planning Region",9140,444985,"hud_disability",831949
"CT","Naugatuck Valley Planning Region",9140,444985,"hud_esg",434090
"CT","Naugatuck Valley Planning Region",9140,444985,"hud_hopwa",551474
"CT","Northeastern Connecticut Planning Region",9150,95529,"cdbg_entitlement",31914
"CT","Northeastern Connecticut Planning Region",9150,95529,"coc",585919
"CT","Northeastern Connecticut Planning Region",9150,95529,"elderly",482574
"CT","Northeastern Connecticut Planning Region",9150,95529,"hcv",8840572
"CT","Northeastern Connecticut Planning Region",9150,95529,"hud_disability",1609
"CT","Northwest Hills Planning Region",9160,110198,"cdbg_entitlement",203226
"CT","Northwest Hills Planning Region",9160,110198,"coc",607632
"CT","Northwest Hills Planning Region",9160,110198,"elderly",1296149
"CT","Northwest Hills Planning Region",9160,110198,"hcv",5620201
"CT","Northwest Hills Planning Region",9160,110198,"home",57432
"CT","Northwest Hills Planning Region",9160,110198,"hud_disability",16799
"CT","Northwest Hills Planning Region",9160,110198,"hud_esg",11842
"CT","Northwest Hills Planning Region",9160,110198,"hud_hopwa",19561
"CT","South Central Connecticut Planning Region",9170,564527,"cdbg_entitlement",11048842
"CT","South Central Connecticut Planning Region",9170,564527,"coc",463981
"CT","South Central Connecticut Planning Region",9170,564527,"elderly",6027864
"CT","South Central Connecticut Planning Region",9170,564527,"hcv",1.73e+08
"CT","South Central Connecticut Planning Region",9170,564527,"home",3254918
"CT","South Central Connecticut Planning Region",9170,564527,"hud_disability",1396667
"CT","South Central Connecticut Planning Region",9170,564527,"hud_esg",671102
"CT","South Central Connecticut Planning Region",9170,564527,"hud_hopwa",782006
"CT","Southeastern Connecticut Planning Region",9180,278880,"cdbg_entitlement",3169107
"CT","Southeastern Connecticut Planning Region",9180,278880,"coc",1480129
"CT","Southeastern Connecticut Planning Region",9180,278880,"elderly",5744248
"CT","Southeastern Connecticut Planning Region",9180,278880,"hcv",8030869
"CT","Southeastern Connecticut Planning Region",9180,278880,"hud_disability",159796
"CT","Western Connecticut Planning Region",9190,611765,"cdbg_entitlement",9281461
"CT","Western Connecticut Planning Region",9190,611765,"coc",16645332
"CT","Western Connecticut Planning Region",9190,611765,"elderly",1250560
"CT","Western Connecticut Planning Region",9190,611765,"hcv",1.09e+08
"CT","Western Connecticut Planning Region",9190,611765,"home",2432104
"CT","Western Connecticut Planning Region",9190,611765,"hud_disability",354145
"CT","Western Connecticut Planning Region",9190,611765,"hud_esg",359447
"CT","Western Connecticut Planning Region",9190,611765,"hud_hopwa",635232
"DC","District of Columbia",11001,701974,"coc",16811109
"DC","District of Columbia",11001,701974,"elderly",4576463
"DC","District of Columbia",11001,701974,"grrp_elements",1500000
"DC","District of Columbia",11001,701974,"grrp_leading",7860000
"DC","District of Columbia",11001,701974,"hcv",5.8e+08
"DC","District of Columbia",11001,701974,"hud_disability",2303529
"DC","District of Columbia",11001,701974,"hud_hopwa",22932070
"DE","Kent County",10001,179124,"cdbg_entitlement",667773
"DE","Kent County",10001,179124,"elderly",588605
"DE","Kent County",10001,179124,"hcv",28832259
"DE","Kent County",10001,179124,"hud_hopwa",758463
"DE","New Castle County",10003,558306,"cdbg_entitlement",9231216
"DE","New Castle County",10003,558306,"coc",7900472
"DE","New Castle County",10003,558306,"elderly",3991470
"DE","New Castle County",10003,558306,"hcv",77064451
"DE","New Castle County",10003,558306,"home",3669063
"DE","New Castle County",10003,558306,"hud_disability",3023560
"DE","New Castle County",10003,558306,"hud_esg",804414
"DE","New Castle County",10003,558306,"hud_hopwa",2599692
"DE","Sussex County",10005,230249,"elderly",522882
"DE","Sussex County",10005,230249,"hud_disability",307625
"FL","Alachua County",12001,268105,"cdbg_entitlement",2662988
"FL","Alachua County",12001,268105,"coc",845837
"FL","Alachua County",12001,268105,"hcv",37780449
"FL","Alachua County",12001,268105,"home",1237021
"FL","Alachua County",12001,268105,"hud_disability",93830
"FL","Baker County",12003,28679,"hcv",1558386
"FL","Bay County",12005,180076,"cdbg_entitlement",817676
"FL","Bay County",12005,180076,"coc",45615
"FL","Bay County",12005,180076,"hcv",18784108
"FL","Bradford County",12007,27723,"coc",209010
"FL","Brevard County",12009,594001,"cdbg_entitlement",6347883
"FL","Brevard County",12009,594001,"coc",1637062
"FL","Brevard County",12009,594001,"elderly",1236773
"FL","Brevard County",12009,594001,"hcv",59769661
"FL","Brevard County",12009,594001,"home",2597769
"FL","Broward County",12011,1942273,"cdbg_entitlement",28296418
"FL","Broward County",12011,1942273,"coc",25204662
"FL","Broward County",12011,1942273,"elderly",8745042
"FL","Broward County",12011,1942273,"hcv",3.55e+08
"FL","Broward County",12011,1942273,"home",12782988
"FL","Broward County",12011,1942273,"hud_disability",275338
"FL","Broward County",12011,1942273,"hud_esg",490944
"FL","Broward County",12011,1942273,"hud_hopwa",11582329
"FL","Calhoun County",12013,14324,"coc",14850
"FL","Charlotte County",12015,185926,"coc",1249228
"FL","Charlotte County",12015,185926,"elderly",928667
"FL","Charlotte County",12015,185926,"hcv",5884322
"FL","Charlotte County",12015,185926,"hud_disability",200833
"FL","Citrus County",12017,147938,"coc",203778
"FL","Citrus County",12017,147938,"hcv",3393289
"FL","Citrus County",12017,147938,"hud_disability",2327
"FL","Clay County",12019,215294,"cdbg_entitlement",2060692
"FL","Clay County",12019,215294,"coc",2420428
"FL","Collier County",12021,379345,"cdbg_entitlement",5207995
"FL","Collier County",12021,379345,"coc",1319235
"FL","Collier County",12021,379345,"elderly",520000
"FL","Collier County",12021,379345,"hcv",11026353
"FL","Collier County",12021,379345,"home",1687267
"FL","Collier County",12021,379345,"hud_disability",288671
"FL","Collier County",12021,379345,"hud_esg",433016
"FL","Columbia County",12023,70898,"coc",302828
"FL","DeSoto County",12027,37371,"coc",49770
"FL","Duval County",12031,948651,"cdbg_entitlement",13141867
"FL","Duval County",12031,948651,"coc",7260406
"FL","Duval County",12031,948651,"elderly",1866641
"FL","Duval County",12031,948651,"hcv",1.51e+08
"FL","Duval County",12031,948651,"home",7299424
"FL","Duval County",12031,948651,"hud_disability",822767
"FL","Duval County",12031,948651,"hud_esg",1143098
"FL","Duval County",12031,948651,"hud_hopwa",6587080
"FL","Escambia County",12033,316691,"cdbg_entitlement",4676976
"FL","Escambia County",12033,316691,"coc",1201533
"FL","Escambia County",12033,316691,"elderly",795089
"FL","Escambia County",12033,316691,"hcv",35595077
"FL","Escambia County",12033,316691,"home",2763054
"FL","Escambia County",12033,316691,"hud_disability",209079
"FL","Flagler County",12035,112854,"cdbg_entitlement",960883
"FL","Flagler County",12035,112854,"coc",1261580
"FL","Flagler County",12035,112854,"hcv",6281131
"FL","Franklin County",12037,11914,"coc",264968
"FL","Gadsden County",12039,45787,"coc",264968
"FL","Gilchrist County",12041,18245,"coc",209010
"FL","Glades County",12043,13777,"coc",49770
"FL","Gulf County",12045,15073,"coc",14850
"FL","Hamilton County",12047,14397,"coc",108466
"FL","Hardee County",12049,27027,"coc",49770
"FL","Hendry County",12051,41472,"coc",49770
"FL","Hendry County",12051,41472,"hcv",797183
"FL","Hendry County",12051,41472,"hud_disability",280927
"FL","Hernando County",12053,190700,"coc",203778
"FL","Hernando County",12053,190700,"hcv",7620951
"FL","Hernando County",12053,190700,"hud_disability",421217
"FL","Highlands County",12055,104574,"coc",323220
"FL","Highlands County",12055,104574,"hud_disability",244327
"FL","Hillsborough County",12057,1451358,"cdbg_entitlement",20819714
"FL","Hillsborough County",12057,1451358,"coc",11387766
"FL","Hillsborough County",12057,1451358,"elderly",8969278
"FL","Hillsborough County",12057,1451358,"hcv",2.65e+08
"FL","Hillsborough County",12057,1451358,"home",10251261
"FL","Hillsborough County",12057,1451358,"hud_disability",2022626
"FL","Hillsborough County",12057,1451358,"hud_esg",1823925
"FL","Hillsborough County",12057,1451358,"hud_hopwa",12214115
"FL","Holmes County",12059,19530,"coc",14850
"FL","Holmes County",12059,19530,"hcv",1534940
"FL","Indian River County",12061,156964,"cdbg_entitlement",259041
"FL","Indian River County",12061,156964,"coc",1947100
"FL","Indian River County",12061,156964,"elderly",984492
"FL","Indian River County",12061,156964,"hcv",6514098
"FL","Indian River County",12061,156964,"hud_disability",126750
"FL","Jackson County",12063,47409,"coc",14850
"FL","Jackson County",12063,47409,"hcv",14825186
"FL","Jefferson County",12065,14278,"coc",264968
"FL","Lafayette County",12067,8576,"coc",108466
"FL","Lake County",12069,356115,"cdbg_entitlement",2977906
"FL","Lake County",12069,356115,"coc",203778
"FL","Lake County",12069,356115,"hcv",11131137
"FL","Lake County",12069,356115,"home",1315673
"FL","Lee County",12071,756570,"cdbg_entitlement",9585165
"FL","Lee County",12071,756570,"coc",3570513
"FL","Lee County",12071,756570,"elderly",2735127
"FL","Lee County",12071,756570,"hcv",55713194
"FL","Lee County",12071,756570,"home",2226848
"FL","Lee County",12071,756570,"hud_disability",1737205
"FL","Lee County",12071,756570,"hud_esg",555501
"FL","Leon County",12073,291863,"cdbg_entitlement",3770524
"FL","Leon County",12073,291863,"coc",2113950
"FL","Leon County",12073,291863,"elderly",928507
"FL","Leon County",12073,291863,"hcv",43320016
"FL","Leon County",12073,291863,"home",2130997
"FL","Leon County",12073,291863,"hud_disability",1477227
"FL","Leon County",12073,291863,"hud_esg",320558
"FL","Leon County",12073,291863,"hud_hopwa",27070025
"FL","Levy County",12075,40979,"coc",209010
"FL","Levy County",12075,40979,"hcv",3047587
"FL","Liberty County",12077,8333,"coc",264968
"FL","Madison County",12079,18557,"coc",264968
"FL","Manatee County",12081,393847,"cdbg_entitlement",4499556
"FL","Manatee County",12081,393847,"coc",872498
"FL","Manatee County",12081,393847,"elderly",1508675
"FL","Manatee County",12081,393847,"hcv",31923351
"FL","Manatee County",12081,393847,"home",1357961
"FL","Manatee County",12081,393847,"hud_disability",876674
"FL","Manatee County",12081,393847,"hud_esg",317140
"FL","Marion County",12083,360210,"cdbg_entitlement",5240016
"FL","Marion County",12083,360210,"coc",950308
"FL","Marion County",12083,360210,"elderly",1524871
"FL","Marion County",12083,360210,"hcv",18585943
"FL","Marion County",12083,360210,"home",2089433
"FL","Marion County",12083,360210,"hud_esg",354265
"FL","Martin County",12085,160420,"coc",1160046
"FL","Martin County",12085,160420,"elderly",1103366
"FL","Martin County",12085,160420,"hcv",2321030
"FL","Miami-Dade County",12086,2705528,"cdbg_entitlement",48131312
"FL","Miami-Dade County",12086,2705528,"coc",72548323
"FL","Miami-Dade County",12086,2705528,"elderly",20327534
"FL","Miami-Dade County",12086,2705528,"hcv",8.38e+08
"FL","Miami-Dade County",12086,2705528,"home",24042266
"FL","Miami-Dade County",12086,2705528,"hud_disability",2144956
"FL","Miami-Dade County",12086,2705528,"hud_esg",3555835
"FL","Miami-Dade County",12086,2705528,"hud_hopwa",26782691
"FL","Monroe County",12087,75137,"coc",756006
"FL","Monroe County",12087,75137,"hcv",13975051
"FL","Monroe County",12087,75137,"hud_disability",473344
"FL","Monroe County",12087,75137,"hud_hopwa",1519564
"FL","Nassau County",12089,85762,"coc",2420428
"FL","Nassau County",12089,85762,"hcv",1219706
"FL","Okaloosa County",12091,207430,"cdbg_entitlement",591709
"FL","Okaloosa County",12091,207430,"coc",608948
"FL","Okaloosa County",12091,207430,"hcv",13698081
"FL","Okeechobee County",12093,41611,"coc",49770
"FL","Orange County",12095,1373784,"cdbg_entitlement",19403738
"FL","Orange County",12095,1373784,"coc",9228827
"FL","Orange County",12095,1373784,"elderly",5340400
"FL","Orange County",12095,1373784,"hcv",1.25e+08
"FL","Orange County",12095,1373784,"home",9177912
"FL","Orange County",12095,1373784,"hud_disability",681905
"FL","Orange County",12095,1373784,"hud_esg",1687129
"FL","Orange County",12095,1373784,"hud_hopwa",15080178
"FL","Osceola County",12097,363666,"cdbg_entitlement",5116824
"FL","Osceola County",12097,363666,"coc",5317227
"FL","Osceola County",12097,363666,"elderly",7488733
"FL","Osceola County",12097,363666,"hcv",5737920
"FL","Osceola County",12097,363666,"home",2093505
"FL","Palm Beach County",12099,1482057,"cdbg_entitlement",19545562
"FL","Palm Beach County",12099,1482057,"coc",17148153
"FL","Palm Beach County",12099,1482057,"elderly",7268905
"FL","Palm Beach County",12099,1482057,"hcv",2.26e+08
"FL","Palm Beach County",12099,1482057,"home",6418482
"FL","Palm Beach County",12099,1482057,"hud_disability",228356
"FL","Palm Beach County",12099,1482057,"hud_esg",1148348
"FL","Palm Beach County",12099,1482057,"hud_hopwa",6796223
"FL","Pasco County",12101,539885,"cdbg_entitlement",5936668
"FL","Pasco County",12101,539885,"coc",2796964
"FL","Pasco County",12101,539885,"elderly",2413965
"FL","Pasco County",12101,539885,"hcv",27103379
"FL","Pasco County",12101,539885,"home",2767162
"FL","Pasco County",12101,539885,"hud_disability",968444
"FL","Pasco County",12101,539885,"hud_esg",511113
"FL","Pinellas County",12103,970985,"cdbg_entitlement",12275641
"FL","Pinellas County",12103,970985,"coc",13078348
"FL","Pinellas County",12103,970985,"elderly",4833899
"FL","Pinellas County",12103,970985,"hcv",1.83e+08
"FL","Pinellas County",12103,970985,"home",5543353
"FL","Pinellas County",12103,970985,"hud_disability",5619866
"FL","Pinellas County",12103,970985,"hud_esg",746725
"FL","Polk County",12105,705735,"cdbg_entitlement",9775212
"FL","Polk County",12105,705735,"coc",3272257
"FL","Polk County",12105,705735,"elderly",1336191
"FL","Polk County",12105,705735,"hcv",40681985
"FL","Polk County",12105,705735,"home",4044424
"FL","Polk County",12105,705735,"hud_esg",692285
"FL","Putnam County",12107,73784,"coc",267258
"FL","Putnam County",12107,73784,"hcv",3983846
"FL","Santa Rosa County",12113,179587,"coc",449823
"FL","Santa Rosa County",12113,179587,"hcv",7616083
"FL","Sarasota County",12115,427766,"cdbg_entitlement",4268006
"FL","Sarasota County",12115,427766,"coc",1532962
"FL","Sarasota County",12115,427766,"elderly",3082287
"FL","Sarasota County",12115,427766,"hcv",42534037
"FL","Sarasota County",12115,427766,"home",1920584
"FL","Sarasota County",12115,427766,"hud_disability",849631
"FL","Sarasota County",12115,427766,"hud_esg",299799
"FL","Seminole County",12117,466695,"cdbg_entitlement",5403478
"FL","Seminole County",12117,466695,"coc",5691403
"FL","Seminole County",12117,466695,"hcv",9222888
"FL","Seminole County",12117,466695,"home",1950018
"FL","Seminole County",12117,466695,"hud_disability",112349
"FL","Seminole County",12117,466695,"hud_esg",375716
"FL","St. Johns County",12109,255410,"cdbg_entitlement",2144662
"FL","St. Johns County",12109,255410,"coc",355118
"FL","St. Lucie County",12111,320914,"cdbg_entitlement",3151862
"FL","St. Lucie County",12111,320914,"coc",1294631
"FL","St. Lucie County",12111,320914,"elderly",1027149
"FL","St. Lucie County",12111,320914,"hcv",15196095
"FL","St. Lucie County",12111,320914,"home",2092666
"FL","Sumter County",12119,129938,"coc",203778
"FL","Suwannee County",12121,44290,"coc",108466
"FL","Taylor County",12123,21709,"coc",264968
"FL","Volusia County",12127,546107,"cdbg_entitlement",6345010
"FL","Volusia County",12127,546107,"coc",2822181
"FL","Volusia County",12127,546107,"elderly",3298503
"FL","Volusia County",12127,546107,"hcv",56184262
"FL","Volusia County",12127,546107,"home",2433580
"FL","Volusia County",12127,546107,"hud_esg",145833
"FL","Wakulla County",12129,32855,"coc",264968
"FL","Walton County",12131,71049,"coc",384814
"FL","Walton County",12131,71049,"hcv",4014491
"FL","Washington County",12133,25094,"coc",14850
"FL","Washington County",12133,25094,"hud_disability",172804
"GA","Baldwin County",13009,45072,"hud_disability",197098
"GA","Barrow County",13013,81294,"elderly",471224
"GA","Bartow County",13015,106456,"hud_disability",13599
"GA","Bibb County",13021,153026,"cdbg_entitlement",3639554
"GA","Bibb County",13021,153026,"coc",262574
"GA","Bibb County",13021,153026,"elderly",846039
"GA","Bibb County",13021,153026,"hcv",50811083
"GA","Bibb County",13021,153026,"home",1932862
"GA","Bibb County",13021,153026,"hud_disability",192755
"GA","Bibb County",13021,153026,"hud_esg",318986
"GA","Butts County",13035,24463,"elderly",382167
"GA","Carroll County",13045,118692,"hcv",7198774
"GA","Chatham County",13051,289649,"cdbg_entitlement",4433728
"GA","Chatham County",13051,289649,"coc",7156763
"GA","Chatham County",13051,289649,"hcv",55961025
"GA","Chatham County",13051,289649,"home",1803510
"GA","Chatham County",13051,289649,"hud_disability",223030
"GA","Chatham County",13051,289649,"hud_esg",391645
"GA","Chatham County",13051,289649,"hud_hopwa",954752
"GA","Chattooga County",13055,24826,"hud_disability",95984
"GA","Cherokee County",13057,253780,"cdbg_entitlement",2296158
"GA","Cherokee County",13057,253780,"home",1084963
"GA","Cherokee County",13057,253780,"hud_disability",62446
"GA","Clarke County",13059,126952,"cdbg_entitlement",2523856
"GA","Clarke County",13059,126952,"coc",1238095
"GA","Clarke County",13059,126952,"elderly",638122
"GA","Clarke County",13059,126952,"home",1711543
"GA","Clayton County",13063,287560,"cdbg_entitlement",4649886
"GA","Clayton County",13063,287560,"elderly",396123
"GA","Clayton County",13063,287560,"hcv",31267943
"GA","Clayton County",13063,287560,"home",2441810
"GA","Clayton County",13063,287560,"hud_esg",418122
"GA","Cobb County",13067,756653,"cdbg_entitlement",7726975
"GA","Cobb County",13067,756653,"coc",4679617
"GA","Cobb County",13067,756653,"elderly",1624898
"GA","Cobb County",13067,756653,"hcv",59554271
"GA","Cobb County",13067,756653,"home",3277603
"GA","Cobb County",13067,756653,"hud_disability",232581
"GA","Cobb County",13067,756653,"hud_esg",555707
"GA","Columbia County",13073,154257,"elderly",529601
"GA","Coweta County",13077,145839,"hcv",2146165
"GA","Dade County",13083,16183,"hud_disability",28024
"GA","DeKalb County",13089,755287,"cdbg_entitlement",9691219
"GA","DeKalb County",13089,755287,"coc",31067316
"GA","DeKalb County",13089,755287,"elderly",2936704
"GA","DeKalb County",13089,755287,"hcv",3.86e+08
"GA","DeKalb County",13089,755287,"home",4705962
"GA","DeKalb County",13089,755287,"hud_disability",767
"GA","DeKalb County",13089,755287,"hud_esg",802254
"GA","DeKalb County",13089,755287,"hud_hopwa",12268348
"GA","Dougherty County",13095,88696,"cdbg_entitlement",1585558
"GA","Dougherty County",13095,88696,"elderly",526659
"GA","Dougherty County",13095,88696,"hcv",1037984
"GA","Dougherty County",13095,88696,"home",1104954
"GA","Dougherty County",13095,88696,"hud_disability",729844
"GA","Douglas County",13097,145063,"coc",288089
"GA","Douglas County",13097,145063,"hud_disability",106745
"GA","Floyd County",13115,97805,"cdbg_entitlement",913365
"GA","Floyd County",13115,97805,"elderly",193478
"GA","Floyd County",13115,97805,"hcv",10719557
"GA","Fulton County",13121,1051550,"cdbg_entitlement",19745173
"GA","Fulton County",13121,1051550,"coc",22248213
"GA","Fulton County",13121,1051550,"elderly",8007251
"GA","Fulton County",13121,1051550,"hcv",6.31e+08
"GA","Fulton County",13121,1051550,"home",6533051
"GA","Fulton County",13121,1051550,"hud_disability",310263
"GA","Fulton County",13121,1051550,"hud_esg",1211139
"GA","Fulton County",13121,1051550,"hud_hopwa",50400707
"GA","Glynn County",13127,85008,"cdbg_entitlement",800885
"GA","Glynn County",13127,85008,"coc",458025
"GA","Glynn County",13127,85008,"elderly",662590
"GA","Glynn County",13127,85008,"hcv",12328479
"GA","Grady County",13131,24693,"elderly",71488
"GA","Gwinnett County",13135,926414,"cdbg_entitlement",10655062
"GA","Gwinnett County",13135,926414,"coc",87067
"GA","Gwinnett County",13135,926414,"elderly",2313453
"GA","Gwinnett County",13135,926414,"home",4778543
"GA","Gwinnett County",13135,926414,"hud_disability",829926
"GA","Gwinnett County",13135,926414,"hud_esg",929182
"GA","Hall County",13139,201434,"cdbg_entitlement",917888
"GA","Hall County",13139,201434,"elderly",784769
"GA","Henry County",13151,229994,"cdbg_entitlement",2177827
"GA","Henry County",13151,229994,"home",1052601
"GA","Houston County",13153,155317,"cdbg_entitlement",1170981
"GA","Houston County",13153,155317,"elderly",425226
"GA","Houston County",13153,155317,"hud_disability",170
"GA","Irwin County",13155,9379,"hud_disability",26164
"GA","Laurens County",13175,47404,"hud_disability",89042
"GA","Liberty County",13179,62039,"cdbg_entitlement",517236
"GA","Liberty County",13179,62039,"coc",131420
"GA","Lowndes County",13185,116436,"cdbg_entitlement",1277258
"GA","Lowndes County",13185,116436,"elderly",348910
"GA","Macon County",13193,13107,"elderly",149569
"GA","McDuffie County",13189,21404,"hud_disability",177355
"GA","Muscogee County",13215,195418,"cdbg_entitlement",3293852
"GA","Muscogee County",13215,195418,"coc",3220774
"GA","Muscogee County",13215,195418,"elderly",995202
"GA","Muscogee County",13215,195418,"hcv",63845485
"GA","Muscogee County",13215,195418,"home",2143343
"GA","Paulding County",13223,164440,"coc",373932
"GA","Polk County",13233,42251,"elderly",621468
"GA","Randolph County",13243,6888,"elderly",57301
"GA","Richmond County",13245,202178,"cdbg_entitlement",3505047
"GA","Richmond County",13245,202178,"coc",1051582
"GA","Richmond County",13245,202178,"elderly",1343919
"GA","Richmond County",13245,202178,"grrp_elements",750000
"GA","Richmond County",13245,202178,"hcv",59378328
"GA","Richmond County",13245,202178,"home",2242265
"GA","Richmond County",13245,202178,"hud_disability",1236491
"GA","Richmond County",13245,202178,"hud_esg",303755
"GA","Richmond County",13245,202178,"hud_hopwa",1916052
"GA","Sumter County",13261,29714,"hcv",8695629
"GA","Taylor County",13269,8126,"elderly",80655
"GA","Tift County",13277,40590,"elderly",129002
"GA","Troup County",13285,70095,"elderly",73371
"GA","Upson County",13293,26329,"hud_disability",100182
"GA","Walker County",13295,69398,"hud_disability",169162
"GA","Ware County",13299,35745,"elderly",181398
"GA","Ware County",13299,35745,"hud_disability",130710
"GA","Whitfield County",13313,104122,"cdbg_entitlement",723207
"GA","Whitfield County",13313,104122,"coc",31679
"GA","Whitfield County",13313,104122,"elderly",1309
"HI","Hawaii County",15001,201350,"cdbg_entitlement",5375987
"HI","Hawaii County",15001,201350,"coc",1112380
"HI","Hawaii County",15001,201350,"elderly",564218
"HI","Hawaii County",15001,201350,"hcv",54403997
"HI","Honolulu County",15003,979682,"cdbg_entitlement",15761808
"HI","Honolulu County",15003,979682,"coc",26938217
"HI","Honolulu County",15003,979682,"elderly",3640787
"HI","Honolulu County",15003,979682,"hcv",2.63e+08
"HI","Honolulu County",15003,979682,"home",6558132
"HI","Honolulu County",15003,979682,"hud_disability",1921136
"HI","Honolulu County",15003,979682,"hud_esg",1394681
"HI","Honolulu County",15003,979682,"hud_hopwa",4223041
"HI","Kauai County",15007,71949,"cdbg_entitlement",1431201
"HI","Kauai County",15007,71949,"coc",172998
"HI","Kauai County",15007,71949,"hcv",23741682
"HI","Maui County",15009,166657,"cdbg_entitlement",3697527
"HI","Maui County",15009,166657,"coc",1016337
"HI","Maui County",15009,166657,"elderly",2500240
"HI","Maui County",15009,166657,"hcv",54225603
"HI","Maui County",15009,166657,"hud_disability",343136
"HI","Maui County",15009,166657,"hud_hopwa",1520103
"IA","Allamakee County",19005,13761,"hud_disability",33566
"IA","Appanoose County",19007,12462,"hcv",438744
"IA","Black Hawk County",19013,131813,"cdbg_entitlement",2984195
"IA","Black Hawk County",19013,131813,"hcv",16690165
"IA","Black Hawk County",19013,131813,"home",1126359
"IA","Bremer County",19017,25032,"coc",1136878
"IA","Bremer County",19017,25032,"hcv",1936189
"IA","Carroll County",19027,20150,"elderly",11745
"IA","Carroll County",19027,20150,"hcv",6375739
"IA","Cedar County",19031,18475,"hud_disability",31575
"IA","Cerro Gordo County",19033,42672,"coc",135087
"IA","Cerro Gordo County",19033,42672,"elderly",361
"IA","Cerro Gordo County",19033,42672,"hcv",7685185
"IA","Clarke County",19039,9383,"elderly",283525
"IA","Clarke County",19039,9383,"hud_disability",27830
"IA","Clay County",19041,16138,"coc",123411
"IA","Clay County",19041,16138,"elderly",819
"IA","Clay County",19041,16138,"hcv",8075230
"IA","Clinton County",19045,46734,"hcv",4822329
"IA","Decatur County",19053,7908,"elderly",168581
"IA","Des Moines County",19057,39227,"elderly",3841
"IA","Des Moines County",19057,39227,"hcv",4394009
"IA","Dickinson County",19059,17260,"hcv",1167896
"IA","Dubuque County",19061,97193,"cdbg_entitlement",2081934
"IA","Dubuque County",19061,97193,"hcv",26967220
"IA","Floyd County",19067,15713,"hcv",1912673
"IA","Franklin County",19069,10091,"hud_disability",45735
"IA","Greene County",19073,8923,"hud_disability",311
"IA","Hamilton County",19079,14905,"hud_disability",23548
"IA","Harrison County",19085,14043,"hud_disability",43087
"IA","Jasper County",19099,37032,"hud_disability",1304
"IA","Johnson County",19103,150819,"cdbg_entitlement",1462256
"IA","Johnson County",19103,150819,"coc",1340591
"IA","Johnson County",19103,150819,"hcv",21385641
"IA","Johnson County",19103,150819,"home",1040389
"IA","Johnson County",19103,150819,"hud_disability",42728
"IA","Lee County",19111,33946,"elderly",161183
"IA","Lee County",19111,33946,"hcv",2157204
"IA","Linn County",19113,225601,"cdbg_entitlement",2157894
"IA","Linn County",19113,225601,"coc",719949
"IA","Linn County",19113,225601,"elderly",367499
"IA","Linn County",19113,225601,"hcv",14238949
"IA","Linn County",19113,225601,"home",860806
"IA","Linn County",19113,225601,"hud_disability",63821
"IA","Mahaska County",19123,22351,"hcv",1819961
"IA","Marion County",19125,33193,"elderly",66299
"IA","Marion County",19125,33193,"hcv",2615272
"IA","Marshall County",19127,39804,"hcv",2589061
"IA","Marshall County",19127,39804,"hud_disability",201881
"IA","Monona County",19133,8675,"elderly",91548
"IA","Monroe County",19135,7761,"hcv",502616
"IA","Muscatine County",19139,42703,"hcv",4099817
"IA","Muscatine County",19139,42703,"hud_disability",56207
"IA","Palo Alto County",19147,8941,"elderly",40071
"IA","Palo Alto County",19147,8941,"hcv",39467
"IA","Plymouth County",19149,25141,"elderly",41278
"IA","Plymouth County",19149,25141,"hud_disability",115222
"IA","Polk County",19153,485418,"cdbg_entitlement",8197956
"IA","Polk County",19153,485418,"coc",11951673
"IA","Polk County",19153,485418,"elderly",1289323
"IA","Polk County",19153,485418,"hcv",50353450
"IA","Polk County",19153,485418,"home",2227674
"IA","Polk County",19153,485418,"hud_disability",343707
"IA","Polk County",19153,485418,"hud_esg",663068
"IA","Polk County",19153,485418,"hud_hopwa",1852511
"IA","Pottawattamie County",19155,93478,"cdbg_entitlement",1962979
"IA","Pottawattamie County",19155,93478,"coc",2132364
"IA","Pottawattamie County",19155,93478,"elderly",118011
"IA","Pottawattamie County",19155,93478,"hcv",9964277
"IA","Pottawattamie County",19155,93478,"hud_disability",110480
"IA","Poweshiek County",19157,18391,"hcv",2097846
"IA","Scott County",19163,172938,"cdbg_entitlement",3250805
"IA","Scott County",19163,172938,"coc",457326
"IA","Scott County",19163,172938,"elderly",30077
"IA","Scott County",19163,172938,"hcv",9661452
"IA","Scott County",19163,172938,"home",1007708
"IA","Scott County",19163,172938,"hud_disability",45031
"IA","Story County",19169,97355,"cdbg_entitlement",1127177
"IA","Story County",19169,97355,"home",727275
"IA","Union County",19175,12303,"hcv",12235641
"IA","Wapello County",19179,35102,"hcv",5155987
"IA","Warren County",19181,50867,"hcv",2111567
"IA","Webster County",19187,36348,"grrp_leading",7500000
"IA","Webster County",19187,36348,"hcv",8340846
"IA","Winneshiek County",19191,20090,"hcv",4207601
"IA","Woodbury County",19193,102687,"cdbg_entitlement",3222592
"IA","Woodbury County",19193,102687,"coc",611435
"IA","Woodbury County",19193,102687,"elderly",167790
"IA","Woodbury County",19193,102687,"hcv",12226646
"IA","Woodbury County",19193,102687,"home",1054826
"ID","Ada County",16001,469473,"cdbg_entitlement",3873447
"ID","Ada County",16001,469473,"coc",3413283
"ID","Ada County",16001,469473,"elderly",800550
"ID","Ada County",16001,469473,"hcv",83283301
"ID","Ada County",16001,469473,"home",1682617
"ID","Ada County",16001,469473,"hud_disability",247489
"ID","Bannock County",16005,86742,"cdbg_entitlement",816632
"ID","Bannock County",16005,86742,"hcv",7201930
"ID","Bingham County",16011,46246,"hcv",343722
"ID","Bonneville County",16019,116970,"cdbg_entitlement",858682
"ID","Bonneville County",16019,116970,"elderly",322439
"ID","Bonneville County",16019,116970,"hud_disability",134518
"ID","Canyon County",16027,223890,"cdbg_entitlement",2342876
"ID","Canyon County",16027,223890,"hcv",18352696
"ID","Cassia County",16031,23847,"elderly",206507
"ID","Kootenai County",16055,161676,"cdbg_entitlement",707672
"ID","Kootenai County",16055,161676,"elderly",423134
"ID","Kootenai County",16055,161676,"hud_disability",241431
"ID","Latah County",16057,40052,"hud_disability",384787
"ID","Nez Perce County",16069,40468,"cdbg_entitlement",470633
"ID","Nez Perce County",16069,40468,"hud_disability",64054
"ID","Shoshone County",16079,12700,"elderly",31124
"ID","Twin Falls County",16083,86198,"cdbg_entitlement",690361
"IL","Adams County",17001,65670,"coc",458160
"IL","Adams County",17001,65670,"elderly",904001
"IL","Adams County",17001,65670,"hcv",3053092
"IL","Adams County",17001,65670,"hud_disability",296150
"IL","Alexander County",17003,6011,"coc",47557
"IL","Bond County",17005,16520,"coc",47557
"IL","Boone County",17007,53293,"coc",858911
"IL","Boone County",17007,53293,"hcv",2356781
"IL","Brown County",17009,6599,"coc",64473
"IL","Brown County",17009,6599,"hud_disability",246084
"IL","Bureau County",17011,32878,"coc",60740
"IL","Bureau County",17011,32878,"hcv",599567
"IL","Calhoun County",17013,4782,"coc",79635
"IL","Carroll County",17015,14398,"coc",60740
"IL","Carroll County",17015,14398,"hud_disability",96633
"IL","Cass County",17017,12324,"coc",64473
"IL","Cass County",17017,12324,"hud_disability",234370
"IL","Champaign County",17019,210006,"cdbg_entitlement",3573971
"IL","Champaign County",17019,210006,"coc",925972
"IL","Champaign County",17019,210006,"grrp_elements",750000
"IL","Champaign County",17019,210006,"hcv",44009416
"IL","Champaign County",17019,210006,"home",1571427
"IL","Champaign County",17019,210006,"hud_disability",165635
"IL","Christian County",17021,32705,"coc",79635
"IL","Christian County",17021,32705,"elderly",538041
"IL","Christian County",17021,32705,"hcv",3102651
"IL","Clark County",17023,15602,"coc",79635
"IL","Clay County",17025,13217,"coc",79635
"IL","Clinton County",17027,37549,"coc",47557
"IL","Coles County",17029,51065,"coc",79635
"IL","Cook County",17031,5169517,"cdbg_entitlement",1.9e+08
"IL","Cook County",17031,5169517,"coc",1.98e+08
"IL","Cook County",17031,5169517,"elderly",86662335
"IL","Cook County",17031,5169517,"grrp_elements",1500000
"IL","Cook County",17031,5169517,"grrp_leading",5580000
"IL","Cook County",17031,5169517,"hcv",1.96e+09
"IL","Cook County",17031,5169517,"home",57227249
"IL","Cook County",17031,5169517,"hud_disability",15253061
"IL","Cook County",17031,5169517,"hud_esg",15745357
"IL","Cook County",17031,5169517,"hud_hopwa",31880723
"IL","Crawford County",17033,18833,"coc",79635
"IL","Cumberland County",17035,10787,"coc",569850
"IL","De Witt County",17039,15764,"coc",60883
"IL","De Witt County",17039,15764,"hud_disability",137211
"IL","DeKalb County",17037,104588,"cdbg_entitlement",806888
"IL","DeKalb County",17037,104588,"coc",1532932
"IL","DeKalb County",17037,104588,"hcv",11098015
"IL","Douglas County",17041,19551,"coc",79635
"IL","DuPage County",17043,926005,"cdbg_entitlement",8399276
"IL","DuPage County",17043,926005,"coc",9963721
"IL","DuPage County",17043,926005,"elderly",4910600
"IL","DuPage County",17043,926005,"hcv",79345653
"IL","DuPage County",17043,926005,"home",3823187
"IL","DuPage County",17043,926005,"hud_disability",394422
"IL","DuPage County",17043,926005,"hud_esg",584207
"IL","Edgar County",17045,17272,"coc",79635
"IL","Edgar County",17045,17272,"hcv",471097
"IL","Edwards County",17047,6431,"coc",47557
"IL","Effingham County",17049,34151,"coc",482753
"IL","Fayette County",17051,21418,"coc",79635
"IL","Ford County",17053,13155,"coc",60883
"IL","Franklin County",17055,38688,"coc",339006
"IL","Franklin County",17055,38688,"hcv",558584
"IL","Fulton County",17057,34654,"coc",568207
"IL","Fulton County",17057,34654,"hcv",2136294
"IL","Gallatin County",17059,4983,"coc",47557
"IL","Greene County",17061,12988,"coc",79635
"IL","Grundy County",17063,50798,"coc",245135
"IL","Hamilton County",17065,8151,"coc",47557
"IL","Hancock County",17067,17820,"coc",64473
"IL","Hancock County",17067,17820,"hud_disability",312379
"IL","Hardin County",17069,3890,"coc",47557
"IL","Henderson County",17071,6737,"coc",64473
"IL","Henry County",17073,49032,"coc",60740
"IL","Henry County",17073,49032,"hcv",2056323
"IL","Iroquois County",17075,27437,"coc",60883
"IL","Iroquois County",17075,27437,"elderly",204284
"IL","Jackson County",17077,57517,"coc",230111
"IL","Jackson County",17077,57517,"hcv",4824445
"IL","Jackson County",17077,57517,"hud_disability",97272
"IL","Jasper County",17079,9547,"coc",79635
"IL","Jefferson County",17081,37774,"coc",47557
"IL","Jefferson County",17081,37774,"hcv",1825145
"IL","Jersey County",17083,21776,"coc",79635
"IL","Jersey County",17083,21776,"hcv",1545770
"IL","Jo Daviess County",17085,21429,"coc",60740
"IL","Jo Daviess County",17085,21429,"hcv",135368
"IL","Jo Daviess County",17085,21429,"hud_disability",25135
"IL","Johnson County",17087,12391,"coc",47557
"IL","Kane County",17089,531756,"cdbg_entitlement",6779037
"IL","Kane County",17089,531756,"coc",3721708
"IL","Kane County",17089,531756,"elderly",4084657
"IL","Kane County",17089,531756,"hcv",50590303
"IL","Kane County",17089,531756,"home",3493721
"IL","Kane County",17089,531756,"hud_disability",399183
"IL","Kankakee County",17091,109924,"cdbg_entitlement",1250382
"IL","Kankakee County",17091,109924,"coc",113488
"IL","Kankakee County",17091,109924,"grrp_elements",552313
"IL","Kankakee County",17091,109924,"hcv",6995616
"IL","Kankakee County",17091,109924,"hud_disability",130576
"IL","Kendall County",17093,127583,"hud_disability",70488
"IL","Knox County",17095,50052,"coc",60740
"IL","Knox County",17095,50052,"hcv",2372179
"IL","Knox County",17095,50052,"hud_disability",1131882
"IL","LaSalle County",17099,108998,"coc",60740
"IL","LaSalle County",17099,108998,"hcv",8683489
"IL","LaSalle County",17099,108998,"hud_disability",220626
"IL","Lake County",17097,699682,"cdbg_entitlement",7064284
"IL","Lake County",17097,699682,"coc",4688790
"IL","Lake County",17097,699682,"elderly",554992
"IL","Lake County",17097,699682,"hcv",89236499
"IL","Lake County",17097,699682,"home",3613107
"IL","Lake County",17097,699682,"hud_disability",467593
"IL","Lake County",17097,699682,"hud_esg",442649
"IL","Lawrence County",17101,15830,"coc",47557
"IL","Lee County",17103,34204,"coc",60740
"IL","Lee County",17103,34204,"hcv",165004
"IL","Lee County",17103,34204,"hud_disability",76780
"IL","Livingston County",17105,35757,"coc",60883
"IL","Livingston County",17105,35757,"hud_disability",2492
"IL","Logan County",17107,28818,"coc",60883
"IL","Logan County",17107,28818,"hcv",420184
"IL","Macon County",17115,104688,"cdbg_entitlement",2694504
"IL","Macon County",17115,104688,"coc",1507563
"IL","Macon County",17115,104688,"elderly",820250
"IL","Macon County",17115,104688,"hcv",13265444
"IL","Macon County",17115,104688,"home",963417
"IL","Macon County",17115,104688,"hud_disability",362508
"IL","Macoupin County",17117,45243,"coc",163094
"IL","Madison County",17119,264403,"cdbg_entitlement",5714459
"IL","Madison County",17119,264403,"coc",2247053
"IL","Madison County",17119,264403,"hcv",15684306
"IL","Madison County",17119,264403,"home",2059558
"IL","Madison County",17119,264403,"hud_disability",1223469
"IL","Marion County",17121,37524,"coc",153637
"IL","Marion County",17121,37524,"hcv",2854591
"IL","Marshall County",17123,11562,"coc",60740
"IL","Marshall County",17123,11562,"elderly",190023
"IL","Mason County",17125,13486,"coc",60883
"IL","Massac County",17127,14041,"coc",253862
"IL","McDonough County",17109,30107,"coc",64473
"IL","McDonough County",17109,30107,"hcv",1278789
"IL","McHenry County",17111,307291,"cdbg_entitlement",2767866
"IL","McHenry County",17111,307291,"coc",1178568
"IL","McHenry County",17111,307291,"elderly",995548
"IL","McHenry County",17111,307291,"hcv",18426515
"IL","McHenry County",17111,307291,"home",1417953
"IL","McHenry County",17111,307291,"hud_disability",328278
"IL","McLean County",17113,172164,"cdbg_entitlement",2012411
"IL","McLean County",17113,172164,"coc",1720886
"IL","McLean County",17113,172164,"hcv",9374688
"IL","McLean County",17113,172164,"hud_disability",77808
"IL","Menard County",17129,12261,"coc",60883
"IL","Menard County",17129,12261,"hcv",9109178
"IL","Mercer County",17131,15503,"coc",60740
"IL","Mercer County",17131,15503,"hcv",182069
"IL","Monroe County",17133,34444,"coc",47557
"IL","Montgomery County",17135,28598,"coc",79635
"IL","Montgomery County",17135,28598,"hcv",838550
"IL","Morgan County",17137,34012,"coc",88483
"IL","Morgan County",17137,34012,"elderly",725435
"IL","Morgan County",17137,34012,"hcv",1713045
"IL","Moultrie County",17139,14557,"coc",79635
"IL","Ogle County",17141,50793,"coc",60740
"IL","Ogle County",17141,50793,"elderly",448799
"IL","Ogle County",17141,50793,"hcv",1266378
"IL","Ogle County",17141,50793,"hud_disability",185204
"IL","Peoria County",17143,181111,"cdbg_entitlement",3765116
"IL","Peoria County",17143,181111,"coc",2323866
"IL","Peoria County",17143,181111,"elderly",2978361
"IL","Peoria County",17143,181111,"hcv",25767337
"IL","Peoria County",17143,181111,"home",1466348
"IL","Peoria County",17143,181111,"hud_disability",511182
"IL","Peoria County",17143,181111,"hud_esg",325766
"IL","Perry County",17145,21092,"coc",47557
"IL","Piatt County",17147,16412,"coc",60883
"IL","Pike County",17149,15571,"coc",64473
"IL","Pope County",17151,4177,"coc",47557
"IL","Pulaski County",17153,5414,"coc",47557
"IL","Putnam County",17155,5720,"coc",60740
"IL","Randolph County",17157,31973,"coc",47557
"IL","Randolph County",17157,31973,"hcv",345464
"IL","Richland County",17159,15677,"coc",84921
"IL","Richland County",17159,15677,"hcv",860132
"IL","Rock Island County",17161,142801,"cdbg_entitlement",3824446
"IL","Rock Island County",17161,142801,"coc",420712
"IL","Rock Island County",17161,142801,"grrp_elements",660807
"IL","Rock Island County",17161,142801,"hcv",14171613
"IL","Rock Island County",17161,142801,"hud_disability",226963
"IL","Saline County",17165,23735,"coc",47557
"IL","Saline County",17165,23735,"hcv",1014885
"IL","Sangamon County",17167,195963,"cdbg_entitlement",2675683
"IL","Sangamon County",17167,195963,"coc",712852
"IL","Sangamon County",17167,195963,"elderly",1497675
"IL","Sangamon County",17167,195963,"hcv",30183680
"IL","Sangamon County",17167,195963,"home",1376889
"IL","Sangamon County",17167,195963,"hud_disability",186892
"IL","Sangamon County",17167,195963,"hud_hopwa",4825794
"IL","Schuyler County",17169,6897,"coc",64473
"IL","Scott County",17171,4982,"coc",64473
"IL","Shelby County",17173,21623,"coc",79635
"IL","Shelby County",17173,21623,"hcv",598049
"IL","St. Clair County",17163,261186,"cdbg_entitlement",7106278
"IL","St. Clair County",17163,261186,"coc",6930716
"IL","St. Clair County",17163,261186,"elderly",2178049
"IL","St. Clair County",17163,261186,"hcv",33405017
"IL","St. Clair County",17163,261186,"home",2116505
"IL","Stark County",17175,5393,"coc",60740
"IL","Stephenson County",17177,44683,"coc",129628
"IL","Stephenson County",17177,44683,"elderly",1191607
"IL","Stephenson County",17177,44683,"hud_disability",234713
"IL","Tazewell County",17179,132524,"cdbg_entitlement",913755
"IL","Tazewell County",17179,132524,"coc",568207
"IL","Tazewell County",17179,132524,"hcv",2828191
"IL","Tazewell County",17179,132524,"hud_disability",330994
"IL","Union County",17181,16829,"coc",47557
"IL","Vermilion County",17183,76704,"cdbg_entitlement",2062239
"IL","Vermilion County",17183,76704,"coc",211133
"IL","Vermilion County",17183,76704,"elderly",695271
"IL","Vermilion County",17183,76704,"hcv",6280219
"IL","Wabash County",17185,11390,"coc",47557
"IL","Warren County",17187,16981,"coc",64473
"IL","Warren County",17187,16981,"hcv",890288
"IL","Warren County",17187,16981,"hud_disability",163165
"IL","Washington County",17189,13967,"coc",47557
"IL","Wayne County",17191,16309,"coc",47557
"IL","Wayne County",17191,16309,"hcv",196937
"IL","White County",17193,13712,"coc",47557
"IL","Whiteside County",17195,55583,"coc",60740
"IL","Whiteside County",17195,55583,"hcv",2041147
"IL","Whiteside County",17195,55583,"hud_disability",206485
"IL","Will County",17197,689704,"cdbg_entitlement",5858097
"IL","Will County",17197,689704,"coc",10471818
"IL","Will County",17197,689704,"hcv",64715433
"IL","Will County",17197,689704,"home",2794488
"IL","Will County",17197,689704,"hud_disability",968413
"IL","Will County",17197,689704,"hud_hopwa",887238
"IL","Williamson County",17199,66929,"coc",330571
"IL","Williamson County",17199,66929,"hcv",2988013
"IL","Winnebago County",17201,283635,"cdbg_entitlement",4356451
"IL","Winnebago County",17201,283635,"coc",2104963
"IL","Winnebago County",17201,283635,"elderly",3623152
"IL","Winnebago County",17201,283635,"hcv",35429618
"IL","Winnebago County",17201,283635,"home",2216353
"IL","Winnebago County",17201,283635,"hud_disability",819104
"IL","Winnebago County",17201,283635,"hud_esg",379070
"IL","Woodford County",17203,38503,"coc",568207
"IL","Woodford County",17203,38503,"hcv",2373817
"IN","Adams County",18001,35544,"hcv",1463629
"IN","Allen County",18003,375520,"cdbg_entitlement",4059512
"IN","Allen County",18003,375520,"elderly",99589
"IN","Allen County",18003,375520,"hcv",41608189
"IN","Allen County",18003,375520,"home",2382958
"IN","Allen County",18003,375520,"hud_disability",1002296
"IN","Allen County",18003,375520,"hud_esg",353443
"IN","Bartholomew County",18005,83280,"cdbg_entitlement",662679
"IN","Bartholomew County",18005,83280,"coc",362339
"IN","Bartholomew County",18005,83280,"elderly",442764
"IN","Bartholomew County",18005,83280,"hcv",5921662
"IN","Bartholomew County",18005,83280,"hud_disability",239753
"IN","Blackford County",18009,11926,"hud_disability",145558
"IN","Carroll County",18015,20137,"hud_disability",43769
"IN","Cass County",18017,37727,"hcv",2493740
"IN","Clark County",18019,117410,"cdbg_entitlement",260223
"IN","Clark County",18019,117410,"coc",231143
"IN","Clark County",18019,117410,"hcv",6169117
"IN","Clay County",18021,26231,"hcv",1002784
"IN","Dearborn County",18029,49612,"coc",563736
"IN","Decatur County",18031,26587,"hcv",990703
"IN","Decatur County",18031,26587,"hud_disability",254353
"IN","Delaware County",18035,114461,"cdbg_entitlement",2622261
"IN","Delaware County",18035,114461,"coc",829646
"IN","Delaware County",18035,114461,"elderly",745574
"IN","Delaware County",18035,114461,"hcv",13808414
"IN","Delaware County",18035,114461,"home",1214217
"IN","Delaware County",18035,114461,"hud_disability",465235
"IN","Dubois County",18037,42534,"hud_disability",110578
"IN","Elkhart County",18039,205184,"cdbg_entitlement",1949689
"IN","Elkhart County",18039,205184,"coc",547138
"IN","Elkhart County",18039,205184,"elderly",237141
"IN","Elkhart County",18039,205184,"hcv",11485584
"IN","Elkhart County",18039,205184,"hud_disability",64519
"IN","Fayette County",18041,23068,"grrp_elements",353873
"IN","Floyd County",18043,77879,"cdbg_entitlement",1354697
"IN","Floyd County",18043,77879,"elderly",347653
"IN","Floyd County",18043,77879,"hcv",11374087
"IN","Floyd County",18043,77879,"hud_disability",101204
"IN","Gibson County",18051,33711,"hud_disability",63956
"IN","Grant County",18053,66055,"elderly",882450
"IN","Grant County",18053,66055,"hcv",4683117
"IN","Grant County",18053,66055,"hud_disability",574656
"IN","Greene County",18055,32174,"hcv",1505958
"IN","Hamilton County",18057,330455,"cdbg_entitlement",2187930
"IN","Hamilton County",18057,330455,"coc",429244
"IN","Hamilton County",18057,330455,"hcv",3278193
"IN","Henry County",18065,48158,"hcv",3213324
"IN","Howard County",18067,82486,"cdbg_entitlement",1499255
"IN","Howard County",18067,82486,"coc",119138
"IN","Howard County",18067,82486,"hcv",13660284
"IN","Jackson County",18071,44077,"hcv",1676296
"IN","Jackson County",18071,44077,"hud_disability",55252
"IN","Jefferson County",18077,32167,"elderly",363729
"IN","Jefferson County",18077,32167,"hud_disability",62276
"IN","Jennings County",18079,27639,"hud_disability",125499
"IN","Johnson County",18081,156148,"cdbg_entitlement",558642
"IN","Knox County",18083,36833,"hcv",5621886
"IN","Kosciusko County",18085,79156,"elderly",231972
"IN","Kosciusko County",18085,79156,"hcv",3695499
"IN","Kosciusko County",18085,79156,"hud_disability",246311
"IN","LaPorte County",18091,110026,"cdbg_entitlement",2203439
"IN","LaPorte County",18091,110026,"hcv",4462920
"IN","Lake County",18089,485983,"cdbg_entitlement",16545868
"IN","Lake County",18089,485983,"elderly",6271760
"IN","Lake County",18089,485983,"hcv",56561470
"IN","Lake County",18089,485983,"home",4533356
"IN","Lake County",18089,485983,"hud_disability",744922
"IN","Lake County",18089,485983,"hud_esg",958108
"IN","Lawrence County",18093,45552,"hcv",2085748
"IN","Lawrence County",18093,45552,"hud_disability",105958
"IN","Madison County",18095,129486,"cdbg_entitlement",1842549
"IN","Madison County",18095,129486,"hcv",18646969
"IN","Madison County",18095,129486,"home",815959
"IN","Madison County",18095,129486,"hud_disability",335910
"IN","Marion County",18097,957337,"cdbg_entitlement",18111627
"IN","Marion County",18097,957337,"coc",29329781
"IN","Marion County",18097,957337,"elderly",6271005
"IN","Marion County",18097,957337,"hcv",2.09e+08
"IN","Marion County",18097,957337,"home",9163024
"IN","Marion County",18097,957337,"hud_disability",1038686
"IN","Marion County",18097,957337,"hud_esg",1596014
"IN","Marion County",18097,957337,"hud_hopwa",10643750
"IN","Marshall County",18099,46336,"elderly",659457
"IN","Marshall County",18099,46336,"hud_disability",307410
"IN","Miami County",18103,35684,"hcv",1731129
"IN","Monroe County",18105,147318,"cdbg_entitlement",1728373
"IN","Monroe County",18105,147318,"coc",1527743
"IN","Monroe County",18105,147318,"elderly",500899
"IN","Monroe County",18105,147318,"hcv",26296373
"IN","Monroe County",18105,147318,"home",1226086
"IN","Monroe County",18105,147318,"hud_disability",207162
"IN","Montgomery County",18107,38295,"hcv",4930645
"IN","Newton County",18111,13981,"hud_disability",28885
"IN","Noble County",18113,47640,"hud_disability",79624
"IN","Owen County",18119,20854,"hud_disability",99871
"IN","Parke County",18121,16912,"hcv",1036756
"IN","Perry County",18123,19091,"hcv",887689
"IN","Porter County",18127,169482,"coc",661614
"IN","Posey County",18129,25480,"hcv",2230897
"IN","Putnam County",18133,37419,"hcv",582842
"IN","Randolph County",18135,24694,"hcv",1446056
"IN","Scott County",18143,23785,"elderly",514711
"IN","St. Joseph County",18141,270881,"cdbg_entitlement",5623978
"IN","St. Joseph County",18141,270881,"coc",929801
"IN","St. Joseph County",18141,270881,"elderly",2750405
"IN","St. Joseph County",18141,270881,"hcv",44663995
"IN","St. Joseph County",18141,270881,"home",2165228
"IN","St. Joseph County",18141,270881,"hud_disability",316625
"IN","St. Joseph County",18141,270881,"hud_esg",421229
"IN","Starke County",18149,22996,"elderly",141118
"IN","Steuben County",18151,34591,"hud_disability",87363
"IN","Tippecanoe County",18157,193302,"cdbg_entitlement",2155132
"IN","Tippecanoe County",18157,193302,"coc",727480
"IN","Tippecanoe County",18157,193302,"elderly",281448
"IN","Tippecanoe County",18157,193302,"hcv",17085493
"IN","Tippecanoe County",18157,193302,"home",1835576
"IN","Tipton County",18159,15154,"hcv",2886873
"IN","Vanderburgh County",18163,181548,"cdbg_entitlement",5258349
"IN","Vanderburgh County",18163,181548,"coc",1199597
"IN","Vanderburgh County",18163,181548,"elderly",21686
"IN","Vanderburgh County",18163,181548,"hcv",33161706
"IN","Vanderburgh County",18163,181548,"home",1610218
"IN","Vanderburgh County",18163,181548,"hud_esg",458381
"IN","Vigo County",18167,107305,"cdbg_entitlement",2955356
"IN","Vigo County",18167,107305,"coc",78816
"IN","Vigo County",18167,107305,"hcv",9582100
"IN","Vigo County",18167,107305,"home",925203
"IN","Wayne County",18177,66176,"elderly",521240
"IN","Wayne County",18177,66176,"hcv",2943201
"IN","White County",18181,24163,"hud_disability",81560
"IN","Whitley County",18183,33899,"elderly",324744
"KS","Atchison County",20005,16210,"hcv",921569
"KS","Barton County",20009,26209,"hcv",1363187
"KS","Brown County",20013,9575,"coc",204192
"KS","Brown County",20013,9575,"hcv",1356794
"KS","Butler County",20015,66890,"coc",311538
"KS","Cowley County",20035,35090,"hcv",3255767
"KS","Crawford County",20037,38874,"hcv",6184198
"KS","Douglas County",20045,121304,"cdbg_entitlement",1512686
"KS","Douglas County",20045,121304,"hcv",14120859
"KS","Douglas County",20045,121304,"home",1038789
"KS","Douglas County",20045,121304,"hud_disability",32628
"KS","Ellis County",20051,28747,"hcv",1929884
"KS","Finney County",20055,36451,"hud_disability",152160
"KS","Ford County",20057,33718,"coc",419569
"KS","Ford County",20057,33718,"hcv",4298361
"KS","Franklin County",20059,25643,"hcv",2519629
"KS","Franklin County",20059,25643,"hud_disability",124973
"KS","Geary County",20061,33309,"grrp_elements",750000
"KS","Harvey County",20079,34434,"coc",107920
"KS","Harvey County",20079,34434,"hcv",774513
"KS","Harvey County",20079,34434,"hud_disability",172023
"KS","Johnson County",20091,597574,"cdbg_entitlement",4697814
"KS","Johnson County",20091,597574,"coc",1784239
"KS","Johnson County",20091,597574,"elderly",771464
"KS","Johnson County",20091,597574,"hcv",34645950
"KS","Johnson County",20091,597574,"home",2419627
"KS","Johnson County",20091,597574,"hud_disability",18718
"KS","Leavenworth County",20103,81499,"cdbg_entitlement",678368
"KS","Leavenworth County",20103,81499,"hcv",4708979
"KS","Miami County",20121,33740,"coc",219778
"KS","Neosho County",20133,16008,"hcv",210879
"KS","Reno County",20155,62421,"hud_disability",35131
"KS","Riley County",20161,74059,"cdbg_entitlement",1061096
"KS","Riley County",20161,74059,"elderly",382114
"KS","Riley County",20161,74059,"hcv",8221932
"KS","Saline County",20169,54384,"coc",164729
"KS","Saline County",20169,54384,"hcv",3475404
"KS","Sedgwick County",20173,515416,"cdbg_entitlement",5881242
"KS","Sedgwick County",20173,515416,"coc",5635092
"KS","Sedgwick County",20173,515416,"elderly",1835041
"KS","Sedgwick County",20173,515416,"hcv",42164656
"KS","Sedgwick County",20173,515416,"home",3441716
"KS","Sedgwick County",20173,515416,"hud_disability",512693
"KS","Sedgwick County",20173,515416,"hud_esg",504588
"KS","Shawnee County",20177,177293,"cdbg_entitlement",3677118
"KS","Shawnee County",20177,177293,"coc",3716385
"KS","Shawnee County",20177,177293,"hcv",9227586
"KS","Shawnee County",20177,177293,"home",1163640
"KS","Shawnee County",20177,177293,"hud_disability",185636
"KS","Shawnee County",20177,177293,"hud_esg",320963
"KS","Shawnee County",20177,177293,"hud_hopwa",1485054
"KS","Sumner County",20191,22928,"hud_disability",3503
"KS","Wyandotte County",20209,165447,"cdbg_entitlement",4462056
"KS","Wyandotte County",20209,165447,"coc",10605363
"KS","Wyandotte County",20209,165447,"elderly",470366
"KS","Wyandotte County",20209,165447,"hcv",24527249
"KS","Wyandotte County",20209,165447,"home",1921428
"KS","Wyandotte County",20209,165447,"hud_disability",527661
"KS","Wyandotte County",20209,165447,"hud_esg",387936
"KY","Allen County",21003,21065,"elderly",215882
"KY","Barren County",21009,44026,"hcv",2788290
"KY","Bell County",21013,26426,"hcv",4209086
"KY","Boone County",21015,132368,"elderly",1652
"KY","Boone County",21015,132368,"hcv",13170026
"KY","Boone County",21015,132368,"hud_disability",33635
"KY","Bourbon County",21017,19998,"hcv",4891262
"KY","Boyd County",21019,47361,"cdbg_entitlement",1053851
"KY","Boyd County",21019,47361,"hcv",7679547
"KY","Boyd County",21019,47361,"hud_disability",194
"KY","Boyle County",21021,30090,"hcv",3009346
"KY","Boyle County",21021,30090,"hud_disability",154221
"KY","Breathitt County",21025,12802,"elderly",103425
"KY","Breckinridge County",21027,20283,"hud_disability",56906
"KY","Calloway County",21035,38991,"elderly",386403
"KY","Campbell County",21037,93608,"hcv",16931242
"KY","Campbell County",21037,93608,"hud_disability",114247
"KY","Carter County",21043,26976,"elderly",346189
"KY","Christian County",21047,71470,"cdbg_entitlement",533684
"KY","Christian County",21047,71470,"hcv",12342333
"KY","Clark County",21049,36152,"coc",184948
"KY","Clark County",21049,36152,"hud_disability",153533
"KY","Daviess County",21059,101001,"cdbg_entitlement",1091008
"KY","Daviess County",21059,101001,"elderly",318973
"KY","Daviess County",21059,101001,"hcv",8248733
"KY","Daviess County",21059,101001,"home",648401
"KY","Fayette County",21067,322200,"cdbg_entitlement",4669456
"KY","Fayette County",21067,322200,"coc",3665145
"KY","Fayette County",21067,322200,"elderly",1143307
"KY","Fayette County",21067,322200,"grrp_elements",750000
"KY","Fayette County",21067,322200,"hcv",58957361
"KY","Fayette County",21067,322200,"home",2926460
"KY","Fayette County",21067,322200,"hud_disability",233047
"KY","Fayette County",21067,322200,"hud_esg",409772
"KY","Fayette County",21067,322200,"hud_hopwa",1506791
"KY","Floyd County",21071,35931,"coc",82997
"KY","Floyd County",21071,35931,"elderly",101557
"KY","Floyd County",21071,35931,"hcv",3206048
"KY","Franklin County",21073,50744,"coc",6511679
"KY","Franklin County",21073,50744,"hcv",68481045
"KY","Franklin County",21073,50744,"hud_disability",107866
"KY","Franklin County",21073,50744,"hud_hopwa",4093822
"KY","Graves County",21083,37125,"elderly",123446
"KY","Graves County",21083,37125,"grrp_comp",7360000
"KY","Graves County",21083,37125,"hcv",2048460
"KY","Graves County",21083,37125,"hud_disability",108643
"KY","Grayson County",21085,26313,"elderly",468236
"KY","Green County",21087,11000,"hcv",628174
"KY","Greenup County",21089,35359,"hcv",9627753
"KY","Hardin County",21093,109627,"cdbg_entitlement",406847
"KY","Hardin County",21093,109627,"elderly",435837
"KY","Hardin County",21093,109627,"hud_disability",29970
"KY","Harrison County",21097,18763,"hcv",1732656
"KY","Henderson County",21101,45550,"cdbg_entitlement",503074
"KY","Henderson County",21101,45550,"elderly",342589
"KY","Henderson County",21101,45550,"hcv",6142829
"KY","Hopkins County",21107,45044,"hcv",1363958
"KY","Jefferson County",21111,768419,"cdbg_entitlement",22304353
"KY","Jefferson County",21111,768419,"coc",25853199
"KY","Jefferson County",21111,768419,"elderly",3414500
"KY","Jefferson County",21111,768419,"grrp_elements",750000
"KY","Jefferson County",21111,768419,"hcv",2.22e+08
"KY","Jefferson County",21111,768419,"home",7058527
"KY","Jefferson County",21111,768419,"hud_disability",3193613
"KY","Jefferson County",21111,768419,"hud_esg",1971663
"KY","Jefferson County",21111,768419,"hud_hopwa",4051729
"KY","Johnson County",21115,22427,"hcv",949480
"KY","Kenton County",21117,166552,"cdbg_entitlement",2891127
"KY","Kenton County",21117,166552,"coc",788975
"KY","Kenton County",21117,166552,"elderly",227810
"KY","Kenton County",21117,166552,"hcv",14686960
"KY","Kenton County",21117,166552,"home",1321616
"KY","Kenton County",21117,166552,"hud_disability",74124
"KY","Knox County",21121,31288,"elderly",222521
"KY","Knox County",21121,31288,"hcv",15935541
"KY","Laurel County",21125,60631,"hcv",2826323
"KY","Lawrence County",21127,15604,"elderly",143212
"KY","Lawrence County",21127,15604,"hcv",1155989
"KY","Lee County",21129,7088,"elderly",38057
"KY","Livingston County",21139,9172,"elderly",377
"KY","Logan County",21141,27049,"elderly",200007
"KY","Madison County",21151,92090,"hcv",7909745
"KY","Madison County",21151,92090,"hud_disability",118467
"KY","Marion County",21155,19257,"hcv",606621
"KY","Marshall County",21157,31225,"elderly",174837
"KY","Marshall County",21157,31225,"hud_disability",38938
"KY","Martin County",21159,11421,"elderly",125302
"KY","Mason County",21161,17122,"hcv",789816
"KY","McCracken County",21145,65485,"elderly",795981
"KY","McCracken County",21145,65485,"hcv",4210890
"KY","Montgomery County",21173,28042,"hud_disability",24083
"KY","Nelson County",21179,45915,"hcv",786993
"KY","Nelson County",21179,45915,"hud_disability",50612
"KY","Owsley County",21189,4416,"elderly",2133
"KY","Perry County",21193,26266,"coc",41025
"KY","Perry County",21193,26266,"hud_disability",95177
"KY","Pike County",21195,58595,"elderly",466029
"KY","Pike County",21195,58595,"hcv",8275025
"KY","Pulaski County",21199,64789,"hcv",2875904
"KY","Pulaski County",21199,64789,"hud_disability",28549
"KY","Rowan County",21205,24534,"hud_disability",39650
"KY","Russell County",21207,17846,"hcv",3887852
"KY","Scott County",21209,55961,"hcv",5573364
"KY","Spencer County",21215,18945,"elderly",473929
"KY","Taylor County",21217,25572,"hcv",2368089
"KY","Taylor County",21217,25572,"hud_disability",62547
"KY","Warren County",21227,130836,"cdbg_entitlement",1464384
"KY","Warren County",21227,130836,"elderly",206672
"KY","Warren County",21227,130836,"hcv",7586260
"KY","Warren County",21227,130836,"hud_disability",70974
"KY","Washington County",21229,12044,"hcv",669934
"LA","Acadia Parish",22001,62371,"coc",422540
"LA","Acadia Parish",22001,62371,"elderly",941721
"LA","Acadia Parish",22001,62371,"hcv",4887280
"LA","Acadia Parish",22001,62371,"hud_disability",469442
"LA","Allen Parish",22003,25572,"hcv",862248
"LA","Ascension Parish",22005,125061,"hcv",2856856
"LA","Assumption Parish",22007,22236,"hcv",1170669
"LA","Avoyelles Parish",22009,40465,"coc",92986
"LA","Avoyelles Parish",22009,40465,"hcv",1559617
"LA","Beauregard Parish",22011,37387,"hcv",323253
"LA","Bienville Parish",22013,13391,"coc",651076
"LA","Bienville Parish",22013,13391,"elderly",63418
"LA","Bienville Parish",22013,13391,"hcv",685832
"LA","Bienville Parish",22013,13391,"hud_disability",97049
"LA","Bossier Parish",22015,126952,"cdbg_entitlement",1055698
"LA","Bossier Parish",22015,126952,"coc",651076
"LA","Bossier Parish",22015,126952,"hcv",12221162
"LA","Bossier Parish",22015,126952,"hud_disability",616500
"LA","Caddo Parish",22017,243243,"cdbg_entitlement",3934836
"LA","Caddo Parish",22017,243243,"coc",3571565
"LA","Caddo Parish",22017,243243,"elderly",1372539
"LA","Caddo Parish",22017,243243,"hcv",37302327
"LA","Caddo Parish",22017,243243,"home",2161495
"LA","Caddo Parish",22017,243243,"hud_disability",784232
"LA","Caddo Parish",22017,243243,"hud_esg",335719
"LA","Calcasieu Parish",22019,202858,"cdbg_entitlement",1346451
"LA","Calcasieu Parish",22019,202858,"coc",393401
"LA","Calcasieu Parish",22019,202858,"elderly",491410
"LA","Calcasieu Parish",22019,202858,"hcv",20886147
"LA","Calcasieu Parish",22019,202858,"home",900671
"LA","Calcasieu Parish",22019,202858,"hud_disability",373025
"LA","Caldwell Parish",22021,9959,"coc",170739
"LA","Caldwell Parish",22021,9959,"hcv",1215544
"LA","Catahoula Parish",22025,9586,"coc",92986
"LA","Catahoula Parish",22025,9586,"elderly",86894
"LA","Catahoula Parish",22025,9586,"hcv",464207
"LA","Claiborne Parish",22027,15854,"coc",651076
"LA","Claiborne Parish",22027,15854,"hcv",894506
"LA","Concordia Parish",22029,19533,"coc",92986
"LA","Concordia Parish",22029,19533,"elderly",143667
"LA","Concordia Parish",22029,19533,"hcv",424258
"LA","Concordia Parish",22029,19533,"hud_disability",79369
"LA","De Soto Parish",22031,27395,"coc",651076
"LA","De Soto Parish",22031,27395,"hcv",2348446
"LA","East Baton Rouge Parish",22033,443158,"cdbg_entitlement",6411358
"LA","East Baton Rouge Parish",22033,443158,"coc",14509505
"LA","East Baton Rouge Parish",22033,443158,"elderly",764229
"LA","East Baton Rouge Parish",22033,443158,"hcv",98113804
"LA","East Baton Rouge Parish",22033,443158,"home",3093368
"LA","East Baton Rouge Parish",22033,443158,"hud_disability",307324
"LA","East Baton Rouge Parish",22033,443158,"hud_esg",556796
"LA","East Baton Rouge Parish",22033,443158,"hud_hopwa",4544354
"LA","East Carroll Parish",22035,6947,"coc",170739
"LA","East Carroll Parish",22035,6947,"hcv",1471470
"LA","Evangeline Parish",22039,33491,"coc",422540
"LA","Evangeline Parish",22039,33491,"elderly",1108735
"LA","Evangeline Parish",22039,33491,"hcv",3899115
"LA","Evangeline Parish",22039,33491,"hud_disability",891902
"LA","Franklin Parish",22041,20109,"coc",170739
"LA","Franklin Parish",22041,20109,"hcv",199298
"LA","Grant Parish",22043,22339,"coc",92986
"LA","Grant Parish",22043,22339,"hcv",807516
"LA","Iberia Parish",22045,70763,"coc",422540
"LA","Iberia Parish",22045,70763,"elderly",1039418
"LA","Iberia Parish",22045,70763,"hcv",5073624
"LA","Iberia Parish",22045,70763,"hud_disability",617861
"LA","Iberville Parish",22047,32626,"hcv",467120
"LA","Jackson Parish",22049,15822,"coc",170739
"LA","Jackson Parish",22049,15822,"hcv",226215
"LA","Jackson Parish",22049,15822,"hud_disability",147777
"LA","Jefferson Davis Parish",22053,31425,"elderly",687853
"LA","Jefferson Davis Parish",22053,31425,"hcv",2420388
"LA","Jefferson Parish",22051,434903,"cdbg_entitlement",6309192
"LA","Jefferson Parish",22051,434903,"coc",16449324
"LA","Jefferson Parish",22051,434903,"elderly",1071158
"LA","Jefferson Parish",22051,434903,"hcv",1.01e+08
"LA","Jefferson Parish",22051,434903,"home",3542727
"LA","Jefferson Parish",22051,434903,"hud_esg",446104
"LA","LaSalle Parish",22059,14950,"coc",92986
"LA","Lafayette Parish",22055,243692,"cdbg_entitlement",3145522
"LA","Lafayette Parish",22055,243692,"coc",2264528
"LA","Lafayette Parish",22055,243692,"elderly",1593733
"LA","Lafayette Parish",22055,243692,"hcv",24718384
"LA","Lafayette Parish",22055,243692,"home",1419491
"LA","Lafayette Parish",22055,243692,"hud_disability",2009520
"LA","Lafourche Parish",22057,97980,"cdbg_entitlement",282928
"LA","Lafourche Parish",22057,97980,"hcv",6770610
"LA","Lincoln Parish",22061,47118,"coc",170739
"LA","Lincoln Parish",22061,47118,"hcv",3922671
"LA","Lincoln Parish",22061,47118,"hud_disability",269812
"LA","Livingston Parish",22063,140524,"coc",582224
"LA","Livingston Parish",22063,140524,"elderly",280933
"LA","Livingston Parish",22063,140524,"hcv",1510818
"LA","Madison Parish",22065,11137,"coc",170739
"LA","Madison Parish",22065,11137,"elderly",91030
"LA","Madison Parish",22065,11137,"hcv",416158
"LA","Morehouse Parish",22067,25189,"coc",170739
"LA","Morehouse Parish",22067,25189,"elderly",106073
"LA","Morehouse Parish",22067,25189,"hcv",1233759
"LA","Natchitoches Parish",22069,38505,"hcv",5911578
"LA","Natchitoches Parish",22069,38505,"hud_disability",118346
"LA","Orleans Parish",22071,391249,"cdbg_entitlement",25724161
"LA","Orleans Parish",22071,391249,"coc",31132030
"LA","Orleans Parish",22071,391249,"elderly",638061
"LA","Orleans Parish",22071,391249,"hcv",3.99e+08
"LA","Orleans Parish",22071,391249,"home",5537201
"LA","Orleans Parish",22071,391249,"hud_disability",315247
"LA","Orleans Parish",22071,391249,"hud_esg",2241484
"LA","Orleans Parish",22071,391249,"hud_hopwa",17375684
"LA","Ouachita Parish",22073,154679,"cdbg_entitlement",1478116
"LA","Ouachita Parish",22073,154679,"coc",1074794
"LA","Ouachita Parish",22073,154679,"elderly",574441
"LA","Ouachita Parish",22073,154679,"hcv",27972895
"LA","Ouachita Parish",22073,154679,"home",733009
"LA","Ouachita Parish",22073,154679,"hud_disability",576575
"LA","Plaquemines Parish",22075,23305,"hcv",819008
"LA","Pointe Coupee Parish",22077,21883,"hcv",605504
"LA","Pointe Coupee Parish",22077,21883,"hud_disability",255056
"LA","Rapides Parish",22079,130376,"cdbg_entitlement",956275
"LA","Rapides Parish",22079,130376,"coc",396738
"LA","Rapides Parish",22079,130376,"elderly",1059458
"LA","Rapides Parish",22079,130376,"hcv",22202747
"LA","Rapides Parish",22079,130376,"home",641757
"LA","Rapides Parish",22079,130376,"hud_disability",660136
"LA","Red River Parish",22081,8462,"coc",651076
"LA","Red River Parish",22081,8462,"hcv",378295
"LA","Richland Parish",22083,20251,"coc",170739
"LA","Richland Parish",22083,20251,"hcv",324336
"LA","Sabine Parish",22085,23915,"hcv",1083627
"LA","St. Bernard Parish",22087,46694,"coc",1e+05
"LA","St. Bernard Parish",22087,46694,"hcv",9041939
"LA","St. Charles Parish",22089,52856,"hcv",4477082
"LA","St. Helena Parish",22091,10227,"coc",582224
"LA","St. John the Baptist Parish",22095,43055,"hcv",4796792
"LA","St. Landry Parish",22097,82786,"coc",422540
"LA","St. Landry Parish",22097,82786,"elderly",257829
"LA","St. Landry Parish",22097,82786,"hcv",5010340
"LA","St. Landry Parish",22097,82786,"hud_disability",1125508
"LA","St. Martin Parish",22099,53607,"coc",422540
"LA","St. Martin Parish",22099,53607,"elderly",194456
"LA","St. Martin Parish",22099,53607,"hcv",3391992
"LA","St. Martin Parish",22099,53607,"hud_disability",43034
"LA","St. Mary Parish",22101,50020,"coc",422540
"LA","St. Mary Parish",22101,50020,"hcv",1833626
"LA","St. Tammany Parish",22103,258447,"cdbg_entitlement",2878747
"LA","St. Tammany Parish",22103,258447,"coc",1269621
"LA","St. Tammany Parish",22103,258447,"elderly",782630
"LA","St. Tammany Parish",22103,258447,"hcv",9053430
"LA","St. Tammany Parish",22103,258447,"home",506300
"LA","St. Tammany Parish",22103,258447,"hud_disability",216278
"LA","Tangipahoa Parish",22105,133753,"coc",836199
"LA","Tangipahoa Parish",22105,133753,"elderly",59374
"LA","Tangipahoa Parish",22105,133753,"hcv",12967531
"LA","Tangipahoa Parish",22105,133753,"hud_disability",52195
"LA","Tensas Parish",22107,4435,"coc",170739
"LA","Tensas Parish",22107,4435,"hcv",2089065
"LA","Terrebonne Parish",22109,111297,"cdbg_entitlement",1813275
"LA","Terrebonne Parish",22109,111297,"coc",2706612
"LA","Terrebonne Parish",22109,111297,"elderly",363042
"LA","Terrebonne Parish",22109,111297,"hcv",6979005
"LA","Terrebonne Parish",22109,111297,"home",842119
"LA","Terrebonne Parish",22109,111297,"hud_disability",173694
"LA","Union Parish",22111,22270,"coc",170739
"LA","Union Parish",22111,22270,"hcv",1299099
"LA","Vermilion Parish",22113,59787,"coc",422540
"LA","Vermilion Parish",22113,59787,"elderly",316290
"LA","Vermilion Parish",22113,59787,"hcv",285318
"LA","Vermilion Parish",22113,59787,"hud_disability",270570
"LA","Vernon Parish",22115,49315,"coc",92986
"LA","Vernon Parish",22115,49315,"hcv",3033595
"LA","Washington Parish",22117,46325,"coc",582224
"LA","Washington Parish",22117,46325,"elderly",516325
"LA","Washington Parish",22117,46325,"hcv",6518091
"LA","Webster Parish",22119,38813,"coc",651076
"LA","Webster Parish",22119,38813,"hcv",2530693
"LA","West Baton Rouge Parish",22121,26395,"hcv",1547214
"LA","West Carroll Parish",22123,10934,"coc",170739
"LA","West Carroll Parish",22123,10934,"hcv",1349441
"LA","Winn Parish",22127,14165,"coc",92986
"LA","Winn Parish",22127,14165,"hcv",2386925
"MA","Barnstable County",25001,213505,"cdbg_entitlement",894212
"MA","Barnstable County",25001,213505,"coc",2349443
"MA","Barnstable County",25001,213505,"elderly",1509906
"MA","Barnstable County",25001,213505,"hcv",31445246
"MA","Barnstable County",25001,213505,"home",980670
"MA","Barnstable County",25001,213505,"hud_disability",780989
"MA","Berkshire County",25003,125927,"cdbg_entitlement",2552167
"MA","Berkshire County",25003,125927,"elderly",722618
"MA","Berkshire County",25003,125927,"hcv",21033883
"MA","Berkshire County",25003,125927,"hud_disability",320724
"MA","Bristol County",25005,563301,"cdbg_entitlement",12921626
"MA","Bristol County",25005,563301,"coc",10112623
"MA","Bristol County",25005,563301,"elderly",1465322
"MA","Bristol County",25005,563301,"hcv",1.3e+08
"MA","Bristol County",25005,563301,"home",6091301
"MA","Bristol County",25005,563301,"hud_disability",181256
"MA","Bristol County",25005,563301,"hud_esg",949409
"MA","Dukes County",25007,17430,"coc",815259
"MA","Dukes County",25007,17430,"elderly",4178584
"MA","Essex County",25009,787038,"cdbg_entitlement",13660685
"MA","Essex County",25009,787038,"coc",5771806
"MA","Essex County",25009,787038,"elderly",4815456
"MA","Essex County",25009,787038,"grrp_leading",7620000
"MA","Essex County",25009,787038,"hcv",2.19e+08
"MA","Essex County",25009,787038,"home",8482103
"MA","Essex County",25009,787038,"hud_disability",2939535
"MA","Essex County",25009,787038,"hud_esg",398651
"MA","Essex County",25009,787038,"hud_hopwa",1300585
"MA","Franklin County",25011,70529,"coc",1845395
"MA","Franklin County",25011,70529,"hcv",18513620
"MA","Franklin County",25011,70529,"hud_disability",12642
"MA","Hampden County",25013,466647,"cdbg_entitlement",13083371
"MA","Hampden County",25013,466647,"coc",8095034
"MA","Hampden County",25013,466647,"elderly",3889053
"MA","Hampden County",25013,466647,"hcv",1.23e+08
"MA","Hampden County",25013,466647,"home",5620457
"MA","Hampden County",25013,466647,"hud_disability",2327332
"MA","Hampden County",25013,466647,"hud_esg",664347
"MA","Hampden County",25013,466647,"hud_hopwa",1605800
"MA","Hampshire County",25015,161361,"cdbg_entitlement",1273471
"MA","Hampshire County",25015,161361,"elderly",643960
"MA","Hampshire County",25015,161361,"hcv",23214799
"MA","Middlesex County",25017,1605899,"cdbg_entitlement",28629488
"MA","Middlesex County",25017,1605899,"coc",10556058
"MA","Middlesex County",25017,1605899,"elderly",9928538
"MA","Middlesex County",25017,1605899,"hcv",6.75e+08
"MA","Middlesex County",25017,1605899,"home",12016331
"MA","Middlesex County",25017,1605899,"hud_disability",5005741
"MA","Middlesex County",25017,1605899,"hud_esg",1599471
"MA","Middlesex County",25017,1605899,"hud_hopwa",6683838
"MA","Nantucket County",25019,11212,"coc",815259
"MA","Nantucket County",25019,11212,"elderly",95051
"MA","Norfolk County",25021,703740,"cdbg_entitlement",7478661
"MA","Norfolk County",25021,703740,"coc",12520248
"MA","Norfolk County",25021,703740,"elderly",2942006
"MA","Norfolk County",25021,703740,"grrp_elements",750000
"MA","Norfolk County",25021,703740,"hcv",1.75e+08
"MA","Norfolk County",25021,703740,"home",1783214
"MA","Norfolk County",25021,703740,"hud_disability",874362
"MA","Norfolk County",25021,703740,"hud_esg",311058
"MA","Norfolk County",25021,703740,"hud_hopwa",1449041
"MA","Plymouth County",25023,518597,"cdbg_entitlement",3281529
"MA","Plymouth County",25023,518597,"coc",7042402
"MA","Plymouth County",25023,518597,"elderly",464660
"MA","Plymouth County",25023,518597,"hcv",96263376
"MA","Plymouth County",25023,518597,"home",1331911
"MA","Plymouth County",25023,518597,"hud_disability",195125
"MA","Suffolk County",25025,801162,"cdbg_entitlement",36153905
"MA","Suffolk County",25025,801162,"coc",94932934
"MA","Suffolk County",25025,801162,"elderly",28219572
"MA","Suffolk County",25025,801162,"grrp_comp",2e+07
"MA","Suffolk County",25025,801162,"hcv",1.57e+09
"MA","Suffolk County",25025,801162,"home",12657904
"MA","Suffolk County",25025,801162,"hud_disability",3464807
"MA","Suffolk County",25025,801162,"hud_esg",3004029
"MA","Suffolk County",25025,801162,"hud_hopwa",9123701
"MA","Worcester County",25027,826655,"cdbg_entitlement",11049719
"MA","Worcester County",25027,826655,"coc",16988878
"MA","Worcester County",25027,826655,"elderly",4313705
"MA","Worcester County",25027,826655,"hcv",1.36e+08
"MA","Worcester County",25027,826655,"home",4750791
"MA","Worcester County",25027,826655,"hud_disability",92335
"MA","Worcester County",25027,826655,"hud_esg",764005
"MA","Worcester County",25027,826655,"hud_hopwa",2226871
"MD","Allegany County",24001,71002,"cdbg_entitlement",1603654
"MD","Allegany County",24001,71002,"coc",152539
"MD","Anne Arundel County",24003,575421,"cdbg_entitlement",4825303
"MD","Anne Arundel County",24003,575421,"coc",4733889
"MD","Anne Arundel County",24003,575421,"elderly",238495
"MD","Anne Arundel County",24003,575421,"hcv",65251665
"MD","Anne Arundel County",24003,575421,"home",1765837
"MD","Anne Arundel County",24003,575421,"hud_disability",123704
"MD","Anne Arundel County",24003,575421,"hud_esg",367280
"MD","Baltimore County",24005,828193,"cdbg_entitlement",8598079
"MD","Baltimore County",24005,828193,"coc",5104286
"MD","Baltimore County",24005,828193,"elderly",21617995
"MD","Baltimore County",24005,828193,"grrp_leading",1e+07
"MD","Baltimore County",24005,828193,"hcv",1.57e+08
"MD","Baltimore County",24005,828193,"home",4600927
"MD","Baltimore County",24005,828193,"hud_disability",1840207
"MD","Baltimore County",24005,828193,"hud_esg",731273
"MD","Baltimore city",24510,602274,"cdbg_entitlement",42796394
"MD","Baltimore city",24510,602274,"coc",54973960
"MD","Baltimore city",24510,602274,"elderly",9101986
"MD","Baltimore city",24510,602274,"grrp_elements",1446119
"MD","Baltimore city",24510,602274,"hcv",6.6e+08
"MD","Baltimore city",24510,602274,"home",9438492
"MD","Baltimore city",24510,602274,"hud_disability",3093381
"MD","Baltimore city",24510,602274,"hud_esg",3776989
"MD","Baltimore city",24510,602274,"hud_hopwa",24931016
"MD","Calvert County",24009,92094,"hcv",10993931
"MD","Caroline County",24011,33260,"coc",169368
"MD","Carroll County",24013,168233,"coc",805146
"MD","Carroll County",24013,168233,"hcv",18225809
"MD","Cecil County",24015,102889,"coc",54393
"MD","Cecil County",24015,102889,"hcv",11298482
"MD","Cecil County",24015,102889,"hud_disability",40267
"MD","Charles County",24017,161448,"grrp_elements",750000
"MD","Charles County",24017,161448,"hcv",20607335
"MD","Dorchester County",24019,31994,"coc",169368
"MD","Frederick County",24021,255955,"cdbg_entitlement",875910
"MD","Frederick County",24021,255955,"coc",302319
"MD","Frederick County",24021,255955,"hcv",21129651
"MD","Frederick County",24021,255955,"hud_disability",1982318
"MD","Garrett County",24023,29155,"coc",229767
"MD","Harford County",24025,253736,"cdbg_entitlement",2251226
"MD","Harford County",24025,253736,"coc",85077
"MD","Harford County",24025,253736,"elderly",1445595
"MD","Harford County",24025,253736,"hcv",18693374
"MD","Harford County",24025,253736,"home",1039856
"MD","Howard County",24027,322407,"cdbg_entitlement",2641325
"MD","Howard County",24027,322407,"coc",2208557
"MD","Howard County",24027,322407,"hcv",27864877
"MD","Howard County",24027,322407,"home",1113619
"MD","Howard County",24027,322407,"hud_disability",796666
"MD","Kent County",24029,19456,"coc",169368
"MD","Montgomery County",24031,1047661,"cdbg_entitlement",10741098
"MD","Montgomery County",24031,1047661,"coc",18429448
"MD","Montgomery County",24031,1047661,"elderly",4122765
"MD","Montgomery County",24031,1047661,"hcv",2.62e+08
"MD","Montgomery County",24031,1047661,"home",4490018
"MD","Montgomery County",24031,1047661,"hud_disability",1573741
"MD","Montgomery County",24031,1047661,"hud_esg",863434
"MD","Prince George's County",24033,910551,"cdbg_entitlement",10735384
"MD","Prince George's County",24033,910551,"coc",15179353
"MD","Prince George's County",24033,910551,"elderly",5036657
"MD","Prince George's County",24033,910551,"hcv",2.37e+08
"MD","Prince George's County",24033,910551,"home",4755191
"MD","Prince George's County",24033,910551,"hud_disability",3583059
"MD","Prince George's County",24033,910551,"hud_esg",883909
"MD","Prince George's County",24033,910551,"hud_hopwa",4709211
"MD","Queen Anne's County",24035,50163,"coc",169368
"MD","Queen Anne's County",24035,50163,"hcv",3391159
"MD","Queen Anne's County",24035,50163,"hud_disability",75325
"MD","Somerset County",24039,25699,"coc",1387156
"MD","St. Mary's County",24037,113182,"coc",1279583
"MD","St. Mary's County",24037,113182,"hcv",35550601
"MD","Talbot County",24041,37087,"coc",728866
"MD","Talbot County",24041,37087,"hcv",2411308
"MD","Washington County",24043,150575,"cdbg_entitlement",1564798
"MD","Washington County",24043,150575,"coc",224532
"MD","Washington County",24043,150575,"hcv",26830599
"MD","Wicomico County",24045,103222,"cdbg_entitlement",730880
"MD","Wicomico County",24045,103222,"coc",444083
"MD","Wicomico County",24045,103222,"elderly",446378
"MD","Wicomico County",24045,103222,"grrp_leading",1e+07
"MD","Wicomico County",24045,103222,"hcv",4068618
"MD","Worcester County",24047,51967,"coc",444083
"ME","Androscoggin County",23001,107958,"cdbg_entitlement",2758317
"ME","Androscoggin County",23001,107958,"coc",164339
"ME","Androscoggin County",23001,107958,"elderly",43909
"ME","Androscoggin County",23001,107958,"hcv",27549280
"ME","Androscoggin County",23001,107958,"home",1061712
"ME","Androscoggin County",23001,107958,"hud_disability",991701
"ME","Aroostook County",23003,67431,"hcv",5573305
"ME","Cumberland County",23005,294520,"cdbg_entitlement",6785037
"ME","Cumberland County",23005,294520,"coc",1451807
"ME","Cumberland County",23005,294520,"elderly",3335943
"ME","Cumberland County",23005,294520,"hcv",98913367
"ME","Cumberland County",23005,294520,"home",2107914
"ME","Cumberland County",23005,294520,"hud_disability",671601
"ME","Cumberland County",23005,294520,"hud_esg",326054
"ME","Cumberland County",23005,294520,"hud_hopwa",1470555
"ME","Franklin County",23007,29933,"hud_disability",170969
"ME","Hancock County",23009,54832,"hcv",5053069
"ME","Kennebec County",23011,122158,"coc",10654180
"ME","Kennebec County",23011,122158,"elderly",1273408
"ME","Kennebec County",23011,122158,"hcv",81445560
"ME","Kennebec County",23011,122158,"hud_disability",67055
"ME","Knox County",23013,39809,"elderly",424608
"ME","Knox County",23013,39809,"hud_disability",107395
"ME","Lincoln County",23015,34415,"hud_disability",130722
"ME","Oxford County",23017,57741,"hud_disability",212817
"ME","Penobscot County",23019,151696,"cdbg_entitlement",1654377
"ME","Penobscot County",23019,151696,"coc",973990
"ME","Penobscot County",23019,151696,"elderly",333214
"ME","Penobscot County",23019,151696,"hcv",10846470
"ME","Sagadahoc County",23023,35720,"hcv",3541340
"ME","Waldo County",23027,39723,"hud_disability",108478
"ME","Washington County",23029,31378,"grrp_elements",231623
"ME","Washington County",23029,31378,"hud_disability",374943
"ME","York County",23031,206074,"cdbg_entitlement",771431
"ME","York County",23031,206074,"elderly",1983998
"ME","York County",23031,206074,"hcv",12170992
"ME","York County",23031,206074,"hud_disability",279896
"MI","Alger County",26003,9098,"hcv",247350
"MI","Allegan County",26005,117104,"coc",271189
"MI","Antrim County",26009,23301,"coc",296583
"MI","Baraga County",26013,8337,"hcv",220233
"MI","Barry County",26015,61045,"elderly",123286
"MI","Bay County",26017,103506,"cdbg_entitlement",2563158
"MI","Bay County",26017,103506,"elderly",272791
"MI","Bay County",26017,103506,"home",542992
"MI","Benzie County",26019,17703,"coc",296583
"MI","Berrien County",26021,153797,"cdbg_entitlement",1350646
"MI","Berrien County",26021,153797,"elderly",507239
"MI","Berrien County",26021,153797,"hcv",2878922
"MI","Branch County",26023,43428,"hud_disability",1128
"MI","Calhoun County",26025,133943,"cdbg_entitlement",2457499
"MI","Calhoun County",26025,133943,"coc",742648
"MI","Calhoun County",26025,133943,"hcv",7830860
"MI","Calhoun County",26025,133943,"home",658353
"MI","Cass County",26027,51613,"hcv",1327587
"MI","Charlevoix County",26029,26197,"elderly",96784
"MI","Charlevoix County",26029,26197,"hcv",541114
"MI","Cheboygan County",26031,25435,"hcv",841587
"MI","Chippewa County",26033,37418,"coc",129373
"MI","Chippewa County",26033,37418,"hcv",400690
"MI","Clinton County",26037,78957,"coc",132724
"MI","Clinton County",26037,78957,"hcv",348536
"MI","Clinton County",26037,78957,"hud_disability",292335
"MI","Crawford County",26039,13904,"hcv",1033502
"MI","Eaton County",26045,109730,"coc",2178818
"MI","Eaton County",26045,109730,"elderly",189167
"MI","Eaton County",26045,109730,"hcv",272453
"MI","Eaton County",26045,109730,"hud_disability",357129
"MI","Emmet County",26047,33175,"elderly",169326
"MI","Genesee County",26049,406770,"cdbg_entitlement",11605273
"MI","Genesee County",26049,406770,"coc",4854580
"MI","Genesee County",26049,406770,"elderly",938489
"MI","Genesee County",26049,406770,"hcv",9076386
"MI","Genesee County",26049,406770,"home",3778273
"MI","Genesee County",26049,406770,"hud_esg",1007238
"MI","Grand Traverse County",26055,92640,"coc",1000475
"MI","Grand Traverse County",26055,92640,"hcv",3939556
"MI","Gratiot County",26057,40692,"hcv",1966870
"MI","Houghton County",26061,35890,"hcv",378164
"MI","Ingham County",26065,290923,"cdbg_entitlement",5084226
"MI","Ingham County",26065,290923,"coc",17840991
"MI","Ingham County",26065,290923,"hcv",5.21e+08
"MI","Ingham County",26065,290923,"home",1670260
"MI","Ingham County",26065,290923,"hud_esg",357072
"MI","Ingham County",26065,290923,"hud_hopwa",4756555
"MI","Ionia County",26067,64401,"hcv",117260
"MI","Iron County",26071,11099,"hcv",1795404
"MI","Isabella County",26073,70363,"hcv",769164
"MI","Jackson County",26075,158174,"cdbg_entitlement",2570181
"MI","Jackson County",26075,158174,"coc",1688291
"MI","Jackson County",26075,158174,"hcv",5531490
"MI","Jackson County",26075,158174,"home",687422
"MI","Kalamazoo County",26077,264322,"cdbg_entitlement",3653919
"MI","Kalamazoo County",26077,264322,"coc",3695739
"MI","Kalamazoo County",26077,264322,"elderly",667354
"MI","Kalamazoo County",26077,264322,"grrp_leading",3360000
"MI","Kalamazoo County",26077,264322,"home",1133172
"MI","Kalamazoo County",26077,264322,"hud_disability",453855
"MI","Kalkaska County",26079,17725,"coc",296583
"MI","Kent County",26081,652617,"cdbg_entitlement",11802768
"MI","Kent County",26081,652617,"coc",15429873
"MI","Kent County",26081,652617,"elderly",1470456
"MI","Kent County",26081,652617,"hcv",91948505
"MI","Kent County",26081,652617,"home",4842551
"MI","Kent County",26081,652617,"hud_disability",866853
"MI","Kent County",26081,652617,"hud_esg",942984
"MI","Lake County",26085,11805,"hcv",1684291
"MI","Lapeer County",26087,87975,"hcv",2134163
"MI","Lapeer County",26087,87975,"hud_disability",197009
"MI","Leelanau County",26089,21649,"coc",296583
"MI","Lenawee County",26091,98310,"cdbg_entitlement",1196214
"MI","Lenawee County",26091,98310,"coc",255642
"MI","Livingston County",26093,190832,"coc",503468
"MI","Livingston County",26093,190832,"elderly",1522
"MI","Luce County",26095,6286,"hcv",668336
"MI","Macomb County",26099,870893,"cdbg_entitlement",10294238
"MI","Macomb County",26099,870893,"coc",2056347
"MI","Macomb County",26099,870893,"elderly",2956292
"MI","Macomb County",26099,870893,"hcv",8395585
"MI","Macomb County",26099,870893,"home",4869732
"MI","Macomb County",26099,870893,"hud_esg",319985
"MI","Macomb County",26099,870893,"hud_hopwa",2608956
"MI","Marquette County",26103,66403,"elderly",144840
"MI","Marquette County",26103,66403,"hcv",472372
"MI","Mason County",26105,29062,"elderly",92923
"MI","Menominee County",26109,22902,"elderly",151453
"MI","Menominee County",26109,22902,"hcv",564273
"MI","Midland County",26111,83445,"cdbg_entitlement",407825
"MI","Monroe County",26115,150000,"cdbg_entitlement",897967
"MI","Monroe County",26115,150000,"coc",291932
"MI","Monroe County",26115,150000,"elderly",580906
"MI","Montcalm County",26117,63516,"hcv",2034485
"MI","Muskegon County",26121,173679,"cdbg_entitlement",2974663
"MI","Muskegon County",26121,173679,"coc",1261961
"MI","Muskegon County",26121,173679,"hcv",3810461
"MI","Muskegon County",26121,173679,"home",665145
"MI","Oakland County",26125,1255340,"cdbg_entitlement",14956597
"MI","Oakland County",26125,1255340,"coc",13112372
"MI","Oakland County",26125,1255340,"elderly",4870547
"MI","Oakland County",26125,1255340,"grrp_leading",1e+07
"MI","Oakland County",26125,1255340,"hcv",29632600
"MI","Oakland County",26125,1255340,"home",5727718
"MI","Oakland County",26125,1255340,"hud_disability",1553855
"MI","Oakland County",26125,1255340,"hud_esg",651288
"MI","Osceola County",26133,23323,"hcv",653812
"MI","Ottawa County",26139,289162,"cdbg_entitlement",658775
"MI","Ottawa County",26139,289162,"coc",2965978
"MI","Saginaw County",26145,191166,"cdbg_entitlement",4344413
"MI","Saginaw County",26145,191166,"coc",3572957
"MI","Saginaw County",26145,191166,"elderly",191253
"MI","Saginaw County",26145,191166,"hcv",14137706
"MI","Saginaw County",26145,191166,"home",1045634
"MI","Saginaw County",26145,191166,"hud_disability",138122
"MI","Saginaw County",26145,191166,"hud_esg",376242
"MI","Sanilac County",26151,41179,"hud_disability",170124
"MI","Schoolcraft County",26153,8031,"hcv",463546
"MI","St. Clair County",26147,159285,"cdbg_entitlement",1431415
"MI","St. Clair County",26147,159285,"hcv",8962338
"MI","St. Clair County",26147,159285,"home",509829
"MI","St. Clair County",26147,159285,"hud_disability",986614
"MI","Tuscola County",26157,52683,"coc",347888
"MI","Washtenaw County",26161,368385,"cdbg_entitlement",4343753
"MI","Washtenaw County",26161,368385,"coc",10927680
"MI","Washtenaw County",26161,368385,"elderly",213393
"MI","Washtenaw County",26161,368385,"hcv",40607919
"MI","Washtenaw County",26161,368385,"home",2840165
"MI","Washtenaw County",26161,368385,"hud_disability",77636
"MI","Washtenaw County",26161,368385,"hud_esg",376962
"MI","Wayne County",26163,1753059,"cdbg_entitlement",92074318
"MI","Wayne County",26163,1753059,"coc",69901257
"MI","Wayne County",26163,1753059,"elderly",10857391
"MI","Wayne County",26163,1753059,"hcv",1.9e+08
"MI","Wayne County",26163,1753059,"home",22406342
"MI","Wayne County",26163,1753059,"hud_disability",467483
"MI","Wayne County",26163,1753059,"hud_esg",7283302
"MI","Wayne County",26163,1753059,"hud_hopwa",9870500
"MI","Wexford County",26165,33433,"hcv",208209
"MN","Aitkin County",27001,15826,"hcv",413756
"MN","Anoka County",27003,353775,"cdbg_entitlement",3064054
"MN","Anoka County",27003,353775,"coc",887095
"MN","Anoka County",27003,353775,"elderly",558955
"MN","Anoka County",27003,353775,"grrp_elements",714351
"MN","Anoka County",27003,353775,"hud_disability",58904
"MN","Becker County",27005,34227,"coc",94856
"MN","Becker County",27005,34227,"elderly",334908
"MN","Becker County",27005,34227,"hcv",2327466
"MN","Beltrami County",27007,46784,"coc",813568
"MN","Beltrami County",27007,46784,"elderly",189429
"MN","Beltrami County",27007,46784,"hcv",3537598
"MN","Beltrami County",27007,46784,"hud_disability",208937
"MN","Benton County",27009,40476,"coc",168910
"MN","Benton County",27009,40476,"elderly",511513
"MN","Big Stone County",27011,4974,"coc",82532
"MN","Big Stone County",27011,4974,"hcv",296748
"MN","Blue Earth County",27013,67368,"cdbg_entitlement",800424
"MN","Blue Earth County",27013,67368,"coc",321952
"MN","Blue Earth County",27013,67368,"hcv",8310653
"MN","Brown County",27015,25076,"coc",140474
"MN","Brown County",27015,25076,"elderly",173200
"MN","Brown County",27015,25076,"hcv",993325
"MN","Carlton County",27017,35709,"hcv",1390278
"MN","Carver County",27019,103561,"coc",1035458
"MN","Carver County",27019,103561,"elderly",356054
"MN","Cass County",27021,29462,"coc",168910
"MN","Cass County",27021,29462,"hcv",819582
"MN","Chippewa County",27023,11876,"coc",82532
"MN","Chippewa County",27023,11876,"hcv",1201629
"MN","Chisago County",27025,55844,"coc",168910
"MN","Chisago County",27025,55844,"elderly",154111
"MN","Clay County",27027,64029,"cdbg_entitlement",598132
"MN","Clay County",27027,64029,"coc",701501
"MN","Clay County",27027,64029,"hcv",8669558
"MN","Clearwater County",27029,8872,"coc",155838
"MN","Cook County",27031,5402,"coc",291042
"MN","Cook County",27031,5402,"elderly",203688
"MN","Cottonwood County",27033,11279,"coc",82532
"MN","Crow Wing County",27035,64775,"coc",168910
"MN","Crow Wing County",27035,64775,"hcv",3802814
"MN","Crow Wing County",27035,64775,"hud_disability",236277
"MN","Dakota County",27037,425271,"cdbg_entitlement",3870638
"MN","Dakota County",27037,425271,"coc",1831405
"MN","Dakota County",27037,425271,"elderly",606517
"MN","Dakota County",27037,425271,"hcv",58084075
"MN","Dakota County",27037,425271,"home",5324327
"MN","Dakota County",27037,425271,"hud_disability",582482
"MN","Dakota County",27037,425271,"hud_esg",330737
"MN","Dodge County",27039,20807,"coc",140474
"MN","Douglas County",27041,37820,"coc",94856
"MN","Douglas County",27041,37820,"elderly",242223
"MN","Douglas County",27041,37820,"hcv",4872148
"MN","Douglas County",27041,37820,"hud_disability",198864
"MN","Faribault County",27043,13727,"coc",140474
"MN","Fillmore County",27045,21031,"coc",140474
"MN","Freeborn County",27047,30465,"coc",140474
"MN","Freeborn County",27047,30465,"elderly",202808
"MN","Freeborn County",27047,30465,"hcv",1345146
"MN","Goodhue County",27049,46330,"coc",556863
"MN","Goodhue County",27049,46330,"hcv",2065850
"MN","Grant County",27051,5962,"coc",148015
"MN","Grant County",27051,5962,"hcv",237800
"MN","Hennepin County",27053,1255296,"cdbg_entitlement",29703358
"MN","Hennepin County",27053,1255296,"coc",27448975
"MN","Hennepin County",27053,1255296,"elderly",6740543
"MN","Hennepin County",27053,1255296,"hcv",3.51e+08
"MN","Hennepin County",27053,1255296,"home",9412146
"MN","Hennepin County",27053,1255296,"hud_disability",3077557
"MN","Hennepin County",27053,1255296,"hud_esg",2406505
"MN","Hennepin County",27053,1255296,"hud_hopwa",7169004
"MN","Houston County",27055,18670,"coc",140474
"MN","Hubbard County",27057,21287,"coc",155838
"MN","Hubbard County",27057,21287,"elderly",168839
"MN","Hubbard County",27057,21287,"hcv",435339
"MN","Isanti County",27059,40004,"coc",168910
"MN","Itasca County",27061,45180,"coc",116715
"MN","Itasca County",27061,45180,"hcv",3151806
"MN","Jackson County",27063,9873,"coc",82532
"MN","Kanabec County",27065,16205,"coc",544593
"MN","Kanabec County",27065,16205,"elderly",76751
"MN","Kanabec County",27065,16205,"hcv",2184336
"MN","Kanabec County",27065,16205,"hud_disability",46405
"MN","Kandiyohi County",27067,42909,"coc",1099448
"MN","Kandiyohi County",27067,42909,"hcv",5214866
"MN","Kandiyohi County",27067,42909,"hud_disability",140840
"MN","Kittson County",27069,4272,"coc",155838
"MN","Lac qui Parle County",27073,6645,"coc",82532
"MN","Lake County",27075,10571,"coc",291042
"MN","Lake of the Woods County",27077,3747,"coc",155838
"MN","Le Sueur County",27079,28425,"coc",140474
"MN","Le Sueur County",27079,28425,"hcv",1252768
"MN","Lincoln County",27081,5641,"coc",82532
"MN","Lyon County",27083,25696,"coc",82532
"MN","Lyon County",27083,25696,"hud_disability",317507
"MN","Marshall County",27089,9353,"coc",155838
"MN","Martin County",27091,19737,"coc",140474
"MN","McLeod County",27085,35788,"coc",82532
"MN","Meeker County",27093,23149,"coc",82532
"MN","Meeker County",27093,23149,"hcv",635555
"MN","Mille Lacs County",27095,25963,"coc",168910
"MN","Morrison County",27097,33119,"coc",168910
"MN","Morrison County",27097,33119,"elderly",383175
"MN","Morrison County",27097,33119,"hcv",1139787
"MN","Mower County",27099,39931,"coc",140474
"MN","Mower County",27099,39931,"hcv",2294208
"MN","Mower County",27099,39931,"hud_disability",4342
"MN","Murray County",27101,8247,"coc",82532
"MN","Nicollet County",27103,34176,"coc",140474
"MN","Nicollet County",27103,34176,"hcv",7211208
"MN","Nobles County",27105,21667,"coc",82532
"MN","Nobles County",27105,21667,"elderly",132904
"MN","Nobles County",27105,21667,"hcv",2474793
"MN","Norman County",27107,6466,"coc",155838
"MN","Olmsted County",27109,156446,"cdbg_entitlement",1427742
"MN","Olmsted County",27109,156446,"coc",666240
"MN","Olmsted County",27109,156446,"elderly",755280
"MN","Olmsted County",27109,156446,"hcv",10089022
"MN","Olmsted County",27109,156446,"hud_disability",205898
"MN","Otter Tail County",27111,58416,"coc",94856
"MN","Otter Tail County",27111,58416,"elderly",151620
"MN","Otter Tail County",27111,58416,"hcv",2961077
"MN","Pennington County",27113,14110,"coc",194108
"MN","Pine County",27115,29254,"coc",168910
"MN","Pipestone County",27117,9163,"coc",82532
"MN","Pipestone County",27117,9163,"hcv",285354
"MN","Polk County",27119,31384,"coc",371981
"MN","Polk County",27119,31384,"hcv",15062519
"MN","Pope County",27121,11107,"coc",94856
"MN","Pope County",27121,11107,"hcv",1447721
"MN","Ramsey County",27123,546598,"cdbg_entitlement",15820910
"MN","Ramsey County",27123,546598,"coc",18105858
"MN","Ramsey County",27123,546598,"elderly",5281018
"MN","Ramsey County",27123,546598,"hcv",99003522
"MN","Ramsey County",27123,546598,"home",3880273
"MN","Ramsey County",27123,546598,"hud_disability",1201895
"MN","Ramsey County",27123,546598,"hud_esg",1173624
"MN","Ramsey County",27123,546598,"hud_hopwa",1307800
"MN","Red Lake County",27125,4005,"coc",202555
"MN","Redwood County",27127,15193,"coc",82532
"MN","Renville County",27129,14572,"coc",82532
"MN","Renville County",27129,14572,"elderly",110040
"MN","Renville County",27129,14572,"hcv",1940445
"MN","Renville County",27129,14572,"hud_disability",67535
"MN","Rice County",27131,66549,"coc",259663
"MN","Rice County",27131,66549,"elderly",183977
"MN","Rice County",27131,66549,"hcv",4034518
"MN","Rock County",27133,9386,"coc",82532
"MN","Roseau County",27135,15259,"coc",155838
"MN","Scott County",27139,147201,"coc",1588374
"MN","Scott County",27139,147201,"elderly",393099
"MN","Scott County",27139,147201,"hcv",9196329
"MN","Scott County",27139,147201,"hud_disability",197596
"MN","Sherburne County",27141,96015,"coc",168910
"MN","Sherburne County",27141,96015,"elderly",349341
"MN","Sibley County",27143,14871,"coc",140474
"MN","St. Louis County",27137,199499,"cdbg_entitlement",8663887
"MN","St. Louis County",27137,199499,"coc",6921637
"MN","St. Louis County",27137,199499,"hcv",31170543
"MN","St. Louis County",27137,199499,"home",2438359
"MN","St. Louis County",27137,199499,"hud_disability",1446638
"MN","St. Louis County",27137,199499,"hud_esg",754526
"MN","Stearns County",27145,159788,"cdbg_entitlement",1327059
"MN","Stearns County",27145,159788,"coc",849224
"MN","Stearns County",27145,159788,"elderly",512156
"MN","Stearns County",27145,159788,"hcv",20242009
"MN","Stearns County",27145,159788,"hud_disability",547529
"MN","Steele County",27147,36710,"coc",179992
"MN","Steele County",27147,36710,"elderly",254085
"MN","Steele County",27147,36710,"hcv",1346582
"MN","Steele County",27147,36710,"hud_disability",264262
"MN","Stevens County",27149,9770,"coc",94856
"MN","Stevens County",27149,9770,"hcv",1259415
"MN","Swift County",27151,9329,"coc",82532
"MN","Swift County",27151,9329,"hcv",646072
"MN","Todd County",27153,24603,"coc",168910
"MN","Todd County",27153,24603,"hcv",1597379
"MN","Traverse County",27155,3282,"coc",94856
"MN","Wabasha County",27157,21564,"coc",140474
"MN","Wabasha County",27157,21564,"hcv",6371444
"MN","Wadena County",27159,13681,"coc",94856
"MN","Wadena County",27159,13681,"hcv",691326
"MN","Waseca County",27161,18658,"coc",140474
"MN","Washington County",27163,259072,"cdbg_entitlement",1862683
"MN","Washington County",27163,259072,"coc",1246957
"MN","Washington County",27163,259072,"elderly",1568
"MN","Washington County",27163,259072,"hud_disability",4308
"MN","Watonwan County",27165,10903,"coc",140474
"MN","Wilkin County",27167,6264,"coc",94856
"MN","Wilkin County",27167,6264,"elderly",35640
"MN","Winona County",27169,50744,"coc",140474
"MN","Winona County",27169,50744,"hud_disability",838
"MN","Wright County",27171,136387,"coc",168910
"MN","Wright County",27171,136387,"elderly",340704
"MN","Yellow Medicine County",27173,9775,"coc",82532
"MO","Adair County",29001,25468,"coc",98018
"MO","Adair County",29001,25468,"hcv",1601749
"MO","Andrew County",29003,17554,"coc",692127
"MO","Audrain County",29007,25336,"hcv",1394581
"MO","Boone County",29019,179704,"cdbg_entitlement",2016563
"MO","Boone County",29019,179704,"coc",676402
"MO","Boone County",29019,179704,"hcv",26127386
"MO","Boone County",29019,179704,"home",1234464
"MO","Boone County",29019,179704,"hud_disability",643490
"MO","Buchanan County",29021,87904,"cdbg_entitlement",3108913
"MO","Buchanan County",29021,87904,"coc",1380721
"MO","Buchanan County",29021,87904,"elderly",23440
"MO","Buchanan County",29021,87904,"hcv",11598802
"MO","Buchanan County",29021,87904,"home",842609
"MO","Buchanan County",29021,87904,"hud_disability",272955
"MO","Butler County",29023,42570,"coc",215747
"MO","Butler County",29023,42570,"hcv",3480955
"MO","Callaway County",29027,44944,"hcv",522558
"MO","Callaway County",29027,44944,"hud_disability",363483
"MO","Camden County",29029,45823,"hcv",339968
"MO","Cape Girardeau County",29031,78834,"hud_disability",109518
"MO","Carroll County",29033,8723,"hcv",353167
"MO","Cedar County",29039,14144,"elderly",236429
"MO","Chariton County",29041,7449,"hud_disability",699
"MO","Christian County",29043,87324,"coc",449554
"MO","Clay County",29047,246480,"coc",325328
"MO","Clay County",29047,246480,"elderly",1413208
"MO","Clay County",29047,246480,"hcv",8101141
"MO","Clay County",29047,246480,"hud_disability",424011
"MO","Cole County",29051,76630,"cdbg_entitlement",558637
"MO","Cole County",29051,76630,"coc",9700599
"MO","Cole County",29051,76630,"hcv",2733696
"MO","Cole County",29051,76630,"hud_disability",212693
"MO","Cole County",29051,76630,"hud_hopwa",1178127
"MO","Crawford County",29055,23984,"hud_disability",168174
"MO","DeKalb County",29063,11872,"coc",692127
"MO","DeKalb County",29063,11872,"elderly",376166
"MO","Dunklin County",29069,29657,"coc",444969
"MO","Dunklin County",29069,29657,"hud_disability",85102
"MO","Franklin County",29071,103629,"hud_disability",121706
"MO","Greene County",29077,291574,"cdbg_entitlement",3193765
"MO","Greene County",29077,291574,"coc",1098379
"MO","Greene County",29077,291574,"hcv",19272829
"MO","Greene County",29077,291574,"home",2467439
"MO","Greene County",29077,291574,"hud_disability",349267
"MO","Grundy County",29079,9885,"hcv",3045344
"MO","Grundy County",29079,9885,"hud_disability",94450
"MO","Henry County",29083,21854,"coc",189370
"MO","Howell County",29091,40130,"hcv",4460890
"MO","Jackson County",29095,700733,"cdbg_entitlement",18266226
"MO","Jackson County",29095,700733,"coc",18316123
"MO","Jackson County",29095,700733,"elderly",4752730
"MO","Jackson County",29095,700733,"grrp_elements",576669
"MO","Jackson County",29095,700733,"hcv",1.64e+08
"MO","Jackson County",29095,700733,"home",6360708
"MO","Jackson County",29095,700733,"hud_disability",2028886
"MO","Jackson County",29095,700733,"hud_esg",1346530
"MO","Jackson County",29095,700733,"hud_hopwa",6385220
"MO","Jasper County",29097,120528,"cdbg_entitlement",1107728
"MO","Jasper County",29097,120528,"coc",636040
"MO","Jasper County",29097,120528,"hcv",9053386
"MO","Jasper County",29097,120528,"home",1167379
"MO","Jasper County",29097,120528,"hud_disability",569130
"MO","Jefferson County",29099,224777,"cdbg_entitlement",2279292
"MO","Jefferson County",29099,224777,"hcv",11525295
"MO","Johnson County",29101,53948,"elderly",286856
"MO","Laclede County",29105,35680,"hcv",169984
"MO","Lafayette County",29107,32697,"hud_disability",85919
"MO","Lincoln County",29113,57590,"coc",206940
"MO","Lincoln County",29113,57590,"elderly",62205
"MO","Livingston County",29117,14969,"hcv",569771
"MO","Madison County",29123,12176,"elderly",312306
"MO","Madison County",29123,12176,"hud_disability",88292
"MO","Marion County",29127,28572,"hcv",1665824
"MO","New Madrid County",29143,17275,"coc",219399
"MO","New Madrid County",29143,17275,"elderly",384762
"MO","New Madrid County",29143,17275,"hcv",299730
"MO","Newton County",29145,58288,"coc",346396
"MO","Nodaway County",29147,22199,"hcv",1693702
"MO","Osage County",29151,13613,"hud_hopwa",1061405
"MO","Pettis County",29159,42421,"hcv",1972694
"MO","Pettis County",29159,42421,"hud_disability",525689
"MO","Phelps County",29161,44587,"coc",60312
"MO","Phelps County",29161,44587,"hcv",8757495
"MO","Pike County",29163,18158,"hcv",22031244
"MO","Platte County",29165,102848,"elderly",379882
"MO","Platte County",29165,102848,"hcv",1435297
"MO","Pulaski County",29169,52359,"hcv",3487223
"MO","Ray County",29177,22900,"hcv",2307404
"MO","Ray County",29177,22900,"hud_disability",7400
"MO","Saline County",29195,22932,"hcv",3457393
"MO","Scotland County",29199,4923,"hcv",2085594
"MO","Scott County",29201,38538,"hcv",2155224
"MO","St. Charles County",29183,398472,"cdbg_entitlement",2786589
"MO","St. Charles County",29183,398472,"coc",536313
"MO","St. Charles County",29183,398472,"elderly",734622
"MO","St. Charles County",29183,398472,"hcv",13846771
"MO","St. Charles County",29183,398472,"hud_disability",128568
"MO","St. Clair County",29185,9455,"elderly",241069
"MO","St. Clair County",29185,9455,"hcv",14522281
"MO","St. Francois County",29187,66653,"hcv",21185342
"MO","St. Francois County",29187,66653,"hud_disability",152590
"MO","St. Louis County",29189,996179,"cdbg_entitlement",11844561
"MO","St. Louis County",29189,996179,"coc",3695326
"MO","St. Louis County",29189,996179,"elderly",9783251
"MO","St. Louis County",29189,996179,"grrp_elements",523069
"MO","St. Louis County",29189,996179,"hcv",1.19e+08
"MO","St. Louis County",29189,996179,"home",8216580
"MO","St. Louis County",29189,996179,"hud_disability",610570
"MO","St. Louis County",29189,996179,"hud_esg",978539
"MO","St. Louis city",29510,304709,"cdbg_entitlement",36180390
"MO","St. Louis city",29510,304709,"coc",19598855
"MO","St. Louis city",29510,304709,"elderly",6751085
"MO","St. Louis city",29510,304709,"grrp_comp",18160000
"MO","St. Louis city",29510,304709,"grrp_elements",750000
"MO","St. Louis city",29510,304709,"hcv",1.06e+08
"MO","St. Louis city",29510,304709,"home",6279385
"MO","St. Louis city",29510,304709,"hud_disability",2824539
"MO","St. Louis city",29510,304709,"hud_esg",3168818
"MO","St. Louis city",29510,304709,"hud_hopwa",5089546
"MO","Taney County",29213,55563,"hud_disability",49568
"MO","Texas County",29215,25518,"hcv",785606
"MO","Vernon County",29217,20560,"hcv",382979
"MO","Warren County",29219,35090,"coc",206940
"MO","Warren County",29219,35090,"elderly",122877
"MO","Webster County",29225,39127,"coc",449554
"MS","Alcorn County",28003,37058,"elderly",449400
"MS","Alcorn County",28003,37058,"hcv",21132549
"MS","Alcorn County",28003,37058,"hud_disability",133412
"MS","Amite County",28005,12341,"hud_disability",126476
"MS","Bolivar County",28011,31253,"coc",727405
"MS","Bolivar County",28011,31253,"elderly",264778
"MS","Bolivar County",28011,31253,"hud_disability",388482
"MS","Clay County",28025,19515,"hud_disability",931
"MS","Coahoma County",28027,22685,"hcv",7057806
"MS","Copiah County",28029,28339,"hud_disability",2338
"MS","DeSoto County",28033,182256,"coc",192813
"MS","DeSoto County",28033,182256,"elderly",436959
"MS","Forrest County",28035,75162,"cdbg_entitlement",1065754
"MS","Forrest County",28035,75162,"coc",653411
"MS","Forrest County",28035,75162,"elderly",551620
"MS","Forrest County",28035,75162,"home",680253
"MS","Forrest County",28035,75162,"hud_disability",281719
"MS","George County",28039,24098,"coc",382003
"MS","Grenada County",28043,20927,"elderly",412958
"MS","Hancock County",28045,47339,"coc",382003
"MS","Hancock County",28045,47339,"hcv",6742296
"MS","Harrison County",28047,206169,"cdbg_entitlement",2323477
"MS","Harrison County",28047,206169,"coc",1200556
"MS","Harrison County",28047,206169,"elderly",651360
"MS","Harrison County",28047,206169,"hcv",1.46e+08
"MS","Harrison County",28047,206169,"home",1103472
"MS","Harrison County",28047,206169,"hud_disability",183
"MS","Hinds County",28049,235604,"cdbg_entitlement",3224999
"MS","Hinds County",28049,235604,"coc",2546266
"MS","Hinds County",28049,235604,"elderly",1582846
"MS","Hinds County",28049,235604,"hcv",99930166
"MS","Hinds County",28049,235604,"home",1902918
"MS","Hinds County",28049,235604,"hud_disability",326941
"MS","Hinds County",28049,235604,"hud_esg",306270
"MS","Hinds County",28049,235604,"hud_hopwa",8225666
"MS","Holmes County",28051,17414,"elderly",151662
"MS","Jackson County",28059,142872,"cdbg_entitlement",594826
"MS","Jackson County",28059,142872,"coc",875172
"MS","Jackson County",28059,142872,"elderly",175822
"MS","Jackson County",28059,142872,"hud_disability",75549
"MS","Jefferson Davis County",28065,11182,"elderly",197844
"MS","Jones County",28067,68307,"hud_disability",1378
"MS","Lafayette County",28071,54059,"hcv",7838442
"MS","Lauderdale County",28075,75557,"coc",138158
"MS","Lauderdale County",28075,75557,"hcv",5280475
"MS","Lauderdale County",28075,75557,"hud_disability",182356
"MS","Lee County",28081,85304,"elderly",460507
"MS","Leflore County",28083,28764,"elderly",593426
"MS","Leflore County",28083,28764,"hcv",2185464
"MS","Leflore County",28083,28764,"hud_disability",448826
"MS","Lowndes County",28087,58896,"coc",131056
"MS","Lowndes County",28087,58896,"elderly",348613
"MS","Lowndes County",28087,58896,"hcv",24257598
"MS","Madison County",28089,105482,"coc",738792
"MS","Newton County",28101,21215,"hcv",23878400
"MS","Panola County",28107,34079,"elderly",343793
"MS","Pearl River County",28109,55512,"coc",382003
"MS","Pearl River County",28109,55512,"elderly",112310
"MS","Pearl River County",28109,55512,"hud_disability",288202
"MS","Pike County",28113,39365,"hcv",16390136
"MS","Prentiss County",28117,25155,"hud_disability",141393
"MS","Rankin County",28121,154119,"coc",738792
"MS","Rankin County",28121,154119,"hud_disability",72935
"MS","Sharkey County",28125,4427,"hud_disability",220771
"MS","Simpson County",28127,26818,"elderly",228279
"MS","Stone County",28131,18282,"coc",382003
"MS","Stone County",28131,18282,"elderly",76082
"MS","Sunflower County",28133,25759,"elderly",252661
"MS","Sunflower County",28133,25759,"hud_disability",69466
"MS","Tallahatchie County",28135,14041,"elderly",648446
"MS","Tippah County",28139,21976,"hud_disability",233496
"MS","Tishomingo County",28141,19396,"hud_disability",86174
"MS","Tunica County",28143,9807,"elderly",150357
"MS","Warren County",28149,46030,"elderly",229506
"MS","Warren County",28149,46030,"hud_disability",343464
"MS","Washington County",28151,45072,"hcv",20993615
"MS","Washington County",28151,45072,"hud_disability",66670
"MS","Winston County",28159,18116,"hud_disability",162105
"MS","Yazoo County",28163,28511,"hud_disability",99053
"MT","Big Horn County",30003,13302,"hcv",25824
"MT","Cascade County",30013,81576,"cdbg_entitlement",1546838
"MT","Cascade County",30013,81576,"elderly",352181
"MT","Cascade County",30013,81576,"hcv",2231764
"MT","Cascade County",30013,81576,"home",619077
"MT","Cascade County",30013,81576,"hud_disability",596002
"MT","Flathead County",30029,102001,"coc",190099
"MT","Flathead County",30029,102001,"elderly",63893
"MT","Flathead County",30029,102001,"hcv",229765
"MT","Gallatin County",30031,111401,"coc",516955
"MT","Gallatin County",30031,111401,"elderly",279288
"MT","Gallatin County",30031,111401,"hud_disability",187358
"MT","Glacier County",30035,13706,"hcv",552218
"MT","Lake County",30047,30383,"hcv",411186
"MT","Lewis and Clark County",30049,68714,"coc",343656
"MT","Lewis and Clark County",30049,68714,"elderly",221413
"MT","Lewis and Clark County",30049,68714,"hcv",52143640
"MT","Lewis and Clark County",30049,68714,"hud_disability",138162
"MT","Lewis and Clark County",30049,68714,"hud_hopwa",1512514
"MT","Missoula County",30063,119062,"cdbg_entitlement",1117687
"MT","Missoula County",30063,119062,"coc",1298347
"MT","Missoula County",30063,119062,"elderly",568893
"MT","Missoula County",30063,119062,"hcv",16031817
"MT","Missoula County",30063,119062,"home",822261
"MT","Missoula County",30063,119062,"hud_disability",469204
"MT","Ravalli County",30081,43424,"coc",146952
"MT","Richland County",30083,11097,"hcv",456146
"MT","Sheridan County",30091,3389,"elderly",87011
"MT","Silver Bow County",30093,34895,"coc",210453
"MT","Silver Bow County",30093,34895,"elderly",487442
"MT","Silver Bow County",30093,34895,"hcv",5382949
"MT","Yellowstone County",30111,160390,"cdbg_entitlement",1272318
"MT","Yellowstone County",30111,160390,"coc",236936
"MT","Yellowstone County",30111,160390,"elderly",1504446
"MT","Yellowstone County",30111,160390,"hcv",9393334
"MT","Yellowstone County",30111,160390,"home",750837
"MT","Yellowstone County",30111,160390,"hud_disability",161424
"NC","Alamance County",37001,166144,"cdbg_entitlement",934858
"NC","Alamance County",37001,166144,"elderly",95631
"NC","Alamance County",37001,166144,"hcv",10263996
"NC","Alamance County",37001,166144,"hud_disability",185469
"NC","Alleghany County",37005,11085,"coc",81375
"NC","Anson County",37007,24430,"hcv",1667059
"NC","Ashe County",37009,27009,"coc",81375
"NC","Ashe County",37009,27009,"elderly",172392
"NC","Ashe County",37009,27009,"hud_disability",48598
"NC","Avery County",37011,17510,"coc",81375
"NC","Beaufort County",37013,47160,"elderly",8560397
"NC","Beaufort County",37013,47160,"hcv",2850512
"NC","Beaufort County",37013,47160,"hud_disability",167994
"NC","Bertie County",37015,19081,"hud_disability",109
"NC","Bladen County",37017,33209,"hcv",2245685
"NC","Brunswick County",37019,137303,"coc",186335
"NC","Brunswick County",37019,137303,"hcv",4805444
"NC","Buncombe County",37021,259576,"cdbg_entitlement",2063713
"NC","Buncombe County",37021,259576,"coc",4593625
"NC","Buncombe County",37021,259576,"hcv",58024193
"NC","Buncombe County",37021,259576,"home",2729939
"NC","Buncombe County",37021,259576,"hud_disability",264110
"NC","Burke County",37023,90148,"cdbg_entitlement",392962
"NC","Burke County",37023,90148,"hud_disability",393
"NC","Cabarrus County",37025,211605,"cdbg_entitlement",2035025
"NC","Cabarrus County",37025,211605,"elderly",157267
"NC","Cabarrus County",37025,211605,"hcv",10177440
"NC","Cabarrus County",37025,211605,"home",2770520
"NC","Cabarrus County",37025,211605,"hud_disability",13038
"NC","Caldwell County",37027,82056,"cdbg_entitlement",296459
"NC","Caldwell County",37027,82056,"home",2431608
"NC","Caldwell County",37027,82056,"hud_disability",200
"NC","Carteret County",37031,69301,"elderly",188607
"NC","Carteret County",37031,69301,"hcv",3639454
"NC","Caswell County",37033,22619,"hcv",2079150
"NC","Catawba County",37035,158507,"cdbg_entitlement",660861
"NC","Catawba County",37035,158507,"elderly",203736
"NC","Catawba County",37035,158507,"hcv",17111847
"NC","Catawba County",37035,158507,"hud_disability",36900
"NC","Chatham County",37037,72853,"hcv",5296739
"NC","Cherokee County",37039,28413,"hcv",3686583
"NC","Chowan County",37041,13995,"hcv",15726581
"NC","Cleveland County",37045,97765,"coc",309489
"NC","Cleveland County",37045,97765,"elderly",520960
"NC","Columbus County",37047,55659,"elderly",181886
"NC","Columbus County",37047,55659,"hcv",3654256
"NC","Columbus County",37047,55659,"hud_disability",17230
"NC","Craven County",37049,102290,"cdbg_entitlement",563908
"NC","Craven County",37049,102290,"elderly",820664
"NC","Craven County",37049,102290,"hcv",12566027
"NC","Craven County",37049,102290,"hud_disability",43636
"NC","Cumberland County",37051,334562,"cdbg_entitlement",5197793
"NC","Cumberland County",37051,334562,"coc",1476661
"NC","Cumberland County",37051,334562,"elderly",329029
"NC","Cumberland County",37051,334562,"hcv",31522287
"NC","Cumberland County",37051,334562,"home",3120362
"NC","Cumberland County",37051,334562,"hud_disability",43489
"NC","Cumberland County",37051,334562,"hud_hopwa",1617957
"NC","Currituck County",37053,27210,"hud_disability",187
"NC","Davidson County",37057,166837,"elderly",473786
"NC","Davidson County",37057,166837,"hcv",8739358
"NC","Davidson County",37057,166837,"hud_disability",7131
"NC","Duplin County",37061,58965,"coc",199127
"NC","Duplin County",37061,58965,"hud_disability",460
"NC","Durham County",37063,317665,"cdbg_entitlement",4116065
"NC","Durham County",37063,317665,"coc",3065767
"NC","Durham County",37063,317665,"elderly",276702
"NC","Durham County",37063,317665,"hcv",55324398
"NC","Durham County",37063,317665,"home",2632535
"NC","Durham County",37063,317665,"hud_disability",75038
"NC","Durham County",37063,317665,"hud_esg",362295
"NC","Durham County",37063,317665,"hud_hopwa",2032066
"NC","Edgecombe County",37065,52069,"hcv",8287615
"NC","Forsyth County",37067,378499,"cdbg_entitlement",4093499
"NC","Forsyth County",37067,378499,"coc",4791859
"NC","Forsyth County",37067,378499,"elderly",1698443
"NC","Forsyth County",37067,378499,"hcv",61969975
"NC","Forsyth County",37067,378499,"home",2963436
"NC","Forsyth County",37067,378499,"hud_disability",887135
"NC","Forsyth County",37067,378499,"hud_esg",363905
"NC","Forsyth County",37067,378499,"hud_hopwa",1577762
"NC","Franklin County",37069,68027,"hud_disability",262
"NC","Gaston County",37071,222119,"cdbg_entitlement",1192781
"NC","Gaston County",37071,222119,"coc",1313115
"NC","Gaston County",37071,222119,"elderly",964242
"NC","Gaston County",37071,222119,"hcv",24193194
"NC","Gaston County",37071,222119,"home",1662332
"NC","Gaston County",37071,222119,"hud_disability",457702
"NC","Gates County",37073,11519,"hud_disability",46469
"NC","Greene County",37079,20987,"hcv",2670661
"NC","Guilford County",37081,532956,"cdbg_entitlement",6511986
"NC","Guilford County",37081,532956,"coc",4643458
"NC","Guilford County",37081,532956,"elderly",1073669
"NC","Guilford County",37081,532956,"hcv",79117510
"NC","Guilford County",37081,532956,"home",4844611
"NC","Guilford County",37081,532956,"hud_disability",1111662
"NC","Guilford County",37081,532956,"hud_esg",405711
"NC","Guilford County",37081,532956,"hud_hopwa",2377675
"NC","Halifax County",37083,50678,"elderly",380000
"NC","Halifax County",37083,50678,"home",854162
"NC","Harnett County",37085,134328,"elderly",1158335
"NC","Harnett County",37085,134328,"hud_disability",3530
"NC","Haywood County",37087,61862,"elderly",94254
"NC","Haywood County",37087,61862,"hcv",11105703
"NC","Haywood County",37087,61862,"home",1273453
"NC","Haywood County",37087,61862,"hud_disability",113767
"NC","Henderson County",37089,116298,"coc",328141
"NC","Henderson County",37089,116298,"elderly",141664
"NC","Henderson County",37089,116298,"hcv",9104788
"NC","Henderson County",37089,116298,"hud_disability",62469
"NC","Iredell County",37097,178853,"cdbg_entitlement",222398
"NC","Iredell County",37097,178853,"elderly",644843
"NC","Iredell County",37097,178853,"hcv",11753579
"NC","Iredell County",37097,178853,"hud_disability",90
"NC","Johnston County",37101,203308,"elderly",374113
"NC","Johnston County",37101,203308,"hcv",9914473
"NC","Lee County",37105,61083,"hcv",8700642
"NC","Lee County",37105,61083,"hud_disability",16429
"NC","Lenoir County",37107,56350,"hcv",8949480
"NC","Lincoln County",37109,84580,"coc",309489
"NC","Lincoln County",37109,84580,"hcv",3186947
"NC","Lincoln County",37109,84580,"hud_disability",68210
"NC","Macon County",37113,35172,"hcv",1340522
"NC","Madison County",37115,21608,"hcv",2565811
"NC","Martin County",37117,22644,"hcv",1243039
"NC","McDowell County",37111,45402,"home",1651714
"NC","Mecklenburg County",37119,1095170,"cdbg_entitlement",13176217
"NC","Mecklenburg County",37119,1095170,"coc",13905110
"NC","Mecklenburg County",37119,1095170,"elderly",1185328
"NC","Mecklenburg County",37119,1095170,"hcv",1.87e+08
"NC","Mecklenburg County",37119,1095170,"home",6993126
"NC","Mecklenburg County",37119,1095170,"hud_disability",1153521
"NC","Mecklenburg County",37119,1095170,"hud_esg",994928
"NC","Mecklenburg County",37119,1095170,"hud_hopwa",6927069
"NC","Mitchell County",37121,14959,"coc",81375
"NC","Moore County",37125,99263,"elderly",665787
"NC","Moore County",37125,99263,"hcv",6376306
"NC","Moore County",37125,99263,"hud_disability",123408
"NC","Nash County",37127,94287,"cdbg_entitlement",997327
"NC","Nash County",37127,94287,"elderly",118756
"NC","Nash County",37127,94287,"home",920212
"NC","New Hanover County",37129,231448,"cdbg_entitlement",1957936
"NC","New Hanover County",37129,231448,"coc",339306
"NC","New Hanover County",37129,231448,"elderly",869045
"NC","New Hanover County",37129,231448,"hcv",25095880
"NC","New Hanover County",37129,231448,"home",1478850
"NC","New Hanover County",37129,231448,"hud_disability",68745
"NC","Northampton County",37131,19672,"elderly",87085
"NC","Northampton County",37131,19672,"hcv",8982657
"NC","Onslow County",37133,198377,"cdbg_entitlement",756753
"NC","Onslow County",37133,198377,"hcv",7689730
"NC","Onslow County",37133,198377,"hud_disability",322282
"NC","Orange County",37135,146354,"cdbg_entitlement",840980
"NC","Orange County",37135,146354,"coc",1435098
"NC","Orange County",37135,146354,"elderly",508522
"NC","Orange County",37135,146354,"hcv",10945476
"NC","Orange County",37135,146354,"home",872994
"NC","Orange County",37135,146354,"hud_disability",41047
"NC","Pender County",37141,61891,"coc",186335
"NC","Pender County",37141,61891,"hcv",2262034
"NC","Perquimans County",37143,13513,"hud_disability",7143
"NC","Person County",37145,39561,"elderly",30031
"NC","Person County",37145,39561,"hud_disability",937
"NC","Pitt County",37147,179961,"cdbg_entitlement",1939229
"NC","Pitt County",37147,179961,"coc",1627709
"NC","Pitt County",37147,179961,"elderly",468824
"NC","Pitt County",37147,179961,"hcv",15693095
"NC","Pitt County",37147,179961,"home",1207159
"NC","Randolph County",37151,143460,"hcv",6209680
"NC","Randolph County",37151,143460,"hud_disability",16421
"NC","Richmond County",37153,44759,"elderly",259361
"NC","Richmond County",37153,44759,"hcv",718039
"NC","Richmond County",37153,44759,"hud_disability",167444
"NC","Robeson County",37155,131656,"elderly",506501
"NC","Robeson County",37155,131656,"hcv",9999335
"NC","Robeson County",37155,131656,"hud_disability",629
"NC","Rockingham County",37157,91051,"coc",213986
"NC","Rockingham County",37157,91051,"hcv",2170519
"NC","Rockingham County",37157,91051,"hud_disability",864
"NC","Rowan County",37159,140978,"cdbg_entitlement",598108
"NC","Rowan County",37159,140978,"hcv",12986355
"NC","Rowan County",37159,140978,"hud_disability",332491
"NC","Rutherford County",37161,66741,"elderly",758215
"NC","Rutherford County",37161,66741,"hcv",12977818
"NC","Rutherford County",37161,66741,"hud_disability",39473
"NC","Sampson County",37163,63284,"elderly",522293
"NC","Scotland County",37165,34921,"hcv",12213186
"NC","Stanly County",37167,62050,"elderly",479351
"NC","Stanly County",37167,62050,"hcv",1951415
"NC","Stanly County",37167,62050,"hud_disability",73964
"NC","Stokes County",37169,45688,"elderly",162579
"NC","Surry County",37171,71904,"elderly",246075
"NC","Surry County",37171,71904,"home",1322236
"NC","Surry County",37171,71904,"hud_disability",534
"NC","Union County",37179,235767,"cdbg_entitlement",2207728
"NC","Union County",37179,235767,"coc",200148
"NC","Union County",37179,235767,"hcv",6134026
"NC","Union County",37179,235767,"hud_disability",8673
"NC","Vance County",37181,44614,"elderly",83817
"NC","Vance County",37181,44614,"hcv",6299425
"NC","Wake County",37183,1091662,"cdbg_entitlement",11354121
"NC","Wake County",37183,1091662,"coc",8907786
"NC","Wake County",37183,1091662,"elderly",1820518
"NC","Wake County",37183,1091662,"hcv",86370897
"NC","Wake County",37183,1091662,"home",5336237
"NC","Wake County",37183,1091662,"hud_disability",3178544
"NC","Wake County",37183,1091662,"hud_esg",885972
"NC","Wake County",37183,1091662,"hud_hopwa",10863256
"NC","Washington County",37187,11788,"hud_disability",18294
"NC","Watauga County",37189,55669,"coc",418652
"NC","Watauga County",37189,55669,"hcv",24735831
"NC","Watauga County",37189,55669,"hud_disability",43635
"NC","Wayne County",37191,123785,"cdbg_entitlement",720258
"NC","Wayne County",37191,123785,"elderly",238653
"NC","Wayne County",37191,123785,"hcv",3305873
"NC","Wayne County",37191,123785,"home",573806
"NC","Wilkes County",37193,68341,"coc",81375
"NC","Wilkes County",37193,68341,"hud_disability",11444
"NC","Wilson County",37195,81579,"elderly",212641
"NC","Wilson County",37195,81579,"hcv",8110629
"NC","Wilson County",37195,81579,"hud_disability",120601
"NC","Yancey County",37199,17870,"coc",81375
"ND","Barnes County",38003,10592,"hcv",2574026
"ND","Barnes County",38003,10592,"hud_disability",26270
"ND","Benson County",38005,6860,"hcv",158628
"ND","Burleigh County",38015,95509,"cdbg_entitlement",761171
"ND","Burleigh County",38015,95509,"coc",477534
"ND","Burleigh County",38015,95509,"hcv",10884217
"ND","Burleigh County",38015,95509,"hud_disability",47315
"ND","Cass County",38017,179937,"cdbg_entitlement",1648833
"ND","Cass County",38017,179937,"coc",1089946
"ND","Cass County",38017,179937,"elderly",98198
"ND","Cass County",38017,179937,"hcv",25713545
"ND","Cass County",38017,179937,"home",1070086
"ND","Cass County",38017,179937,"hud_disability",82060
"ND","Dickey County",38021,4857,"hcv",933849
"ND","Dunn County",38025,4362,"coc",36500
"ND","Grand Forks County",38035,70243,"cdbg_entitlement",922496
"ND","Grand Forks County",38035,70243,"coc",89727
"ND","Grand Forks County",38035,70243,"elderly",152304
"ND","Grand Forks County",38035,70243,"hcv",19918553
"ND","Grand Forks County",38035,70243,"hud_disability",376969
"ND","McIntosh County",38051,2535,"hcv",605523
"ND","Morton County",38059,31118,"hcv",7689688
"ND","Pembina County",38067,6850,"hcv",1765237
"ND","Ramsey County",38071,11521,"hcv",1196127
"ND","Ransom County",38073,5258,"hcv",747956
"ND","Renville County",38075,2387,"hcv",290510
"ND","Rolette County",38079,14437,"hcv",759854
"ND","Sioux County",38085,4339,"hcv",196913
"ND","Stark County",38089,31164,"elderly",80185
"ND","Stark County",38089,31164,"hcv",3981123
"ND","Stutsman County",38093,20879,"hcv",7047730
"ND","Stutsman County",38093,20879,"hud_disability",154471
"ND","Towner County",38095,2191,"hcv",77113
"ND","Traill County",38097,7999,"hcv",507439
"ND","Walsh County",38099,10642,"hcv",645577
"ND","Ward County",38101,68962,"hcv",10874198
"ND","Ward County",38101,68962,"hud_disability",122972
"ND","Williams County",38105,36044,"hcv",1085862
"ND","Williams County",38105,36044,"hud_disability",56464
"NE","Adams County",31001,31541,"elderly",268084
"NE","Adams County",31001,31541,"hcv",3796342
"NE","Adams County",31001,31541,"hud_disability",82816
"NE","Box Butte County",31013,10845,"elderly",112077
"NE","Box Butte County",31013,10845,"hcv",1112987
"NE","Buffalo County",31019,49594,"coc",90717
"NE","Buffalo County",31019,49594,"elderly",34188
"NE","Buffalo County",31019,49594,"hcv",1496153
"NE","Chase County",31029,3707,"elderly",44678
"NE","Cherry County",31031,5801,"hud_disability",9553
"NE","Cheyenne County",31033,9428,"hud_disability",20257
"NE","Cuming County",31039,8882,"hcv",1528870
"NE","Custer County",31041,10788,"coc",826968
"NE","Dakota County",31043,20124,"coc",854223
"NE","Dakota County",31043,20124,"elderly",141700
"NE","Dakota County",31043,20124,"hcv",2777333
"NE","Dawson County",31047,23638,"elderly",126119
"NE","Dawson County",31047,23638,"hcv",1635732
"NE","Dodge County",31053,36565,"coc",374996
"NE","Dodge County",31053,36565,"hcv",1967920
"NE","Douglas County",31055,565739,"cdbg_entitlement",8577523
"NE","Douglas County",31055,565739,"coc",5642928
"NE","Douglas County",31055,565739,"elderly",1983390
"NE","Douglas County",31055,565739,"hcv",1e+08
"NE","Douglas County",31055,565739,"home",4768680
"NE","Douglas County",31055,565739,"hud_disability",1134748
"NE","Douglas County",31055,565739,"hud_esg",774793
"NE","Gage County",31067,21548,"hcv",1500000
"NE","Hall County",31079,61338,"cdbg_entitlement",704907
"NE","Hall County",31079,61338,"hcv",6069308
"NE","Hall County",31079,61338,"hud_disability",523845
"NE","Jefferson County",31095,7102,"coc",511440
"NE","Keith County",31101,8048,"hcv",1942133
"NE","Lancaster County",31109,315976,"cdbg_entitlement",3702410
"NE","Lancaster County",31109,315976,"coc",8757592
"NE","Lancaster County",31109,315976,"hcv",38523267
"NE","Lancaster County",31109,315976,"home",2563667
"NE","Lancaster County",31109,315976,"hud_disability",310480
"NE","Lancaster County",31109,315976,"hud_esg",324148
"NE","Lancaster County",31109,315976,"hud_hopwa",1602313
"NE","Madison County",31119,35023,"hcv",2387072
"NE","Madison County",31119,35023,"hud_disability",100155
"NE","Platte County",31141,33250,"hcv",1055053
"NE","Red Willow County",31145,10725,"hcv",377040
"NE","Red Willow County",31145,10725,"hud_disability",1238
"NE","Saline County",31151,14221,"hcv",192762
"NE","Sarpy County",31153,183956,"cdbg_entitlement",710784
"NE","Sarpy County",31153,183956,"coc",1937903
"NE","Sarpy County",31153,183956,"elderly",978962
"NE","Sarpy County",31153,183956,"hcv",5238512
"NE","Sarpy County",31153,183956,"hud_disability",108021
"NE","Scotts Bluff County",31157,35884,"coc",508785
"NE","Scotts Bluff County",31157,35884,"hcv",4128176
"NE","Sherman County",31163,3015,"coc",1113078
"NE","Sherman County",31163,3015,"hcv",1133480
"NE","Thurston County",31173,7218,"elderly",69654
"NE","Washington County",31177,20546,"elderly",11715
"NE","York County",31185,13671,"hcv",886963
"NH","Belknap County",33001,61174,"elderly",584203
"NH","Belknap County",33001,61174,"hcv",8080130
"NH","Cheshire County",33005,76040,"elderly",701419
"NH","Cheshire County",33005,76040,"hcv",16380634
"NH","Coos County",33007,31486,"elderly",768611
"NH","Coos County",33007,31486,"hcv",3418844
"NH","Grafton County",33009,90331,"elderly",1213388
"NH","Grafton County",33009,90331,"hcv",2648898
"NH","Hillsborough County",33011,415305,"cdbg_entitlement",4595763
"NH","Hillsborough County",33011,415305,"coc",8454118
"NH","Hillsborough County",33011,415305,"elderly",2657216
"NH","Hillsborough County",33011,415305,"hcv",1.64e+08
"NH","Hillsborough County",33011,415305,"home",2676476
"NH","Hillsborough County",33011,415305,"hud_disability",301999
"NH","Hillsborough County",33011,415305,"hud_esg",298183
"NH","Hillsborough County",33011,415305,"hud_hopwa",2044562
"NH","Merrimack County",33013,150902,"coc",4888886
"NH","Merrimack County",33013,150902,"elderly",1696412
"NH","Merrimack County",33013,150902,"grrp_elements",750000
"NH","Merrimack County",33013,150902,"hcv",4806425
"NH","Merrimack County",33013,150902,"hud_disability",401022
"NH","Merrimack County",33013,150902,"hud_hopwa",764242
"NH","Rockingham County",33015,308211,"cdbg_entitlement",1053252
"NH","Rockingham County",33015,308211,"elderly",564528
"NH","Rockingham County",33015,308211,"hcv",16669180
"NH","Strafford County",33017,130161,"cdbg_entitlement",1084369
"NH","Strafford County",33017,130161,"elderly",1353356
"NH","Strafford County",33017,130161,"hcv",21209695
"NH","Sullivan County",33019,43173,"hcv",3593082
"NJ","Atlantic County",34001,264650,"cdbg_entitlement",6215159
"NJ","Atlantic County",34001,264650,"coc",918313
"NJ","Atlantic County",34001,264650,"elderly",1339889
"NJ","Atlantic County",34001,264650,"hcv",29511443
"NJ","Atlantic County",34001,264650,"home",2504140
"NJ","Atlantic County",34001,264650,"hud_disability",671856
"NJ","Bergen County",34003,931275,"cdbg_entitlement",18251871
"NJ","Bergen County",34003,931275,"coc",11796661
"NJ","Bergen County",34003,931275,"elderly",773755
"NJ","Bergen County",34003,931275,"hcv",1.87e+08
"NJ","Bergen County",34003,931275,"home",6142228
"NJ","Bergen County",34003,931275,"hud_disability",1085595
"NJ","Bergen County",34003,931275,"hud_esg",1620734
"NJ","Burlington County",34005,446301,"cdbg_entitlement",2904967
"NJ","Burlington County",34005,446301,"coc",1114466
"NJ","Burlington County",34005,446301,"elderly",230548
"NJ","Burlington County",34005,446301,"home",1906809
"NJ","Burlington County",34005,446301,"hud_disability",170491
"NJ","Camden County",34007,506721,"cdbg_entitlement",11174230
"NJ","Camden County",34007,506721,"coc",3581699
"NJ","Camden County",34007,506721,"elderly",6683602
"NJ","Camden County",34007,506721,"hcv",40182848
"NJ","Camden County",34007,506721,"home",4669331
"NJ","Camden County",34007,506721,"hud_disability",2030714
"NJ","Camden County",34007,506721,"hud_esg",862940
"NJ","Camden County",34007,506721,"hud_hopwa",2529353
"NJ","Cape May County",34009,92701,"cdbg_entitlement",550305
"NJ","Cape May County",34009,92701,"coc",1351344
"NJ","Cape May County",34009,92701,"elderly",558999
"NJ","Cape May County",34009,92701,"hud_disability",34172
"NJ","Cumberland County",34011,150085,"cdbg_entitlement",2071244
"NJ","Cumberland County",34011,150085,"coc",1286476
"NJ","Cumberland County",34011,150085,"elderly",1765523
"NJ","Cumberland County",34011,150085,"hcv",22630751
"NJ","Cumberland County",34011,150085,"home",1300280
"NJ","Essex County",34013,798698,"cdbg_entitlement",31243021
"NJ","Essex County",34013,798698,"coc",10349540
"NJ","Essex County",34013,798698,"elderly",8125364
"NJ","Essex County",34013,798698,"hcv",2.48e+08
"NJ","Essex County",34013,798698,"home",11278023
"NJ","Essex County",34013,798698,"hud_disability",1082658
"NJ","Essex County",34013,798698,"hud_esg",2171235
"NJ","Essex County",34013,798698,"hud_hopwa",11147869
"NJ","Gloucester County",34015,291745,"cdbg_entitlement",3382458
"NJ","Gloucester County",34015,291745,"coc",1575452
"NJ","Gloucester County",34015,291745,"elderly",1260069
"NJ","Gloucester County",34015,291745,"hcv",42776108
"NJ","Gloucester County",34015,291745,"home",1233097
"NJ","Hudson County",34017,671923,"cdbg_entitlement",20606675
"NJ","Hudson County",34017,671923,"coc",15481364
"NJ","Hudson County",34017,671923,"elderly",1020222
"NJ","Hudson County",34017,671923,"hcv",2.08e+08
"NJ","Hudson County",34017,671923,"home",10328337
"NJ","Hudson County",34017,671923,"hud_esg",1334898
"NJ","Hudson County",34017,671923,"hud_hopwa",4892444
"NJ","Hunterdon County",34019,125063,"cdbg_entitlement",1212903
"NJ","Hunterdon County",34019,125063,"coc",490487
"NJ","Hunterdon County",34019,125063,"elderly",-2043640
"NJ","Hunterdon County",34019,125063,"hcv",10667478
"NJ","Mercer County",34021,368085,"cdbg_entitlement",6454432
"NJ","Mercer County",34021,368085,"coc",13268397
"NJ","Mercer County",34021,368085,"elderly",3463024
"NJ","Mercer County",34021,368085,"hcv",6.33e+08
"NJ","Mercer County",34021,368085,"home",3588573
"NJ","Mercer County",34021,368085,"hud_disability",830040
"NJ","Mercer County",34021,368085,"hud_esg",513383
"NJ","Mercer County",34021,368085,"hud_hopwa",3701935
"NJ","Middlesex County",34023,825015,"cdbg_entitlement",10624797
"NJ","Middlesex County",34023,825015,"coc",6047316
"NJ","Middlesex County",34023,825015,"elderly",4823053
"NJ","Middlesex County",34023,825015,"hcv",1.36e+08
"NJ","Middlesex County",34023,825015,"home",5905565
"NJ","Middlesex County",34023,825015,"hud_disability",511088
"NJ","Middlesex County",34023,825015,"hud_esg",147551
"NJ","Monmouth County",34025,620821,"cdbg_entitlement",7306546
"NJ","Monmouth County",34025,620821,"coc",10421407
"NJ","Monmouth County",34025,620821,"elderly",3670765
"NJ","Monmouth County",34025,620821,"hcv",1.17e+08
"NJ","Monmouth County",34025,620821,"home",3314798
"NJ","Monmouth County",34025,620821,"hud_disability",1416413
"NJ","Monmouth County",34025,620821,"hud_esg",417065
"NJ","Morris County",34027,492715,"cdbg_entitlement",4285273
"NJ","Morris County",34027,492715,"coc",3285281
"NJ","Morris County",34027,492715,"elderly",1235836
"NJ","Morris County",34027,492715,"hcv",47240477
"NJ","Morris County",34027,492715,"home",1997154
"NJ","Morris County",34027,492715,"hud_disability",3169254
"NJ","Morris County",34027,492715,"hud_esg",335390
"NJ","Ocean County",34029,602018,"cdbg_entitlement",6807212
"NJ","Ocean County",34029,602018,"coc",836124
"NJ","Ocean County",34029,602018,"elderly",3992740
"NJ","Ocean County",34029,602018,"hcv",72349115
"NJ","Ocean County",34029,602018,"home",2985271
"NJ","Ocean County",34029,602018,"hud_disability",344495
"NJ","Ocean County",34029,602018,"hud_hopwa",4243726
"NJ","Passaic County",34031,502763,"cdbg_entitlement",12112969
"NJ","Passaic County",34031,502763,"coc",8305885
"NJ","Passaic County",34031,502763,"elderly",1445668
"NJ","Passaic County",34031,502763,"hcv",1.36e+08
"NJ","Passaic County",34031,502763,"home",5090771
"NJ","Passaic County",34031,502763,"hud_disability",1888279
"NJ","Passaic County",34031,502763,"hud_esg",437941
"NJ","Passaic County",34031,502763,"hud_hopwa",3995961
"NJ","Salem County",34033,62754,"coc",173792
"NJ","Salem County",34033,62754,"hcv",1353117
"NJ","Somerset County",34035,330151,"cdbg_entitlement",2096131
"NJ","Somerset County",34035,330151,"coc",1138109
"NJ","Somerset County",34035,330151,"elderly",2147869
"NJ","Somerset County",34035,330151,"hcv",14409967
"NJ","Somerset County",34035,330151,"home",1359970
"NJ","Somerset County",34035,330151,"hud_disability",400292
"NJ","Sussex County",34037,140996,"coc",1226579
"NJ","Sussex County",34037,140996,"hud_disability",84692
"NJ","Union County",34039,555208,"cdbg_entitlement",14429514
"NJ","Union County",34039,555208,"coc",9298056
"NJ","Union County",34039,555208,"elderly",6546928
"NJ","Union County",34039,555208,"hcv",78155374
"NJ","Union County",34039,555208,"home",4815646
"NJ","Union County",34039,555208,"hud_disability",502547
"NJ","Union County",34039,555208,"hud_esg",802886
"NJ","Warren County",34041,105730,"coc",555215
"NJ","Warren County",34041,105730,"hcv",18101492
"NJ","Warren County",34041,105730,"hud_disability",183421
"NM","Bernalillo County",35001,679037,"cdbg_entitlement",8625880
"NM","Bernalillo County",35001,679037,"coc",11297389
"NM","Bernalillo County",35001,679037,"elderly",3309967
"NM","Bernalillo County",35001,679037,"hcv",90191344
"NM","Bernalillo County",35001,679037,"home",4549363
"NM","Bernalillo County",35001,679037,"hud_disability",1486053
"NM","Bernalillo County",35001,679037,"hud_esg",766823
"NM","Bernalillo County",35001,679037,"hud_hopwa",2650836
"NM","Chaves County",35005,64912,"hcv",18140374
"NM","Chaves County",35005,64912,"hud_disability",128533
"NM","Cibola County",35006,26763,"hud_disability",27940
"NM","Curry County",35009,49502,"elderly",680016
"NM","Curry County",35009,49502,"hcv",5818250
"NM","Curry County",35009,49502,"hud_disability",181190
"NM","DoÃ±a Ana County",35013,217696,"cdbg_entitlement",2078364
"NM","DoÃ±a Ana County",35013,217696,"coc",1025010
"NM","DoÃ±a Ana County",35013,217696,"elderly",959150
"NM","DoÃ±a Ana County",35013,217696,"hcv",16958727
"NM","DoÃ±a Ana County",35013,217696,"home",1117496
"NM","DoÃ±a Ana County",35013,217696,"hud_disability",182475
"NM","Grant County",35017,27391,"coc",65725
"NM","Grant County",35017,27391,"hcv",8528507
"NM","Grant County",35017,27391,"hud_disability",68326
"NM","Lea County",35025,70359,"grrp_comp",6400000
"NM","Lea County",35025,70359,"grrp_leading",2300000
"NM","Luna County",35029,24022,"hud_disability",94436
"NM","McKinley County",35031,71956,"hcv",559020
"NM","Rio Arriba County",35039,38962,"hcv",129172
"NM","San Juan County",35045,125608,"cdbg_entitlement",827080
"NM","San Juan County",35045,125608,"coc",154121
"NM","San Juan County",35045,125608,"elderly",410021
"NM","San Juan County",35045,125608,"hcv",2931650
"NM","San Juan County",35045,125608,"hud_disability",409743
"NM","San Miguel County",35047,27546,"coc",130517
"NM","San Miguel County",35047,27546,"hcv",1420088
"NM","San Miguel County",35047,27546,"hud_disability",228601
"NM","Sandoval County",35043,144954,"cdbg_entitlement",1011073
"NM","Sandoval County",35043,144954,"coc",326904
"NM","Sandoval County",35043,144954,"hud_disability",27783
"NM","Santa Fe County",35049,150319,"cdbg_entitlement",1232269
"NM","Santa Fe County",35049,150319,"coc",3108540
"NM","Santa Fe County",35049,150319,"elderly",344606
"NM","Santa Fe County",35049,150319,"hcv",23889597
"NM","Santa Fe County",35049,150319,"hud_disability",767022
"NM","Sierra County",35051,10988,"hcv",2034960
"NM","Socorro County",35053,16723,"coc",297796
"NM","Socorro County",35053,16723,"hcv",6569324
"NM","Taos County",35055,32759,"coc",638923
"NM","Taos County",35055,32759,"hcv",5258922
"NM","Valencia County",35061,76518,"coc",259189
"NV","Carson City",32510,55244,"cdbg_entitlement",374115
"NV","Carson City",32510,55244,"coc",259945
"NV","Carson City",32510,55244,"hcv",22800651
"NV","Carson City",32510,55244,"hud_disability",324958
"NV","Carson City",32510,55244,"hud_hopwa",1026194
"NV","Churchill County",32001,24606,"coc",75294
"NV","Clark County",32003,2228866,"cdbg_entitlement",33800294
"NV","Clark County",32003,2228866,"coc",25711365
"NV","Clark County",32003,2228866,"elderly",1744704
"NV","Clark County",32003,2228866,"hcv",3.12e+08
"NV","Clark County",32003,2228866,"home",16189663
"NV","Clark County",32003,2228866,"hud_disability",2565614
"NV","Clark County",32003,2228866,"hud_esg",2630591
"NV","Clark County",32003,2228866,"hud_hopwa",6643541
"NV","Elko County",32007,52537,"elderly",38688
"NV","Humboldt County",32013,16834,"coc",124354
"NV","Nye County",32023,45514,"coc",187172
"NV","Washoe County",32031,464182,"cdbg_entitlement",5409798
"NV","Washoe County",32031,464182,"coc",3933612
"NV","Washoe County",32031,464182,"elderly",421924
"NV","Washoe County",32031,464182,"hcv",61710571
"NV","Washoe County",32031,464182,"home",3209876
"NV","Washoe County",32031,464182,"hud_disability",670730
"NV","Washoe County",32031,464182,"hud_esg",361319
"NY","Albany County",36001,306165,"cdbg_entitlement",7078418
"NY","Albany County",36001,306165,"coc",8926528
"NY","Albany County",36001,306165,"elderly",448702
"NY","Albany County",36001,306165,"hcv",1.35e+09
"NY","Albany County",36001,306165,"home",2042248
"NY","Albany County",36001,306165,"hud_disability",351412
"NY","Albany County",36001,306165,"hud_esg",577203
"NY","Albany County",36001,306165,"hud_hopwa",5049858
"NY","Allegany County",36003,46304,"coc",564903
"NY","Bronx County",36005,1427056,"cdbg_entitlement",56404880
"NY","Bronx County",36005,1427056,"coc",32222163
"NY","Bronx County",36005,1427056,"elderly",56241285
"NY","Bronx County",36005,1427056,"hcv",7.28e+08
"NY","Bronx County",36005,1427056,"home",27195808
"NY","Bronx County",36005,1427056,"hud_disability",3121820
"NY","Bronx County",36005,1427056,"hud_esg",4951601
"NY","Bronx County",36005,1427056,"hud_hopwa",14758308
"NY","Broome County",36007,192042,"cdbg_entitlement",3632980
"NY","Broome County",36007,192042,"coc",1329402
"NY","Broome County",36007,192042,"hcv",11911825
"NY","Broome County",36007,192042,"home",1184563
"NY","Broome County",36007,192042,"hud_disability",74804
"NY","Broome County",36007,192042,"hud_esg",326798
"NY","Cattaraugus County",36009,76750,"coc",330372
"NY","Cattaraugus County",36009,76750,"elderly",602651
"NY","Cattaraugus County",36009,76750,"hcv",1339150
"NY","Cattaraugus County",36009,76750,"hud_disability",70330
"NY","Cayuga County",36011,76958,"cdbg_entitlement",1716985
"NY","Cayuga County",36011,76958,"coc",4653159
"NY","Cayuga County",36011,76958,"hcv",4566688
"NY","Chautauqua County",36013,127584,"cdbg_entitlement",3154647
"NY","Chautauqua County",36013,127584,"coc",614159
"NY","Chautauqua County",36013,127584,"elderly",544480
"NY","Chautauqua County",36013,127584,"hcv",2579852
"NY","Chautauqua County",36013,127584,"home",789757
"NY","Chautauqua County",36013,127584,"hud_disability",528887
"NY","Chemung County",36015,84115,"cdbg_entitlement",2290644
"NY","Chemung County",36015,84115,"coc",1408797
"NY","Chemung County",36015,84115,"elderly",509724
"NY","Chemung County",36015,84115,"hcv",905661
"NY","Chemung County",36015,84115,"home",537297
"NY","Chemung County",36015,84115,"hud_disability",102634
"NY","Chenango County",36017,47527,"coc",1230099
"NY","Chenango County",36017,47527,"hcv",1634450
"NY","Clinton County",36019,80320,"coc",130046
"NY","Clinton County",36019,80320,"elderly",436473
"NY","Clinton County",36019,80320,"hcv",2480320
"NY","Columbia County",36021,60016,"coc",657062
"NY","Columbia County",36021,60016,"elderly",429541
"NY","Columbia County",36021,60016,"hcv",1922461
"NY","Cortland County",36023,47618,"coc",757267
"NY","Cortland County",36023,47618,"hcv",3714458
"NY","Delaware County",36025,44676,"coc",609299
"NY","Delaware County",36025,44676,"elderly",557638
"NY","Delaware County",36025,44676,"hcv",2862073
"NY","Dutchess County",36027,293524,"cdbg_entitlement",4716635
"NY","Dutchess County",36027,293524,"coc",3322529
"NY","Dutchess County",36027,293524,"elderly",171808
"NY","Dutchess County",36027,293524,"grrp_elements",647700
"NY","Dutchess County",36027,293524,"hcv",26150563
"NY","Dutchess County",36027,293524,"home",2138442
"NY","Erie County",36029,918873,"cdbg_entitlement",40012456
"NY","Erie County",36029,918873,"coc",18199566
"NY","Erie County",36029,918873,"elderly",10760543
"NY","Erie County",36029,918873,"hcv",1.66e+08
"NY","Erie County",36029,918873,"home",11777221
"NY","Erie County",36029,918873,"hud_disability",2646455
"NY","Erie County",36029,918873,"hud_esg",3133503
"NY","Erie County",36029,918873,"hud_hopwa",1936315
"NY","Essex County",36031,37281,"coc",149661
"NY","Franklin County",36033,50389,"coc",149661
"NY","Franklin County",36033,50389,"elderly",336973
"NY","Franklin County",36033,50389,"hcv",1091526
"NY","Fulton County",36035,53452,"hcv",3582755
"NY","Genesee County",36037,57554,"coc",3931209
"NY","Genesee County",36037,57554,"hud_disability",134922
"NY","Greene County",36039,47335,"coc",471996
"NY","Greene County",36039,47335,"elderly",533537
"NY","Hamilton County",36041,4454,"coc",608422
"NY","Herkimer County",36043,61738,"hcv",4418307
"NY","Herkimer County",36043,61738,"hud_disability",102529
"NY","Jefferson County",36045,111454,"cdbg_entitlement",1818542
"NY","Jefferson County",36045,111454,"coc",700292
"NY","Jefferson County",36045,111454,"elderly",230511
"NY","Jefferson County",36045,111454,"home",1815147
"NY","Kings County",36047,2576771,"cdbg_entitlement",1.04e+08
"NY","Kings County",36047,2576771,"coc",58959326
"NY","Kings County",36047,2576771,"elderly",70438908
"NY","Kings County",36047,2576771,"hcv",1.37e+09
"NY","Kings County",36047,2576771,"home",50239549
"NY","Kings County",36047,2576771,"hud_disability",827
"NY","Kings County",36047,2576771,"hud_esg",9147227
"NY","Kings County",36047,2576771,"hud_hopwa",27865843
"NY","Lewis County",36049,26456,"coc",700292
"NY","Livingston County",36051,63218,"coc",469197
"NY","Madison County",36053,70990,"coc",2158460
"NY","Madison County",36053,70990,"hcv",3248727
"NY","Monroe County",36055,743084,"cdbg_entitlement",22793094
"NY","Monroe County",36055,743084,"coc",24838216
"NY","Monroe County",36055,743084,"elderly",3105746
"NY","Monroe County",36055,743084,"hcv",1.5e+08
"NY","Monroe County",36055,743084,"home",8264635
"NY","Monroe County",36055,743084,"hud_disability",815717
"NY","Monroe County",36055,743084,"hud_esg",1742645
"NY","Monroe County",36055,743084,"hud_hopwa",2154720
"NY","Montgomery County",36057,49294,"cdbg_entitlement",944483
"NY","Montgomery County",36057,49294,"elderly",50839
"NY","Montgomery County",36057,49294,"hcv",7843782
"NY","Montgomery County",36057,49294,"hud_disability",95212
"NY","Nassau County",36059,1355683,"cdbg_entitlement",26911477
"NY","Nassau County",36059,1355683,"coc",12527404
"NY","Nassau County",36059,1355683,"elderly",6490610
"NY","Nassau County",36059,1355683,"hcv",60023659
"NY","Nassau County",36059,1355683,"home",5296267
"NY","Nassau County",36059,1355683,"hud_disability",2068967
"NY","Nassau County",36059,1355683,"hud_esg",2376345
"NY","New York County",36061,1629153,"cdbg_entitlement",64121327
"NY","New York County",36061,1629153,"coc",1.43e+08
"NY","New York County",36061,1629153,"elderly",46960189
"NY","New York County",36061,1629153,"grrp_elements",941101
"NY","New York County",36061,1629153,"hcv",8.57e+08
"NY","New York County",36061,1629153,"home",30916320
"NY","New York County",36061,1629153,"hud_disability",10270656
"NY","New York County",36061,1629153,"hud_esg",5629003
"NY","New York County",36061,1629153,"hud_hopwa",17380089
"NY","Niagara County",36063,210145,"cdbg_entitlement",4596769
"NY","Niagara County",36063,210145,"coc",4460437
"NY","Niagara County",36063,210145,"elderly",1184182
"NY","Niagara County",36063,210145,"hcv",10317815
"NY","Niagara County",36063,210145,"home",1011460
"NY","Niagara County",36063,210145,"hud_disability",257517
"NY","Niagara County",36063,210145,"hud_esg",411006
"NY","Oneida County",36065,229074,"cdbg_entitlement",6761395
"NY","Oneida County",36065,229074,"coc",2890382
"NY","Oneida County",36065,229074,"elderly",2247
"NY","Oneida County",36065,229074,"hcv",28473396
"NY","Oneida County",36065,229074,"home",1381784
"NY","Oneida County",36065,229074,"hud_esg",432018
"NY","Onondaga County",36067,461591,"cdbg_entitlement",14323733
"NY","Onondaga County",36067,461591,"coc",10571852
"NY","Onondaga County",36067,461591,"elderly",3457599
"NY","Onondaga County",36067,461591,"hcv",77830512
"NY","Onondaga County",36067,461591,"home",4556424
"NY","Onondaga County",36067,461591,"hud_disability",506093
"NY","Onondaga County",36067,461591,"hud_esg",1214267
"NY","Ontario County",36069,109774,"coc",390709
"NY","Orange County",36071,382077,"cdbg_entitlement",8334590
"NY","Orange County",36071,382077,"coc",5756116
"NY","Orange County",36071,382077,"hcv",21890474
"NY","Orange County",36071,382077,"home",2614545
"NY","Orange County",36071,382077,"hud_disability",906470
"NY","Orange County",36071,382077,"hud_esg",148060
"NY","Orleans County",36073,40624,"coc",3931209
"NY","Oswego County",36075,117630,"coc",5020112
"NY","Oswego County",36075,117630,"hcv",11830654
"NY","Otsego County",36077,59593,"coc",609299
"NY","Otsego County",36077,59593,"hcv",889416
"NY","Putnam County",36079,98714,"elderly",740173
"NY","Putnam County",36079,98714,"hud_disability",804337
"NY","Queens County",36081,2270976,"cdbg_entitlement",91933690
"NY","Queens County",36081,2270976,"coc",46364166
"NY","Queens County",36081,2270976,"elderly",24463090
"NY","Queens County",36081,2270976,"hcv",1.21e+09
"NY","Queens County",36081,2270976,"home",44326147
"NY","Queens County",36081,2270976,"hud_disability",390955
"NY","Queens County",36081,2270976,"hud_esg",8070560
"NY","Queens County",36081,2270976,"hud_hopwa",24503642
"NY","Rensselaer County",36083,159013,"cdbg_entitlement",3434821
"NY","Rensselaer County",36083,159013,"coc",7776361
"NY","Rensselaer County",36083,159013,"hcv",32397962
"NY","Rensselaer County",36083,159013,"hud_esg",304361
"NY","Richmond County",36085,475596,"cdbg_entitlement",18946583
"NY","Richmond County",36085,475596,"coc",9459210
"NY","Richmond County",36085,475596,"elderly",10421435
"NY","Richmond County",36085,475596,"grrp_elements",2250000
"NY","Richmond County",36085,475596,"hcv",2.63e+08
"NY","Richmond County",36085,475596,"home",9135161
"NY","Richmond County",36085,475596,"hud_disability",654141
"NY","Richmond County",36085,475596,"hud_esg",1663259
"NY","Richmond County",36085,475596,"hud_hopwa",5338620
"NY","Rockland County",36087,325213,"cdbg_entitlement",4829355
"NY","Rockland County",36087,325213,"coc",5954313
"NY","Rockland County",36087,325213,"elderly",1043871
"NY","Rockland County",36087,325213,"hcv",81683983
"NY","Rockland County",36087,325213,"home",2160496
"NY","Rockland County",36087,325213,"hud_disability",2139892
"NY","Rockland County",36087,325213,"hud_esg",397105
"NY","Saratoga County",36091,229313,"cdbg_entitlement",643225
"NY","Saratoga County",36091,229313,"coc",1688017
"NY","Saratoga County",36091,229313,"elderly",2411
"NY","Saratoga County",36091,229313,"hcv",19668159
"NY","Schenectady County",36093,155086,"cdbg_entitlement",4230108
"NY","Schenectady County",36093,155086,"coc",9796949
"NY","Schenectady County",36093,155086,"hcv",32198827
"NY","Schenectady County",36093,155086,"home",2423790
"NY","Schenectady County",36093,155086,"hud_esg",378473
"NY","Schoharie County",36095,31189,"hcv",3321895
"NY","Schuyler County",36097,17845,"coc",469197
"NY","Seneca County",36099,34295,"coc",107057
"NY","St. Lawrence County",36089,108352,"coc",700292
"NY","Steuben County",36101,95843,"coc",1027633
"NY","Steuben County",36101,95843,"elderly",655485
"NY","Steuben County",36101,95843,"hcv",2424534
"NY","Suffolk County",36103,1481364,"cdbg_entitlement",14422749
"NY","Suffolk County",36103,1481364,"coc",14610154
"NY","Suffolk County",36103,1481364,"elderly",2401323
"NY","Suffolk County",36103,1481364,"hcv",1.36e+08
"NY","Suffolk County",36103,1481364,"home",5648380
"NY","Suffolk County",36103,1481364,"hud_disability",6325164
"NY","Suffolk County",36103,1481364,"hud_esg",727483
"NY","Suffolk County",36103,1481364,"hud_hopwa",4971961
"NY","Sullivan County",36105,75329,"coc",727999
"NY","Sullivan County",36105,75329,"grrp_comp",4080000
"NY","Sullivan County",36105,75329,"hcv",5727684
"NY","Tioga County",36107,48431,"coc",609299
"NY","Tompkins County",36109,102237,"cdbg_entitlement",1271047
"NY","Tompkins County",36109,102237,"coc",1420295
"NY","Tompkins County",36109,102237,"hcv",22463066
"NY","Tompkins County",36109,102237,"home",650089
"NY","Ulster County",36111,178371,"cdbg_entitlement",1372713
"NY","Ulster County",36111,178371,"coc",2710396
"NY","Ulster County",36111,178371,"elderly",366485
"NY","Ulster County",36111,178371,"hcv",10174867
"NY","Warren County",36113,64187,"coc",1214804
"NY","Warren County",36113,64187,"hcv",14271784
"NY","Washington County",36115,61304,"coc",734476
"NY","Wayne County",36117,90103,"coc",155180
"NY","Wayne County",36117,90103,"hcv",5884867
"NY","Wayne County",36117,90103,"hud_disability",217818
"NY","Westchester County",36119,968738,"cdbg_entitlement",23132518
"NY","Westchester County",36119,968738,"coc",42134860
"NY","Westchester County",36119,968738,"elderly",8503175
"NY","Westchester County",36119,968738,"hcv",2.29e+08
"NY","Westchester County",36119,968738,"home",7604913
"NY","Westchester County",36119,968738,"hud_disability",149727
"NY","Westchester County",36119,968738,"hud_esg",1334652
"NY","Wyoming County",36121,40027,"coc",3931209
"NY","Wyoming County",36121,40027,"elderly",75912
"NY","Yates County",36123,24981,"coc",107057
"NY","Yates County",36123,24981,"elderly",107145
"OH","Adams County",39001,27685,"elderly",197393
"OH","Adams County",39001,27685,"hcv",2109345
"OH","Allen County",39003,102808,"cdbg_entitlement",2140760
"OH","Allen County",39003,102808,"coc",205598
"OH","Allen County",39003,102808,"hcv",11817778
"OH","Allen County",39003,102808,"home",653458
"OH","Allen County",39003,102808,"hud_disability",151506
"OH","Ashland County",39005,53533,"coc",235950
"OH","Ashland County",39005,53533,"elderly",370432
"OH","Ashtabula County",39007,97416,"coc",356894
"OH","Ashtabula County",39007,97416,"elderly",468078
"OH","Ashtabula County",39007,97416,"hcv",5701576
"OH","Ashtabula County",39007,97416,"hud_disability",160486
"OH","Athens County",39009,65945,"coc",1078150
"OH","Athens County",39009,65945,"elderly",367536
"OH","Athens County",39009,65945,"hcv",9233428
"OH","Belmont County",39013,67424,"hcv",3054366
"OH","Brown County",39015,43508,"elderly",225777
"OH","Brown County",39015,43508,"hcv",413246
"OH","Brown County",39015,43508,"hud_disability",393329
"OH","Butler County",39017,382129,"cdbg_entitlement",6618481
"OH","Butler County",39017,382129,"coc",605503
"OH","Butler County",39017,382129,"elderly",407090
"OH","Butler County",39017,382129,"hcv",30667083
"OH","Butler County",39017,382129,"home",2724804
"OH","Champaign County",39021,38861,"coc",232372
"OH","Champaign County",39021,38861,"elderly",545399
"OH","Clark County",39023,134409,"cdbg_entitlement",3631585
"OH","Clark County",39023,134409,"coc",463472
"OH","Clark County",39023,134409,"elderly",167633
"OH","Clark County",39023,134409,"hcv",8542851
"OH","Clark County",39023,134409,"home",1132651
"OH","Clark County",39023,134409,"hud_esg",317280
"OH","Clermont County",39025,205616,"cdbg_entitlement",1996956
"OH","Clermont County",39025,205616,"elderly",1938402
"OH","Clermont County",39025,205616,"hcv",13495072
"OH","Clermont County",39025,205616,"home",1115720
"OH","Clinton County",39027,42000,"hcv",3125846
"OH","Clinton County",39027,42000,"hud_disability",221431
"OH","Columbiana County",39029,102514,"coc",391028
"OH","Columbiana County",39029,102514,"hcv",4974921
"OH","Columbiana County",39029,102514,"hud_disability",644549
"OH","Coshocton County",39031,36558,"coc",169578
"OH","Coshocton County",39031,36558,"hcv",2270279
"OH","Crawford County",39033,41603,"elderly",301587
"OH","Crawford County",39033,41603,"hcv",3777937
"OH","Cuyahoga County",39035,1241475,"cdbg_entitlement",62680583
"OH","Cuyahoga County",39035,1241475,"coc",65022883
"OH","Cuyahoga County",39035,1241475,"elderly",15037651
"OH","Cuyahoga County",39035,1241475,"hcv",2.64e+08
"OH","Cuyahoga County",39035,1241475,"home",17572372
"OH","Cuyahoga County",39035,1241475,"hud_disability",2234454
"OH","Cuyahoga County",39035,1241475,"hud_esg",4722220
"OH","Cuyahoga County",39035,1241475,"hud_hopwa",4476346
"OH","Delaware County",39041,205454,"elderly",559361
"OH","Delaware County",39041,205454,"hcv",6107157
"OH","Delaware County",39041,205454,"hud_disability",542333
"OH","Erie County",39043,74419,"cdbg_entitlement",1438129
"OH","Erie County",39043,74419,"elderly",1059
"OH","Erie County",39043,74419,"hcv",12712014
"OH","Erie County",39043,74419,"hud_disability",483671
"OH","Fairfield County",39045,156204,"cdbg_entitlement",1009465
"OH","Fairfield County",39045,156204,"elderly",717011
"OH","Fairfield County",39045,156204,"hcv",13779950
"OH","Fairfield County",39045,156204,"hud_disability",211078
"OH","Fayette County",39047,28609,"coc",123451
"OH","Fayette County",39047,28609,"elderly",570324
"OH","Fayette County",39047,28609,"hcv",4465974
"OH","Franklin County",39049,1304715,"cdbg_entitlement",19142067
"OH","Franklin County",39049,1304715,"coc",28608664
"OH","Franklin County",39049,1304715,"elderly",28427932
"OH","Franklin County",39049,1304715,"hcv",2.64e+08
"OH","Franklin County",39049,1304715,"home",12080559
"OH","Franklin County",39049,1304715,"hud_disability",3876137
"OH","Franklin County",39049,1304715,"hud_esg",1654847
"OH","Franklin County",39049,1304715,"hud_hopwa",10400927
"OH","Gallia County",39053,29995,"hcv",1526063
"OH","Geauga County",39055,93657,"coc",108928
"OH","Geauga County",39055,93657,"hcv",1914230
"OH","Greene County",39057,167867,"cdbg_entitlement",516579
"OH","Greene County",39057,167867,"coc",123483
"OH","Greene County",39057,167867,"elderly",392767
"OH","Greene County",39057,167867,"hcv",18132870
"OH","Greene County",39057,167867,"hud_disability",63998
"OH","Guernsey County",39059,38996,"hcv",10472005
"OH","Hamilton County",39061,815790,"cdbg_entitlement",29411742
"OH","Hamilton County",39061,815790,"coc",31302545
"OH","Hamilton County",39061,815790,"elderly",3135127
"OH","Hamilton County",39061,815790,"grrp_comp",6480000
"OH","Hamilton County",39061,815790,"grrp_elements",1500000
"OH","Hamilton County",39061,815790,"hcv",1.91e+08
"OH","Hamilton County",39061,815790,"home",9334307
"OH","Hamilton County",39061,815790,"hud_disability",873750
"OH","Hamilton County",39061,815790,"hud_esg",2575479
"OH","Hamilton County",39061,815790,"hud_hopwa",3598750
"OH","Hancock County",39063,75765,"coc",235354
"OH","Hancock County",39063,75765,"elderly",1344
"OH","Hancock County",39063,75765,"hcv",7092770
"OH","Hancock County",39063,75765,"hud_disability",46076
"OH","Harrison County",39067,15132,"hcv",1648317
"OH","Henry County",39069,27068,"hcv",3228152
"OH","Henry County",39069,27068,"hud_disability",305923
"OH","Hocking County",39073,28306,"coc",624530
"OH","Hocking County",39073,28306,"hcv",3043504
"OH","Holmes County",39075,43954,"elderly",87669
"OH","Huron County",39077,58271,"hcv",7588892
"OH","Huron County",39077,58271,"hud_disability",7515
"OH","Jackson County",39079,32440,"hcv",1869142
"OH","Jackson County",39079,32440,"hud_disability",275391
"OH","Jefferson County",39081,65943,"cdbg_entitlement",1196160
"OH","Jefferson County",39081,65943,"coc",153402
"OH","Jefferson County",39081,65943,"hcv",7527506
"OH","Knox County",39083,61776,"elderly",487877
"OH","Knox County",39083,61776,"hcv",7653075
"OH","Lake County",39085,229755,"cdbg_entitlement",3104012
"OH","Lake County",39085,229755,"coc",614593
"OH","Lake County",39085,229755,"elderly",512188
"OH","Lake County",39085,229755,"hcv",19546401
"OH","Lake County",39085,229755,"home",1016407
"OH","Lake County",39085,229755,"hud_disability",286419
"OH","Lawrence County",39087,59901,"coc",215231
"OH","Lawrence County",39087,59901,"hcv",628455
"OH","Licking County",39089,175409,"cdbg_entitlement",1476210
"OH","Licking County",39089,175409,"coc",1745206
"OH","Licking County",39089,175409,"elderly",1544330
"OH","Licking County",39089,175409,"hcv",14050776
"OH","Licking County",39089,175409,"hud_disability",78146
"OH","Logan County",39091,45315,"coc",246104
"OH","Logan County",39091,45315,"elderly",721519
"OH","Logan County",39091,45315,"hcv",3671981
"OH","Logan County",39091,45315,"hud_disability",127145
"OH","Lorain County",39093,309134,"cdbg_entitlement",4138781
"OH","Lorain County",39093,309134,"coc",641390
"OH","Lorain County",39093,309134,"elderly",485456
"OH","Lorain County",39093,309134,"hcv",47066411
"OH","Lorain County",39093,309134,"home",1184366
"OH","Lorain County",39093,309134,"hud_disability",1244243
"OH","Lucas County",39095,430319,"cdbg_entitlement",14728676
"OH","Lucas County",39095,430319,"coc",7396291
"OH","Lucas County",39095,430319,"elderly",3929089
"OH","Lucas County",39095,430319,"grrp_elements",750000
"OH","Lucas County",39095,430319,"hcv",57186338
"OH","Lucas County",39095,430319,"home",4937005
"OH","Lucas County",39095,430319,"hud_disability",1684589
"OH","Lucas County",39095,430319,"hud_esg",1286380
"OH","Mahoning County",39099,228452,"cdbg_entitlement",6908186
"OH","Mahoning County",39099,228452,"coc",3070055
"OH","Mahoning County",39099,228452,"elderly",867653
"OH","Mahoning County",39099,228452,"hcv",24627377
"OH","Mahoning County",39099,228452,"home",1555864
"OH","Mahoning County",39099,228452,"hud_disability",277623
"OH","Mahoning County",39099,228452,"hud_esg",606509
"OH","Marion County",39101,65179,"elderly",939824
"OH","Marion County",39101,65179,"hcv",6232813
"OH","Marion County",39101,65179,"hud_disability",68695
"OH","Medina County",39103,179116,"coc",223289
"OH","Medina County",39103,179116,"elderly",333357
"OH","Medina County",39103,179116,"hcv",8352809
"OH","Medina County",39103,179116,"hud_disability",452989
"OH","Meigs County",39105,22974,"hcv",1105667
"OH","Miami County",39109,106074,"coc",198153
"OH","Miami County",39109,106074,"hcv",10808804
"OH","Montgomery County",39113,531988,"cdbg_entitlement",16482574
"OH","Montgomery County",39113,531988,"coc",22623721
"OH","Montgomery County",39113,531988,"elderly",7174080
"OH","Montgomery County",39113,531988,"hcv",61813139
"OH","Montgomery County",39113,531988,"home",5372371
"OH","Montgomery County",39113,531988,"hud_disability",923805
"OH","Montgomery County",39113,531988,"hud_esg",1345758
"OH","Morgan County",39115,14557,"hcv",1409033
"OH","Morrow County",39117,35148,"elderly",290614
"OH","Morrow County",39117,35148,"hud_disability",145067
"OH","Muskingum County",39119,86033,"elderly",522652
"OH","Muskingum County",39119,86033,"hcv",7370644
"OH","Ottawa County",39123,40557,"elderly",337910
"OH","Ottawa County",39123,40557,"hud_disability",548127
"OH","Perry County",39127,36076,"hcv",2020227
"OH","Pickaway County",39129,58112,"hcv",7462000
"OH","Pike County",39131,27914,"hcv",5395044
"OH","Pike County",39131,27914,"hud_disability",837
"OH","Portage County",39133,162476,"cdbg_entitlement",585203
"OH","Portage County",39133,162476,"coc",1241517
"OH","Portage County",39133,162476,"elderly",152865
"OH","Portage County",39133,162476,"hcv",28322012
"OH","Portage County",39133,162476,"hud_disability",102014
"OH","Preble County",39135,40995,"hcv",449848
"OH","Preble County",39135,40995,"hud_disability",44478
"OH","Richland County",39139,121043,"cdbg_entitlement",1687826
"OH","Richland County",39139,121043,"elderly",898963
"OH","Richland County",39139,121043,"hcv",22738567
"OH","Richland County",39139,121043,"home",728643
"OH","Richland County",39139,121043,"hud_disability",669474
"OH","Ross County",39141,76816,"elderly",235816
"OH","Ross County",39141,76816,"hcv",6804149
"OH","Sandusky County",39143,58801,"coc",1353555
"OH","Sandusky County",39143,58801,"elderly",269430
"OH","Sandusky County",39143,58801,"hcv",2586674
"OH","Scioto County",39145,75441,"hcv",6431014
"OH","Scioto County",39145,75441,"hud_disability",287054
"OH","Seneca County",39147,55251,"elderly",580520
"OH","Shelby County",39149,48610,"hcv",2328206
"OH","Stark County",39151,371516,"cdbg_entitlement",10519886
"OH","Stark County",39151,371516,"coc",5428141
"OH","Stark County",39151,371516,"elderly",1548876
"OH","Stark County",39151,371516,"hcv",18243934
"OH","Stark County",39151,371516,"home",3679002
"OH","Stark County",39151,371516,"hud_disability",561106
"OH","Stark County",39151,371516,"hud_esg",453485
"OH","Summit County",39153,540810,"cdbg_entitlement",16619676
"OH","Summit County",39153,540810,"coc",12011540
"OH","Summit County",39153,540810,"elderly",1823302
"OH","Summit County",39153,540810,"hcv",78382864
"OH","Summit County",39153,540810,"home",4315203
"OH","Summit County",39153,540810,"hud_disability",913543
"OH","Summit County",39153,540810,"hud_esg",1050275
"OH","Trumbull County",39155,199144,"cdbg_entitlement",2341538
"OH","Trumbull County",39155,199144,"elderly",988493
"OH","Trumbull County",39155,199144,"hcv",12927873
"OH","Trumbull County",39155,199144,"home",1601479
"OH","Trumbull County",39155,199144,"hud_disability",88144
"OH","Tuscarawas County",39157,92165,"coc",378708
"OH","Tuscarawas County",39157,92165,"elderly",405484
"OH","Tuscarawas County",39157,92165,"hcv",5871446
"OH","Tuscarawas County",39157,92165,"hud_disability",178994
"OH","Union County",39159,57871,"coc",120473
"OH","Union County",39159,57871,"elderly",307247
"OH","Vinton County",39163,13045,"coc",481186
"OH","Vinton County",39163,13045,"hcv",1690698
"OH","Warren County",39165,232540,"cdbg_entitlement",1518790
"OH","Warren County",39165,232540,"elderly",709914
"OH","Warren County",39165,232540,"hcv",11477476
"OH","Washington County",39167,60217,"cdbg_entitlement",780135
"OH","Washington County",39167,60217,"coc",44340
"OH","Washington County",39167,60217,"elderly",190318
"OH","Washington County",39167,60217,"hcv",4623974
"OH","Wayne County",39169,116063,"coc",114440
"OH","Wayne County",39169,116063,"elderly",150517
"OH","Wayne County",39169,116063,"hcv",9778040
"OH","Wayne County",39169,116063,"hud_disability",133569
"OH","Williams County",39171,36760,"hud_disability",43381
"OH","Wood County",39173,130662,"cdbg_entitlement",596152
"OH","Wood County",39173,130662,"elderly",2171
"OH","Wood County",39173,130662,"hcv",1108020
"OH","Wood County",39173,130662,"hud_disability",447491
"OK","Adair County",40001,22171,"coc",35218
"OK","Adair County",40001,22171,"elderly",42510
"OK","Adair County",40001,22171,"hcv",249693
"OK","Atoka County",40005,13815,"coc",12599
"OK","Atoka County",40005,13815,"elderly",70824
"OK","Beckham County",40009,21860,"coc",10998
"OK","Blaine County",40011,9521,"hud_disability",170568
"OK","Bryan County",40013,47325,"coc",12599
"OK","Bryan County",40013,47325,"elderly",82113
"OK","Caddo County",40015,29179,"coc",10998
"OK","Caddo County",40015,29179,"hud_disability",170457
"OK","Canadian County",40017,144610,"elderly",131019
"OK","Canadian County",40017,144610,"hud_disability",145425
"OK","Carter County",40019,48380,"coc",12599
"OK","Carter County",40019,48380,"elderly",60170
"OK","Carter County",40019,48380,"hud_disability",2078
"OK","Cherokee County",40021,48871,"coc",35218
"OK","Cherokee County",40021,48871,"elderly",280559
"OK","Cherokee County",40021,48871,"hcv",328128
"OK","Choctaw County",40023,14727,"coc",12599
"OK","Choctaw County",40023,14727,"elderly",135462
"OK","Choctaw County",40023,14727,"hcv",1663197
"OK","Cleveland County",40027,282189,"cdbg_entitlement",2516894
"OK","Cleveland County",40027,282189,"coc",694371
"OK","Cleveland County",40027,282189,"elderly",364270
"OK","Cleveland County",40027,282189,"hcv",16487402
"OK","Cleveland County",40027,282189,"home",923028
"OK","Cleveland County",40027,282189,"hud_disability",358574
"OK","Coal County",40029,5577,"coc",12599
"OK","Coal County",40029,5577,"elderly",29059
"OK","Comanche County",40031,121374,"cdbg_entitlement",1474220
"OK","Comanche County",40031,121374,"coc",10998
"OK","Comanche County",40031,121374,"elderly",165932
"OK","Comanche County",40031,121374,"hcv",1425128
"OK","Comanche County",40031,121374,"home",875747
"OK","Comanche County",40031,121374,"hud_disability",195444
"OK","Cotton County",40033,5783,"coc",10998
"OK","Craig County",40035,14274,"coc",35218
"OK","Craig County",40035,14274,"hud_disability",404608
"OK","Creek County",40037,71505,"coc",31810
"OK","Creek County",40037,71505,"hcv",603723
"OK","Custer County",40039,28929,"hcv",458771
"OK","Delaware County",40041,42741,"coc",103834
"OK","Garfield County",40047,61555,"cdbg_entitlement",946456
"OK","Garfield County",40047,61555,"coc",76575
"OK","Garfield County",40047,61555,"elderly",338143
"OK","Garvin County",40049,27789,"coc",10998
"OK","Grady County",40051,55315,"coc",10998
"OK","Grady County",40051,55315,"hud_disability",89445
"OK","Grant County",40053,4369,"coc",31810
"OK","Greer County",40055,5790,"coc",10998
"OK","Harmon County",40057,2663,"coc",10998
"OK","Haskell County",40061,12688,"coc",12599
"OK","Haskell County",40061,12688,"elderly",76367
"OK","Haskell County",40061,12688,"hud_disability",5694
"OK","Hughes County",40063,13265,"coc",12599
"OK","Jackson County",40065,24808,"coc",10998
"OK","Jefferson County",40067,6084,"coc",10998
"OK","Johnston County",40069,11028,"coc",12599
"OK","Kay County",40071,44074,"coc",110583
"OK","Kay County",40071,44074,"hcv",954192
"OK","Kay County",40071,44074,"hud_disability",285452
"OK","Kiowa County",40075,8816,"coc",10998
"OK","Kiowa County",40075,8816,"elderly",122250
"OK","Kiowa County",40075,8816,"hud_disability",228085
"OK","Latimer County",40077,10239,"coc",12599
"OK","Latimer County",40077,10239,"hud_disability",18173
"OK","Le Flore County",40079,49999,"coc",12599
"OK","Le Flore County",40079,49999,"elderly",130696
"OK","Lincoln County",40081,34936,"elderly",266707
"OK","Love County",40085,10128,"coc",12599
"OK","Marshall County",40095,16688,"coc",12599
"OK","Mayes County",40097,41098,"coc",35218
"OK","Mayes County",40097,41098,"elderly",5950
"OK","McCurtain County",40089,32913,"coc",12599
"OK","McCurtain County",40089,32913,"elderly",113145
"OK","McCurtain County",40089,32913,"hcv",2964660
"OK","McIntosh County",40091,19677,"coc",12599
"OK","Murray County",40099,13972,"coc",12599
"OK","Muskogee County",40101,68451,"coc",12599
"OK","Muskogee County",40101,68451,"elderly",57264
"OK","Muskogee County",40101,68451,"hcv",8658816
"OK","Muskogee County",40101,68451,"hud_disability",135034
"OK","Noble County",40103,11263,"coc",31810
"OK","Nowata County",40105,10243,"coc",35218
"OK","Okfuskee County",40107,11987,"coc",12599
"OK","Oklahoma County",40109,792668,"cdbg_entitlement",11679510
"OK","Oklahoma County",40109,792668,"coc",11446987
"OK","Oklahoma County",40109,792668,"elderly",878876
"OK","Oklahoma County",40109,792668,"hcv",2.06e+08
"OK","Oklahoma County",40109,792668,"home",5227343
"OK","Oklahoma County",40109,792668,"hud_disability",97328
"OK","Oklahoma County",40109,792668,"hud_esg",863578
"OK","Oklahoma County",40109,792668,"hud_hopwa",3616277
"OK","Okmulgee County",40111,38553,"coc",12599
"OK","Okmulgee County",40111,38553,"hcv",1389134
"OK","Osage County",40113,47074,"coc",31810
"OK","Osage County",40113,47074,"hcv",682644
"OK","Osage County",40113,47074,"hud_disability",161105
"OK","Ottawa County",40115,31283,"coc",125022
"OK","Ottawa County",40115,31283,"hcv",3212697
"OK","Ottawa County",40115,31283,"hud_disability",126725
"OK","Pawnee County",40117,16402,"coc",31810
"OK","Pawnee County",40117,16402,"hud_disability",70155
"OK","Payne County",40119,81912,"coc",158704
"OK","Payne County",40119,81912,"hcv",9101803
"OK","Pittsburg County",40121,43955,"coc",12599
"OK","Pittsburg County",40121,43955,"elderly",17868
"OK","Pittsburg County",40121,43955,"hcv",653219
"OK","Pittsburg County",40121,43955,"hud_disability",187761
"OK","Pontotoc County",40123,38385,"coc",12599
"OK","Pontotoc County",40123,38385,"hcv",848037
"OK","Pontotoc County",40123,38385,"hud_disability",273775
"OK","Pottawatomie County",40125,72511,"cdbg_entitlement",679794
"OK","Pottawatomie County",40125,72511,"elderly",138103
"OK","Pottawatomie County",40125,72511,"hcv",7424288
"OK","Pottawatomie County",40125,72511,"hud_disability",106695
"OK","Pushmataha County",40127,11055,"coc",12599
"OK","Pushmataha County",40127,11055,"elderly",39506
"OK","Roger Mills County",40129,3635,"coc",10998
"OK","Rogers County",40131,92052,"coc",53323
"OK","Rogers County",40131,92052,"elderly",42016
"OK","Rogers County",40131,92052,"hud_disability",143061
"OK","Seminole County",40133,24624,"elderly",66741
"OK","Seminole County",40133,24624,"hcv",2194092
"OK","Sequoyah County",40135,41687,"coc",35218
"OK","Stephens County",40137,43401,"coc",10998
"OK","Tillman County",40141,7347,"coc",10998
"OK","Tulsa County",40143,650291,"cdbg_entitlement",9889190
"OK","Tulsa County",40143,650291,"coc",7869040
"OK","Tulsa County",40143,650291,"elderly",605314
"OK","Tulsa County",40143,650291,"hcv",87203243
"OK","Tulsa County",40143,650291,"home",6446835
"OK","Tulsa County",40143,650291,"hud_disability",348231
"OK","Tulsa County",40143,650291,"hud_esg",612930
"OK","Tulsa County",40143,650291,"hud_hopwa",2079006
"OK","Wagoner County",40145,80264,"coc",35218
"OK","Wagoner County",40145,80264,"hud_disability",34471
"OK","Washington County",40147,51995,"coc",35218
"OK","Washington County",40147,51995,"elderly",305113
"OK","Washington County",40147,51995,"hud_disability",481011
"OK","Woods County",40151,8914,"coc",245682
"OK","Woodward County",40153,20352,"coc",134917
"OR","Benton County",41003,92168,"cdbg_entitlement",1068361
"OR","Benton County",41003,92168,"home",747583
"OR","Clackamas County",41005,415084,"cdbg_entitlement",4406852
"OR","Clackamas County",41005,415084,"coc",7602296
"OR","Clackamas County",41005,415084,"elderly",3132888
"OR","Clackamas County",41005,415084,"hcv",46712696
"OR","Clackamas County",41005,415084,"home",2221169
"OR","Clackamas County",41005,415084,"hud_disability",537465
"OR","Clackamas County",41005,415084,"hud_esg",385824
"OR","Clatsop County",41007,39656,"coc",181222
"OR","Clatsop County",41007,39656,"hcv",21333328
"OR","Columbia County",41009,52117,"coc",911772
"OR","Coos County",41011,64175,"coc",144956
"OR","Coos County",41011,64175,"hcv",10034256
"OR","Coos County",41011,64175,"hud_disability",2363
"OR","Crook County",41013,23733,"coc",286505
"OR","Deschutes County",41017,191749,"cdbg_entitlement",1636945
"OR","Deschutes County",41017,191749,"coc",819922
"OR","Deschutes County",41017,191749,"elderly",289634
"OR","Deschutes County",41017,191749,"hcv",26059246
"OR","Douglas County",41019,110015,"coc",381473
"OR","Douglas County",41019,110015,"elderly",1718510
"OR","Douglas County",41019,110015,"hcv",10062873
"OR","Douglas County",41019,110015,"hud_disability",97431
"OR","Harney County",41025,7310,"elderly",84184
"OR","Jackson County",41029,218781,"cdbg_entitlement",1792741
"OR","Jackson County",41029,218781,"coc",485889
"OR","Jackson County",41029,218781,"elderly",1073415
"OR","Jackson County",41029,218781,"hcv",37764984
"OR","Jackson County",41029,218781,"home",1072826
"OR","Jackson County",41029,218781,"hud_disability",151441
"OR","Jefferson County",41031,24048,"coc",286505
"OR","Jefferson County",41031,24048,"hcv",253556
"OR","Josephine County",41033,87097,"cdbg_entitlement",737615
"OR","Josephine County",41033,87097,"elderly",445617
"OR","Josephine County",41033,87097,"hcv",12017487
"OR","Josephine County",41033,87097,"hud_disability",457946
"OR","Klamath County",41035,67606,"elderly",355980
"OR","Klamath County",41035,67606,"hcv",11788067
"OR","Lane County",41039,377749,"cdbg_entitlement",4027418
"OR","Lane County",41039,377749,"coc",10266424
"OR","Lane County",41039,377749,"elderly",788400
"OR","Lane County",41039,377749,"hcv",59317064
"OR","Lane County",41039,377749,"home",3017841
"OR","Lane County",41039,377749,"hud_disability",407410
"OR","Lincoln County",41041,49336,"hcv",8138823
"OR","Linn County",41043,127216,"cdbg_entitlement",674342
"OR","Linn County",41043,127216,"coc",326722
"OR","Linn County",41043,127216,"hcv",45340307
"OR","Malheur County",41045,30632,"hcv",5516031
"OR","Marion County",41047,343742,"cdbg_entitlement",5670990
"OR","Marion County",41047,343742,"coc",2885478
"OR","Marion County",41047,343742,"elderly",305802
"OR","Marion County",41047,343742,"hcv",70131653
"OR","Marion County",41047,343742,"home",2755971
"OR","Marion County",41047,343742,"hud_hopwa",4144662
"OR","Multnomah County",41051,809869,"cdbg_entitlement",19391002
"OR","Multnomah County",41051,809869,"coc",57125473
"OR","Multnomah County",41051,809869,"elderly",4040292
"OR","Multnomah County",41051,809869,"hcv",3.05e+08
"OR","Multnomah County",41051,809869,"home",8020572
"OR","Multnomah County",41051,809869,"hud_disability",1822484
"OR","Multnomah County",41051,809869,"hud_esg",1457132
"OR","Multnomah County",41051,809869,"hud_hopwa",5055967
"OR","Polk County",41053,84730,"coc",1743254
"OR","Polk County",41053,84730,"hcv",8962142
"OR","Tillamook County",41057,26782,"coc",98165
"OR","Umatilla County",41059,77319,"coc",183264
"OR","Umatilla County",41059,77319,"elderly",116805
"OR","Umatilla County",41059,77319,"hcv",4058004
"OR","Umatilla County",41059,77319,"hud_disability",150213
"OR","Union County",41061,26502,"hcv",11161484
"OR","Wasco County",41065,26274,"coc",62174
"OR","Wasco County",41065,26274,"elderly",92217
"OR","Wasco County",41065,26274,"hcv",13436761
"OR","Washington County",41067,595761,"cdbg_entitlement",6842148
"OR","Washington County",41067,595761,"coc",9154819
"OR","Washington County",41067,595761,"hcv",75861637
"OR","Washington County",41067,595761,"home",3577955
"OR","Washington County",41067,595761,"hud_disability",506117
"OR","Washington County",41067,595761,"hud_esg",317705
"OR","Yamhill County",41071,106087,"coc",285075
"OR","Yamhill County",41071,106087,"hcv",28606615
"OR","Yamhill County",41071,106087,"hud_disability",142872
"PA","Adams County",42001,102627,"cdbg_entitlement",292059
"PA","Adams County",42001,102627,"coc",720615
"PA","Adams County",42001,102627,"elderly",698045
"PA","Adams County",42001,102627,"hcv",6724609
"PA","Allegheny County",42003,1218380,"cdbg_entitlement",57507331
"PA","Allegheny County",42003,1218380,"coc",28043775
"PA","Allegheny County",42003,1218380,"elderly",10517423
"PA","Allegheny County",42003,1218380,"grrp_leading",5e+06
"PA","Allegheny County",42003,1218380,"hcv",2.28e+08
"PA","Allegheny County",42003,1218380,"home",11575764
"PA","Allegheny County",42003,1218380,"hud_disability",4977755
"PA","Allegheny County",42003,1218380,"hud_esg",4764070
"PA","Allegheny County",42003,1218380,"hud_hopwa",2685751
"PA","Armstrong County",42005,65356,"coc",1179758
"PA","Armstrong County",42005,65356,"hcv",3167285
"PA","Beaver County",42007,164781,"cdbg_entitlement",6511058
"PA","Beaver County",42007,164781,"coc",3074995
"PA","Beaver County",42007,164781,"elderly",853007
"PA","Beaver County",42007,164781,"hcv",8005619
"PA","Beaver County",42007,164781,"home",1289312
"PA","Beaver County",42007,164781,"hud_disability",55329
"PA","Beaver County",42007,164781,"hud_esg",572758
"PA","Bedford County",42009,48154,"coc",835054
"PA","Bedford County",42009,48154,"hcv",2900685
"PA","Berks County",42011,419062,"cdbg_entitlement",9412664
"PA","Berks County",42011,419062,"coc",6233084
"PA","Berks County",42011,419062,"elderly",646718
"PA","Berks County",42011,419062,"hcv",18969683
"PA","Berks County",42011,419062,"home",3458888
"PA","Berks County",42011,419062,"hud_esg",827982
"PA","Blair County",42013,122495,"cdbg_entitlement",3186188
"PA","Blair County",42013,122495,"coc",720615
"PA","Blair County",42013,122495,"elderly",538095
"PA","Blair County",42013,122495,"hcv",15204899
"PA","Blair County",42013,122495,"home",773081
"PA","Blair County",42013,122495,"hud_disability",167775
"PA","Bradford County",42015,60721,"coc",720615
"PA","Bucks County",42017,627668,"cdbg_entitlement",6301442
"PA","Bucks County",42017,627668,"coc",2878900
"PA","Bucks County",42017,627668,"elderly",819061
"PA","Bucks County",42017,627668,"hcv",52285216
"PA","Bucks County",42017,627668,"home",2694083
"PA","Bucks County",42017,627668,"hud_disability",183086
"PA","Bucks County",42017,627668,"hud_esg",374405
"PA","Butler County",42019,187798,"coc",1354767
"PA","Butler County",42019,187798,"elderly",108205
"PA","Butler County",42019,187798,"hcv",23709132
"PA","Cambria County",42021,131611,"cdbg_entitlement",2543899
"PA","Cambria County",42021,131611,"coc",978748
"PA","Cambria County",42021,131611,"hcv",8301216
"PA","Cambria County",42021,131611,"home",512621
"PA","Cambria County",42021,131611,"hud_disability",98430
"PA","Cameron County",42023,4512,"coc",895728
"PA","Carbon County",42025,63964,"coc",720615
"PA","Carbon County",42025,63964,"elderly",194346
"PA","Carbon County",42025,63964,"hcv",5817592
"PA","Centre County",42027,162264,"cdbg_entitlement",1049367
"PA","Centre County",42027,162264,"coc",1357907
"PA","Centre County",42027,162264,"elderly",164658
"PA","Centre County",42027,162264,"hcv",10756391
"PA","Centre County",42027,162264,"home",610548
"PA","Centre County",42027,162264,"hud_disability",244325
"PA","Chester County",42029,521980,"cdbg_entitlement",5014125
"PA","Chester County",42029,521980,"coc",3625671
"PA","Chester County",42029,521980,"elderly",4276874
"PA","Chester County",42029,521980,"hcv",41524220
"PA","Chester County",42029,521980,"home",2390284
"PA","Chester County",42029,521980,"hud_esg",441993
"PA","Clarion County",42031,38633,"cdbg_entitlement",474147
"PA","Clarion County",42031,38633,"coc",961829
"PA","Clarion County",42031,38633,"hcv",3474919
"PA","Clarion County",42031,38633,"hud_disability",148505
"PA","Clearfield County",42033,79466,"coc",1468738
"PA","Clearfield County",42033,79466,"elderly",221502
"PA","Clearfield County",42033,79466,"hcv",3109830
"PA","Clearfield County",42033,79466,"hud_disability",190324
"PA","Clinton County",42035,38549,"coc",936647
"PA","Columbia County",42037,65390,"cdbg_entitlement",801908
"PA","Columbia County",42037,65390,"coc",720615
"PA","Columbia County",42037,65390,"hcv",5060497
"PA","Crawford County",42039,85074,"coc",1443742
"PA","Crawford County",42039,85074,"elderly",364999
"PA","Crawford County",42039,85074,"hcv",2656952
"PA","Crawford County",42039,85074,"hud_disability",749060
"PA","Cumberland County",42041,251487,"cdbg_entitlement",3219675
"PA","Cumberland County",42041,251487,"coc",1445707
"PA","Cumberland County",42041,251487,"elderly",365112
"PA","Cumberland County",42041,251487,"hcv",18508185
"PA","Cumberland County",42041,251487,"home",1215132
"PA","Dauphin County",42043,277071,"cdbg_entitlement",6865894
"PA","Dauphin County",42043,277071,"coc",9259704
"PA","Dauphin County",42043,277071,"hcv",44046000
"PA","Dauphin County",42043,277071,"home",2250335
"PA","Dauphin County",42043,277071,"hud_disability",542308
"PA","Dauphin County",42043,277071,"hud_esg",337147
"PA","Dauphin County",42043,277071,"hud_hopwa",6962088
"PA","Delaware County",42045,565328,"cdbg_entitlement",14675985
"PA","Delaware County",42045,565328,"coc",8778148
"PA","Delaware County",42045,565328,"elderly",1027467
"PA","Delaware County",42045,565328,"hcv",87639661
"PA","Delaware County",42045,565328,"home",4230369
"PA","Delaware County",42045,565328,"hud_disability",173942
"PA","Delaware County",42045,565328,"hud_esg",780522
"PA","Elk County",42047,30077,"coc",1029297
"PA","Elk County",42047,30077,"elderly",283616
"PA","Elk County",42047,30077,"hcv",1940333
"PA","Erie County",42049,272046,"cdbg_entitlement",6151284
"PA","Erie County",42049,272046,"coc",5221441
"PA","Erie County",42049,272046,"elderly",649509
"PA","Erie County",42049,272046,"hcv",23834932
"PA","Erie County",42049,272046,"home",1865967
"PA","Erie County",42049,272046,"hud_disability",2625127
"PA","Erie County",42049,272046,"hud_esg",543379
"PA","Fayette County",42051,130329,"coc",895728
"PA","Fayette County",42051,130329,"elderly",887111
"PA","Fayette County",42051,130329,"hcv",11877427
"PA","Forest County",42053,7190,"coc",895728
"PA","Franklin County",42055,154954,"cdbg_entitlement",590520
"PA","Franklin County",42055,154954,"coc",1068877
"PA","Franklin County",42055,154954,"elderly",147018
"PA","Franklin County",42055,154954,"hcv",3768292
"PA","Fulton County",42057,14492,"coc",720615
"PA","Fulton County",42057,14492,"elderly",235133
"PA","Greene County",42059,36484,"coc",1083654
"PA","Greene County",42059,36484,"hcv",316525
"PA","Huntingdon County",42061,45145,"coc",720615
"PA","Huntingdon County",42061,45145,"hcv",3185971
"PA","Indiana County",42063,84463,"coc",895728
"PA","Indiana County",42063,84463,"hcv",5481003
"PA","Jefferson County",42065,43570,"coc",895728
"PA","Jefferson County",42065,43570,"hcv",2966741
"PA","Juniata County",42067,24657,"coc",720615
"PA","Lackawanna County",42069,210162,"cdbg_entitlement",5576719
"PA","Lackawanna County",42069,210162,"coc",6546404
"PA","Lackawanna County",42069,210162,"hcv",22707053
"PA","Lackawanna County",42069,210162,"home",1547656
"PA","Lackawanna County",42069,210162,"hud_esg",486648
"PA","Lancaster County",42071,543050,"cdbg_entitlement",8962086
"PA","Lancaster County",42071,543050,"coc",3930199
"PA","Lancaster County",42071,543050,"elderly",1850820
"PA","Lancaster County",42071,543050,"hcv",32218817
"PA","Lancaster County",42071,543050,"home",4136793
"PA","Lancaster County",42071,543050,"hud_esg",512468
"PA","Lawrence County",42073,86148,"coc",1607728
"PA","Lawrence County",42073,86148,"elderly",2350402
"PA","Lawrence County",42073,86148,"hcv",2148291
"PA","Lawrence County",42073,86148,"hud_disability",355929
"PA","Lebanon County",42075,140410,"cdbg_entitlement",1360113
"PA","Lebanon County",42075,140410,"coc",720615
"PA","Lebanon County",42075,140410,"hcv",7625835
"PA","Lehigh County",42077,367338,"cdbg_entitlement",7024576
"PA","Lehigh County",42077,367338,"coc",1462649
"PA","Lehigh County",42077,367338,"elderly",1097749
"PA","Lehigh County",42077,367338,"hcv",57356381
"PA","Lehigh County",42077,367338,"home",3437311
"PA","Lehigh County",42077,367338,"hud_disability",345578
"PA","Lehigh County",42077,367338,"hud_esg",391872
"PA","Luzerne County",42079,317547,"cdbg_entitlement",12252746
"PA","Luzerne County",42079,317547,"coc",7853342
"PA","Luzerne County",42079,317547,"hcv",30267532
"PA","Luzerne County",42079,317547,"home",2461213
"PA","Luzerne County",42079,317547,"hud_disability",326411
"PA","Luzerne County",42079,317547,"hud_esg",707683
"PA","Lycoming County",42081,114014,"cdbg_entitlement",2066222
"PA","Lycoming County",42081,114014,"coc",720615
"PA","Lycoming County",42081,114014,"hcv",6891863
"PA","Lycoming County",42081,114014,"home",580056
"PA","McKean County",42083,41021,"coc",1521827
"PA","McKean County",42083,41021,"hcv",4398948
"PA","Mercer County",42085,110519,"cdbg_entitlement",1168887
"PA","Mercer County",42085,110519,"coc",895728
"PA","Mercer County",42085,110519,"elderly",902319
"PA","Mercer County",42085,110519,"hcv",4128028
"PA","Mercer County",42085,110519,"hud_disability",172638
"PA","Mifflin County",42087,46179,"coc",720615
"PA","Mifflin County",42087,46179,"hcv",2044894
"PA","Monroe County",42089,168824,"coc",977381
"PA","Monroe County",42089,168824,"elderly",260162
"PA","Monroe County",42089,168824,"hcv",10817480
"PA","Montgomery County",42091,827180,"cdbg_entitlement",11590104
"PA","Montgomery County",42091,827180,"coc",7126043
"PA","Montgomery County",42091,827180,"elderly",1229435
"PA","Montgomery County",42091,827180,"hcv",63990635
"PA","Montgomery County",42091,827180,"home",3040565
"PA","Montgomery County",42091,827180,"hud_disability",3280755
"PA","Montgomery County",42091,827180,"hud_esg",576743
"PA","Montour County",42093,18178,"coc",720615
"PA","Montour County",42093,18178,"hcv",1139304
"PA","Northampton County",42095,304233,"cdbg_entitlement",7124311
"PA","Northampton County",42095,304233,"coc",4074202
"PA","Northampton County",42095,304233,"elderly",277222
"PA","Northampton County",42095,304233,"hcv",28475861
"PA","Northampton County",42095,304233,"home",2294880
"PA","Northampton County",42095,304233,"hud_disability",48467
"PA","Northampton County",42095,304233,"hud_esg",379879
"PA","Northumberland County",42097,91234,"coc",720615
"PA","Northumberland County",42097,91234,"elderly",63461
"PA","Northumberland County",42097,91234,"hcv",7008634
"PA","Perry County",42099,46133,"coc",720615
"PA","Philadelphia County",42101,1581531,"cdbg_entitlement",87925197
"PA","Philadelphia County",42101,1581531,"coc",71972315
"PA","Philadelphia County",42101,1581531,"elderly",28087832
"PA","Philadelphia County",42101,1581531,"grrp_comp",26480000
"PA","Philadelphia County",42101,1581531,"hcv",5.8e+08
"PA","Philadelphia County",42101,1581531,"home",26376276
"PA","Philadelphia County",42101,1581531,"hud_disability",4170588
"PA","Philadelphia County",42101,1581531,"hud_esg",7682117
"PA","Philadelphia County",42101,1581531,"hud_hopwa",19169358
"PA","Pike County",42103,55660,"coc",720615
"PA","Potter County",42105,16685,"coc",895728
"PA","Potter County",42105,16685,"hcv",2508215
"PA","Schuylkill County",42107,141935,"coc",720615
"PA","Schuylkill County",42107,141935,"hcv",9451175
"PA","Snyder County",42109,40452,"coc",720615
"PA","Snyder County",42109,40452,"hcv",1079553
"PA","Somerset County",42111,73844,"coc",870760
"PA","Somerset County",42111,73844,"elderly",101264
"PA","Somerset County",42111,73844,"hcv",677678
"PA","Sullivan County",42113,6038,"coc",720615
"PA","Sullivan County",42113,6038,"hcv",291732
"PA","Susquehanna County",42115,40604,"coc",720615
"PA","Susquehanna County",42115,40604,"elderly",158745
"PA","Susquehanna County",42115,40604,"hcv",2154739
"PA","Tioga County",42117,40759,"coc",720615
"PA","Tioga County",42117,40759,"hcv",3010305
"PA","Union County",42119,44831,"coc",1055970
"PA","Union County",42119,44831,"hcv",5458345
"PA","Venango County",42121,51355,"coc",895728
"PA","Venango County",42121,51355,"hcv",4923038
"PA","Venango County",42121,51355,"hud_disability",212326
"PA","Warren County",42123,39466,"coc",952562
"PA","Warren County",42123,39466,"hcv",344772
"PA","Warren County",42123,39466,"hud_disability",174985
"PA","Washington County",42125,207081,"cdbg_entitlement",6990369
"PA","Washington County",42125,207081,"coc",2998788
"PA","Washington County",42125,207081,"elderly",649966
"PA","Washington County",42125,207081,"hcv",10836211
"PA","Washington County",42125,207081,"home",1304681
"PA","Washington County",42125,207081,"hud_disability",226787
"PA","Washington County",42125,207081,"hud_esg",611706
"PA","Wayne County",42127,51268,"coc",811945
"PA","Wayne County",42127,51268,"hcv",13967253
"PA","Westmoreland County",42129,350722,"cdbg_entitlement",7447628
"PA","Westmoreland County",42129,350722,"coc",1136006
"PA","Westmoreland County",42129,350722,"hcv",26546340
"PA","Westmoreland County",42129,350722,"home",2300587
"PA","Westmoreland County",42129,350722,"hud_esg",657359
"PA","Wyoming County",42131,27078,"coc",720615
"PA","Wyoming County",42131,27078,"hcv",3528696
"PA","York County",42133,447628,"cdbg_entitlement",7294352
"PA","York County",42133,447628,"coc",3527515
"PA","York County",42133,447628,"elderly",262408
"PA","York County",42133,447628,"hcv",20674954
"PA","York County",42133,447628,"home",3039909
"PA","York County",42133,447628,"hud_disability",86863
"PA","York County",42133,447628,"hud_esg",388043
"PR","Adjuntas Municipio",72001,17614,"hcv",462957
"PR","Aguada Municipio",72003,37307,"hcv",1409952
"PR","Aguadilla Municipio",72005,51552,"cdbg_entitlement",1760211
"PR","Aguadilla Municipio",72005,51552,"elderly",824861
"PR","Aguadilla Municipio",72005,51552,"hcv",2408134
"PR","Aguadilla Municipio",72005,51552,"home",1017840
"PR","Aguas Buenas Municipio",72007,25298,"coc",57110
"PR","Aguas Buenas Municipio",72007,25298,"hcv",2127683
"PR","Aibonito Municipio",72009,22545,"hcv",576577
"PR","Aibonito Municipio",72009,22545,"hud_disability",445372
"PR","Arecibo Municipio",72013,83682,"cdbg_entitlement",2700178
"PR","Arecibo Municipio",72013,83682,"coc",241156
"PR","Arecibo Municipio",72013,83682,"elderly",1371143
"PR","Arecibo Municipio",72013,83682,"hcv",9914029
"PR","Arecibo Municipio",72013,83682,"home",1293282
"PR","Arroyo Municipio",72015,17502,"hcv",647799
"PR","AÃ±asco Municipio",72011,26555,"hcv",1039658
"PR","Barceloneta Municipio",72017,23913,"hcv",1708634
"PR","Barranquitas Municipio",72019,28026,"elderly",1741032
"PR","Barranquitas Municipio",72019,28026,"hcv",1840948
"PR","BayamÃ³n Municipio",72021,173695,"cdbg_entitlement",4284886
"PR","BayamÃ³n Municipio",72021,173695,"hcv",31889155
"PR","BayamÃ³n Municipio",72021,173695,"home",2355576
"PR","BayamÃ³n Municipio",72021,173695,"hud_esg",377753
"PR","Cabo Rojo Municipio",72023,47977,"cdbg_entitlement",1703375
"PR","Cabo Rojo Municipio",72023,47977,"hcv",1164421
"PR","Caguas Municipio",72025,126734,"cdbg_entitlement",3403943
"PR","Caguas Municipio",72025,126734,"coc",1578548
"PR","Caguas Municipio",72025,126734,"hcv",15114821
"PR","Caguas Municipio",72025,126734,"home",1676417
"PR","Caguas Municipio",72025,126734,"hud_disability",396577
"PR","Caguas Municipio",72025,126734,"hud_esg",295726
"PR","Camuy Municipio",72027,31066,"hcv",1626596
"PR","CanÃ³vanas Municipio",72029,45120,"cdbg_entitlement",1424811
"PR","CanÃ³vanas Municipio",72029,45120,"hcv",872508
"PR","Carolina Municipio",72031,150378,"cdbg_entitlement",3551055
"PR","Carolina Municipio",72031,150378,"hcv",10439070
"PR","Carolina Municipio",72031,150378,"home",1769378
"PR","Carolina Municipio",72031,150378,"hud_esg",304482
"PR","Cayey Municipio",72035,43126,"cdbg_entitlement",1195910
"PR","Cayey Municipio",72035,43126,"coc",222182
"PR","Cayey Municipio",72035,43126,"hcv",2335778
"PR","Ceiba Municipio",72037,11207,"elderly",809091
"PR","Ceiba Municipio",72037,11207,"hcv",481612
"PR","Ciales Municipio",72039,16188,"elderly",471505
"PR","Ciales Municipio",72039,16188,"hcv",775612
"PR","Cidra Municipio",72041,38977,"cdbg_entitlement",1149498
"PR","Cidra Municipio",72041,38977,"hcv",2601213
"PR","ComerÃ­o Municipio",72045,18942,"hcv",1278731
"PR","Corozal Municipio",72047,32928,"hcv",1882816
"PR","Dorado Municipio",72051,36475,"hcv",3606847
"PR","Fajardo Municipio",72053,30263,"cdbg_entitlement",991349
"PR","Fajardo Municipio",72053,30263,"hcv",1045678
"PR","Florida Municipio",72054,11513,"hcv",600665
"PR","Guayama Municipio",72057,40198,"cdbg_entitlement",1263968
"PR","Guayama Municipio",72057,40198,"coc",113121
"PR","Guayanilla Municipio",72059,18080,"hcv",3678044
"PR","Guaynabo Municipio",72061,85312,"cdbg_entitlement",1699223
"PR","Guaynabo Municipio",72061,85312,"coc",206541
"PR","Guaynabo Municipio",72061,85312,"hcv",3474000
"PR","Guaynabo Municipio",72061,85312,"home",682999
"PR","Gurabo Municipio",72063,46948,"hcv",1445800
"PR","GuÃ¡nica Municipio",72055,15825,"hcv",364362
"PR","Hatillo Municipio",72065,39561,"hcv",1466635
"PR","Hormigueros Municipio",72067,15731,"coc",48439
"PR","Hormigueros Municipio",72067,15731,"elderly",1214575
"PR","Hormigueros Municipio",72067,15731,"hcv",1193934
"PR","Humacao Municipio",72069,51586,"cdbg_entitlement",1576579
"PR","Humacao Municipio",72069,51586,"coc",77566
"PR","Humacao Municipio",72069,51586,"elderly",2470238
"PR","Humacao Municipio",72069,51586,"hcv",3687740
"PR","Humacao Municipio",72069,51586,"hud_disability",1812647
"PR","Isabela Municipio",72071,41084,"cdbg_entitlement",1435539
"PR","Isabela Municipio",72071,41084,"hcv",933669
"PR","Juana DÃ­az Municipio",72075,45414,"cdbg_entitlement",1439460
"PR","Juana DÃ­az Municipio",72075,45414,"hcv",1524407
"PR","Juncos Municipio",72077,38471,"hcv",849554
"PR","Lajas Municipio",72079,22391,"elderly",295057
"PR","Lajas Municipio",72079,22391,"hcv",767916
"PR","Lares Municipio",72081,24945,"elderly",278117
"PR","Lares Municipio",72081,24945,"hcv",487447
"PR","Las MarÃ­as Municipio",72083,8131,"hcv",373871
"PR","LoÃ­za Municipio",72087,25164,"coc",511750
"PR","LoÃ­za Municipio",72087,25164,"hcv",110086
"PR","Luquillo Municipio",72089,17924,"hcv",965572
"PR","ManatÃ­ Municipio",72091,38062,"cdbg_entitlement",1374429
"PR","ManatÃ­ Municipio",72091,38062,"hcv",2271868
"PR","Maricao Municipio",72093,5900,"hcv",313958
"PR","MayagÃ¼ez Municipio",72097,73336,"cdbg_entitlement",2801185
"PR","MayagÃ¼ez Municipio",72097,73336,"coc",394950
"PR","MayagÃ¼ez Municipio",72097,73336,"hcv",7528699
"PR","MayagÃ¼ez Municipio",72097,73336,"home",1305098
"PR","MayagÃ¼ez Municipio",72097,73336,"hud_disability",264567
"PR","Moca Municipio",72099,35547,"hcv",627545
"PR","Morovis Municipio",72101,30652,"hcv",649722
"PR","Naguabo Municipio",72103,25931,"coc",81263
"PR","Naguabo Municipio",72103,25931,"elderly",840036
"PR","Naguabo Municipio",72103,25931,"hcv",1187756
"PR","Naranjito Municipio",72105,27719,"coc",86292
"PR","Naranjito Municipio",72105,27719,"hcv",1592708
"PR","Orocovis Municipio",72107,20608,"hcv",517587
"PR","Patillas Municipio",72109,16591,"hcv",658747
"PR","PeÃ±uelas Municipio",72111,19797,"hcv",1639646
"PR","Ponce Municipio",72113,135674,"cdbg_entitlement",4705578
"PR","Ponce Municipio",72113,135674,"coc",265166
"PR","Ponce Municipio",72113,135674,"elderly",4128180
"PR","Ponce Municipio",72113,135674,"hcv",14462078
"PR","Ponce Municipio",72113,135674,"home",2057430
"PR","Ponce Municipio",72113,135674,"hud_esg",415185
"PR","Quebradillas Municipio",72115,23261,"elderly",1042028
"PR","RincÃ³n Municipio",72117,13849,"hcv",315222
"PR","RÃ­o Grande Municipio",72119,48828,"cdbg_entitlement",1391698
"PR","RÃ­o Grande Municipio",72119,48828,"hcv",235189
"PR","Sabana Grande Municipio",72121,22140,"hcv",1330650
"PR","Salinas Municipio",72123,27638,"hcv",913154
"PR","San GermÃ¡n Municipio",72125,30811,"cdbg_entitlement",1045399
"PR","San GermÃ¡n Municipio",72125,30811,"hcv",844284
"PR","San Juan Municipio",72127,326953,"cdbg_entitlement",13939601
"PR","San Juan Municipio",72127,326953,"coc",9292414
"PR","San Juan Municipio",72127,326953,"elderly",720810
"PR","San Juan Municipio",72127,326953,"hcv",2.07e+08
"PR","San Juan Municipio",72127,326953,"home",6335438
"PR","San Juan Municipio",72127,326953,"hud_disability",18987
"PR","San Juan Municipio",72127,326953,"hud_esg",1240641
"PR","San Juan Municipio",72127,326953,"hud_hopwa",17215799
"PR","San Lorenzo Municipio",72129,36586,"hcv",1001166
"PR","San SebastiÃ¡n Municipio",72131,36292,"cdbg_entitlement",1251677
"PR","San SebastiÃ¡n Municipio",72131,36292,"hcv",1674855
"PR","Santa Isabel Municipio",72133,21474,"hcv",645562
"PR","Toa Alta Municipio",72135,72450,"cdbg_entitlement",1604161
"PR","Toa Alta Municipio",72135,72450,"hcv",2369433
"PR","Toa Baja Municipio",72137,76008,"cdbg_entitlement",2083924
"PR","Toa Baja Municipio",72137,76008,"hcv",2625366
"PR","Toa Baja Municipio",72137,76008,"home",873823
"PR","Trujillo Alto Municipio",72139,65011,"cdbg_entitlement",1547323
"PR","Trujillo Alto Municipio",72139,65011,"elderly",1050063
"PR","Trujillo Alto Municipio",72139,65011,"hcv",5229634
"PR","Trujillo Alto Municipio",72139,65011,"home",643103
"PR","Utuado Municipio",72141,28041,"hcv",2318866
"PR","Vega Alta Municipio",72143,36559,"coc",549175
"PR","Vega Alta Municipio",72143,36559,"hcv",1427413
"PR","Vega Baja Municipio",72145,51089,"cdbg_entitlement",1665034
"PR","Vega Baja Municipio",72145,51089,"coc",387692
"PR","Vega Baja Municipio",72145,51089,"hcv",3899148
"PR","Vieques Municipio",72147,8508,"hcv",866815
"PR","Villalba Municipio",72149,21899,"hcv",850391
"PR","Yabucoa Municipio",72151,32867,"hcv",1171894
"PR","Yauco Municipio",72153,34501,"cdbg_entitlement",1107540
"PR","Yauco Municipio",72153,34501,"hcv",784616
"RI","Bristol County",44001,48645,"elderly",1513337
"RI","Bristol County",44001,48645,"hcv",6962911
"RI","Bristol County",44001,48645,"hud_disability",153043
"RI","Kent County",44003,164122,"cdbg_entitlement",1892597
"RI","Kent County",44003,164122,"coc",534615
"RI","Kent County",44003,164122,"elderly",4715929
"RI","Kent County",44003,164122,"hcv",15362971
"RI","Kent County",44003,164122,"hud_disability",773433
"RI","Newport County",44005,82731,"coc",103049
"RI","Newport County",44005,82731,"elderly",3187662
"RI","Newport County",44005,82731,"hcv",17421064
"RI","Newport County",44005,82731,"hud_disability",734975
"RI","Providence County",44007,636161,"cdbg_entitlement",19637852
"RI","Providence County",44007,636161,"coc",7794960
"RI","Providence County",44007,636161,"elderly",6601557
"RI","Providence County",44007,636161,"grrp_leading",10320000
"RI","Providence County",44007,636161,"hcv",1.66e+08
"RI","Providence County",44007,636161,"home",5517761
"RI","Providence County",44007,636161,"hud_disability",7693684
"RI","Providence County",44007,636161,"hud_esg",1431569
"RI","Providence County",44007,636161,"hud_hopwa",4921963
"RI","Washington County",44009,126139,"coc",66197
"RI","Washington County",44009,126139,"elderly",562117
"RI","Washington County",44009,126139,"hcv",10468596
"RI","Washington County",44009,126139,"hud_disability",328480
"SC","Abbeville County",45001,24582,"coc",290785
"SC","Aiken County",45003,169947,"cdbg_entitlement",346251
"SC","Aiken County",45003,169947,"coc",365445
"SC","Aiken County",45003,169947,"elderly",663879
"SC","Aiken County",45003,169947,"hcv",13799509
"SC","Aiken County",45003,169947,"hud_disability",584832
"SC","Allendale County",45005,8789,"coc",365445
"SC","Anderson County",45007,200183,"cdbg_entitlement",1166631
"SC","Anderson County",45007,200183,"coc",290785
"SC","Anderson County",45007,200183,"elderly",195875
"SC","Anderson County",45007,200183,"hcv",5952815
"SC","Anderson County",45007,200183,"home",1196798
"SC","Anderson County",45007,200183,"hud_disability",410221
"SC","Bamberg County",45009,14236,"coc",365445
"SC","Bamberg County",45009,14236,"elderly",249787
"SC","Barnwell County",45011,21170,"coc",365445
"SC","Barnwell County",45011,21170,"hcv",8838433
"SC","Beaufort County",45013,189732,"cdbg_entitlement",389680
"SC","Beaufort County",45013,189732,"coc",365890
"SC","Beaufort County",45013,189732,"elderly",434976
"SC","Beaufort County",45013,189732,"hcv",9250816
"SC","Beaufort County",45013,189732,"home",1393594
"SC","Berkeley County",45015,222103,"cdbg_entitlement",2510604
"SC","Berkeley County",45015,222103,"coc",365890
"SC","Berkeley County",45015,222103,"home",1068985
"SC","Berkeley County",45015,222103,"hud_disability",146352
"SC","Calhoun County",45017,14608,"coc",365445
"SC","Calhoun County",45017,14608,"elderly",73278
"SC","Calhoun County",45017,14608,"hud_disability",296649
"SC","Charleston County",45019,407543,"cdbg_entitlement",5261771
"SC","Charleston County",45019,407543,"coc",2605350
"SC","Charleston County",45019,407543,"elderly",1745133
"SC","Charleston County",45019,407543,"hcv",95773107
"SC","Charleston County",45019,407543,"home",2928560
"SC","Charleston County",45019,407543,"hud_disability",118084
"SC","Charleston County",45019,407543,"hud_esg",316348
"SC","Charleston County",45019,407543,"hud_hopwa",2239202
"SC","Cherokee County",45021,57110,"coc",290785
"SC","Cherokee County",45021,57110,"hud_disability",276796
"SC","Chester County",45023,32260,"coc",365445
"SC","Chester County",45023,32260,"elderly",152882
"SC","Chester County",45023,32260,"hcv",1919660
"SC","Chesterfield County",45025,45833,"coc",273762
"SC","Chesterfield County",45025,45833,"hcv",1459288
"SC","Chesterfield County",45025,45833,"hud_disability",310014
"SC","Clarendon County",45027,33865,"coc",273762
"SC","Clarendon County",45027,33865,"hud_disability",293793
"SC","Colleton County",45029,37624,"coc",365890
"SC","Darlington County",45031,66858,"coc",273762
"SC","Darlington County",45031,66858,"hcv",2934508
"SC","Dillon County",45033,30473,"coc",273762
"SC","Dorchester County",45035,161309,"cdbg_entitlement",606197
"SC","Dorchester County",45035,161309,"coc",365890
"SC","Dorchester County",45035,161309,"hud_disability",213147
"SC","Edgefield County",45037,27021,"coc",290785
"SC","Fairfield County",45039,22406,"coc",365445
"SC","Florence County",45041,138237,"cdbg_entitlement",623829
"SC","Florence County",45041,138237,"coc",273762
"SC","Florence County",45041,138237,"elderly",531548
"SC","Florence County",45041,138237,"hcv",12048594
"SC","Florence County",45041,138237,"hud_disability",662243
"SC","Georgetown County",45043,62150,"hcv",1409760
"SC","Greenville County",45045,516126,"cdbg_entitlement",6837981
"SC","Greenville County",45045,516126,"coc",1557083
"SC","Greenville County",45045,516126,"elderly",1653578
"SC","Greenville County",45045,516126,"hcv",57107538
"SC","Greenville County",45045,516126,"home",3194651
"SC","Greenville County",45045,516126,"hud_disability",582545
"SC","Greenville County",45045,516126,"hud_esg",467295
"SC","Greenville County",45045,516126,"hud_hopwa",1634903
"SC","Greenwood County",45047,70672,"coc",924201
"SC","Greenwood County",45047,70672,"hcv",10225154
"SC","Hampton County",45049,19223,"coc",365890
"SC","Horry County",45051,344186,"cdbg_entitlement",3861863
"SC","Horry County",45051,344186,"coc",2767369
"SC","Horry County",45051,344186,"elderly",666965
"SC","Horry County",45051,344186,"hcv",21007062
"SC","Horry County",45051,344186,"home",2478173
"SC","Horry County",45051,344186,"hud_esg",340183
"SC","Jasper County",45053,29558,"coc",365890
"SC","Kershaw County",45055,65926,"coc",273762
"SC","Kershaw County",45055,65926,"hud_disability",335624
"SC","Lancaster County",45057,95378,"coc",365445
"SC","Lancaster County",45057,95378,"hcv",3045375
"SC","Lancaster County",45057,95378,"hud_disability",225448
"SC","Laurens County",45059,66990,"coc",290785
"SC","Laurens County",45059,66990,"hcv",19527033
"SC","Laurens County",45059,66990,"hud_disability",510942
"SC","Lee County",45061,17144,"coc",273762
"SC","Lexington County",45063,295033,"cdbg_entitlement",3724310
"SC","Lexington County",45063,295033,"coc",694228
"SC","Lexington County",45063,295033,"elderly",638083
"SC","Lexington County",45063,295033,"hcv",34025506
"SC","Lexington County",45063,295033,"home",1668514
"SC","Lexington County",45063,295033,"hud_disability",1613722
"SC","Lexington County",45063,295033,"hud_esg",322822
"SC","Marion County",45067,30954,"coc",273762
"SC","Marion County",45067,30954,"elderly",480617
"SC","Marion County",45067,30954,"hcv",703187
"SC","Marion County",45067,30954,"hud_disability",129480
"SC","Marlboro County",45069,26376,"coc",273762
"SC","Marlboro County",45069,26376,"elderly",258242
"SC","Marlboro County",45069,26376,"hcv",2930234
"SC","McCormick County",45065,9495,"coc",290785
"SC","Newberry County",45071,38329,"coc",365445
"SC","Newberry County",45071,38329,"elderly",604077
"SC","Newberry County",45071,38329,"hcv",3524230
"SC","Oconee County",45073,78314,"coc",290785
"SC","Oconee County",45073,78314,"elderly",163811
"SC","Oconee County",45073,78314,"hud_disability",127235
"SC","Orangeburg County",45075,86953,"coc",365445
"SC","Orangeburg County",45075,86953,"elderly",1171206
"SC","Orangeburg County",45075,86953,"home",2387467
"SC","Orangeburg County",45075,86953,"hud_disability",1253933
"SC","Pickens County",45077,125381,"coc",290785
"SC","Pickens County",45077,125381,"elderly",123162
"SC","Richland County",45079,414660,"cdbg_entitlement",5465482
"SC","Richland County",45079,414660,"coc",3117137
"SC","Richland County",45079,414660,"elderly",873246
"SC","Richland County",45079,414660,"hcv",69608194
"SC","Richland County",45079,414660,"home",3360280
"SC","Richland County",45079,414660,"hud_disability",1276574
"SC","Richland County",45079,414660,"hud_esg",148882
"SC","Richland County",45079,414660,"hud_hopwa",11504201
"SC","Saluda County",45081,20292,"coc",290785
"SC","Spartanburg County",45083,313791,"cdbg_entitlement",4499767
"SC","Spartanburg County",45083,313791,"coc",372941
"SC","Spartanburg County",45083,313791,"elderly",1064840
"SC","Spartanburg County",45083,313791,"hcv",31899365
"SC","Spartanburg County",45083,313791,"home",1882292
"SC","Spartanburg County",45083,313791,"hud_disability",671758
"SC","Sumter County",45085,106675,"cdbg_entitlement",658504
"SC","Sumter County",45085,106675,"coc",273762
"SC","Sumter County",45085,106675,"elderly",644464
"SC","Sumter County",45085,106675,"hcv",9876817
"SC","Sumter County",45085,106675,"home",1641860
"SC","Sumter County",45085,106675,"hud_disability",258694
"SC","Union County",45087,27325,"coc",290785
"SC","Union County",45087,27325,"hcv",1842588
"SC","Union County",45087,27325,"hud_disability",15
"SC","Williamsburg County",45089,30810,"coc",273762
"SC","Williamsburg County",45089,30810,"hud_disability",107961
"SC","York County",45091,273887,"cdbg_entitlement",1057804
"SC","York County",45091,273887,"coc",365445
"SC","York County",45091,273887,"elderly",901957
"SC","York County",45091,273887,"hcv",14409992
"SC","York County",45091,273887,"hud_disability",1152170
"SD","Beadle County",46005,18338,"hcv",1831365
"SD","Brookings County",46011,35115,"elderly",127144
"SD","Brookings County",46011,35115,"hcv",3101343
"SD","Brown County",46013,38988,"hcv",5350836
"SD","Clay County",46027,14076,"hcv",2117372
"SD","Codington County",46029,28133,"hcv",1630240
"SD","Codington County",46029,28133,"hud_disability",125718
"SD","Davison County",46035,19890,"hcv",874100
"SD","Faulk County",46049,2315,"hcv",53280
"SD","Grant County",46051,7125,"hcv",468575
"SD","Hughes County",46065,17560,"coc",39684
"SD","Hughes County",46065,17560,"hcv",1678135
"SD","Jerauld County",46073,2009,"hcv",1717
"SD","Lake County",46079,12747,"coc",652160
"SD","Lake County",46079,12747,"hcv",988515
"SD","Lawrence County",46081,25806,"hcv",2857055
"SD","Lincoln County",46083,58887,"hcv",1033882
"SD","Meade County",46093,28149,"hcv",3012294
"SD","Minnehaha County",46099,191682,"cdbg_entitlement",2105454
"SD","Minnehaha County",46099,191682,"coc",352543
"SD","Minnehaha County",46099,191682,"elderly",136179
"SD","Minnehaha County",46099,191682,"hcv",27160079
"SD","Minnehaha County",46099,191682,"home",1145634
"SD","Minnehaha County",46099,191682,"hud_disability",175351
"SD","Oglala Lakota County",46102,14277,"hcv",193668
"SD","Pennington County",46103,112504,"cdbg_entitlement",1047786
"SD","Pennington County",46103,112504,"coc",72186
"SD","Pennington County",46103,112504,"hcv",19802912
"SD","Pennington County",46103,112504,"hud_disability",107771
"SD","Spink County",46115,6438,"hcv",410770
"SD","Todd County",46121,10308,"hcv",401706
"SD","Union County",46127,15659,"elderly",219911
"SD","Walworth County",46129,5431,"hcv",1297288
"SD","Yankton County",46135,22746,"coc",152957
"SD","Yankton County",46135,22746,"hcv",1351404
"TN","Anderson County",47001,76513,"cdbg_entitlement",427745
"TN","Anderson County",47001,76513,"coc",345048
"TN","Anderson County",47001,76513,"hcv",3658659
"TN","Anderson County",47001,76513,"hud_disability",68675
"TN","Bedford County",47003,48937,"coc",115538
"TN","Bedford County",47003,48937,"elderly",72018
"TN","Bedford County",47003,48937,"hud_disability",193378
"TN","Benton County",47005,16133,"coc",105116
"TN","Benton County",47005,16133,"elderly",483083
"TN","Bledsoe County",47007,14961,"coc",408608
"TN","Blount County",47009,131641,"coc",141843
"TN","Blount County",47009,131641,"hcv",5111917
"TN","Blount County",47009,131641,"hud_disability",55652
"TN","Bradley County",47011,106924,"cdbg_entitlement",759366
"TN","Bradley County",47011,106924,"coc",408608
"TN","Bradley County",47011,106924,"elderly",163256
"TN","Bradley County",47011,106924,"hcv",2088657
"TN","Campbell County",47013,39818,"coc",141843
"TN","Campbell County",47013,39818,"hcv",2894893
"TN","Cannon County",47015,14374,"coc",46299
"TN","Carroll County",47017,27841,"coc",105116
"TN","Carter County",47019,56452,"coc",261192
"TN","Carter County",47019,56452,"hcv",2364930
"TN","Cheatham County",47021,40539,"coc",115538
"TN","Chester County",47023,17260,"coc",105116
"TN","Clay County",47027,7640,"coc",46299
"TN","Cocke County",47029,35797,"coc",141843
"TN","Coffee County",47031,56024,"coc",115538
"TN","Coffee County",47031,56024,"hcv",1077561
"TN","Crockett County",47033,14310,"coc",105116
"TN","Cumberland County",47035,60016,"coc",653850
"TN","Cumberland County",47035,60016,"elderly",122562
"TN","Cumberland County",47035,60016,"hcv",3123953
"TN","Cumberland County",47035,60016,"hud_disability",38919
"TN","Davidson County",47037,690540,"cdbg_entitlement",9996229
"TN","Davidson County",47037,690540,"coc",15414360
"TN","Davidson County",47037,690540,"elderly",1575769
"TN","Davidson County",47037,690540,"hcv",2.3e+08
"TN","Davidson County",47037,690540,"home",5473172
"TN","Davidson County",47037,690540,"hud_disability",862012
"TN","Davidson County",47037,690540,"hud_esg",901641
"TN","Davidson County",47037,690540,"hud_hopwa",8775277
"TN","DeKalb County",47041,20104,"coc",46299
"TN","Decatur County",47039,11663,"coc",105116
"TN","Dickson County",47043,53289,"coc",115538
"TN","Dickson County",47043,53289,"hcv",10596788
"TN","Dyer County",47045,37201,"coc",105116
"TN","Dyer County",47045,37201,"elderly",264896
"TN","Dyer County",47045,37201,"grrp_comp",1840000
"TN","Dyer County",47045,37201,"hud_disability",124053
"TN","Fayette County",47047,40612,"coc",216520
"TN","Fentress County",47049,18405,"coc",46299
"TN","Fentress County",47049,18405,"hud_disability",71320
"TN","Franklin County",47051,41999,"coc",408608
"TN","Gibson County",47053,49193,"coc",105116
"TN","Gibson County",47053,49193,"elderly",301171
"TN","Giles County",47055,29403,"coc",115538
"TN","Giles County",47055,29403,"hud_disability",133609
"TN","Greene County",47059,69077,"coc",354968
"TN","Greene County",47059,69077,"elderly",44835
"TN","Grundy County",47061,13371,"coc",408608
"TN","Hamblen County",47063,64479,"cdbg_entitlement",668913
"TN","Hamblen County",47063,64479,"coc",261192
"TN","Hamblen County",47063,64479,"elderly",287059
"TN","Hamblen County",47063,64479,"hcv",4146116
"TN","Hamblen County",47063,64479,"hud_disability",144954
"TN","Hamilton County",47065,364718,"cdbg_entitlement",3089850
"TN","Hamilton County",47065,364718,"coc",1302148
"TN","Hamilton County",47065,364718,"elderly",586156
"TN","Hamilton County",47065,364718,"hcv",59095672
"TN","Hamilton County",47065,364718,"home",1833219
"TN","Hamilton County",47065,364718,"hud_disability",487928
"TN","Hardeman County",47069,25247,"coc",250976
"TN","Hardin County",47071,25665,"coc",105116
"TN","Hardin County",47071,25665,"elderly",108569
"TN","Hawkins County",47073,56735,"coc",261192
"TN","Hawkins County",47073,56735,"elderly",84147
"TN","Haywood County",47075,17391,"coc",105116
"TN","Haywood County",47075,17391,"hcv",1887482
"TN","Henderson County",47077,27956,"coc",528126
"TN","Henderson County",47077,27956,"grrp_elements",750000
"TN","Henry County",47079,32251,"coc",330615
"TN","Hickman County",47081,25017,"coc",115538
"TN","Hickman County",47081,25017,"grrp_elements",750000
"TN","Hickman County",47081,25017,"hud_disability",133945
"TN","Houston County",47083,8201,"coc",105116
"TN","Humphreys County",47085,18528,"coc",105116
"TN","Humphreys County",47085,18528,"hud_disability",246
"TN","Jackson County",47087,11767,"coc",46299
"TN","Jefferson County",47089,54162,"elderly",55538
"TN","Johnson County",47091,17755,"coc",261192
"TN","Knox County",47093,466184,"cdbg_entitlement",5650805
"TN","Knox County",47093,466184,"coc",2923547
"TN","Knox County",47093,466184,"elderly",542026
"TN","Knox County",47093,466184,"hcv",66097725
"TN","Knox County",47093,466184,"home",3370002
"TN","Knox County",47093,466184,"hud_disability",427104
"TN","Knox County",47093,466184,"hud_esg",301876
"TN","Lake County",47095,7273,"coc",105116
"TN","Lauderdale County",47097,25689,"coc",105116
"TN","Lawrence County",47099,43780,"coc",115538
"TN","Lawrence County",47099,43780,"elderly",283131
"TN","Lawrence County",47099,43780,"hud_disability",118796
"TN","Lewis County",47101,12131,"coc",115538
"TN","Lewis County",47101,12131,"elderly",78469
"TN","Lincoln County",47103,34158,"coc",115538
"TN","Macon County",47111,24208,"coc",46299
"TN","Madison County",47113,97838,"cdbg_entitlement",1160066
"TN","Madison County",47113,97838,"coc",599919
"TN","Madison County",47113,97838,"elderly",579178
"TN","Madison County",47113,97838,"hcv",20992660
"TN","Madison County",47113,97838,"home",787337
"TN","Marion County",47115,28639,"coc",408608
"TN","Marshall County",47117,33708,"coc",115538
"TN","Maury County",47119,94615,"coc",508291
"TN","Maury County",47119,94615,"hud_disability",113991
"TN","McMinn County",47107,53392,"coc",408608
"TN","McMinn County",47107,53392,"elderly",42239
"TN","McMinn County",47107,53392,"hcv",1025687
"TN","McNairy County",47109,25814,"coc",105116
"TN","McNairy County",47109,25814,"elderly",507686
"TN","McNairy County",47109,25814,"grrp_comp",2e+06
"TN","Meigs County",47121,12237,"coc",408608
"TN","Monroe County",47123,46413,"elderly",76522
"TN","Monroe County",47123,46413,"hud_disability",77615
"TN","Montgomery County",47125,204992,"cdbg_entitlement",2092028
"TN","Montgomery County",47125,204992,"coc",115538
"TN","Montgomery County",47125,204992,"home",1210814
"TN","Montgomery County",47125,204992,"hud_disability",129080
"TN","Moore County",47127,6396,"coc",115538
"TN","Morgan County",47129,21538,"coc",46299
"TN","Obion County",47131,30343,"coc",105116
"TN","Obion County",47131,30343,"hud_disability",119135
"TN","Overton County",47133,22171,"coc",46299
"TN","Overton County",47133,22171,"elderly",138890
"TN","Perry County",47135,8020,"coc",115538
"TN","Pickett County",47137,5068,"coc",46299
"TN","Polk County",47139,16807,"coc",408608
"TN","Putnam County",47141,78542,"coc",46299
"TN","Putnam County",47141,78542,"elderly",584434
"TN","Putnam County",47141,78542,"hud_disability",470766
"TN","Rhea County",47143,32964,"coc",408608
"TN","Rhea County",47143,32964,"hcv",3509624
"TN","Roane County",47145,53331,"coc",46299
"TN","Robertson County",47147,70982,"coc",115538
"TN","Rutherford County",47149,324139,"cdbg_entitlement",1909571
"TN","Rutherford County",47149,324139,"coc",1440213
"TN","Rutherford County",47149,324139,"elderly",534099
"TN","Rutherford County",47149,324139,"hcv",16119750
"TN","Rutherford County",47149,324139,"home",1031614
"TN","Scott County",47151,22020,"coc",86799
"TN","Scott County",47151,22020,"elderly",56261
"TN","Scott County",47151,22020,"hud_disability",72892
"TN","Sequatchie County",47153,14936,"coc",1368104
"TN","Sequatchie County",47153,14936,"hcv",3072277
"TN","Sevier County",47155,98007,"coc",141843
"TN","Sevier County",47155,98007,"elderly",587537
"TN","Sevier County",47155,98007,"hud_disability",99517
"TN","Shelby County",47157,936611,"cdbg_entitlement",15166552
"TN","Shelby County",47157,936611,"coc",16242319
"TN","Shelby County",47157,936611,"elderly",5886672
"TN","Shelby County",47157,936611,"hcv",1.32e+08
"TN","Shelby County",47157,936611,"home",9364046
"TN","Shelby County",47157,936611,"hud_disability",1574600
"TN","Shelby County",47157,936611,"hud_esg",1140477
"TN","Shelby County",47157,936611,"hud_hopwa",8746344
"TN","Smith County",47159,19926,"coc",46299
"TN","Smith County",47159,19926,"elderly",98287
"TN","Stewart County",47161,13553,"coc",105116
"TN","Sullivan County",47163,157707,"cdbg_entitlement",1296015
"TN","Sullivan County",47163,157707,"coc",877490
"TN","Sullivan County",47163,157707,"elderly",298243
"TN","Sullivan County",47163,157707,"hcv",19967877
"TN","Sullivan County",47163,157707,"home",2531696
"TN","Sullivan County",47163,157707,"hud_disability",29661
"TN","Sullivan County",47163,157707,"hud_hopwa",1133529
"TN","Sumner County",47165,187680,"coc",115538
"TN","Sumner County",47165,187680,"elderly",1267078
"TN","Sumner County",47165,187680,"grrp_elements",750000
"TN","Tipton County",47167,61562,"coc",105116
"TN","Tipton County",47167,61562,"elderly",384505
"TN","Trousdale County",47169,10910,"coc",115538
"TN","Unicoi County",47171,17821,"coc",261192
"TN","Van Buren County",47175,5813,"coc",46299
"TN","Warren County",47177,40971,"coc",46299
"TN","Warren County",47177,40971,"elderly",176199
"TN","Washington County",47179,128874,"cdbg_entitlement",1128266
"TN","Washington County",47179,128874,"coc",976980
"TN","Washington County",47179,128874,"elderly",625716
"TN","Washington County",47179,128874,"hcv",7611988
"TN","Washington County",47179,128874,"hud_disability",1230
"TN","Wayne County",47181,16638,"coc",115538
"TN","Wayne County",47181,16638,"elderly",106342
"TN","Wayne County",47181,16638,"hud_disability",51543
"TN","Weakley County",47183,33377,"coc",105116
"TN","Weakley County",47183,33377,"elderly",464092
"TN","Weakley County",47183,33377,"grrp_comp",3200000
"TN","White County",47185,27087,"coc",46299
"TN","White County",47185,27087,"elderly",54411
"TN","Williamson County",47187,232380,"cdbg_entitlement",737387
"TN","Williamson County",47187,232380,"coc",698733
"TN","Williamson County",47187,232380,"elderly",509525
"TN","Williamson County",47187,232380,"hcv",3194772
"TN","Williamson County",47187,232380,"hud_disability",58342
"TN","Wilson County",47189,140604,"coc",46299
"TN","Wilson County",47189,140604,"elderly",127500
"TN","Wilson County",47189,140604,"hud_disability",71127
"TX","Anderson County",48001,57917,"hcv",2490733
"TX","Angelina County",48005,87119,"elderly",316154
"TX","Angelina County",48005,87119,"hcv",27628270
"TX","Angelina County",48005,87119,"hud_disability",250342
"TX","Archer County",48009,8754,"coc",29788
"TX","Atascosa County",48013,50194,"hcv",949843
"TX","Bastrop County",48021,86839,"hcv",2584689
"TX","Baylor County",48023,3560,"coc",29788
"TX","Bee County",48025,32609,"hcv",3128974
"TX","Bell County",48027,355700,"cdbg_entitlement",3665002
"TX","Bell County",48027,355700,"coc",1186910
"TX","Bell County",48027,355700,"hcv",34666875
"TX","Bell County",48027,355700,"home",1196546
"TX","Bexar County",48029,1978826,"cdbg_entitlement",31066622
"TX","Bexar County",48029,1978826,"coc",27361067
"TX","Bexar County",48029,1978826,"elderly",7273617
"TX","Bexar County",48029,1978826,"hcv",3.19e+08
"TX","Bexar County",48029,1978826,"home",13965756
"TX","Bexar County",48029,1978826,"hud_disability",2587384
"TX","Bexar County",48029,1978826,"hud_esg",2677581
"TX","Bexar County",48029,1978826,"hud_hopwa",2714440
"TX","Bosque County",48035,18428,"coc",439284
"TX","Bowie County",48037,93622,"cdbg_entitlement",737216
"TX","Bowie County",48037,93622,"coc",217707
"TX","Bowie County",48037,93622,"hcv",31748889
"TX","Brazoria County",48039,368062,"cdbg_entitlement",4113993
"TX","Brazoria County",48039,368062,"hcv",10681061
"TX","Brazoria County",48039,368062,"home",1138680
"TX","Brazoria County",48039,368062,"hud_disability",331047
"TX","Brazos County",48041,226370,"cdbg_entitlement",4113521
"TX","Brazos County",48041,226370,"coc",118191
"TX","Brazos County",48041,226370,"elderly",903262
"TX","Brazos County",48041,226370,"hcv",29151747
"TX","Brazos County",48041,226370,"home",1911340
"TX","Brewster County",48043,9231,"hcv",645303
"TX","Brooks County",48047,7100,"hcv",1926831
"TX","Brown County",48049,37805,"hcv",4892838
"TX","Burleson County",48051,18237,"coc",64922
"TX","Burnet County",48053,47548,"hcv",4399643
"TX","Calhoun County",48057,21470,"hcv",1099482
"TX","Callahan County",48059,13959,"hcv",744819
"TX","Cameron County",48061,422135,"cdbg_entitlement",7610945
"TX","Cameron County",48061,422135,"hcv",64764212
"TX","Cameron County",48061,422135,"home",2806411
"TX","Cameron County",48061,422135,"hud_esg",459029
"TX","Camp County",48063,12938,"hcv",202203
"TX","Chambers County",48071,42571,"hcv",1438074
"TX","Cherokee County",48073,52341,"hcv",2040923
"TX","Childress County",48075,7219,"coc",29788
"TX","Clay County",48077,10444,"coc",29788
"TX","Collin County",48085,1006038,"cdbg_entitlement",6993810
"TX","Collin County",48085,1006038,"coc",14247927
"TX","Collin County",48085,1006038,"elderly",2923915
"TX","Collin County",48085,1006038,"hcv",22024935
"TX","Collin County",48085,1006038,"home",1223744
"TX","Comal County",48091,148921,"cdbg_entitlement",897139
"TX","Comal County",48091,148921,"hcv",4175538
"TX","Cooke County",48097,40428,"hcv",4601188
"TX","Coryell County",48099,75576,"elderly",1105
"TX","Cottle County",48101,1624,"coc",29788
"TX","Crosby County",48107,5753,"hcv",257090
"TX","Dallas County",48113,2622634,"cdbg_entitlement",48819284
"TX","Dallas County",48113,2622634,"coc",27733689
"TX","Dallas County",48113,2622634,"elderly",4359568
"TX","Dallas County",48113,2622634,"hcv",7.76e+08
"TX","Dallas County",48113,2622634,"home",19450217
"TX","Dallas County",48113,2622634,"hud_disability",298804
"TX","Dallas County",48113,2622634,"hud_esg",3667615
"TX","Dallas County",48113,2622634,"hud_hopwa",21103881
"TX","Dawson County",48115,12849,"hcv",981666
"TX","DeWitt County",48123,20217,"hcv",658392
"TX","Denton County",48121,861690,"cdbg_entitlement",3945668
"TX","Denton County",48121,861690,"coc",1735198
"TX","Denton County",48121,861690,"elderly",995526
"TX","Denton County",48121,861690,"grrp_elements",312751
"TX","Denton County",48121,861690,"hcv",39583255
"TX","Denton County",48121,861690,"home",1017124
"TX","Denton County",48121,861690,"hud_disability",463024
"TX","Dimmit County",48127,10232,"elderly",181680
"TX","Dimmit County",48127,10232,"hcv",1400583
"TX","Dimmit County",48127,10232,"hud_disability",192667
"TX","Duval County",48131,11194,"elderly",610721
"TX","Duval County",48131,11194,"hcv",937436
"TX","Eastland County",48133,18289,"hcv",576963
"TX","Ector County",48135,162067,"cdbg_entitlement",1699280
"TX","Ector County",48135,162067,"coc",311616
"TX","Ector County",48135,162067,"elderly",1174987
"TX","Ector County",48135,162067,"hcv",23341168
"TX","Ector County",48135,162067,"home",678601
"TX","El Paso County",48141,836915,"cdbg_entitlement",12723255
"TX","El Paso County",48141,836915,"coc",5784640
"TX","El Paso County",48141,836915,"elderly",1235534
"TX","El Paso County",48141,836915,"hcv",87625277
"TX","El Paso County",48141,836915,"home",6100086
"TX","El Paso County",48141,836915,"hud_disability",265580
"TX","El Paso County",48141,836915,"hud_esg",1083468
"TX","El Paso County",48141,836915,"hud_hopwa",2068889
"TX","Falls County",48145,17281,"coc",439284
"TX","Fayette County",48149,25247,"hcv",639821
"TX","Floyd County",48153,5782,"hcv",878629
"TX","Foard County",48155,1207,"coc",29788
"TX","Fort Bend County",48157,790892,"cdbg_entitlement",7398877
"TX","Fort Bend County",48157,790892,"coc",19866722
"TX","Fort Bend County",48157,790892,"hcv",9279146
"TX","Fort Bend County",48157,790892,"home",2181247
"TX","Fort Bend County",48157,790892,"hud_disability",181213
"TX","Fort Bend County",48157,790892,"hud_esg",586171
"TX","Freestone County",48161,19744,"coc",439284
"TX","Frio County",48163,20013,"hcv",1381440
"TX","Galveston County",48167,337600,"cdbg_entitlement",3881716
"TX","Galveston County",48167,337600,"coc",935665
"TX","Galveston County",48167,337600,"hcv",53107428
"TX","Galveston County",48167,337600,"home",557129
"TX","Gonzales County",48177,20828,"hcv",99491
"TX","Gonzales County",48177,20828,"hud_disability",441778
"TX","Grayson County",48181,133527,"cdbg_entitlement",1228853
"TX","Grayson County",48181,133527,"elderly",222091
"TX","Grayson County",48181,133527,"hcv",18973700
"TX","Gregg County",48183,123633,"cdbg_entitlement",1366021
"TX","Gregg County",48183,123633,"coc",254326
"TX","Gregg County",48183,123633,"elderly",1171200
"TX","Gregg County",48183,123633,"hcv",13305901
"TX","Gregg County",48183,123633,"home",686304
"TX","Gregg County",48183,123633,"hud_disability",41676
"TX","Grimes County",48185,28447,"coc",64922
"TX","Grimes County",48185,28447,"elderly",422938
"TX","Guadalupe County",48187,163030,"hcv",6567632
"TX","Guadalupe County",48187,163030,"hud_disability",411490
"TX","Hale County",48189,33463,"hcv",3262140
"TX","Hardeman County",48197,3958,"coc",29788
"TX","Hardeman County",48197,3958,"hcv",578519
"TX","Harris County",48201,4680609,"cdbg_entitlement",82536509
"TX","Harris County",48201,4680609,"coc",47626597
"TX","Harris County",48201,4680609,"elderly",18800692
"TX","Harris County",48201,4680609,"hcv",5.19e+08
"TX","Harris County",48201,4680609,"home",35483459
"TX","Harris County",48201,4680609,"hud_disability",2300508
"TX","Harris County",48201,4680609,"hud_esg",6681670
"TX","Harris County",48201,4680609,"hud_hopwa",27211616
"TX","Harrison County",48203,66547,"cdbg_entitlement",726253
"TX","Harrison County",48203,66547,"hcv",7353448
"TX","Hays County",48209,222827,"cdbg_entitlement",1440385
"TX","Hays County",48209,222827,"hcv",4727127
"TX","Henderson County",48213,81969,"hcv",2510898
"TX","Hidalgo County",48215,861137,"cdbg_entitlement",25103999
"TX","Hidalgo County",48215,861137,"elderly",299281
"TX","Hidalgo County",48215,861137,"hcv",77418336
"TX","Hidalgo County",48215,861137,"home",5966926
"TX","Hidalgo County",48215,861137,"hud_esg",1618328
"TX","Hill County",48217,36109,"coc",439284
"TX","Hockley County",48219,22986,"hcv",4948482
"TX","Howard County",48227,36213,"hcv",3579970
"TX","Hunt County",48231,96202,"hcv",12394947
"TX","Jack County",48237,8888,"coc",29788
"TX","Jackson County",48239,14822,"hcv",1197818
"TX","Jasper County",48241,35562,"grrp_comp",7040000
"TX","Jasper County",48241,35562,"hud_disability",133101
"TX","Jefferson County",48245,253136,"cdbg_entitlement",4879351
"TX","Jefferson County",48245,253136,"elderly",903844
"TX","Jefferson County",48245,253136,"grrp_comp",52160000
"TX","Jefferson County",48245,253136,"hcv",84779801
"TX","Jefferson County",48245,253136,"home",1810253
"TX","Jefferson County",48245,253136,"hud_disability",291260
"TX","Jim Hogg County",48247,5187,"hcv",606527
"TX","Jim Wells County",48249,40796,"hcv",1994787
"TX","Johnson County",48251,171359,"elderly",375529
"TX","Johnson County",48251,171359,"hcv",4289360
"TX","Karnes County",48255,15547,"hcv",319272
"TX","Kaufman County",48257,129792,"hcv",6253310
"TX","Kendall County",48259,45491,"hcv",1114827
"TX","Kerr County",48265,52195,"hud_disability",200507
"TX","Kleberg County",48273,30725,"hcv",8839199
"TX","Kleberg County",48273,30725,"hud_disability",394407
"TX","La Salle County",48283,7551,"hcv",604878
"TX","Lamar County",48277,49705,"elderly",137597
"TX","Lamar County",48277,49705,"hcv",3391901
"TX","Leon County",48289,17325,"coc",64922
"TX","Liberty County",48291,86173,"elderly",306487
"TX","Liberty County",48291,86173,"hcv",1986338
"TX","Liberty County",48291,86173,"hud_disability",264809
"TX","Limestone County",48293,23364,"coc",439284
"TX","Lubbock County",48303,308392,"cdbg_entitlement",4500254
"TX","Lubbock County",48303,308392,"coc",1404880
"TX","Lubbock County",48303,308392,"elderly",678091
"TX","Lubbock County",48303,308392,"hcv",18462047
"TX","Lubbock County",48303,308392,"home",2294300
"TX","Lubbock County",48303,308392,"hud_esg",384805
"TX","Madison County",48313,14329,"coc",64922
"TX","Marion County",48315,9987,"hcv",130984
"TX","Matagorda County",48321,36791,"hcv",3677776
"TX","Maverick County",48323,58098,"hcv",5223952
"TX","McLennan County",48309,254045,"cdbg_entitlement",2770537
"TX","McLennan County",48309,254045,"coc",2571386
"TX","McLennan County",48309,254045,"elderly",147425
"TX","McLennan County",48309,254045,"hcv",38278705
"TX","McLennan County",48309,254045,"home",1589560
"TX","Medina County",48325,50869,"hcv",449948
"TX","Midland County",48329,171238,"cdbg_entitlement",2040062
"TX","Midland County",48329,171238,"elderly",109919
"TX","Midland County",48329,171238,"hcv",9964496
"TX","Milam County",48331,24797,"coc",64922
"TX","Milam County",48331,24797,"hcv",1111850
"TX","Montague County",48337,19640,"coc",29788
"TX","Montgomery County",48339,590188,"cdbg_entitlement",6557601
"TX","Montgomery County",48339,590188,"coc",20010731
"TX","Montgomery County",48339,590188,"elderly",496856
"TX","Montgomery County",48339,590188,"hcv",6873303
"TX","Montgomery County",48339,590188,"home",1552923
"TX","Montgomery County",48339,590188,"hud_disability",576523
"TX","Montgomery County",48339,590188,"hud_esg",455951
"TX","Nacogdoches County",48347,65080,"hcv",17150520
"TX","Nueces County",48355,362151,"cdbg_entitlement",5343436
"TX","Nueces County",48355,362151,"coc",321634
"TX","Nueces County",48355,362151,"hcv",61590401
"TX","Nueces County",48355,362151,"home",2708523
"TX","Nueces County",48355,362151,"hud_disability",857129
"TX","Nueces County",48355,362151,"hud_esg",469583
"TX","Orange County",48361,83776,"cdbg_entitlement",646178
"TX","Orange County",48361,83776,"coc",202396
"TX","Orange County",48361,83776,"hcv",14082637
"TX","Orange County",48361,83776,"hud_disability",178086
"TX","Palo Pinto County",48363,28792,"coc",29788
"TX","Palo Pinto County",48363,28792,"hcv",1899557
"TX","Parker County",48367,138447,"coc",10494941
"TX","Parker County",48367,138447,"elderly",58666
"TX","Parker County",48367,138447,"hcv",8124632
"TX","Pecos County",48371,15725,"hcv",1106344
"TX","Potter County",48375,118323,"cdbg_entitlement",3212839
"TX","Potter County",48375,118323,"coc",692981
"TX","Potter County",48375,118323,"elderly",985973
"TX","Potter County",48375,118323,"hcv",45070048
"TX","Potter County",48375,118323,"home",1693464
"TX","Randall County",48381,136005,"hud_disability",16996
"TX","Robertson County",48395,17094,"coc",64922
"TX","Rockwall County",48397,101175,"hcv",720242
"TX","Rusk County",48401,53988,"hcv",1179544
"TX","San Patricio County",48409,66969,"hcv",6909319
"TX","Scurry County",48415,16918,"elderly",60857
"TX","Smith County",48423,230184,"cdbg_entitlement",1558915
"TX","Smith County",48423,230184,"hcv",19041199
"TX","Smith County",48423,230184,"home",793624
"TX","Starr County",48427,64032,"hcv",2193679
"TX","Stephens County",48429,9358,"coc",29788
"TX","Stephens County",48429,9358,"hcv",955735
"TX","Swisher County",48437,7403,"hcv",108770
"TX","Tarrant County",48439,2077153,"cdbg_entitlement",28862546
"TX","Tarrant County",48439,2077153,"coc",20710625
"TX","Tarrant County",48439,2077153,"elderly",3574162
"TX","Tarrant County",48439,2077153,"grrp_elements",312751
"TX","Tarrant County",48439,2077153,"hcv",2.67e+08
"TX","Tarrant County",48439,2077153,"home",12624673
"TX","Tarrant County",48439,2077153,"hud_disability",1069989
"TX","Tarrant County",48439,2077153,"hud_esg",2315324
"TX","Tarrant County",48439,2077153,"hud_hopwa",4808884
"TX","Taylor County",48441,137521,"cdbg_entitlement",1712901
"TX","Taylor County",48441,137521,"coc",486492
"TX","Taylor County",48441,137521,"elderly",314996
"TX","Taylor County",48441,137521,"hcv",19539706
"TX","Taylor County",48441,137521,"home",993437
"TX","Throckmorton County",48447,1500,"coc",29788
"TX","Tom Green County",48451,118645,"cdbg_entitlement",1316085
"TX","Tom Green County",48451,118645,"coc",186630
"TX","Tom Green County",48451,118645,"elderly",823658
"TX","Tom Green County",48451,118645,"hcv",12097588
"TX","Tom Green County",48451,118645,"home",642218
"TX","Tom Green County",48451,118645,"hud_disability",125956
"TX","Travis County",48453,1250884,"cdbg_entitlement",18081500
"TX","Travis County",48453,1250884,"coc",16922080
"TX","Travis County",48453,1250884,"elderly",1961108
"TX","Travis County",48453,1250884,"hcv",1.83e+08
"TX","Travis County",48453,1250884,"home",7125202
"TX","Travis County",48453,1250884,"hud_disability",2859869
"TX","Travis County",48453,1250884,"hud_esg",1326270
"TX","Travis County",48453,1250884,"hud_hopwa",19348353
"TX","Uvalde County",48463,26899,"hcv",2357973
"TX","Val Verde County",48465,49018,"elderly",65429
"TX","Val Verde County",48465,49018,"hcv",8406974
"TX","Van Zandt County",48467,55970,"hcv",576682
"TX","Victoria County",48469,92044,"cdbg_entitlement",1143404
"TX","Victoria County",48469,92044,"coc",811731
"TX","Victoria County",48469,92044,"hcv",4954027
"TX","Walker County",48471,72295,"hcv",2870528
"TX","Walker County",48471,72295,"hud_disability",308653
"TX","Washington County",48477,35275,"hcv",2538034
"TX","Webb County",48479,274847,"cdbg_entitlement",6632383
"TX","Webb County",48479,274847,"coc",236632
"TX","Webb County",48479,274847,"hcv",25054000
"TX","Webb County",48479,274847,"home",2500354
"TX","Webb County",48479,274847,"hud_esg",614276
"TX","Wichita County",48485,132154,"cdbg_entitlement",2424960
"TX","Wichita County",48485,132154,"coc",339023
"TX","Wichita County",48485,132154,"hcv",9461777
"TX","Wichita County",48485,132154,"home",909327
"TX","Wilbarger County",48487,12717,"coc",29788
"TX","Willacy County",48489,21419,"hcv",630173
"TX","Williamson County",48491,570437,"cdbg_entitlement",4815295
"TX","Williamson County",48491,570437,"hcv",8375944
"TX","Williamson County",48491,570437,"home",1206607
"TX","Williamson County",48491,570437,"hud_disability",365642
"TX","Williamson County",48491,570437,"hud_esg",150505
"TX","Wilson County",48493,50110,"hcv",790266
"TX","Wise County",48497,67884,"coc",29788
"TX","Young County",48503,17961,"coc",29788
"TX","Zavala County",48507,11930,"hcv",1275560
"TX","Zavala County",48507,11930,"hud_disability",216605
"UT","Beaver County",49001,6594,"hcv",51346
"UT","Box Elder County",49003,54953,"elderly",130877
"UT","Cache County",49005,126336,"cdbg_entitlement",1120804
"UT","Cache County",49005,126336,"elderly",362866
"UT","Cache County",49005,126336,"hcv",5673540
"UT","Cache County",49005,126336,"hud_disability",418391
"UT","Carbon County",49007,20401,"elderly",114484
"UT","Carbon County",49007,20401,"hcv",2543019
"UT","Davis County",49011,350761,"cdbg_entitlement",2001271
"UT","Davis County",49011,350761,"coc",225114
"UT","Davis County",49011,350761,"hcv",18350004
"UT","Duchesne County",49013,19950,"coc",65831
"UT","Duchesne County",49013,19950,"elderly",177085
"UT","Duchesne County",49013,19950,"hcv",1331614
"UT","Emery County",49015,10099,"hcv",135178
"UT","Grand County",49019,9698,"elderly",118149
"UT","Grand County",49019,9698,"hcv",726619
"UT","Iron County",49021,53148,"coc",32380
"UT","Iron County",49021,53148,"hcv",1445558
"UT","Salt Lake County",49035,1146215,"cdbg_entitlement",16744157
"UT","Salt Lake County",49035,1146215,"coc",17645062
"UT","Salt Lake County",49035,1146215,"elderly",1941260
"UT","Salt Lake County",49035,1146215,"hcv",1.4e+08
"UT","Salt Lake County",49035,1146215,"home",5756775
"UT","Salt Lake County",49035,1146215,"hud_disability",432233
"UT","Salt Lake County",49035,1146215,"hud_esg",1025384
"UT","Salt Lake County",49035,1146215,"hud_hopwa",2432398
"UT","Sanpete County",49039,30421,"elderly",164298
"UT","Sevier County",49041,21475,"elderly",251898
"UT","Summit County",49043,41680,"coc",643510
"UT","Tooele County",49045,69740,"coc",190069
"UT","Tooele County",49045,69740,"hcv",3277997
"UT","Uintah County",49047,35736,"elderly",230775
"UT","Utah County",49049,621506,"cdbg_entitlement",7459644
"UT","Utah County",49049,621506,"coc",1997658
"UT","Utah County",49049,621506,"elderly",147121
"UT","Utah County",49049,621506,"hcv",36961101
"UT","Utah County",49049,621506,"home",3172496
"UT","Wasatch County",49051,33053,"coc",643510
"UT","Washington County",49053,172127,"cdbg_entitlement",1247371
"UT","Washington County",49053,172127,"coc",314019
"UT","Washington County",49053,172127,"hcv",4220032
"UT","Weber County",49057,255284,"cdbg_entitlement",2043494
"UT","Weber County",49057,255284,"coc",742896
"UT","Weber County",49057,255284,"hcv",22660651
"UT","Weber County",49057,255284,"home",858031
"UT","Weber County",49057,255284,"hud_disability",135206
"VA","Accomack County",51001,32560,"hcv",6434101
"VA","Albemarle County",51003,108819,"coc",91472
"VA","Albemarle County",51003,108819,"hcv",4247183
"VA","Alexandria city",51510,158309,"cdbg_entitlement",2237847
"VA","Alexandria city",51510,158309,"coc",1196803
"VA","Alexandria city",51510,158309,"elderly",19457079
"VA","Alexandria city",51510,158309,"hcv",55556420
"VA","Alexandria city",51510,158309,"home",1405842
"VA","Alexandria city",51510,158309,"hud_disability",1760584
"VA","Alleghany County",51005,15030,"coc",148831
"VA","Amherst County",51009,31782,"coc",97996
"VA","Appomattox County",51011,15814,"coc",97996
"VA","Appomattox County",51011,15814,"elderly",137222
"VA","Arlington County",51013,236434,"cdbg_entitlement",2673890
"VA","Arlington County",51013,236434,"coc",4627138
"VA","Arlington County",51013,236434,"elderly",2804596
"VA","Arlington County",51013,236434,"hcv",46418231
"VA","Arlington County",51013,236434,"home",1685391
"VA","Augusta County",51015,75754,"coc",109824
"VA","Bath County",51017,4248,"hud_disability",54227
"VA","Bedford County",51019,78965,"coc",97996
"VA","Botetourt County",51023,33440,"coc",148831
"VA","Bristol city",51520,17059,"cdbg_entitlement",529086
"VA","Bristol city",51520,17059,"hcv",2910432
"VA","Buckingham County",51029,17087,"hcv",658648
"VA","Buena Vista city",51530,6477,"hud_disability",29651
"VA","Campbell County",51031,55406,"coc",97996
"VA","Caroline County",51033,30581,"coc",116242
"VA","Caroline County",51033,30581,"hud_disability",21146
"VA","Charles City County",51036,6965,"coc",701760
"VA","Charlottesville city",51540,47217,"cdbg_entitlement",825375
"VA","Charlottesville city",51540,47217,"coc",541750
"VA","Charlottesville city",51540,47217,"grrp_leading",6e+06
"VA","Charlottesville city",51540,47217,"hcv",11635360
"VA","Charlottesville city",51540,47217,"home",1533111
"VA","Charlottesville city",51540,47217,"hud_disability",129241
"VA","Chesapeake city",51550,242647,"cdbg_entitlement",2226930
"VA","Chesapeake city",51550,242647,"coc",1048571
"VA","Chesapeake city",51550,242647,"hcv",33777715
"VA","Chesapeake city",51550,242647,"home",1215779
"VA","Chesapeake city",51550,242647,"hud_disability",266540
"VA","Chesterfield County",51041,348500,"cdbg_entitlement",3059648
"VA","Chesterfield County",51041,348500,"coc",701760
"VA","Chesterfield County",51041,348500,"elderly",821234
"VA","Chesterfield County",51041,348500,"home",1328270
"VA","Chesterfield County",51041,348500,"hud_disability",76458
"VA","Clarke County",51043,14498,"coc",52127
"VA","Colonial Heights city",51570,17283,"cdbg_entitlement",202964
"VA","Covington city",51580,5653,"coc",148831
"VA","Covington city",51580,5653,"hcv",573158
"VA","Craig County",51045,5103,"coc",148831
"VA","Culpeper County",51047,51935,"hud_disability",71800
"VA","Cumberland County",51049,9869,"hcv",904965
"VA","Danville city",51590,40668,"cdbg_entitlement",1706245
"VA","Danville city",51590,40668,"elderly",208310
"VA","Danville city",51590,40668,"hcv",16034088
"VA","Danville city",51590,40668,"home",664266
"VA","Danville city",51590,40668,"hud_disability",81877
"VA","Emporia city",51595,5408,"elderly",387292
"VA","Fairfax County",51059,1149439,"cdbg_entitlement",11601395
"VA","Fairfax County",51059,1149439,"coc",14012551
"VA","Fairfax County",51059,1149439,"hcv",1.65e+08
"VA","Fairfax County",51059,1149439,"home",4856602
"VA","Fairfax County",51059,1149439,"hud_disability",788970
"VA","Fairfax County",51059,1149439,"hud_esg",1035346
"VA","Fairfax city",51600,23312,"coc",5007692
"VA","Fauquier County",51061,70353,"hud_disability",14903
"VA","Fluvanna County",51065,26873,"coc",91472
"VA","Franklin County",51067,56231,"hud_disability",84236
"VA","Franklin city",51620,8015,"coc",724229
"VA","Franklin city",51620,8015,"hcv",4502674
"VA","Frederick County",51069,88054,"coc",52127
"VA","Fredericksburg city",51630,29059,"cdbg_entitlement",404688
"VA","Fredericksburg city",51630,29059,"coc",171367
"VA","Fredericksburg city",51630,29059,"grrp_leading",8820000
"VA","Fredericksburg city",51630,29059,"hud_disability",88353
"VA","Giles County",51071,16760,"elderly",62823
"VA","Gloucester County",51073,37362,"hud_disability",74108
"VA","Goochland County",51075,23472,"coc",701760
"VA","Greene County",51079,19734,"coc",91472
"VA","Halifax County",51083,34295,"hud_disability",1192
"VA","Hampton city",51650,135169,"cdbg_entitlement",1817594
"VA","Hampton city",51650,135169,"coc",868679
"VA","Hampton city",51650,135169,"hcv",59235605
"VA","Hampton city",51650,135169,"home",1146250
"VA","Hanover County",51085,106538,"coc",701760
"VA","Hanover County",51085,106538,"elderly",342608
"VA","Harrisonburg city",51660,53558,"cdbg_entitlement",1045175
"VA","Harrisonburg city",51660,53558,"coc",136199
"VA","Harrisonburg city",51660,53558,"hcv",12390627
"VA","Henrico County",51087,330076,"cdbg_entitlement",3297855
"VA","Henrico County",51087,330076,"coc",3361476
"VA","Henrico County",51087,330076,"home",2016162
"VA","Henrico County",51087,330076,"hud_disability",120937
"VA","Henrico County",51087,330076,"hud_esg",146882
"VA","Henry County",51089,51032,"elderly",319591
"VA","Hopewell city",51670,22500,"cdbg_entitlement",461426
"VA","Hopewell city",51670,22500,"hcv",10087662
"VA","Isle of Wight County",51093,37107,"coc",724229
"VA","Isle of Wight County",51093,37107,"elderly",660963
"VA","James City County",51095,76032,"coc",364712
"VA","James City County",51095,76032,"hcv",3058757
"VA","King George County",51099,26679,"coc",116242
"VA","King George County",51099,26679,"hud_disability",68430
"VA","King William County",51101,16985,"elderly",280918
"VA","Lancaster County",51103,10686,"elderly",-980568
"VA","Lancaster County",51103,10686,"hud_disability",59629
"VA","Lee County",51105,23723,"hcv",4347820
"VA","Lee County",51105,23723,"hud_disability",1313
"VA","Loudoun County",51107,405312,"cdbg_entitlement",2784764
"VA","Loudoun County",51107,405312,"coc",354487
"VA","Loudoun County",51107,405312,"hcv",18304108
"VA","Loudoun County",51107,405312,"home",515805
"VA","Louisa County",51109,36654,"coc",91472
"VA","Lynchburg city",51680,80970,"cdbg_entitlement",1423688
"VA","Lynchburg city",51680,80970,"coc",464177
"VA","Lynchburg city",51680,80970,"elderly",232869
"VA","Lynchburg city",51680,80970,"hcv",13736684
"VA","Lynchburg city",51680,80970,"home",799117
"VA","Manassas city",51683,41038,"elderly",1014863
"VA","Manassas city",51683,41038,"hud_disability",194897
"VA","Martinsville city",51690,12646,"hud_disability",24551
"VA","Mecklenburg County",51117,30726,"elderly",337165
"VA","Mecklenburg County",51117,30726,"hud_disability",2269
"VA","Middlesex County",51119,10642,"elderly",1813201
"VA","Montgomery County",51121,98495,"cdbg_entitlement",1345317
"VA","Montgomery County",51121,98495,"elderly",376330
"VA","Montgomery County",51121,98495,"home",1285739
"VA","Montgomery County",51121,98495,"hud_disability",229779
"VA","Nelson County",51125,14812,"coc",91472
"VA","New Kent County",51127,22310,"coc",701760
"VA","Newport News city",51700,179582,"cdbg_entitlement",2565942
"VA","Newport News city",51700,179582,"coc",1371937
"VA","Newport News city",51700,179582,"elderly",667772
"VA","Newport News city",51700,179582,"hcv",53919952
"VA","Newport News city",51700,179582,"home",1729878
"VA","Newport News city",51700,179582,"hud_disability",365737
"VA","Norfolk city",51710,244300,"cdbg_entitlement",8862976
"VA","Norfolk city",51710,244300,"coc",3013626
"VA","Norfolk city",51710,244300,"elderly",1308705
"VA","Norfolk city",51710,244300,"hcv",87426711
"VA","Norfolk city",51710,244300,"home",2792069
"VA","Norfolk city",51710,244300,"hud_disability",1402488
"VA","Norfolk city",51710,244300,"hud_esg",772640
"VA","Northampton County",51131,11826,"elderly",415773
"VA","Northampton County",51131,11826,"hud_disability",231081
"VA","Norton city",51720,3969,"hcv",1316305
"VA","Nottoway County",51135,15338,"elderly",181566
"VA","Orange County",51137,36501,"hud_disability",61649
"VA","Page County",51139,23862,"coc",52127
"VA","Petersburg city",51730,30791,"cdbg_entitlement",1168760
"VA","Petersburg city",51730,30791,"hcv",14170932
"VA","Poquoson city",51735,12121,"coc",364712
"VA","Portsmouth city",51740,94961,"cdbg_entitlement",3084587
"VA","Portsmouth city",51740,94961,"coc",2624761
"VA","Portsmouth city",51740,94961,"hcv",38271266
"VA","Portsmouth city",51740,94961,"home",975726
"VA","Powhatan County",51145,29253,"coc",701760
"VA","Prince Edward County",51147,22892,"elderly",188903
"VA","Prince Edward County",51147,22892,"hud_disability",4006
"VA","Prince William County",51153,466834,"cdbg_entitlement",5233278
"VA","Prince William County",51153,466834,"coc",2200390
"VA","Prince William County",51153,466834,"hcv",62455832
"VA","Prince William County",51153,466834,"home",2003045
"VA","Prince William County",51153,466834,"hud_disability",232197
"VA","Prince William County",51153,466834,"hud_esg",458540
"VA","Radford city",51750,17833,"cdbg_entitlement",387857
"VA","Radford city",51750,17833,"coc",163408
"VA","Richmond city",51760,229233,"cdbg_entitlement",8816473
"VA","Richmond city",51760,229233,"coc",2095956
"VA","Richmond city",51760,229233,"elderly",555937
"VA","Richmond city",51760,229233,"hcv",2.55e+08
"VA","Richmond city",51760,229233,"home",3350255
"VA","Richmond city",51760,229233,"hud_disability",437852
"VA","Richmond city",51760,229233,"hud_esg",777623
"VA","Richmond city",51760,229233,"hud_hopwa",7019038
"VA","Roanoke County",51161,94103,"coc",148831
"VA","Roanoke city",51770,99122,"cdbg_entitlement",3603708
"VA","Roanoke city",51770,99122,"coc",1047562
"VA","Roanoke city",51770,99122,"elderly",469912
"VA","Roanoke city",51770,99122,"hcv",31127114
"VA","Roanoke city",51770,99122,"home",1455140
"VA","Roanoke city",51770,99122,"hud_esg",316365
"VA","Rockbridge County",51163,22728,"hud_disability",58912
"VA","Rockingham County",51165,81138,"coc",52127
"VA","Salem city",51775,25290,"coc",148831
"VA","Scott County",51169,21761,"hcv",1608063
"VA","Shenandoah County",51171,43441,"coc",52127
"VA","Smyth County",51173,30539,"hcv",2620485
"VA","Southampton County",51175,17829,"coc",724229
"VA","Spotsylvania County",51177,134683,"coc",140680
"VA","Spotsylvania County",51177,134683,"hud_disability",48474
"VA","Stafford County",51179,150185,"coc",116242
"VA","Stafford County",51179,150185,"hud_disability",78514
"VA","Staunton city",51790,24660,"cdbg_entitlement",636750
"VA","Staunton city",51790,24660,"elderly",72462
"VA","Staunton city",51790,24660,"hcv",3057351
"VA","Suffolk city",51800,91383,"cdbg_entitlement",985252
"VA","Suffolk city",51800,91383,"coc",724229
"VA","Suffolk city",51800,91383,"elderly",480071
"VA","Suffolk city",51800,91383,"hcv",22038219
"VA","Suffolk city",51800,91383,"home",891852
"VA","Suffolk city",51800,91383,"hud_disability",320050
"VA","Virginia Beach city",51810,450882,"cdbg_entitlement",3982646
"VA","Virginia Beach city",51810,450882,"coc",3040149
"VA","Virginia Beach city",51810,450882,"elderly",1247659
"VA","Virginia Beach city",51810,450882,"hcv",44932966
"VA","Virginia Beach city",51810,450882,"home",2337415
"VA","Virginia Beach city",51810,450882,"hud_esg",344503
"VA","Virginia Beach city",51810,450882,"hud_hopwa",2676916
"VA","Warren County",51187,39888,"coc",344950
"VA","Washington County",51191,54005,"coc",113642
"VA","Washington County",51191,54005,"hcv",1869768
"VA","Waynesboro city",51820,22300,"cdbg_entitlement",359699
"VA","Waynesboro city",51820,22300,"hcv",5433274
"VA","Waynesboro city",51820,22300,"hud_disability",57420
"VA","Westmoreland County",51193,17873,"elderly",393421
"VA","Williamsburg city",51830,15034,"coc",364712
"VA","Winchester city",51840,27912,"cdbg_entitlement",525464
"VA","Winchester city",51840,27912,"coc",52127
"VA","Winchester city",51840,27912,"home",1401365
"VA","Wise County",51195,38032,"hcv",8880234
"VA","Wythe County",51197,28725,"coc",52139
"VA","Wythe County",51197,28725,"hcv",1271689
"VA","Wythe County",51197,28725,"hud_disability",77649
"VA","York County",51199,68389,"coc",364712
"VT","Addison County",50001,36947,"hud_disability",81578
"VT","Bennington County",50003,35649,"hcv",5563966
"VT","Caledonia County",50005,30027,"elderly",578227
"VT","Chittenden County",50007,163414,"cdbg_entitlement",1467476
"VT","Chittenden County",50007,163414,"coc",2122909
"VT","Chittenden County",50007,163414,"elderly",1356477
"VT","Chittenden County",50007,163414,"hcv",54469945
"VT","Chittenden County",50007,163414,"home",874846
"VT","Chittenden County",50007,163414,"hud_disability",711152
"VT","Orleans County",50019,26843,"elderly",262780
"VT","Rutland County",50021,58527,"hcv",4665717
"VT","Rutland County",50021,58527,"hud_disability",100829
"VT","Washington County",50023,58336,"coc",3404036
"VT","Washington County",50023,58336,"elderly",316306
"VT","Washington County",50023,58336,"hcv",75876601
"VT","Washington County",50023,58336,"hud_hopwa",1497540
"VT","Windham County",50025,42628,"elderly",347768
"VT","Windham County",50025,42628,"hcv",5043495
"VT","Windsor County",50027,55191,"elderly",161026
"VT","Windsor County",50027,55191,"hcv",1925437
"WA","Asotin County",53003,22636,"elderly",48627
"WA","Asotin County",53003,22636,"hcv",2788875
"WA","Benton County",53005,200715,"cdbg_entitlement",1771453
"WA","Benton County",53005,200715,"elderly",480930
"WA","Benton County",53005,200715,"hcv",14794265
"WA","Benton County",53005,200715,"home",1469871
"WA","Benton County",53005,200715,"hud_disability",385444
"WA","Chelan County",53007,76653,"cdbg_entitlement",508964
"WA","Chelan County",53007,76653,"coc",55279
"WA","Chelan County",53007,76653,"hcv",9066942
"WA","Chelan County",53007,76653,"hud_disability",150157
"WA","Clallam County",53009,76482,"coc",220315
"WA","Clallam County",53009,76482,"hcv",12053233
"WA","Clallam County",53009,76482,"hud_disability",54546
"WA","Clark County",53011,481950,"cdbg_entitlement",5775381
"WA","Clark County",53011,481950,"coc",3217444
"WA","Clark County",53011,481950,"elderly",4699063
"WA","Clark County",53011,481950,"hcv",60274448
"WA","Clark County",53011,481950,"home",2787708
"WA","Clark County",53011,481950,"hud_disability",433433
"WA","Cowlitz County",53015,108399,"cdbg_entitlement",622823
"WA","Cowlitz County",53015,108399,"hcv",29170203
"WA","Cowlitz County",53015,108399,"home",796211
"WA","Douglas County",53017,42520,"cdbg_entitlement",230394
"WA","Franklin County",53021,93681,"cdbg_entitlement",1351345
"WA","Franklin County",53021,93681,"coc",694711
"WA","Franklin County",53021,93681,"hcv",6107575
"WA","Grant County",53025,96648,"elderly",189045
"WA","Grant County",53025,96648,"hcv",3243039
"WA","Grays Harbor County",53027,73769,"coc",350069
"WA","Grays Harbor County",53027,73769,"hcv",7795021
"WA","Grays Harbor County",53027,73769,"hud_disability",56420
"WA","Island County",53029,84187,"coc",134672
"WA","Island County",53029,84187,"hcv",4826036
"WA","Jefferson County",53031,31825,"coc",177364
"WA","Jefferson County",53031,31825,"elderly",125713
"WA","King County",53033,2225064,"cdbg_entitlement",36700711
"WA","King County",53033,2225064,"coc",1.14e+08
"WA","King County",53033,2225064,"elderly",12824046
"WA","King County",53033,2225064,"hcv",9.37e+08
"WA","King County",53033,2225064,"home",15605740
"WA","King County",53033,2225064,"hud_disability",1452145
"WA","King County",53033,2225064,"hud_esg",2203737
"WA","King County",53033,2225064,"hud_hopwa",5607136
"WA","Kitsap County",53035,268945,"cdbg_entitlement",2838063
"WA","Kitsap County",53035,268945,"coc",695739
"WA","Kitsap County",53035,268945,"elderly",488340
"WA","Kitsap County",53035,268945,"hcv",48436192
"WA","Kitsap County",53035,268945,"home",1592747
"WA","Lewis County",53041,79430,"elderly",628239
"WA","Lewis County",53041,79430,"hud_disability",101199
"WA","Mason County",53045,65326,"coc",98318
"WA","Okanogan County",53047,42080,"coc",75071
"WA","Okanogan County",53047,42080,"elderly",108845
"WA","Okanogan County",53047,42080,"hcv",2918644
"WA","Pacific County",53049,22121,"coc",297995
"WA","Pend Oreille County",53051,13588,"coc",84485
"WA","Pierce County",53053,891862,"cdbg_entitlement",12148403
"WA","Pierce County",53053,891862,"coc",8187859
"WA","Pierce County",53053,891862,"elderly",2768877
"WA","Pierce County",53053,891862,"hcv",1.97e+08
"WA","Pierce County",53053,891862,"home",6164761
"WA","Pierce County",53053,891862,"hud_esg",967528
"WA","Skagit County",53057,127442,"cdbg_entitlement",902145
"WA","Skagit County",53057,127442,"coc",161818
"WA","Skagit County",53057,127442,"hcv",10006977
"WA","Skagit County",53057,127442,"home",2058477
"WA","Skamania County",53059,11906,"coc",141205
"WA","Snohomish County",53061,811572,"cdbg_entitlement",8792249
"WA","Snohomish County",53061,811572,"coc",16098480
"WA","Snohomish County",53061,811572,"elderly",2682634
"WA","Snohomish County",53061,811572,"hcv",2.43e+08
"WA","Snohomish County",53061,811572,"home",4460908
"WA","Snohomish County",53061,811572,"hud_disability",569233
"WA","Snohomish County",53061,811572,"hud_esg",544661
"WA","Spokane County",53063,513402,"cdbg_entitlement",9623970
"WA","Spokane County",53063,513402,"coc",6333005
"WA","Spokane County",53063,513402,"elderly",2274195
"WA","Spokane County",53063,513402,"hcv",85581930
"WA","Spokane County",53063,513402,"home",4781938
"WA","Spokane County",53063,513402,"hud_disability",2489613
"WA","Spokane County",53063,513402,"hud_esg",704317
"WA","Stevens County",53065,45233,"elderly",167868
"WA","Stevens County",53065,45233,"hcv",520656
"WA","Stevens County",53065,45233,"hud_disability",237672
"WA","Thurston County",53067,284698,"cdbg_entitlement",3128094
"WA","Thurston County",53067,284698,"coc",1803939
"WA","Thurston County",53067,284698,"elderly",1083868
"WA","Thurston County",53067,284698,"hcv",42690771
"WA","Thurston County",53067,284698,"home",1879027
"WA","Thurston County",53067,284698,"hud_hopwa",2975001
"WA","Walla Walla County",53071,60785,"cdbg_entitlement",782141
"WA","Walla Walla County",53071,60785,"coc",75998
"WA","Walla Walla County",53071,60785,"elderly",180057
"WA","Walla Walla County",53071,60785,"hcv",17185572
"WA","Walla Walla County",53071,60785,"hud_disability",207151
"WA","Whatcom County",53073,224538,"cdbg_entitlement",1645610
"WA","Whatcom County",53073,224538,"coc",1269333
"WA","Whatcom County",53073,224538,"elderly",245344
"WA","Whatcom County",53073,224538,"hcv",38000666
"WA","Whatcom County",53073,224538,"home",1319437
"WA","Whitman County",53075,49577,"elderly",122138
"WA","Yakima County",53077,250649,"cdbg_entitlement",2099587
"WA","Yakima County",53077,250649,"coc",824969
"WA","Yakima County",53077,250649,"elderly",255326
"WA","Yakima County",53077,250649,"hcv",19846764
"WA","Yakima County",53077,250649,"home",2257436
"WA","Yakima County",53077,250649,"hud_disability",91315
"WI","Adams County",55001,20208,"hud_disability",75761
"WI","Ashland County",55003,15524,"hcv",552509
"WI","Barron County",55005,45182,"elderly",2422302
"WI","Barron County",55005,45182,"hcv",1486153
"WI","Barron County",55005,45182,"hud_disability",1322113
"WI","Bayfield County",55007,15088,"elderly",60166
"WI","Bayfield County",55007,15088,"hcv",545061
"WI","Brown County",55009,262559,"cdbg_entitlement",1819668
"WI","Brown County",55009,262559,"coc",179114
"WI","Brown County",55009,262559,"elderly",97864
"WI","Brown County",55009,262559,"hcv",42794111
"WI","Brown County",55009,262559,"home",1153510
"WI","Brown County",55009,262559,"hud_disability",12500
"WI","Burnett County",55013,15363,"elderly",119033
"WI","Chippewa County",55017,64175,"hcv",3926188
"WI","Columbia County",55021,57331,"elderly",63631
"WI","Dane County",55025,542459,"cdbg_entitlement",6067527
"WI","Dane County",55025,542459,"coc",8302897
"WI","Dane County",55025,542459,"elderly",839490
"WI","Dane County",55025,542459,"grrp_leading",3780000
"WI","Dane County",55025,542459,"hcv",91040755
"WI","Dane County",55025,542459,"home",4217444
"WI","Dane County",55025,542459,"hud_disability",1109233
"WI","Dane County",55025,542459,"hud_esg",334402
"WI","Dane County",55025,542459,"hud_hopwa",2049567
"WI","Dodge County",55027,87569,"hcv",1648738
"WI","Door County",55029,27621,"hcv",1939395
"WI","Douglas County",55031,43497,"cdbg_entitlement",1377118
"WI","Douglas County",55031,43497,"hcv",1756677
"WI","Douglas County",55031,43497,"hud_disability",61787
"WI","Dunn County",55033,45029,"hcv",829275
"WI","Eau Claire County",55035,104132,"cdbg_entitlement",1099125
"WI","Eau Claire County",55035,104132,"hcv",2499070
"WI","Eau Claire County",55035,104132,"home",616766
"WI","Eau Claire County",55035,104132,"hud_disability",80389
"WI","Fond du Lac County",55039,102654,"cdbg_entitlement",1091582
"WI","Fond du Lac County",55039,102654,"coc",641541
"WI","Fond du Lac County",55039,102654,"elderly",63016
"WI","Fond du Lac County",55039,102654,"hcv",4438219
"WI","Grant County",55043,51570,"hcv",1128752
"WI","Green Lake County",55047,18807,"hud_disability",14695
"WI","Iowa County",55049,23632,"hcv",668318
"WI","Iron County",55051,5679,"hcv",544506
"WI","Jefferson County",55055,84837,"hud_disability",231773
"WI","Juneau County",55057,26603,"hcv",876817
"WI","Kenosha County",55059,168998,"cdbg_entitlement",2062034
"WI","Kenosha County",55059,168998,"coc",725872
"WI","Kenosha County",55059,168998,"elderly",618509
"WI","Kenosha County",55059,168998,"hcv",18925527
"WI","Kenosha County",55059,168998,"home",1140603
"WI","La Crosse County",55063,118168,"cdbg_entitlement",1735343
"WI","La Crosse County",55063,118168,"hcv",1801880
"WI","La Crosse County",55063,118168,"home",679078
"WI","Lafayette County",55065,16682,"hcv",246527
"WI","Langlade County",55067,19167,"hcv",1341665
"WI","Manitowoc County",55071,78977,"coc",140259
"WI","Marathon County",55073,135485,"cdbg_entitlement",1229429
"WI","Marathon County",55073,135485,"hcv",4148114
"WI","Marinette County",55075,40312,"hcv",1924880
"WI","Milwaukee County",55079,949180,"cdbg_entitlement",39977522
"WI","Milwaukee County",55079,949180,"coc",26491547
"WI","Milwaukee County",55079,949180,"elderly",5642533
"WI","Milwaukee County",55079,949180,"hcv",1.22e+08
"WI","Milwaukee County",55079,949180,"home",14607769
"WI","Milwaukee County",55079,949180,"hud_disability",1414931
"WI","Milwaukee County",55079,949180,"hud_esg",2962535
"WI","Milwaukee County",55079,949180,"hud_hopwa",5793224
"WI","Monroe County",55081,46155,"hcv",1558248
"WI","Oconto County",55083,37870,"coc",1538844
"WI","Oneida County",55085,35480,"hcv",551175
"WI","Oneida County",55085,35480,"hud_disability",72277
"WI","Outagamie County",55087,186829,"cdbg_entitlement",1139080
"WI","Outagamie County",55087,186829,"coc",253670
"WI","Outagamie County",55087,186829,"hcv",8047541
"WI","Ozaukee County",55089,89179,"hud_disability",213771
"WI","Polk County",55095,43549,"elderly",441794
"WI","Polk County",55095,43549,"hud_disability",49918
"WI","Portage County",55097,70822,"hcv",2492795
"WI","Racine County",55101,195859,"cdbg_entitlement",3673003
"WI","Racine County",55101,195859,"coc",1858098
"WI","Racine County",55101,195859,"hcv",19149708
"WI","Racine County",55101,195859,"home",1364974
"WI","Racine County",55101,195859,"hud_disability",293629
"WI","Racine County",55101,195859,"hud_esg",323898
"WI","Richland County",55103,17408,"hcv",1301024
"WI","Rock County",55105,162532,"cdbg_entitlement",2109126
"WI","Rock County",55105,162532,"coc",737699
"WI","Rock County",55105,162532,"elderly",379342
"WI","Rock County",55105,162532,"hcv",14015762
"WI","Rock County",55105,162532,"home",1411277
"WI","Rusk County",55107,14074,"elderly",67847
"WI","Sauk County",55111,64152,"coc",1186739
"WI","Sauk County",55111,64152,"hcv",2333294
"WI","Sawyer County",55113,16477,"hcv",1823707
"WI","Shawano County",55115,40813,"hcv",382407
"WI","Sheboygan County",55117,115152,"cdbg_entitlement",1730556
"WI","Sheboygan County",55117,115152,"hcv",2792046
"WI","St. Croix County",55109,89702,"coc",1485055
"WI","St. Croix County",55109,89702,"elderly",290890
"WI","St. Croix County",55109,89702,"hcv",1105137
"WI","St. Croix County",55109,89702,"hud_disability",55423
"WI","Trempealeau County",55121,29525,"coc",278798
"WI","Trempealeau County",55121,29525,"hcv",1397746
"WI","Walworth County",55127,103391,"coc",70810
"WI","Walworth County",55127,103391,"elderly",246639
"WI","Walworth County",55127,103391,"hcv",4358491
"WI","Washington County",55131,135529,"hcv",2708925
"WI","Washington County",55131,135529,"hud_disability",155978
"WI","Waukesha County",55133,402637,"cdbg_entitlement",2885583
"WI","Waukesha County",55133,402637,"elderly",259852
"WI","Waukesha County",55133,402637,"grrp_elements",582887
"WI","Waukesha County",55133,402637,"hcv",13357437
"WI","Waukesha County",55133,402637,"home",3266872
"WI","Waukesha County",55133,402637,"hud_disability",190877
"WI","Waupaca County",55135,50997,"hcv",721654
"WI","Winnebago County",55139,170924,"cdbg_entitlement",2033785
"WI","Winnebago County",55139,170924,"elderly",574630
"WI","Winnebago County",55139,170924,"hcv",4578151
"WI","Winnebago County",55139,170924,"hud_disability",159670
"WI","Wood County",55141,72892,"coc",191217
"WI","Wood County",55141,72892,"hcv",2561826
"WV","Berkeley County",54003,117615,"cdbg_entitlement",681548
"WV","Berkeley County",54003,117615,"hcv",4207103
"WV","Berkeley County",54003,117615,"home",1102754
"WV","Berkeley County",54003,117615,"hud_disability",3846
"WV","Boone County",54005,21897,"coc",413500
"WV","Boone County",54005,21897,"hcv",5343486
"WV","Brooke County",54009,22162,"coc",82203
"WV","Cabell County",54011,93328,"cdbg_entitlement",3318318
"WV","Cabell County",54011,93328,"coc",3969344
"WV","Cabell County",54011,93328,"elderly",266506
"WV","Cabell County",54011,93328,"hcv",19205347
"WV","Cabell County",54011,93328,"home",1494018
"WV","Cabell County",54011,93328,"hud_disability",1048910
"WV","Cabell County",54011,93328,"hud_esg",292625
"WV","Clay County",54015,8599,"coc",413500
"WV","Fayette County",54019,43087,"hud_disability",445662
"WV","Grant County",54023,11565,"elderly",3743397
"WV","Greenbrier County",54025,34893,"elderly",87858
"WV","Hampshire County",54027,23304,"elderly",307889
"WV","Hancock County",54029,29118,"cdbg_entitlement",792908
"WV","Hancock County",54029,29118,"coc",82203
"WV","Hancock County",54029,29118,"hcv",2566165
"WV","Hancock County",54029,29118,"hud_disability",155923
"WV","Harrison County",54033,67620,"coc",1332826
"WV","Harrison County",54033,67620,"hcv",7648838
"WV","Jackson County",54035,28793,"hcv",5374075
"WV","Kanawha County",54039,181014,"cdbg_entitlement",2986066
"WV","Kanawha County",54039,181014,"coc",1624541
"WV","Kanawha County",54039,181014,"elderly",711326
"WV","Kanawha County",54039,181014,"hcv",46350083
"WV","Kanawha County",54039,181014,"home",1646834
"WV","Kanawha County",54039,181014,"hud_disability",624788
"WV","Kanawha County",54039,181014,"hud_hopwa",1505483
"WV","Lincoln County",54043,20617,"elderly",135283
"WV","Lincoln County",54043,20617,"hud_disability",217352
"WV","Marion County",54049,56233,"coc",106540
"WV","Marion County",54049,56233,"elderly",109061
"WV","Marion County",54049,56233,"hcv",14754706
"WV","Marshall County",54051,30900,"coc",82203
"WV","Marshall County",54051,30900,"elderly",329913
"WV","Marshall County",54051,30900,"hud_disability",47756
"WV","Mason County",54053,26700,"hcv",1064884
"WV","Mason County",54053,26700,"hud_disability",145713
"WV","McDowell County",54047,18083,"elderly",66695
"WV","Mercer County",54055,59370,"hcv",3603866
"WV","Mineral County",54057,27047,"hcv",2207073
"WV","Mingo County",54059,23808,"hcv",18744344
"WV","Monongalia County",54061,106196,"cdbg_entitlement",920078
"WV","Monongalia County",54061,106196,"hud_disability",317701
"WV","Ohio County",54069,41875,"cdbg_entitlement",2293607
"WV","Ohio County",54069,41875,"coc",494244
"WV","Ohio County",54069,41875,"hcv",6388292
"WV","Ohio County",54069,41875,"home",731641
"WV","Ohio County",54069,41875,"hud_disability",170001
"WV","Pendleton County",54071,6968,"hcv",495810
"WV","Putnam County",54079,56604,"coc",413500
"WV","Raleigh County",54081,74452,"cdbg_entitlement",591404
"WV","Raleigh County",54081,74452,"coc",559816
"WV","Raleigh County",54081,74452,"hcv",24462641
"WV","Raleigh County",54081,74452,"hud_disability",560417
"WV","Randolph County",54083,28763,"hcv",7765825
"WV","Tyler County",54095,8736,"elderly",253959
"WV","Wayne County",54099,39952,"coc",1660592
"WV","Wayne County",54099,39952,"elderly",178422
"WV","Wetzel County",54103,15291,"coc",82203
"WV","Wood County",54107,84387,"cdbg_entitlement",1972339
"WV","Wood County",54107,84387,"elderly",211179
"WV","Wood County",54107,84387,"hcv",18375957
"WV","Wood County",54107,84387,"home",724231
"WV","Wood County",54107,84387,"hud_disability",147831
"WY","Campbell County",56005,46958,"coc",56939
"WY","Campbell County",56005,46958,"elderly",76829
"WY","Converse County",56009,13842,"elderly",404542
"WY","Laramie County",56021,99272,"cdbg_entitlement",917617
"WY","Laramie County",56021,99272,"elderly",300086
"WY","Laramie County",56021,99272,"hcv",24384931
"WY","Laramie County",56021,99272,"hud_disability",138314
"WY","Natrona County",56025,80067,"coc",60290
"WY","Natrona County",56025,80067,"elderly",96802
"WY","Natrona County",56025,80067,"hcv",8101403
"WY","Natrona County",56025,80067,"hud_disability",61490
"WY","Sheridan County",56033,30397,"elderly",198031
"WY","Sweetwater County",56037,43352,"hcv",835501
"WY","Uinta County",56041,20374,"hcv",632560
"WY","Uinta County",56041,20374,"hud_disability",368
